[2025-08-13 06:42:03] local.INFO: === DÉBUT UPDATE PROFILE ===  
[2025-08-13 06:42:03] local.INFO: Données reçues: {"name":"test1","email":"camara291@gmail.com","phone":"+33753484040","location":"Paris, Île-de-France","birthDate":"2025-08-15","jobPosition":"Non spécifié","company":"Non spécifiée","bio":null,"goals":null} 
[2025-08-13 06:42:03] local.INFO: Utilisateur avant modification: {"id":1,"name":"test","email":"camara291@gmail.com","email_verified_at":null,"created_at":"2025-08-13T06:39:59.000000Z","updated_at":"2025-08-13T06:39:59.000000Z","birth_date":null,"gender":null,"phone":null,"bio":null,"avatar":null,"preferences":null,"health_goals":null,"status":"active","last_login_at":null,"google_id":null,"provider":null,"avatar_url":null,"role_id":null} 
[2025-08-13 06:42:03] local.INFO: Utilisateur après modification (avant save): {"id":1,"name":"test1","email":"camara291@gmail.com","email_verified_at":null,"created_at":"2025-08-13T06:39:59.000000Z","updated_at":"2025-08-13T06:39:59.000000Z","birth_date":"2025-08-15T00:00:00.000000Z","gender":null,"phone":"+33753484040","bio":null,"avatar":null,"preferences":"{\"location\":\"Paris, \\u00cele-de-France\",\"job_position\":\"Non sp\\u00e9cifi\\u00e9\",\"company\":\"Non sp\\u00e9cifi\\u00e9e\",\"goals\":null}","health_goals":null,"status":"active","last_login_at":null,"google_id":null,"provider":null,"avatar_url":null,"role_id":null} 
[2025-08-13 06:42:04] local.ERROR: Illuminate\Log\LogManager::info(): Argument #2 ($context) must be of type array, string given, called in C:\Users\camar\Bureau\mindful-journey-ui\back-mindful-journey-iu\mindful-journey-back\vendor\laravel\framework\src\Illuminate\Support\Facades\Facade.php on line 361 {"userId":1,"exception":"[object] (TypeError(code: 0): Illuminate\\Log\\LogManager::info(): Argument #2 ($context) must be of type array, string given, called in C:\\Users\\camar\\Bureau\\mindful-journey-ui\\back-mindful-journey-iu\\mindful-journey-back\\vendor\\laravel\\framework\\src\\Illuminate\\Support\\Facades\\Facade.php on line 361 at C:\\Users\\camar\\Bureau\\mindful-journey-ui\\back-mindful-journey-iu\\mindful-journey-back\\vendor\\laravel\\framework\\src\\Illuminate\\Log\\LogManager.php:742)
[stacktrace]
#0 C:\\Users\\camar\\Bureau\\mindful-journey-ui\\back-mindful-journey-iu\\mindful-journey-back\\vendor\\laravel\\framework\\src\\Illuminate\\Support\\Facades\\Facade.php(361): Illuminate\\Log\\LogManager->info()
#1 C:\\Users\\camar\\Bureau\\mindful-journey-ui\\back-mindful-journey-iu\\mindful-journey-back\\app\\Http\\Controllers\\Api\\AuthController.php(154): Illuminate\\Support\\Facades\\Facade::__callStatic()
#2 C:\\Users\\camar\\Bureau\\mindful-journey-ui\\back-mindful-journey-iu\\mindful-journey-back\\vendor\\laravel\\framework\\src\\Illuminate\\Routing\\ControllerDispatcher.php(46): App\\Http\\Controllers\\Api\\AuthController->updateProfile()
#3 C:\\Users\\camar\\Bureau\\mindful-journey-ui\\back-mindful-journey-iu\\mindful-journey-back\\vendor\\laravel\\framework\\src\\Illuminate\\Routing\\Route.php(265): Illuminate\\Routing\\ControllerDispatcher->dispatch()
#4 C:\\Users\\camar\\Bureau\\mindful-journey-ui\\back-mindful-journey-iu\\mindful-journey-back\\vendor\\laravel\\framework\\src\\Illuminate\\Routing\\Route.php(211): Illuminate\\Routing\\Route->runController()
#5 C:\\Users\\camar\\Bureau\\mindful-journey-ui\\back-mindful-journey-iu\\mindful-journey-back\\vendor\\laravel\\framework\\src\\Illuminate\\Routing\\Router.php(808): Illuminate\\Routing\\Route->run()
#6 C:\\Users\\camar\\Bureau\\mindful-journey-ui\\back-mindful-journey-iu\\mindful-journey-back\\vendor\\laravel\\framework\\src\\Illuminate\\Pipeline\\Pipeline.php(169): Illuminate\\Routing\\Router->Illuminate\\Routing\\{closure}()
#7 C:\\Users\\camar\\Bureau\\mindful-journey-ui\\back-mindful-journey-iu\\mindful-journey-back\\vendor\\laravel\\framework\\src\\Illuminate\\Routing\\Middleware\\SubstituteBindings.php(50): Illuminate\\Pipeline\\Pipeline->Illuminate\\Pipeline\\{closure}()
#8 C:\\Users\\camar\\Bureau\\mindful-journey-ui\\back-mindful-journey-iu\\mindful-journey-back\\vendor\\laravel\\framework\\src\\Illuminate\\Pipeline\\Pipeline.php(208): Illuminate\\Routing\\Middleware\\SubstituteBindings->handle()
#9 C:\\Users\\camar\\Bureau\\mindful-journey-ui\\back-mindful-journey-iu\\mindful-journey-back\\vendor\\laravel\\framework\\src\\Illuminate\\Auth\\Middleware\\Authenticate.php(63): Illuminate\\Pipeline\\Pipeline->Illuminate\\Pipeline\\{closure}()
#10 C:\\Users\\camar\\Bureau\\mindful-journey-ui\\back-mindful-journey-iu\\mindful-journey-back\\vendor\\laravel\\framework\\src\\Illuminate\\Pipeline\\Pipeline.php(208): Illuminate\\Auth\\Middleware\\Authenticate->handle()
#11 C:\\Users\\camar\\Bureau\\mindful-journey-ui\\back-mindful-journey-iu\\mindful-journey-back\\vendor\\laravel\\framework\\src\\Illuminate\\Pipeline\\Pipeline.php(126): Illuminate\\Pipeline\\Pipeline->Illuminate\\Pipeline\\{closure}()
#12 C:\\Users\\camar\\Bureau\\mindful-journey-ui\\back-mindful-journey-iu\\mindful-journey-back\\vendor\\laravel\\framework\\src\\Illuminate\\Routing\\Router.php(807): Illuminate\\Pipeline\\Pipeline->then()
#13 C:\\Users\\camar\\Bureau\\mindful-journey-ui\\back-mindful-journey-iu\\mindful-journey-back\\vendor\\laravel\\framework\\src\\Illuminate\\Routing\\Router.php(786): Illuminate\\Routing\\Router->runRouteWithinStack()
#14 C:\\Users\\camar\\Bureau\\mindful-journey-ui\\back-mindful-journey-iu\\mindful-journey-back\\vendor\\laravel\\framework\\src\\Illuminate\\Routing\\Router.php(750): Illuminate\\Routing\\Router->runRoute()
#15 C:\\Users\\camar\\Bureau\\mindful-journey-ui\\back-mindful-journey-iu\\mindful-journey-back\\vendor\\laravel\\framework\\src\\Illuminate\\Routing\\Router.php(739): Illuminate\\Routing\\Router->dispatchToRoute()
#16 C:\\Users\\camar\\Bureau\\mindful-journey-ui\\back-mindful-journey-iu\\mindful-journey-back\\vendor\\laravel\\framework\\src\\Illuminate\\Foundation\\Http\\Kernel.php(200): Illuminate\\Routing\\Router->dispatch()
#17 C:\\Users\\camar\\Bureau\\mindful-journey-ui\\back-mindful-journey-iu\\mindful-journey-back\\vendor\\laravel\\framework\\src\\Illuminate\\Pipeline\\Pipeline.php(169): Illuminate\\Foundation\\Http\\Kernel->Illuminate\\Foundation\\Http\\{closure}()
#18 C:\\Users\\camar\\Bureau\\mindful-journey-ui\\back-mindful-journey-iu\\mindful-journey-back\\vendor\\laravel\\framework\\src\\Illuminate\\Foundation\\Http\\Middleware\\TransformsRequest.php(21): Illuminate\\Pipeline\\Pipeline->Illuminate\\Pipeline\\{closure}()
#19 C:\\Users\\camar\\Bureau\\mindful-journey-ui\\back-mindful-journey-iu\\mindful-journey-back\\vendor\\laravel\\framework\\src\\Illuminate\\Foundation\\Http\\Middleware\\ConvertEmptyStringsToNull.php(31): Illuminate\\Foundation\\Http\\Middleware\\TransformsRequest->handle()
#20 C:\\Users\\camar\\Bureau\\mindful-journey-ui\\back-mindful-journey-iu\\mindful-journey-back\\vendor\\laravel\\framework\\src\\Illuminate\\Pipeline\\Pipeline.php(208): Illuminate\\Foundation\\Http\\Middleware\\ConvertEmptyStringsToNull->handle()
#21 C:\\Users\\camar\\Bureau\\mindful-journey-ui\\back-mindful-journey-iu\\mindful-journey-back\\vendor\\laravel\\framework\\src\\Illuminate\\Foundation\\Http\\Middleware\\TransformsRequest.php(21): Illuminate\\Pipeline\\Pipeline->Illuminate\\Pipeline\\{closure}()
#22 C:\\Users\\camar\\Bureau\\mindful-journey-ui\\back-mindful-journey-iu\\mindful-journey-back\\vendor\\laravel\\framework\\src\\Illuminate\\Foundation\\Http\\Middleware\\TrimStrings.php(51): Illuminate\\Foundation\\Http\\Middleware\\TransformsRequest->handle()
#23 C:\\Users\\camar\\Bureau\\mindful-journey-ui\\back-mindful-journey-iu\\mindful-journey-back\\vendor\\laravel\\framework\\src\\Illuminate\\Pipeline\\Pipeline.php(208): Illuminate\\Foundation\\Http\\Middleware\\TrimStrings->handle()
#24 C:\\Users\\camar\\Bureau\\mindful-journey-ui\\back-mindful-journey-iu\\mindful-journey-back\\vendor\\laravel\\framework\\src\\Illuminate\\Http\\Middleware\\ValidatePostSize.php(27): Illuminate\\Pipeline\\Pipeline->Illuminate\\Pipeline\\{closure}()
#25 C:\\Users\\camar\\Bureau\\mindful-journey-ui\\back-mindful-journey-iu\\mindful-journey-back\\vendor\\laravel\\framework\\src\\Illuminate\\Pipeline\\Pipeline.php(208): Illuminate\\Http\\Middleware\\ValidatePostSize->handle()
#26 C:\\Users\\camar\\Bureau\\mindful-journey-ui\\back-mindful-journey-iu\\mindful-journey-back\\vendor\\laravel\\framework\\src\\Illuminate\\Foundation\\Http\\Middleware\\PreventRequestsDuringMaintenance.php(109): Illuminate\\Pipeline\\Pipeline->Illuminate\\Pipeline\\{closure}()
#27 C:\\Users\\camar\\Bureau\\mindful-journey-ui\\back-mindful-journey-iu\\mindful-journey-back\\vendor\\laravel\\framework\\src\\Illuminate\\Pipeline\\Pipeline.php(208): Illuminate\\Foundation\\Http\\Middleware\\PreventRequestsDuringMaintenance->handle()
#28 C:\\Users\\camar\\Bureau\\mindful-journey-ui\\back-mindful-journey-iu\\mindful-journey-back\\vendor\\laravel\\framework\\src\\Illuminate\\Http\\Middleware\\HandleCors.php(61): Illuminate\\Pipeline\\Pipeline->Illuminate\\Pipeline\\{closure}()
#29 C:\\Users\\camar\\Bureau\\mindful-journey-ui\\back-mindful-journey-iu\\mindful-journey-back\\vendor\\laravel\\framework\\src\\Illuminate\\Pipeline\\Pipeline.php(208): Illuminate\\Http\\Middleware\\HandleCors->handle()
#30 C:\\Users\\camar\\Bureau\\mindful-journey-ui\\back-mindful-journey-iu\\mindful-journey-back\\vendor\\laravel\\framework\\src\\Illuminate\\Http\\Middleware\\TrustProxies.php(58): Illuminate\\Pipeline\\Pipeline->Illuminate\\Pipeline\\{closure}()
#31 C:\\Users\\camar\\Bureau\\mindful-journey-ui\\back-mindful-journey-iu\\mindful-journey-back\\vendor\\laravel\\framework\\src\\Illuminate\\Pipeline\\Pipeline.php(208): Illuminate\\Http\\Middleware\\TrustProxies->handle()
#32 C:\\Users\\camar\\Bureau\\mindful-journey-ui\\back-mindful-journey-iu\\mindful-journey-back\\vendor\\laravel\\framework\\src\\Illuminate\\Foundation\\Http\\Middleware\\InvokeDeferredCallbacks.php(22): Illuminate\\Pipeline\\Pipeline->Illuminate\\Pipeline\\{closure}()
#33 C:\\Users\\camar\\Bureau\\mindful-journey-ui\\back-mindful-journey-iu\\mindful-journey-back\\vendor\\laravel\\framework\\src\\Illuminate\\Pipeline\\Pipeline.php(208): Illuminate\\Foundation\\Http\\Middleware\\InvokeDeferredCallbacks->handle()
#34 C:\\Users\\camar\\Bureau\\mindful-journey-ui\\back-mindful-journey-iu\\mindful-journey-back\\vendor\\laravel\\framework\\src\\Illuminate\\Http\\Middleware\\ValidatePathEncoding.php(26): Illuminate\\Pipeline\\Pipeline->Illuminate\\Pipeline\\{closure}()
#35 C:\\Users\\camar\\Bureau\\mindful-journey-ui\\back-mindful-journey-iu\\mindful-journey-back\\vendor\\laravel\\framework\\src\\Illuminate\\Pipeline\\Pipeline.php(208): Illuminate\\Http\\Middleware\\ValidatePathEncoding->handle()
#36 C:\\Users\\camar\\Bureau\\mindful-journey-ui\\back-mindful-journey-iu\\mindful-journey-back\\vendor\\laravel\\framework\\src\\Illuminate\\Pipeline\\Pipeline.php(126): Illuminate\\Pipeline\\Pipeline->Illuminate\\Pipeline\\{closure}()
#37 C:\\Users\\camar\\Bureau\\mindful-journey-ui\\back-mindful-journey-iu\\mindful-journey-back\\vendor\\laravel\\framework\\src\\Illuminate\\Foundation\\Http\\Kernel.php(175): Illuminate\\Pipeline\\Pipeline->then()
#38 C:\\Users\\camar\\Bureau\\mindful-journey-ui\\back-mindful-journey-iu\\mindful-journey-back\\vendor\\laravel\\framework\\src\\Illuminate\\Foundation\\Http\\Kernel.php(144): Illuminate\\Foundation\\Http\\Kernel->sendRequestThroughRouter()
#39 C:\\Users\\camar\\Bureau\\mindful-journey-ui\\back-mindful-journey-iu\\mindful-journey-back\\vendor\\laravel\\framework\\src\\Illuminate\\Foundation\\Application.php(1219): Illuminate\\Foundation\\Http\\Kernel->handle()
#40 C:\\Users\\camar\\Bureau\\mindful-journey-ui\\back-mindful-journey-iu\\mindful-journey-back\\public\\index.php(20): Illuminate\\Foundation\\Application->handleRequest()
#41 C:\\Users\\camar\\Bureau\\mindful-journey-ui\\back-mindful-journey-iu\\mindful-journey-back\\vendor\\laravel\\framework\\src\\Illuminate\\Foundation\\resources\\server.php(23): require_once('...')
#42 {main}
"} 
[2025-08-13 06:50:18] local.ERROR: Erreur lors de l'enregistrement MoodEntry: SQLSTATE[23000]: Integrity constraint violation: 19 UNIQUE constraint failed: mood_entries.user_id, mood_entries.date (Connection: sqlite, SQL: insert into "mood_entries" ("user_id", "date", "mood_level", "mood_emoji", "energy_level", "stress_level", "sleep_quality", "notes", "activities", "emotions", "updated_at", "created_at") values (1, 2025-08-13 00:00:00, 4, 😊, 5, 3, ?, ?, [], [], 2025-08-13 06:50:18, 2025-08-13 06:50:18)) {"exception":"[object] (Illuminate\\Database\\UniqueConstraintViolationException(code: 23000): SQLSTATE[23000]: Integrity constraint violation: 19 UNIQUE constraint failed: mood_entries.user_id, mood_entries.date (Connection: sqlite, SQL: insert into \"mood_entries\" (\"user_id\", \"date\", \"mood_level\", \"mood_emoji\", \"energy_level\", \"stress_level\", \"sleep_quality\", \"notes\", \"activities\", \"emotions\", \"updated_at\", \"created_at\") values (1, 2025-08-13 00:00:00, 4, 😊, 5, 3, ?, ?, [], [], 2025-08-13 06:50:18, 2025-08-13 06:50:18)) at C:\\Users\\camar\\Bureau\\mindful-journey-ui\\back-mindful-journey-iu\\mindful-journey-back\\vendor\\laravel\\framework\\src\\Illuminate\\Database\\Connection.php:819)
[stacktrace]
#0 C:\\Users\\camar\\Bureau\\mindful-journey-ui\\back-mindful-journey-iu\\mindful-journey-back\\vendor\\laravel\\framework\\src\\Illuminate\\Database\\Connection.php(778): Illuminate\\Database\\Connection->runQueryCallback()
#1 C:\\Users\\camar\\Bureau\\mindful-journey-ui\\back-mindful-journey-iu\\mindful-journey-back\\vendor\\laravel\\framework\\src\\Illuminate\\Database\\Connection.php(559): Illuminate\\Database\\Connection->run()
#2 C:\\Users\\camar\\Bureau\\mindful-journey-ui\\back-mindful-journey-iu\\mindful-journey-back\\vendor\\laravel\\framework\\src\\Illuminate\\Database\\Connection.php(523): Illuminate\\Database\\Connection->statement()
#3 C:\\Users\\camar\\Bureau\\mindful-journey-ui\\back-mindful-journey-iu\\mindful-journey-back\\vendor\\laravel\\framework\\src\\Illuminate\\Database\\Query\\Processors\\Processor.php(32): Illuminate\\Database\\Connection->insert()
#4 C:\\Users\\camar\\Bureau\\mindful-journey-ui\\back-mindful-journey-iu\\mindful-journey-back\\vendor\\laravel\\framework\\src\\Illuminate\\Database\\Query\\Builder.php(3853): Illuminate\\Database\\Query\\Processors\\Processor->processInsertGetId()
#5 C:\\Users\\camar\\Bureau\\mindful-journey-ui\\back-mindful-journey-iu\\mindful-journey-back\\vendor\\laravel\\framework\\src\\Illuminate\\Database\\Eloquent\\Builder.php(2205): Illuminate\\Database\\Query\\Builder->insertGetId()
#6 C:\\Users\\camar\\Bureau\\mindful-journey-ui\\back-mindful-journey-iu\\mindful-journey-back\\vendor\\laravel\\framework\\src\\Illuminate\\Database\\Eloquent\\Model.php(1427): Illuminate\\Database\\Eloquent\\Builder->__call()
#7 C:\\Users\\camar\\Bureau\\mindful-journey-ui\\back-mindful-journey-iu\\mindful-journey-back\\vendor\\laravel\\framework\\src\\Illuminate\\Database\\Eloquent\\Model.php(1392): Illuminate\\Database\\Eloquent\\Model->insertAndSetId()
#8 C:\\Users\\camar\\Bureau\\mindful-journey-ui\\back-mindful-journey-iu\\mindful-journey-back\\vendor\\laravel\\framework\\src\\Illuminate\\Database\\Eloquent\\Model.php(1231): Illuminate\\Database\\Eloquent\\Model->performInsert()
#9 C:\\Users\\camar\\Bureau\\mindful-journey-ui\\back-mindful-journey-iu\\mindful-journey-back\\vendor\\laravel\\framework\\src\\Illuminate\\Database\\Eloquent\\Builder.php(1189): Illuminate\\Database\\Eloquent\\Model->save()
#10 C:\\Users\\camar\\Bureau\\mindful-journey-ui\\back-mindful-journey-iu\\mindful-journey-back\\vendor\\laravel\\framework\\src\\Illuminate\\Support\\helpers.php(399): Illuminate\\Database\\Eloquent\\Builder->Illuminate\\Database\\Eloquent\\{closure}()
#11 C:\\Users\\camar\\Bureau\\mindful-journey-ui\\back-mindful-journey-iu\\mindful-journey-back\\vendor\\laravel\\framework\\src\\Illuminate\\Database\\Eloquent\\Builder.php(1188): tap()
#12 C:\\Users\\camar\\Bureau\\mindful-journey-ui\\back-mindful-journey-iu\\mindful-journey-back\\vendor\\laravel\\framework\\src\\Illuminate\\Support\\Traits\\ForwardsCalls.php(23): Illuminate\\Database\\Eloquent\\Builder->create()
#13 C:\\Users\\camar\\Bureau\\mindful-journey-ui\\back-mindful-journey-iu\\mindful-journey-back\\vendor\\laravel\\framework\\src\\Illuminate\\Database\\Eloquent\\Model.php(2518): Illuminate\\Database\\Eloquent\\Model->forwardCallTo()
#14 C:\\Users\\camar\\Bureau\\mindful-journey-ui\\back-mindful-journey-iu\\mindful-journey-back\\vendor\\laravel\\framework\\src\\Illuminate\\Database\\Eloquent\\Model.php(2534): Illuminate\\Database\\Eloquent\\Model->__call()
#15 C:\\Users\\camar\\Bureau\\mindful-journey-ui\\back-mindful-journey-iu\\mindful-journey-back\\app\\Http\\Controllers\\Api\\MoodController.php(97): Illuminate\\Database\\Eloquent\\Model::__callStatic()
#16 C:\\Users\\camar\\Bureau\\mindful-journey-ui\\back-mindful-journey-iu\\mindful-journey-back\\vendor\\laravel\\framework\\src\\Illuminate\\Routing\\ControllerDispatcher.php(46): App\\Http\\Controllers\\Api\\MoodController->store()
#17 C:\\Users\\camar\\Bureau\\mindful-journey-ui\\back-mindful-journey-iu\\mindful-journey-back\\vendor\\laravel\\framework\\src\\Illuminate\\Routing\\Route.php(265): Illuminate\\Routing\\ControllerDispatcher->dispatch()
#18 C:\\Users\\camar\\Bureau\\mindful-journey-ui\\back-mindful-journey-iu\\mindful-journey-back\\vendor\\laravel\\framework\\src\\Illuminate\\Routing\\Route.php(211): Illuminate\\Routing\\Route->runController()
#19 C:\\Users\\camar\\Bureau\\mindful-journey-ui\\back-mindful-journey-iu\\mindful-journey-back\\vendor\\laravel\\framework\\src\\Illuminate\\Routing\\Router.php(808): Illuminate\\Routing\\Route->run()
#20 C:\\Users\\camar\\Bureau\\mindful-journey-ui\\back-mindful-journey-iu\\mindful-journey-back\\vendor\\laravel\\framework\\src\\Illuminate\\Pipeline\\Pipeline.php(169): Illuminate\\Routing\\Router->Illuminate\\Routing\\{closure}()
#21 C:\\Users\\camar\\Bureau\\mindful-journey-ui\\back-mindful-journey-iu\\mindful-journey-back\\vendor\\laravel\\framework\\src\\Illuminate\\Routing\\Middleware\\SubstituteBindings.php(50): Illuminate\\Pipeline\\Pipeline->Illuminate\\Pipeline\\{closure}()
#22 C:\\Users\\camar\\Bureau\\mindful-journey-ui\\back-mindful-journey-iu\\mindful-journey-back\\vendor\\laravel\\framework\\src\\Illuminate\\Pipeline\\Pipeline.php(208): Illuminate\\Routing\\Middleware\\SubstituteBindings->handle()
#23 C:\\Users\\camar\\Bureau\\mindful-journey-ui\\back-mindful-journey-iu\\mindful-journey-back\\vendor\\laravel\\framework\\src\\Illuminate\\Auth\\Middleware\\Authenticate.php(63): Illuminate\\Pipeline\\Pipeline->Illuminate\\Pipeline\\{closure}()
#24 C:\\Users\\camar\\Bureau\\mindful-journey-ui\\back-mindful-journey-iu\\mindful-journey-back\\vendor\\laravel\\framework\\src\\Illuminate\\Pipeline\\Pipeline.php(208): Illuminate\\Auth\\Middleware\\Authenticate->handle()
#25 C:\\Users\\camar\\Bureau\\mindful-journey-ui\\back-mindful-journey-iu\\mindful-journey-back\\vendor\\laravel\\framework\\src\\Illuminate\\Pipeline\\Pipeline.php(126): Illuminate\\Pipeline\\Pipeline->Illuminate\\Pipeline\\{closure}()
#26 C:\\Users\\camar\\Bureau\\mindful-journey-ui\\back-mindful-journey-iu\\mindful-journey-back\\vendor\\laravel\\framework\\src\\Illuminate\\Routing\\Router.php(807): Illuminate\\Pipeline\\Pipeline->then()
#27 C:\\Users\\camar\\Bureau\\mindful-journey-ui\\back-mindful-journey-iu\\mindful-journey-back\\vendor\\laravel\\framework\\src\\Illuminate\\Routing\\Router.php(786): Illuminate\\Routing\\Router->runRouteWithinStack()
#28 C:\\Users\\camar\\Bureau\\mindful-journey-ui\\back-mindful-journey-iu\\mindful-journey-back\\vendor\\laravel\\framework\\src\\Illuminate\\Routing\\Router.php(750): Illuminate\\Routing\\Router->runRoute()
#29 C:\\Users\\camar\\Bureau\\mindful-journey-ui\\back-mindful-journey-iu\\mindful-journey-back\\vendor\\laravel\\framework\\src\\Illuminate\\Routing\\Router.php(739): Illuminate\\Routing\\Router->dispatchToRoute()
#30 C:\\Users\\camar\\Bureau\\mindful-journey-ui\\back-mindful-journey-iu\\mindful-journey-back\\vendor\\laravel\\framework\\src\\Illuminate\\Foundation\\Http\\Kernel.php(200): Illuminate\\Routing\\Router->dispatch()
#31 C:\\Users\\camar\\Bureau\\mindful-journey-ui\\back-mindful-journey-iu\\mindful-journey-back\\vendor\\laravel\\framework\\src\\Illuminate\\Pipeline\\Pipeline.php(169): Illuminate\\Foundation\\Http\\Kernel->Illuminate\\Foundation\\Http\\{closure}()
#32 C:\\Users\\camar\\Bureau\\mindful-journey-ui\\back-mindful-journey-iu\\mindful-journey-back\\vendor\\laravel\\framework\\src\\Illuminate\\Foundation\\Http\\Middleware\\TransformsRequest.php(21): Illuminate\\Pipeline\\Pipeline->Illuminate\\Pipeline\\{closure}()
#33 C:\\Users\\camar\\Bureau\\mindful-journey-ui\\back-mindful-journey-iu\\mindful-journey-back\\vendor\\laravel\\framework\\src\\Illuminate\\Foundation\\Http\\Middleware\\ConvertEmptyStringsToNull.php(31): Illuminate\\Foundation\\Http\\Middleware\\TransformsRequest->handle()
#34 C:\\Users\\camar\\Bureau\\mindful-journey-ui\\back-mindful-journey-iu\\mindful-journey-back\\vendor\\laravel\\framework\\src\\Illuminate\\Pipeline\\Pipeline.php(208): Illuminate\\Foundation\\Http\\Middleware\\ConvertEmptyStringsToNull->handle()
#35 C:\\Users\\camar\\Bureau\\mindful-journey-ui\\back-mindful-journey-iu\\mindful-journey-back\\vendor\\laravel\\framework\\src\\Illuminate\\Foundation\\Http\\Middleware\\TransformsRequest.php(21): Illuminate\\Pipeline\\Pipeline->Illuminate\\Pipeline\\{closure}()
#36 C:\\Users\\camar\\Bureau\\mindful-journey-ui\\back-mindful-journey-iu\\mindful-journey-back\\vendor\\laravel\\framework\\src\\Illuminate\\Foundation\\Http\\Middleware\\TrimStrings.php(51): Illuminate\\Foundation\\Http\\Middleware\\TransformsRequest->handle()
#37 C:\\Users\\camar\\Bureau\\mindful-journey-ui\\back-mindful-journey-iu\\mindful-journey-back\\vendor\\laravel\\framework\\src\\Illuminate\\Pipeline\\Pipeline.php(208): Illuminate\\Foundation\\Http\\Middleware\\TrimStrings->handle()
#38 C:\\Users\\camar\\Bureau\\mindful-journey-ui\\back-mindful-journey-iu\\mindful-journey-back\\vendor\\laravel\\framework\\src\\Illuminate\\Http\\Middleware\\ValidatePostSize.php(27): Illuminate\\Pipeline\\Pipeline->Illuminate\\Pipeline\\{closure}()
#39 C:\\Users\\camar\\Bureau\\mindful-journey-ui\\back-mindful-journey-iu\\mindful-journey-back\\vendor\\laravel\\framework\\src\\Illuminate\\Pipeline\\Pipeline.php(208): Illuminate\\Http\\Middleware\\ValidatePostSize->handle()
#40 C:\\Users\\camar\\Bureau\\mindful-journey-ui\\back-mindful-journey-iu\\mindful-journey-back\\vendor\\laravel\\framework\\src\\Illuminate\\Foundation\\Http\\Middleware\\PreventRequestsDuringMaintenance.php(109): Illuminate\\Pipeline\\Pipeline->Illuminate\\Pipeline\\{closure}()
#41 C:\\Users\\camar\\Bureau\\mindful-journey-ui\\back-mindful-journey-iu\\mindful-journey-back\\vendor\\laravel\\framework\\src\\Illuminate\\Pipeline\\Pipeline.php(208): Illuminate\\Foundation\\Http\\Middleware\\PreventRequestsDuringMaintenance->handle()
#42 C:\\Users\\camar\\Bureau\\mindful-journey-ui\\back-mindful-journey-iu\\mindful-journey-back\\vendor\\laravel\\framework\\src\\Illuminate\\Http\\Middleware\\HandleCors.php(61): Illuminate\\Pipeline\\Pipeline->Illuminate\\Pipeline\\{closure}()
#43 C:\\Users\\camar\\Bureau\\mindful-journey-ui\\back-mindful-journey-iu\\mindful-journey-back\\vendor\\laravel\\framework\\src\\Illuminate\\Pipeline\\Pipeline.php(208): Illuminate\\Http\\Middleware\\HandleCors->handle()
#44 C:\\Users\\camar\\Bureau\\mindful-journey-ui\\back-mindful-journey-iu\\mindful-journey-back\\vendor\\laravel\\framework\\src\\Illuminate\\Http\\Middleware\\TrustProxies.php(58): Illuminate\\Pipeline\\Pipeline->Illuminate\\Pipeline\\{closure}()
#45 C:\\Users\\camar\\Bureau\\mindful-journey-ui\\back-mindful-journey-iu\\mindful-journey-back\\vendor\\laravel\\framework\\src\\Illuminate\\Pipeline\\Pipeline.php(208): Illuminate\\Http\\Middleware\\TrustProxies->handle()
#46 C:\\Users\\camar\\Bureau\\mindful-journey-ui\\back-mindful-journey-iu\\mindful-journey-back\\vendor\\laravel\\framework\\src\\Illuminate\\Foundation\\Http\\Middleware\\InvokeDeferredCallbacks.php(22): Illuminate\\Pipeline\\Pipeline->Illuminate\\Pipeline\\{closure}()
#47 C:\\Users\\camar\\Bureau\\mindful-journey-ui\\back-mindful-journey-iu\\mindful-journey-back\\vendor\\laravel\\framework\\src\\Illuminate\\Pipeline\\Pipeline.php(208): Illuminate\\Foundation\\Http\\Middleware\\InvokeDeferredCallbacks->handle()
#48 C:\\Users\\camar\\Bureau\\mindful-journey-ui\\back-mindful-journey-iu\\mindful-journey-back\\vendor\\laravel\\framework\\src\\Illuminate\\Http\\Middleware\\ValidatePathEncoding.php(26): Illuminate\\Pipeline\\Pipeline->Illuminate\\Pipeline\\{closure}()
#49 C:\\Users\\camar\\Bureau\\mindful-journey-ui\\back-mindful-journey-iu\\mindful-journey-back\\vendor\\laravel\\framework\\src\\Illuminate\\Pipeline\\Pipeline.php(208): Illuminate\\Http\\Middleware\\ValidatePathEncoding->handle()
#50 C:\\Users\\camar\\Bureau\\mindful-journey-ui\\back-mindful-journey-iu\\mindful-journey-back\\vendor\\laravel\\framework\\src\\Illuminate\\Pipeline\\Pipeline.php(126): Illuminate\\Pipeline\\Pipeline->Illuminate\\Pipeline\\{closure}()
#51 C:\\Users\\camar\\Bureau\\mindful-journey-ui\\back-mindful-journey-iu\\mindful-journey-back\\vendor\\laravel\\framework\\src\\Illuminate\\Foundation\\Http\\Kernel.php(175): Illuminate\\Pipeline\\Pipeline->then()
#52 C:\\Users\\camar\\Bureau\\mindful-journey-ui\\back-mindful-journey-iu\\mindful-journey-back\\vendor\\laravel\\framework\\src\\Illuminate\\Foundation\\Http\\Kernel.php(144): Illuminate\\Foundation\\Http\\Kernel->sendRequestThroughRouter()
#53 C:\\Users\\camar\\Bureau\\mindful-journey-ui\\back-mindful-journey-iu\\mindful-journey-back\\vendor\\laravel\\framework\\src\\Illuminate\\Foundation\\Application.php(1219): Illuminate\\Foundation\\Http\\Kernel->handle()
#54 C:\\Users\\camar\\Bureau\\mindful-journey-ui\\back-mindful-journey-iu\\mindful-journey-back\\public\\index.php(20): Illuminate\\Foundation\\Application->handleRequest()
#55 C:\\Users\\camar\\Bureau\\mindful-journey-ui\\back-mindful-journey-iu\\mindful-journey-back\\vendor\\laravel\\framework\\src\\Illuminate\\Foundation\\resources\\server.php(23): require_once('...')
#56 {main}

[previous exception] [object] (PDOException(code: 23000): SQLSTATE[23000]: Integrity constraint violation: 19 UNIQUE constraint failed: mood_entries.user_id, mood_entries.date at C:\\Users\\camar\\Bureau\\mindful-journey-ui\\back-mindful-journey-iu\\mindful-journey-back\\vendor\\laravel\\framework\\src\\Illuminate\\Database\\Connection.php:570)
[stacktrace]
#0 C:\\Users\\camar\\Bureau\\mindful-journey-ui\\back-mindful-journey-iu\\mindful-journey-back\\vendor\\laravel\\framework\\src\\Illuminate\\Database\\Connection.php(570): PDOStatement->execute()
#1 C:\\Users\\camar\\Bureau\\mindful-journey-ui\\back-mindful-journey-iu\\mindful-journey-back\\vendor\\laravel\\framework\\src\\Illuminate\\Database\\Connection.php(811): Illuminate\\Database\\Connection->Illuminate\\Database\\{closure}()
#2 C:\\Users\\camar\\Bureau\\mindful-journey-ui\\back-mindful-journey-iu\\mindful-journey-back\\vendor\\laravel\\framework\\src\\Illuminate\\Database\\Connection.php(778): Illuminate\\Database\\Connection->runQueryCallback()
#3 C:\\Users\\camar\\Bureau\\mindful-journey-ui\\back-mindful-journey-iu\\mindful-journey-back\\vendor\\laravel\\framework\\src\\Illuminate\\Database\\Connection.php(559): Illuminate\\Database\\Connection->run()
#4 C:\\Users\\camar\\Bureau\\mindful-journey-ui\\back-mindful-journey-iu\\mindful-journey-back\\vendor\\laravel\\framework\\src\\Illuminate\\Database\\Connection.php(523): Illuminate\\Database\\Connection->statement()
#5 C:\\Users\\camar\\Bureau\\mindful-journey-ui\\back-mindful-journey-iu\\mindful-journey-back\\vendor\\laravel\\framework\\src\\Illuminate\\Database\\Query\\Processors\\Processor.php(32): Illuminate\\Database\\Connection->insert()
#6 C:\\Users\\camar\\Bureau\\mindful-journey-ui\\back-mindful-journey-iu\\mindful-journey-back\\vendor\\laravel\\framework\\src\\Illuminate\\Database\\Query\\Builder.php(3853): Illuminate\\Database\\Query\\Processors\\Processor->processInsertGetId()
#7 C:\\Users\\camar\\Bureau\\mindful-journey-ui\\back-mindful-journey-iu\\mindful-journey-back\\vendor\\laravel\\framework\\src\\Illuminate\\Database\\Eloquent\\Builder.php(2205): Illuminate\\Database\\Query\\Builder->insertGetId()
#8 C:\\Users\\camar\\Bureau\\mindful-journey-ui\\back-mindful-journey-iu\\mindful-journey-back\\vendor\\laravel\\framework\\src\\Illuminate\\Database\\Eloquent\\Model.php(1427): Illuminate\\Database\\Eloquent\\Builder->__call()
#9 C:\\Users\\camar\\Bureau\\mindful-journey-ui\\back-mindful-journey-iu\\mindful-journey-back\\vendor\\laravel\\framework\\src\\Illuminate\\Database\\Eloquent\\Model.php(1392): Illuminate\\Database\\Eloquent\\Model->insertAndSetId()
#10 C:\\Users\\camar\\Bureau\\mindful-journey-ui\\back-mindful-journey-iu\\mindful-journey-back\\vendor\\laravel\\framework\\src\\Illuminate\\Database\\Eloquent\\Model.php(1231): Illuminate\\Database\\Eloquent\\Model->performInsert()
#11 C:\\Users\\camar\\Bureau\\mindful-journey-ui\\back-mindful-journey-iu\\mindful-journey-back\\vendor\\laravel\\framework\\src\\Illuminate\\Database\\Eloquent\\Builder.php(1189): Illuminate\\Database\\Eloquent\\Model->save()
#12 C:\\Users\\camar\\Bureau\\mindful-journey-ui\\back-mindful-journey-iu\\mindful-journey-back\\vendor\\laravel\\framework\\src\\Illuminate\\Support\\helpers.php(399): Illuminate\\Database\\Eloquent\\Builder->Illuminate\\Database\\Eloquent\\{closure}()
#13 C:\\Users\\camar\\Bureau\\mindful-journey-ui\\back-mindful-journey-iu\\mindful-journey-back\\vendor\\laravel\\framework\\src\\Illuminate\\Database\\Eloquent\\Builder.php(1188): tap()
#14 C:\\Users\\camar\\Bureau\\mindful-journey-ui\\back-mindful-journey-iu\\mindful-journey-back\\vendor\\laravel\\framework\\src\\Illuminate\\Support\\Traits\\ForwardsCalls.php(23): Illuminate\\Database\\Eloquent\\Builder->create()
#15 C:\\Users\\camar\\Bureau\\mindful-journey-ui\\back-mindful-journey-iu\\mindful-journey-back\\vendor\\laravel\\framework\\src\\Illuminate\\Database\\Eloquent\\Model.php(2518): Illuminate\\Database\\Eloquent\\Model->forwardCallTo()
#16 C:\\Users\\camar\\Bureau\\mindful-journey-ui\\back-mindful-journey-iu\\mindful-journey-back\\vendor\\laravel\\framework\\src\\Illuminate\\Database\\Eloquent\\Model.php(2534): Illuminate\\Database\\Eloquent\\Model->__call()
#17 C:\\Users\\camar\\Bureau\\mindful-journey-ui\\back-mindful-journey-iu\\mindful-journey-back\\app\\Http\\Controllers\\Api\\MoodController.php(97): Illuminate\\Database\\Eloquent\\Model::__callStatic()
#18 C:\\Users\\camar\\Bureau\\mindful-journey-ui\\back-mindful-journey-iu\\mindful-journey-back\\vendor\\laravel\\framework\\src\\Illuminate\\Routing\\ControllerDispatcher.php(46): App\\Http\\Controllers\\Api\\MoodController->store()
#19 C:\\Users\\camar\\Bureau\\mindful-journey-ui\\back-mindful-journey-iu\\mindful-journey-back\\vendor\\laravel\\framework\\src\\Illuminate\\Routing\\Route.php(265): Illuminate\\Routing\\ControllerDispatcher->dispatch()
#20 C:\\Users\\camar\\Bureau\\mindful-journey-ui\\back-mindful-journey-iu\\mindful-journey-back\\vendor\\laravel\\framework\\src\\Illuminate\\Routing\\Route.php(211): Illuminate\\Routing\\Route->runController()
#21 C:\\Users\\camar\\Bureau\\mindful-journey-ui\\back-mindful-journey-iu\\mindful-journey-back\\vendor\\laravel\\framework\\src\\Illuminate\\Routing\\Router.php(808): Illuminate\\Routing\\Route->run()
#22 C:\\Users\\camar\\Bureau\\mindful-journey-ui\\back-mindful-journey-iu\\mindful-journey-back\\vendor\\laravel\\framework\\src\\Illuminate\\Pipeline\\Pipeline.php(169): Illuminate\\Routing\\Router->Illuminate\\Routing\\{closure}()
#23 C:\\Users\\camar\\Bureau\\mindful-journey-ui\\back-mindful-journey-iu\\mindful-journey-back\\vendor\\laravel\\framework\\src\\Illuminate\\Routing\\Middleware\\SubstituteBindings.php(50): Illuminate\\Pipeline\\Pipeline->Illuminate\\Pipeline\\{closure}()
#24 C:\\Users\\camar\\Bureau\\mindful-journey-ui\\back-mindful-journey-iu\\mindful-journey-back\\vendor\\laravel\\framework\\src\\Illuminate\\Pipeline\\Pipeline.php(208): Illuminate\\Routing\\Middleware\\SubstituteBindings->handle()
#25 C:\\Users\\camar\\Bureau\\mindful-journey-ui\\back-mindful-journey-iu\\mindful-journey-back\\vendor\\laravel\\framework\\src\\Illuminate\\Auth\\Middleware\\Authenticate.php(63): Illuminate\\Pipeline\\Pipeline->Illuminate\\Pipeline\\{closure}()
#26 C:\\Users\\camar\\Bureau\\mindful-journey-ui\\back-mindful-journey-iu\\mindful-journey-back\\vendor\\laravel\\framework\\src\\Illuminate\\Pipeline\\Pipeline.php(208): Illuminate\\Auth\\Middleware\\Authenticate->handle()
#27 C:\\Users\\camar\\Bureau\\mindful-journey-ui\\back-mindful-journey-iu\\mindful-journey-back\\vendor\\laravel\\framework\\src\\Illuminate\\Pipeline\\Pipeline.php(126): Illuminate\\Pipeline\\Pipeline->Illuminate\\Pipeline\\{closure}()
#28 C:\\Users\\camar\\Bureau\\mindful-journey-ui\\back-mindful-journey-iu\\mindful-journey-back\\vendor\\laravel\\framework\\src\\Illuminate\\Routing\\Router.php(807): Illuminate\\Pipeline\\Pipeline->then()
#29 C:\\Users\\camar\\Bureau\\mindful-journey-ui\\back-mindful-journey-iu\\mindful-journey-back\\vendor\\laravel\\framework\\src\\Illuminate\\Routing\\Router.php(786): Illuminate\\Routing\\Router->runRouteWithinStack()
#30 C:\\Users\\camar\\Bureau\\mindful-journey-ui\\back-mindful-journey-iu\\mindful-journey-back\\vendor\\laravel\\framework\\src\\Illuminate\\Routing\\Router.php(750): Illuminate\\Routing\\Router->runRoute()
#31 C:\\Users\\camar\\Bureau\\mindful-journey-ui\\back-mindful-journey-iu\\mindful-journey-back\\vendor\\laravel\\framework\\src\\Illuminate\\Routing\\Router.php(739): Illuminate\\Routing\\Router->dispatchToRoute()
#32 C:\\Users\\camar\\Bureau\\mindful-journey-ui\\back-mindful-journey-iu\\mindful-journey-back\\vendor\\laravel\\framework\\src\\Illuminate\\Foundation\\Http\\Kernel.php(200): Illuminate\\Routing\\Router->dispatch()
#33 C:\\Users\\camar\\Bureau\\mindful-journey-ui\\back-mindful-journey-iu\\mindful-journey-back\\vendor\\laravel\\framework\\src\\Illuminate\\Pipeline\\Pipeline.php(169): Illuminate\\Foundation\\Http\\Kernel->Illuminate\\Foundation\\Http\\{closure}()
#34 C:\\Users\\camar\\Bureau\\mindful-journey-ui\\back-mindful-journey-iu\\mindful-journey-back\\vendor\\laravel\\framework\\src\\Illuminate\\Foundation\\Http\\Middleware\\TransformsRequest.php(21): Illuminate\\Pipeline\\Pipeline->Illuminate\\Pipeline\\{closure}()
#35 C:\\Users\\camar\\Bureau\\mindful-journey-ui\\back-mindful-journey-iu\\mindful-journey-back\\vendor\\laravel\\framework\\src\\Illuminate\\Foundation\\Http\\Middleware\\ConvertEmptyStringsToNull.php(31): Illuminate\\Foundation\\Http\\Middleware\\TransformsRequest->handle()
#36 C:\\Users\\camar\\Bureau\\mindful-journey-ui\\back-mindful-journey-iu\\mindful-journey-back\\vendor\\laravel\\framework\\src\\Illuminate\\Pipeline\\Pipeline.php(208): Illuminate\\Foundation\\Http\\Middleware\\ConvertEmptyStringsToNull->handle()
#37 C:\\Users\\camar\\Bureau\\mindful-journey-ui\\back-mindful-journey-iu\\mindful-journey-back\\vendor\\laravel\\framework\\src\\Illuminate\\Foundation\\Http\\Middleware\\TransformsRequest.php(21): Illuminate\\Pipeline\\Pipeline->Illuminate\\Pipeline\\{closure}()
#38 C:\\Users\\camar\\Bureau\\mindful-journey-ui\\back-mindful-journey-iu\\mindful-journey-back\\vendor\\laravel\\framework\\src\\Illuminate\\Foundation\\Http\\Middleware\\TrimStrings.php(51): Illuminate\\Foundation\\Http\\Middleware\\TransformsRequest->handle()
#39 C:\\Users\\camar\\Bureau\\mindful-journey-ui\\back-mindful-journey-iu\\mindful-journey-back\\vendor\\laravel\\framework\\src\\Illuminate\\Pipeline\\Pipeline.php(208): Illuminate\\Foundation\\Http\\Middleware\\TrimStrings->handle()
#40 C:\\Users\\camar\\Bureau\\mindful-journey-ui\\back-mindful-journey-iu\\mindful-journey-back\\vendor\\laravel\\framework\\src\\Illuminate\\Http\\Middleware\\ValidatePostSize.php(27): Illuminate\\Pipeline\\Pipeline->Illuminate\\Pipeline\\{closure}()
#41 C:\\Users\\camar\\Bureau\\mindful-journey-ui\\back-mindful-journey-iu\\mindful-journey-back\\vendor\\laravel\\framework\\src\\Illuminate\\Pipeline\\Pipeline.php(208): Illuminate\\Http\\Middleware\\ValidatePostSize->handle()
#42 C:\\Users\\camar\\Bureau\\mindful-journey-ui\\back-mindful-journey-iu\\mindful-journey-back\\vendor\\laravel\\framework\\src\\Illuminate\\Foundation\\Http\\Middleware\\PreventRequestsDuringMaintenance.php(109): Illuminate\\Pipeline\\Pipeline->Illuminate\\Pipeline\\{closure}()
#43 C:\\Users\\camar\\Bureau\\mindful-journey-ui\\back-mindful-journey-iu\\mindful-journey-back\\vendor\\laravel\\framework\\src\\Illuminate\\Pipeline\\Pipeline.php(208): Illuminate\\Foundation\\Http\\Middleware\\PreventRequestsDuringMaintenance->handle()
#44 C:\\Users\\camar\\Bureau\\mindful-journey-ui\\back-mindful-journey-iu\\mindful-journey-back\\vendor\\laravel\\framework\\src\\Illuminate\\Http\\Middleware\\HandleCors.php(61): Illuminate\\Pipeline\\Pipeline->Illuminate\\Pipeline\\{closure}()
#45 C:\\Users\\camar\\Bureau\\mindful-journey-ui\\back-mindful-journey-iu\\mindful-journey-back\\vendor\\laravel\\framework\\src\\Illuminate\\Pipeline\\Pipeline.php(208): Illuminate\\Http\\Middleware\\HandleCors->handle()
#46 C:\\Users\\camar\\Bureau\\mindful-journey-ui\\back-mindful-journey-iu\\mindful-journey-back\\vendor\\laravel\\framework\\src\\Illuminate\\Http\\Middleware\\TrustProxies.php(58): Illuminate\\Pipeline\\Pipeline->Illuminate\\Pipeline\\{closure}()
#47 C:\\Users\\camar\\Bureau\\mindful-journey-ui\\back-mindful-journey-iu\\mindful-journey-back\\vendor\\laravel\\framework\\src\\Illuminate\\Pipeline\\Pipeline.php(208): Illuminate\\Http\\Middleware\\TrustProxies->handle()
#48 C:\\Users\\camar\\Bureau\\mindful-journey-ui\\back-mindful-journey-iu\\mindful-journey-back\\vendor\\laravel\\framework\\src\\Illuminate\\Foundation\\Http\\Middleware\\InvokeDeferredCallbacks.php(22): Illuminate\\Pipeline\\Pipeline->Illuminate\\Pipeline\\{closure}()
#49 C:\\Users\\camar\\Bureau\\mindful-journey-ui\\back-mindful-journey-iu\\mindful-journey-back\\vendor\\laravel\\framework\\src\\Illuminate\\Pipeline\\Pipeline.php(208): Illuminate\\Foundation\\Http\\Middleware\\InvokeDeferredCallbacks->handle()
#50 C:\\Users\\camar\\Bureau\\mindful-journey-ui\\back-mindful-journey-iu\\mindful-journey-back\\vendor\\laravel\\framework\\src\\Illuminate\\Http\\Middleware\\ValidatePathEncoding.php(26): Illuminate\\Pipeline\\Pipeline->Illuminate\\Pipeline\\{closure}()
#51 C:\\Users\\camar\\Bureau\\mindful-journey-ui\\back-mindful-journey-iu\\mindful-journey-back\\vendor\\laravel\\framework\\src\\Illuminate\\Pipeline\\Pipeline.php(208): Illuminate\\Http\\Middleware\\ValidatePathEncoding->handle()
#52 C:\\Users\\camar\\Bureau\\mindful-journey-ui\\back-mindful-journey-iu\\mindful-journey-back\\vendor\\laravel\\framework\\src\\Illuminate\\Pipeline\\Pipeline.php(126): Illuminate\\Pipeline\\Pipeline->Illuminate\\Pipeline\\{closure}()
#53 C:\\Users\\camar\\Bureau\\mindful-journey-ui\\back-mindful-journey-iu\\mindful-journey-back\\vendor\\laravel\\framework\\src\\Illuminate\\Foundation\\Http\\Kernel.php(175): Illuminate\\Pipeline\\Pipeline->then()
#54 C:\\Users\\camar\\Bureau\\mindful-journey-ui\\back-mindful-journey-iu\\mindful-journey-back\\vendor\\laravel\\framework\\src\\Illuminate\\Foundation\\Http\\Kernel.php(144): Illuminate\\Foundation\\Http\\Kernel->sendRequestThroughRouter()
#55 C:\\Users\\camar\\Bureau\\mindful-journey-ui\\back-mindful-journey-iu\\mindful-journey-back\\vendor\\laravel\\framework\\src\\Illuminate\\Foundation\\Application.php(1219): Illuminate\\Foundation\\Http\\Kernel->handle()
#56 C:\\Users\\camar\\Bureau\\mindful-journey-ui\\back-mindful-journey-iu\\mindful-journey-back\\public\\index.php(20): Illuminate\\Foundation\\Application->handleRequest()
#57 C:\\Users\\camar\\Bureau\\mindful-journey-ui\\back-mindful-journey-iu\\mindful-journey-back\\vendor\\laravel\\framework\\src\\Illuminate\\Foundation\\resources\\server.php(23): require_once('...')
#58 {main}
","validated":{"date":"2025-08-13","mood_level":4,"mood_emoji":"😊","energy_level":5,"stress_level":3,"sleep_quality":null,"notes":null,"activities":[],"emotions":[]}} 
[2025-08-13 06:50:25] local.ERROR: Erreur lors de l'enregistrement MoodEntry: SQLSTATE[23000]: Integrity constraint violation: 19 UNIQUE constraint failed: mood_entries.user_id, mood_entries.date (Connection: sqlite, SQL: insert into "mood_entries" ("user_id", "date", "mood_level", "mood_emoji", "energy_level", "stress_level", "sleep_quality", "notes", "activities", "emotions", "updated_at", "created_at") values (1, 2025-08-13 00:00:00, 3, 🙂, 5, 3, ?, ?, [], [], 2025-08-13 06:50:25, 2025-08-13 06:50:25)) {"exception":"[object] (Illuminate\\Database\\UniqueConstraintViolationException(code: 23000): SQLSTATE[23000]: Integrity constraint violation: 19 UNIQUE constraint failed: mood_entries.user_id, mood_entries.date (Connection: sqlite, SQL: insert into \"mood_entries\" (\"user_id\", \"date\", \"mood_level\", \"mood_emoji\", \"energy_level\", \"stress_level\", \"sleep_quality\", \"notes\", \"activities\", \"emotions\", \"updated_at\", \"created_at\") values (1, 2025-08-13 00:00:00, 3, 🙂, 5, 3, ?, ?, [], [], 2025-08-13 06:50:25, 2025-08-13 06:50:25)) at C:\\Users\\camar\\Bureau\\mindful-journey-ui\\back-mindful-journey-iu\\mindful-journey-back\\vendor\\laravel\\framework\\src\\Illuminate\\Database\\Connection.php:819)
[stacktrace]
#0 C:\\Users\\camar\\Bureau\\mindful-journey-ui\\back-mindful-journey-iu\\mindful-journey-back\\vendor\\laravel\\framework\\src\\Illuminate\\Database\\Connection.php(778): Illuminate\\Database\\Connection->runQueryCallback()
#1 C:\\Users\\camar\\Bureau\\mindful-journey-ui\\back-mindful-journey-iu\\mindful-journey-back\\vendor\\laravel\\framework\\src\\Illuminate\\Database\\Connection.php(559): Illuminate\\Database\\Connection->run()
#2 C:\\Users\\camar\\Bureau\\mindful-journey-ui\\back-mindful-journey-iu\\mindful-journey-back\\vendor\\laravel\\framework\\src\\Illuminate\\Database\\Connection.php(523): Illuminate\\Database\\Connection->statement()
#3 C:\\Users\\camar\\Bureau\\mindful-journey-ui\\back-mindful-journey-iu\\mindful-journey-back\\vendor\\laravel\\framework\\src\\Illuminate\\Database\\Query\\Processors\\Processor.php(32): Illuminate\\Database\\Connection->insert()
#4 C:\\Users\\camar\\Bureau\\mindful-journey-ui\\back-mindful-journey-iu\\mindful-journey-back\\vendor\\laravel\\framework\\src\\Illuminate\\Database\\Query\\Builder.php(3853): Illuminate\\Database\\Query\\Processors\\Processor->processInsertGetId()
#5 C:\\Users\\camar\\Bureau\\mindful-journey-ui\\back-mindful-journey-iu\\mindful-journey-back\\vendor\\laravel\\framework\\src\\Illuminate\\Database\\Eloquent\\Builder.php(2205): Illuminate\\Database\\Query\\Builder->insertGetId()
#6 C:\\Users\\camar\\Bureau\\mindful-journey-ui\\back-mindful-journey-iu\\mindful-journey-back\\vendor\\laravel\\framework\\src\\Illuminate\\Database\\Eloquent\\Model.php(1427): Illuminate\\Database\\Eloquent\\Builder->__call()
#7 C:\\Users\\camar\\Bureau\\mindful-journey-ui\\back-mindful-journey-iu\\mindful-journey-back\\vendor\\laravel\\framework\\src\\Illuminate\\Database\\Eloquent\\Model.php(1392): Illuminate\\Database\\Eloquent\\Model->insertAndSetId()
#8 C:\\Users\\camar\\Bureau\\mindful-journey-ui\\back-mindful-journey-iu\\mindful-journey-back\\vendor\\laravel\\framework\\src\\Illuminate\\Database\\Eloquent\\Model.php(1231): Illuminate\\Database\\Eloquent\\Model->performInsert()
#9 C:\\Users\\camar\\Bureau\\mindful-journey-ui\\back-mindful-journey-iu\\mindful-journey-back\\vendor\\laravel\\framework\\src\\Illuminate\\Database\\Eloquent\\Builder.php(1189): Illuminate\\Database\\Eloquent\\Model->save()
#10 C:\\Users\\camar\\Bureau\\mindful-journey-ui\\back-mindful-journey-iu\\mindful-journey-back\\vendor\\laravel\\framework\\src\\Illuminate\\Support\\helpers.php(399): Illuminate\\Database\\Eloquent\\Builder->Illuminate\\Database\\Eloquent\\{closure}()
#11 C:\\Users\\camar\\Bureau\\mindful-journey-ui\\back-mindful-journey-iu\\mindful-journey-back\\vendor\\laravel\\framework\\src\\Illuminate\\Database\\Eloquent\\Builder.php(1188): tap()
#12 C:\\Users\\camar\\Bureau\\mindful-journey-ui\\back-mindful-journey-iu\\mindful-journey-back\\vendor\\laravel\\framework\\src\\Illuminate\\Support\\Traits\\ForwardsCalls.php(23): Illuminate\\Database\\Eloquent\\Builder->create()
#13 C:\\Users\\camar\\Bureau\\mindful-journey-ui\\back-mindful-journey-iu\\mindful-journey-back\\vendor\\laravel\\framework\\src\\Illuminate\\Database\\Eloquent\\Model.php(2518): Illuminate\\Database\\Eloquent\\Model->forwardCallTo()
#14 C:\\Users\\camar\\Bureau\\mindful-journey-ui\\back-mindful-journey-iu\\mindful-journey-back\\vendor\\laravel\\framework\\src\\Illuminate\\Database\\Eloquent\\Model.php(2534): Illuminate\\Database\\Eloquent\\Model->__call()
#15 C:\\Users\\camar\\Bureau\\mindful-journey-ui\\back-mindful-journey-iu\\mindful-journey-back\\app\\Http\\Controllers\\Api\\MoodController.php(97): Illuminate\\Database\\Eloquent\\Model::__callStatic()
#16 C:\\Users\\camar\\Bureau\\mindful-journey-ui\\back-mindful-journey-iu\\mindful-journey-back\\vendor\\laravel\\framework\\src\\Illuminate\\Routing\\ControllerDispatcher.php(46): App\\Http\\Controllers\\Api\\MoodController->store()
#17 C:\\Users\\camar\\Bureau\\mindful-journey-ui\\back-mindful-journey-iu\\mindful-journey-back\\vendor\\laravel\\framework\\src\\Illuminate\\Routing\\Route.php(265): Illuminate\\Routing\\ControllerDispatcher->dispatch()
#18 C:\\Users\\camar\\Bureau\\mindful-journey-ui\\back-mindful-journey-iu\\mindful-journey-back\\vendor\\laravel\\framework\\src\\Illuminate\\Routing\\Route.php(211): Illuminate\\Routing\\Route->runController()
#19 C:\\Users\\camar\\Bureau\\mindful-journey-ui\\back-mindful-journey-iu\\mindful-journey-back\\vendor\\laravel\\framework\\src\\Illuminate\\Routing\\Router.php(808): Illuminate\\Routing\\Route->run()
#20 C:\\Users\\camar\\Bureau\\mindful-journey-ui\\back-mindful-journey-iu\\mindful-journey-back\\vendor\\laravel\\framework\\src\\Illuminate\\Pipeline\\Pipeline.php(169): Illuminate\\Routing\\Router->Illuminate\\Routing\\{closure}()
#21 C:\\Users\\camar\\Bureau\\mindful-journey-ui\\back-mindful-journey-iu\\mindful-journey-back\\vendor\\laravel\\framework\\src\\Illuminate\\Routing\\Middleware\\SubstituteBindings.php(50): Illuminate\\Pipeline\\Pipeline->Illuminate\\Pipeline\\{closure}()
#22 C:\\Users\\camar\\Bureau\\mindful-journey-ui\\back-mindful-journey-iu\\mindful-journey-back\\vendor\\laravel\\framework\\src\\Illuminate\\Pipeline\\Pipeline.php(208): Illuminate\\Routing\\Middleware\\SubstituteBindings->handle()
#23 C:\\Users\\camar\\Bureau\\mindful-journey-ui\\back-mindful-journey-iu\\mindful-journey-back\\vendor\\laravel\\framework\\src\\Illuminate\\Auth\\Middleware\\Authenticate.php(63): Illuminate\\Pipeline\\Pipeline->Illuminate\\Pipeline\\{closure}()
#24 C:\\Users\\camar\\Bureau\\mindful-journey-ui\\back-mindful-journey-iu\\mindful-journey-back\\vendor\\laravel\\framework\\src\\Illuminate\\Pipeline\\Pipeline.php(208): Illuminate\\Auth\\Middleware\\Authenticate->handle()
#25 C:\\Users\\camar\\Bureau\\mindful-journey-ui\\back-mindful-journey-iu\\mindful-journey-back\\vendor\\laravel\\framework\\src\\Illuminate\\Pipeline\\Pipeline.php(126): Illuminate\\Pipeline\\Pipeline->Illuminate\\Pipeline\\{closure}()
#26 C:\\Users\\camar\\Bureau\\mindful-journey-ui\\back-mindful-journey-iu\\mindful-journey-back\\vendor\\laravel\\framework\\src\\Illuminate\\Routing\\Router.php(807): Illuminate\\Pipeline\\Pipeline->then()
#27 C:\\Users\\camar\\Bureau\\mindful-journey-ui\\back-mindful-journey-iu\\mindful-journey-back\\vendor\\laravel\\framework\\src\\Illuminate\\Routing\\Router.php(786): Illuminate\\Routing\\Router->runRouteWithinStack()
#28 C:\\Users\\camar\\Bureau\\mindful-journey-ui\\back-mindful-journey-iu\\mindful-journey-back\\vendor\\laravel\\framework\\src\\Illuminate\\Routing\\Router.php(750): Illuminate\\Routing\\Router->runRoute()
#29 C:\\Users\\camar\\Bureau\\mindful-journey-ui\\back-mindful-journey-iu\\mindful-journey-back\\vendor\\laravel\\framework\\src\\Illuminate\\Routing\\Router.php(739): Illuminate\\Routing\\Router->dispatchToRoute()
#30 C:\\Users\\camar\\Bureau\\mindful-journey-ui\\back-mindful-journey-iu\\mindful-journey-back\\vendor\\laravel\\framework\\src\\Illuminate\\Foundation\\Http\\Kernel.php(200): Illuminate\\Routing\\Router->dispatch()
#31 C:\\Users\\camar\\Bureau\\mindful-journey-ui\\back-mindful-journey-iu\\mindful-journey-back\\vendor\\laravel\\framework\\src\\Illuminate\\Pipeline\\Pipeline.php(169): Illuminate\\Foundation\\Http\\Kernel->Illuminate\\Foundation\\Http\\{closure}()
#32 C:\\Users\\camar\\Bureau\\mindful-journey-ui\\back-mindful-journey-iu\\mindful-journey-back\\vendor\\laravel\\framework\\src\\Illuminate\\Foundation\\Http\\Middleware\\TransformsRequest.php(21): Illuminate\\Pipeline\\Pipeline->Illuminate\\Pipeline\\{closure}()
#33 C:\\Users\\camar\\Bureau\\mindful-journey-ui\\back-mindful-journey-iu\\mindful-journey-back\\vendor\\laravel\\framework\\src\\Illuminate\\Foundation\\Http\\Middleware\\ConvertEmptyStringsToNull.php(31): Illuminate\\Foundation\\Http\\Middleware\\TransformsRequest->handle()
#34 C:\\Users\\camar\\Bureau\\mindful-journey-ui\\back-mindful-journey-iu\\mindful-journey-back\\vendor\\laravel\\framework\\src\\Illuminate\\Pipeline\\Pipeline.php(208): Illuminate\\Foundation\\Http\\Middleware\\ConvertEmptyStringsToNull->handle()
#35 C:\\Users\\camar\\Bureau\\mindful-journey-ui\\back-mindful-journey-iu\\mindful-journey-back\\vendor\\laravel\\framework\\src\\Illuminate\\Foundation\\Http\\Middleware\\TransformsRequest.php(21): Illuminate\\Pipeline\\Pipeline->Illuminate\\Pipeline\\{closure}()
#36 C:\\Users\\camar\\Bureau\\mindful-journey-ui\\back-mindful-journey-iu\\mindful-journey-back\\vendor\\laravel\\framework\\src\\Illuminate\\Foundation\\Http\\Middleware\\TrimStrings.php(51): Illuminate\\Foundation\\Http\\Middleware\\TransformsRequest->handle()
#37 C:\\Users\\camar\\Bureau\\mindful-journey-ui\\back-mindful-journey-iu\\mindful-journey-back\\vendor\\laravel\\framework\\src\\Illuminate\\Pipeline\\Pipeline.php(208): Illuminate\\Foundation\\Http\\Middleware\\TrimStrings->handle()
#38 C:\\Users\\camar\\Bureau\\mindful-journey-ui\\back-mindful-journey-iu\\mindful-journey-back\\vendor\\laravel\\framework\\src\\Illuminate\\Http\\Middleware\\ValidatePostSize.php(27): Illuminate\\Pipeline\\Pipeline->Illuminate\\Pipeline\\{closure}()
#39 C:\\Users\\camar\\Bureau\\mindful-journey-ui\\back-mindful-journey-iu\\mindful-journey-back\\vendor\\laravel\\framework\\src\\Illuminate\\Pipeline\\Pipeline.php(208): Illuminate\\Http\\Middleware\\ValidatePostSize->handle()
#40 C:\\Users\\camar\\Bureau\\mindful-journey-ui\\back-mindful-journey-iu\\mindful-journey-back\\vendor\\laravel\\framework\\src\\Illuminate\\Foundation\\Http\\Middleware\\PreventRequestsDuringMaintenance.php(109): Illuminate\\Pipeline\\Pipeline->Illuminate\\Pipeline\\{closure}()
#41 C:\\Users\\camar\\Bureau\\mindful-journey-ui\\back-mindful-journey-iu\\mindful-journey-back\\vendor\\laravel\\framework\\src\\Illuminate\\Pipeline\\Pipeline.php(208): Illuminate\\Foundation\\Http\\Middleware\\PreventRequestsDuringMaintenance->handle()
#42 C:\\Users\\camar\\Bureau\\mindful-journey-ui\\back-mindful-journey-iu\\mindful-journey-back\\vendor\\laravel\\framework\\src\\Illuminate\\Http\\Middleware\\HandleCors.php(61): Illuminate\\Pipeline\\Pipeline->Illuminate\\Pipeline\\{closure}()
#43 C:\\Users\\camar\\Bureau\\mindful-journey-ui\\back-mindful-journey-iu\\mindful-journey-back\\vendor\\laravel\\framework\\src\\Illuminate\\Pipeline\\Pipeline.php(208): Illuminate\\Http\\Middleware\\HandleCors->handle()
#44 C:\\Users\\camar\\Bureau\\mindful-journey-ui\\back-mindful-journey-iu\\mindful-journey-back\\vendor\\laravel\\framework\\src\\Illuminate\\Http\\Middleware\\TrustProxies.php(58): Illuminate\\Pipeline\\Pipeline->Illuminate\\Pipeline\\{closure}()
#45 C:\\Users\\camar\\Bureau\\mindful-journey-ui\\back-mindful-journey-iu\\mindful-journey-back\\vendor\\laravel\\framework\\src\\Illuminate\\Pipeline\\Pipeline.php(208): Illuminate\\Http\\Middleware\\TrustProxies->handle()
#46 C:\\Users\\camar\\Bureau\\mindful-journey-ui\\back-mindful-journey-iu\\mindful-journey-back\\vendor\\laravel\\framework\\src\\Illuminate\\Foundation\\Http\\Middleware\\InvokeDeferredCallbacks.php(22): Illuminate\\Pipeline\\Pipeline->Illuminate\\Pipeline\\{closure}()
#47 C:\\Users\\camar\\Bureau\\mindful-journey-ui\\back-mindful-journey-iu\\mindful-journey-back\\vendor\\laravel\\framework\\src\\Illuminate\\Pipeline\\Pipeline.php(208): Illuminate\\Foundation\\Http\\Middleware\\InvokeDeferredCallbacks->handle()
#48 C:\\Users\\camar\\Bureau\\mindful-journey-ui\\back-mindful-journey-iu\\mindful-journey-back\\vendor\\laravel\\framework\\src\\Illuminate\\Http\\Middleware\\ValidatePathEncoding.php(26): Illuminate\\Pipeline\\Pipeline->Illuminate\\Pipeline\\{closure}()
#49 C:\\Users\\camar\\Bureau\\mindful-journey-ui\\back-mindful-journey-iu\\mindful-journey-back\\vendor\\laravel\\framework\\src\\Illuminate\\Pipeline\\Pipeline.php(208): Illuminate\\Http\\Middleware\\ValidatePathEncoding->handle()
#50 C:\\Users\\camar\\Bureau\\mindful-journey-ui\\back-mindful-journey-iu\\mindful-journey-back\\vendor\\laravel\\framework\\src\\Illuminate\\Pipeline\\Pipeline.php(126): Illuminate\\Pipeline\\Pipeline->Illuminate\\Pipeline\\{closure}()
#51 C:\\Users\\camar\\Bureau\\mindful-journey-ui\\back-mindful-journey-iu\\mindful-journey-back\\vendor\\laravel\\framework\\src\\Illuminate\\Foundation\\Http\\Kernel.php(175): Illuminate\\Pipeline\\Pipeline->then()
#52 C:\\Users\\camar\\Bureau\\mindful-journey-ui\\back-mindful-journey-iu\\mindful-journey-back\\vendor\\laravel\\framework\\src\\Illuminate\\Foundation\\Http\\Kernel.php(144): Illuminate\\Foundation\\Http\\Kernel->sendRequestThroughRouter()
#53 C:\\Users\\camar\\Bureau\\mindful-journey-ui\\back-mindful-journey-iu\\mindful-journey-back\\vendor\\laravel\\framework\\src\\Illuminate\\Foundation\\Application.php(1219): Illuminate\\Foundation\\Http\\Kernel->handle()
#54 C:\\Users\\camar\\Bureau\\mindful-journey-ui\\back-mindful-journey-iu\\mindful-journey-back\\public\\index.php(20): Illuminate\\Foundation\\Application->handleRequest()
#55 C:\\Users\\camar\\Bureau\\mindful-journey-ui\\back-mindful-journey-iu\\mindful-journey-back\\vendor\\laravel\\framework\\src\\Illuminate\\Foundation\\resources\\server.php(23): require_once('...')
#56 {main}

[previous exception] [object] (PDOException(code: 23000): SQLSTATE[23000]: Integrity constraint violation: 19 UNIQUE constraint failed: mood_entries.user_id, mood_entries.date at C:\\Users\\camar\\Bureau\\mindful-journey-ui\\back-mindful-journey-iu\\mindful-journey-back\\vendor\\laravel\\framework\\src\\Illuminate\\Database\\Connection.php:570)
[stacktrace]
#0 C:\\Users\\camar\\Bureau\\mindful-journey-ui\\back-mindful-journey-iu\\mindful-journey-back\\vendor\\laravel\\framework\\src\\Illuminate\\Database\\Connection.php(570): PDOStatement->execute()
#1 C:\\Users\\camar\\Bureau\\mindful-journey-ui\\back-mindful-journey-iu\\mindful-journey-back\\vendor\\laravel\\framework\\src\\Illuminate\\Database\\Connection.php(811): Illuminate\\Database\\Connection->Illuminate\\Database\\{closure}()
#2 C:\\Users\\camar\\Bureau\\mindful-journey-ui\\back-mindful-journey-iu\\mindful-journey-back\\vendor\\laravel\\framework\\src\\Illuminate\\Database\\Connection.php(778): Illuminate\\Database\\Connection->runQueryCallback()
#3 C:\\Users\\camar\\Bureau\\mindful-journey-ui\\back-mindful-journey-iu\\mindful-journey-back\\vendor\\laravel\\framework\\src\\Illuminate\\Database\\Connection.php(559): Illuminate\\Database\\Connection->run()
#4 C:\\Users\\camar\\Bureau\\mindful-journey-ui\\back-mindful-journey-iu\\mindful-journey-back\\vendor\\laravel\\framework\\src\\Illuminate\\Database\\Connection.php(523): Illuminate\\Database\\Connection->statement()
#5 C:\\Users\\camar\\Bureau\\mindful-journey-ui\\back-mindful-journey-iu\\mindful-journey-back\\vendor\\laravel\\framework\\src\\Illuminate\\Database\\Query\\Processors\\Processor.php(32): Illuminate\\Database\\Connection->insert()
#6 C:\\Users\\camar\\Bureau\\mindful-journey-ui\\back-mindful-journey-iu\\mindful-journey-back\\vendor\\laravel\\framework\\src\\Illuminate\\Database\\Query\\Builder.php(3853): Illuminate\\Database\\Query\\Processors\\Processor->processInsertGetId()
#7 C:\\Users\\camar\\Bureau\\mindful-journey-ui\\back-mindful-journey-iu\\mindful-journey-back\\vendor\\laravel\\framework\\src\\Illuminate\\Database\\Eloquent\\Builder.php(2205): Illuminate\\Database\\Query\\Builder->insertGetId()
#8 C:\\Users\\camar\\Bureau\\mindful-journey-ui\\back-mindful-journey-iu\\mindful-journey-back\\vendor\\laravel\\framework\\src\\Illuminate\\Database\\Eloquent\\Model.php(1427): Illuminate\\Database\\Eloquent\\Builder->__call()
#9 C:\\Users\\camar\\Bureau\\mindful-journey-ui\\back-mindful-journey-iu\\mindful-journey-back\\vendor\\laravel\\framework\\src\\Illuminate\\Database\\Eloquent\\Model.php(1392): Illuminate\\Database\\Eloquent\\Model->insertAndSetId()
#10 C:\\Users\\camar\\Bureau\\mindful-journey-ui\\back-mindful-journey-iu\\mindful-journey-back\\vendor\\laravel\\framework\\src\\Illuminate\\Database\\Eloquent\\Model.php(1231): Illuminate\\Database\\Eloquent\\Model->performInsert()
#11 C:\\Users\\camar\\Bureau\\mindful-journey-ui\\back-mindful-journey-iu\\mindful-journey-back\\vendor\\laravel\\framework\\src\\Illuminate\\Database\\Eloquent\\Builder.php(1189): Illuminate\\Database\\Eloquent\\Model->save()
#12 C:\\Users\\camar\\Bureau\\mindful-journey-ui\\back-mindful-journey-iu\\mindful-journey-back\\vendor\\laravel\\framework\\src\\Illuminate\\Support\\helpers.php(399): Illuminate\\Database\\Eloquent\\Builder->Illuminate\\Database\\Eloquent\\{closure}()
#13 C:\\Users\\camar\\Bureau\\mindful-journey-ui\\back-mindful-journey-iu\\mindful-journey-back\\vendor\\laravel\\framework\\src\\Illuminate\\Database\\Eloquent\\Builder.php(1188): tap()
#14 C:\\Users\\camar\\Bureau\\mindful-journey-ui\\back-mindful-journey-iu\\mindful-journey-back\\vendor\\laravel\\framework\\src\\Illuminate\\Support\\Traits\\ForwardsCalls.php(23): Illuminate\\Database\\Eloquent\\Builder->create()
#15 C:\\Users\\camar\\Bureau\\mindful-journey-ui\\back-mindful-journey-iu\\mindful-journey-back\\vendor\\laravel\\framework\\src\\Illuminate\\Database\\Eloquent\\Model.php(2518): Illuminate\\Database\\Eloquent\\Model->forwardCallTo()
#16 C:\\Users\\camar\\Bureau\\mindful-journey-ui\\back-mindful-journey-iu\\mindful-journey-back\\vendor\\laravel\\framework\\src\\Illuminate\\Database\\Eloquent\\Model.php(2534): Illuminate\\Database\\Eloquent\\Model->__call()
#17 C:\\Users\\camar\\Bureau\\mindful-journey-ui\\back-mindful-journey-iu\\mindful-journey-back\\app\\Http\\Controllers\\Api\\MoodController.php(97): Illuminate\\Database\\Eloquent\\Model::__callStatic()
#18 C:\\Users\\camar\\Bureau\\mindful-journey-ui\\back-mindful-journey-iu\\mindful-journey-back\\vendor\\laravel\\framework\\src\\Illuminate\\Routing\\ControllerDispatcher.php(46): App\\Http\\Controllers\\Api\\MoodController->store()
#19 C:\\Users\\camar\\Bureau\\mindful-journey-ui\\back-mindful-journey-iu\\mindful-journey-back\\vendor\\laravel\\framework\\src\\Illuminate\\Routing\\Route.php(265): Illuminate\\Routing\\ControllerDispatcher->dispatch()
#20 C:\\Users\\camar\\Bureau\\mindful-journey-ui\\back-mindful-journey-iu\\mindful-journey-back\\vendor\\laravel\\framework\\src\\Illuminate\\Routing\\Route.php(211): Illuminate\\Routing\\Route->runController()
#21 C:\\Users\\camar\\Bureau\\mindful-journey-ui\\back-mindful-journey-iu\\mindful-journey-back\\vendor\\laravel\\framework\\src\\Illuminate\\Routing\\Router.php(808): Illuminate\\Routing\\Route->run()
#22 C:\\Users\\camar\\Bureau\\mindful-journey-ui\\back-mindful-journey-iu\\mindful-journey-back\\vendor\\laravel\\framework\\src\\Illuminate\\Pipeline\\Pipeline.php(169): Illuminate\\Routing\\Router->Illuminate\\Routing\\{closure}()
#23 C:\\Users\\camar\\Bureau\\mindful-journey-ui\\back-mindful-journey-iu\\mindful-journey-back\\vendor\\laravel\\framework\\src\\Illuminate\\Routing\\Middleware\\SubstituteBindings.php(50): Illuminate\\Pipeline\\Pipeline->Illuminate\\Pipeline\\{closure}()
#24 C:\\Users\\camar\\Bureau\\mindful-journey-ui\\back-mindful-journey-iu\\mindful-journey-back\\vendor\\laravel\\framework\\src\\Illuminate\\Pipeline\\Pipeline.php(208): Illuminate\\Routing\\Middleware\\SubstituteBindings->handle()
#25 C:\\Users\\camar\\Bureau\\mindful-journey-ui\\back-mindful-journey-iu\\mindful-journey-back\\vendor\\laravel\\framework\\src\\Illuminate\\Auth\\Middleware\\Authenticate.php(63): Illuminate\\Pipeline\\Pipeline->Illuminate\\Pipeline\\{closure}()
#26 C:\\Users\\camar\\Bureau\\mindful-journey-ui\\back-mindful-journey-iu\\mindful-journey-back\\vendor\\laravel\\framework\\src\\Illuminate\\Pipeline\\Pipeline.php(208): Illuminate\\Auth\\Middleware\\Authenticate->handle()
#27 C:\\Users\\camar\\Bureau\\mindful-journey-ui\\back-mindful-journey-iu\\mindful-journey-back\\vendor\\laravel\\framework\\src\\Illuminate\\Pipeline\\Pipeline.php(126): Illuminate\\Pipeline\\Pipeline->Illuminate\\Pipeline\\{closure}()
#28 C:\\Users\\camar\\Bureau\\mindful-journey-ui\\back-mindful-journey-iu\\mindful-journey-back\\vendor\\laravel\\framework\\src\\Illuminate\\Routing\\Router.php(807): Illuminate\\Pipeline\\Pipeline->then()
#29 C:\\Users\\camar\\Bureau\\mindful-journey-ui\\back-mindful-journey-iu\\mindful-journey-back\\vendor\\laravel\\framework\\src\\Illuminate\\Routing\\Router.php(786): Illuminate\\Routing\\Router->runRouteWithinStack()
#30 C:\\Users\\camar\\Bureau\\mindful-journey-ui\\back-mindful-journey-iu\\mindful-journey-back\\vendor\\laravel\\framework\\src\\Illuminate\\Routing\\Router.php(750): Illuminate\\Routing\\Router->runRoute()
#31 C:\\Users\\camar\\Bureau\\mindful-journey-ui\\back-mindful-journey-iu\\mindful-journey-back\\vendor\\laravel\\framework\\src\\Illuminate\\Routing\\Router.php(739): Illuminate\\Routing\\Router->dispatchToRoute()
#32 C:\\Users\\camar\\Bureau\\mindful-journey-ui\\back-mindful-journey-iu\\mindful-journey-back\\vendor\\laravel\\framework\\src\\Illuminate\\Foundation\\Http\\Kernel.php(200): Illuminate\\Routing\\Router->dispatch()
#33 C:\\Users\\camar\\Bureau\\mindful-journey-ui\\back-mindful-journey-iu\\mindful-journey-back\\vendor\\laravel\\framework\\src\\Illuminate\\Pipeline\\Pipeline.php(169): Illuminate\\Foundation\\Http\\Kernel->Illuminate\\Foundation\\Http\\{closure}()
#34 C:\\Users\\camar\\Bureau\\mindful-journey-ui\\back-mindful-journey-iu\\mindful-journey-back\\vendor\\laravel\\framework\\src\\Illuminate\\Foundation\\Http\\Middleware\\TransformsRequest.php(21): Illuminate\\Pipeline\\Pipeline->Illuminate\\Pipeline\\{closure}()
#35 C:\\Users\\camar\\Bureau\\mindful-journey-ui\\back-mindful-journey-iu\\mindful-journey-back\\vendor\\laravel\\framework\\src\\Illuminate\\Foundation\\Http\\Middleware\\ConvertEmptyStringsToNull.php(31): Illuminate\\Foundation\\Http\\Middleware\\TransformsRequest->handle()
#36 C:\\Users\\camar\\Bureau\\mindful-journey-ui\\back-mindful-journey-iu\\mindful-journey-back\\vendor\\laravel\\framework\\src\\Illuminate\\Pipeline\\Pipeline.php(208): Illuminate\\Foundation\\Http\\Middleware\\ConvertEmptyStringsToNull->handle()
#37 C:\\Users\\camar\\Bureau\\mindful-journey-ui\\back-mindful-journey-iu\\mindful-journey-back\\vendor\\laravel\\framework\\src\\Illuminate\\Foundation\\Http\\Middleware\\TransformsRequest.php(21): Illuminate\\Pipeline\\Pipeline->Illuminate\\Pipeline\\{closure}()
#38 C:\\Users\\camar\\Bureau\\mindful-journey-ui\\back-mindful-journey-iu\\mindful-journey-back\\vendor\\laravel\\framework\\src\\Illuminate\\Foundation\\Http\\Middleware\\TrimStrings.php(51): Illuminate\\Foundation\\Http\\Middleware\\TransformsRequest->handle()
#39 C:\\Users\\camar\\Bureau\\mindful-journey-ui\\back-mindful-journey-iu\\mindful-journey-back\\vendor\\laravel\\framework\\src\\Illuminate\\Pipeline\\Pipeline.php(208): Illuminate\\Foundation\\Http\\Middleware\\TrimStrings->handle()
#40 C:\\Users\\camar\\Bureau\\mindful-journey-ui\\back-mindful-journey-iu\\mindful-journey-back\\vendor\\laravel\\framework\\src\\Illuminate\\Http\\Middleware\\ValidatePostSize.php(27): Illuminate\\Pipeline\\Pipeline->Illuminate\\Pipeline\\{closure}()
#41 C:\\Users\\camar\\Bureau\\mindful-journey-ui\\back-mindful-journey-iu\\mindful-journey-back\\vendor\\laravel\\framework\\src\\Illuminate\\Pipeline\\Pipeline.php(208): Illuminate\\Http\\Middleware\\ValidatePostSize->handle()
#42 C:\\Users\\camar\\Bureau\\mindful-journey-ui\\back-mindful-journey-iu\\mindful-journey-back\\vendor\\laravel\\framework\\src\\Illuminate\\Foundation\\Http\\Middleware\\PreventRequestsDuringMaintenance.php(109): Illuminate\\Pipeline\\Pipeline->Illuminate\\Pipeline\\{closure}()
#43 C:\\Users\\camar\\Bureau\\mindful-journey-ui\\back-mindful-journey-iu\\mindful-journey-back\\vendor\\laravel\\framework\\src\\Illuminate\\Pipeline\\Pipeline.php(208): Illuminate\\Foundation\\Http\\Middleware\\PreventRequestsDuringMaintenance->handle()
#44 C:\\Users\\camar\\Bureau\\mindful-journey-ui\\back-mindful-journey-iu\\mindful-journey-back\\vendor\\laravel\\framework\\src\\Illuminate\\Http\\Middleware\\HandleCors.php(61): Illuminate\\Pipeline\\Pipeline->Illuminate\\Pipeline\\{closure}()
#45 C:\\Users\\camar\\Bureau\\mindful-journey-ui\\back-mindful-journey-iu\\mindful-journey-back\\vendor\\laravel\\framework\\src\\Illuminate\\Pipeline\\Pipeline.php(208): Illuminate\\Http\\Middleware\\HandleCors->handle()
#46 C:\\Users\\camar\\Bureau\\mindful-journey-ui\\back-mindful-journey-iu\\mindful-journey-back\\vendor\\laravel\\framework\\src\\Illuminate\\Http\\Middleware\\TrustProxies.php(58): Illuminate\\Pipeline\\Pipeline->Illuminate\\Pipeline\\{closure}()
#47 C:\\Users\\camar\\Bureau\\mindful-journey-ui\\back-mindful-journey-iu\\mindful-journey-back\\vendor\\laravel\\framework\\src\\Illuminate\\Pipeline\\Pipeline.php(208): Illuminate\\Http\\Middleware\\TrustProxies->handle()
#48 C:\\Users\\camar\\Bureau\\mindful-journey-ui\\back-mindful-journey-iu\\mindful-journey-back\\vendor\\laravel\\framework\\src\\Illuminate\\Foundation\\Http\\Middleware\\InvokeDeferredCallbacks.php(22): Illuminate\\Pipeline\\Pipeline->Illuminate\\Pipeline\\{closure}()
#49 C:\\Users\\camar\\Bureau\\mindful-journey-ui\\back-mindful-journey-iu\\mindful-journey-back\\vendor\\laravel\\framework\\src\\Illuminate\\Pipeline\\Pipeline.php(208): Illuminate\\Foundation\\Http\\Middleware\\InvokeDeferredCallbacks->handle()
#50 C:\\Users\\camar\\Bureau\\mindful-journey-ui\\back-mindful-journey-iu\\mindful-journey-back\\vendor\\laravel\\framework\\src\\Illuminate\\Http\\Middleware\\ValidatePathEncoding.php(26): Illuminate\\Pipeline\\Pipeline->Illuminate\\Pipeline\\{closure}()
#51 C:\\Users\\camar\\Bureau\\mindful-journey-ui\\back-mindful-journey-iu\\mindful-journey-back\\vendor\\laravel\\framework\\src\\Illuminate\\Pipeline\\Pipeline.php(208): Illuminate\\Http\\Middleware\\ValidatePathEncoding->handle()
#52 C:\\Users\\camar\\Bureau\\mindful-journey-ui\\back-mindful-journey-iu\\mindful-journey-back\\vendor\\laravel\\framework\\src\\Illuminate\\Pipeline\\Pipeline.php(126): Illuminate\\Pipeline\\Pipeline->Illuminate\\Pipeline\\{closure}()
#53 C:\\Users\\camar\\Bureau\\mindful-journey-ui\\back-mindful-journey-iu\\mindful-journey-back\\vendor\\laravel\\framework\\src\\Illuminate\\Foundation\\Http\\Kernel.php(175): Illuminate\\Pipeline\\Pipeline->then()
#54 C:\\Users\\camar\\Bureau\\mindful-journey-ui\\back-mindful-journey-iu\\mindful-journey-back\\vendor\\laravel\\framework\\src\\Illuminate\\Foundation\\Http\\Kernel.php(144): Illuminate\\Foundation\\Http\\Kernel->sendRequestThroughRouter()
#55 C:\\Users\\camar\\Bureau\\mindful-journey-ui\\back-mindful-journey-iu\\mindful-journey-back\\vendor\\laravel\\framework\\src\\Illuminate\\Foundation\\Application.php(1219): Illuminate\\Foundation\\Http\\Kernel->handle()
#56 C:\\Users\\camar\\Bureau\\mindful-journey-ui\\back-mindful-journey-iu\\mindful-journey-back\\public\\index.php(20): Illuminate\\Foundation\\Application->handleRequest()
#57 C:\\Users\\camar\\Bureau\\mindful-journey-ui\\back-mindful-journey-iu\\mindful-journey-back\\vendor\\laravel\\framework\\src\\Illuminate\\Foundation\\resources\\server.php(23): require_once('...')
#58 {main}
","validated":{"date":"2025-08-13","mood_level":3,"mood_emoji":"🙂","energy_level":5,"stress_level":3,"sleep_quality":null,"notes":null,"activities":[],"emotions":[]}} 
[2025-08-13 06:50:27] local.ERROR: Erreur lors de l'enregistrement MoodEntry: SQLSTATE[23000]: Integrity constraint violation: 19 UNIQUE constraint failed: mood_entries.user_id, mood_entries.date (Connection: sqlite, SQL: insert into "mood_entries" ("user_id", "date", "mood_level", "mood_emoji", "energy_level", "stress_level", "sleep_quality", "notes", "activities", "emotions", "updated_at", "created_at") values (1, 2025-08-13 00:00:00, 5, 😁, 5, 3, ?, ?, [], [], 2025-08-13 06:50:27, 2025-08-13 06:50:27)) {"exception":"[object] (Illuminate\\Database\\UniqueConstraintViolationException(code: 23000): SQLSTATE[23000]: Integrity constraint violation: 19 UNIQUE constraint failed: mood_entries.user_id, mood_entries.date (Connection: sqlite, SQL: insert into \"mood_entries\" (\"user_id\", \"date\", \"mood_level\", \"mood_emoji\", \"energy_level\", \"stress_level\", \"sleep_quality\", \"notes\", \"activities\", \"emotions\", \"updated_at\", \"created_at\") values (1, 2025-08-13 00:00:00, 5, 😁, 5, 3, ?, ?, [], [], 2025-08-13 06:50:27, 2025-08-13 06:50:27)) at C:\\Users\\camar\\Bureau\\mindful-journey-ui\\back-mindful-journey-iu\\mindful-journey-back\\vendor\\laravel\\framework\\src\\Illuminate\\Database\\Connection.php:819)
[stacktrace]
#0 C:\\Users\\camar\\Bureau\\mindful-journey-ui\\back-mindful-journey-iu\\mindful-journey-back\\vendor\\laravel\\framework\\src\\Illuminate\\Database\\Connection.php(778): Illuminate\\Database\\Connection->runQueryCallback()
#1 C:\\Users\\camar\\Bureau\\mindful-journey-ui\\back-mindful-journey-iu\\mindful-journey-back\\vendor\\laravel\\framework\\src\\Illuminate\\Database\\Connection.php(559): Illuminate\\Database\\Connection->run()
#2 C:\\Users\\camar\\Bureau\\mindful-journey-ui\\back-mindful-journey-iu\\mindful-journey-back\\vendor\\laravel\\framework\\src\\Illuminate\\Database\\Connection.php(523): Illuminate\\Database\\Connection->statement()
#3 C:\\Users\\camar\\Bureau\\mindful-journey-ui\\back-mindful-journey-iu\\mindful-journey-back\\vendor\\laravel\\framework\\src\\Illuminate\\Database\\Query\\Processors\\Processor.php(32): Illuminate\\Database\\Connection->insert()
#4 C:\\Users\\camar\\Bureau\\mindful-journey-ui\\back-mindful-journey-iu\\mindful-journey-back\\vendor\\laravel\\framework\\src\\Illuminate\\Database\\Query\\Builder.php(3853): Illuminate\\Database\\Query\\Processors\\Processor->processInsertGetId()
#5 C:\\Users\\camar\\Bureau\\mindful-journey-ui\\back-mindful-journey-iu\\mindful-journey-back\\vendor\\laravel\\framework\\src\\Illuminate\\Database\\Eloquent\\Builder.php(2205): Illuminate\\Database\\Query\\Builder->insertGetId()
#6 C:\\Users\\camar\\Bureau\\mindful-journey-ui\\back-mindful-journey-iu\\mindful-journey-back\\vendor\\laravel\\framework\\src\\Illuminate\\Database\\Eloquent\\Model.php(1427): Illuminate\\Database\\Eloquent\\Builder->__call()
#7 C:\\Users\\camar\\Bureau\\mindful-journey-ui\\back-mindful-journey-iu\\mindful-journey-back\\vendor\\laravel\\framework\\src\\Illuminate\\Database\\Eloquent\\Model.php(1392): Illuminate\\Database\\Eloquent\\Model->insertAndSetId()
#8 C:\\Users\\camar\\Bureau\\mindful-journey-ui\\back-mindful-journey-iu\\mindful-journey-back\\vendor\\laravel\\framework\\src\\Illuminate\\Database\\Eloquent\\Model.php(1231): Illuminate\\Database\\Eloquent\\Model->performInsert()
#9 C:\\Users\\camar\\Bureau\\mindful-journey-ui\\back-mindful-journey-iu\\mindful-journey-back\\vendor\\laravel\\framework\\src\\Illuminate\\Database\\Eloquent\\Builder.php(1189): Illuminate\\Database\\Eloquent\\Model->save()
#10 C:\\Users\\camar\\Bureau\\mindful-journey-ui\\back-mindful-journey-iu\\mindful-journey-back\\vendor\\laravel\\framework\\src\\Illuminate\\Support\\helpers.php(399): Illuminate\\Database\\Eloquent\\Builder->Illuminate\\Database\\Eloquent\\{closure}()
#11 C:\\Users\\camar\\Bureau\\mindful-journey-ui\\back-mindful-journey-iu\\mindful-journey-back\\vendor\\laravel\\framework\\src\\Illuminate\\Database\\Eloquent\\Builder.php(1188): tap()
#12 C:\\Users\\camar\\Bureau\\mindful-journey-ui\\back-mindful-journey-iu\\mindful-journey-back\\vendor\\laravel\\framework\\src\\Illuminate\\Support\\Traits\\ForwardsCalls.php(23): Illuminate\\Database\\Eloquent\\Builder->create()
#13 C:\\Users\\camar\\Bureau\\mindful-journey-ui\\back-mindful-journey-iu\\mindful-journey-back\\vendor\\laravel\\framework\\src\\Illuminate\\Database\\Eloquent\\Model.php(2518): Illuminate\\Database\\Eloquent\\Model->forwardCallTo()
#14 C:\\Users\\camar\\Bureau\\mindful-journey-ui\\back-mindful-journey-iu\\mindful-journey-back\\vendor\\laravel\\framework\\src\\Illuminate\\Database\\Eloquent\\Model.php(2534): Illuminate\\Database\\Eloquent\\Model->__call()
#15 C:\\Users\\camar\\Bureau\\mindful-journey-ui\\back-mindful-journey-iu\\mindful-journey-back\\app\\Http\\Controllers\\Api\\MoodController.php(97): Illuminate\\Database\\Eloquent\\Model::__callStatic()
#16 C:\\Users\\camar\\Bureau\\mindful-journey-ui\\back-mindful-journey-iu\\mindful-journey-back\\vendor\\laravel\\framework\\src\\Illuminate\\Routing\\ControllerDispatcher.php(46): App\\Http\\Controllers\\Api\\MoodController->store()
#17 C:\\Users\\camar\\Bureau\\mindful-journey-ui\\back-mindful-journey-iu\\mindful-journey-back\\vendor\\laravel\\framework\\src\\Illuminate\\Routing\\Route.php(265): Illuminate\\Routing\\ControllerDispatcher->dispatch()
#18 C:\\Users\\camar\\Bureau\\mindful-journey-ui\\back-mindful-journey-iu\\mindful-journey-back\\vendor\\laravel\\framework\\src\\Illuminate\\Routing\\Route.php(211): Illuminate\\Routing\\Route->runController()
#19 C:\\Users\\camar\\Bureau\\mindful-journey-ui\\back-mindful-journey-iu\\mindful-journey-back\\vendor\\laravel\\framework\\src\\Illuminate\\Routing\\Router.php(808): Illuminate\\Routing\\Route->run()
#20 C:\\Users\\camar\\Bureau\\mindful-journey-ui\\back-mindful-journey-iu\\mindful-journey-back\\vendor\\laravel\\framework\\src\\Illuminate\\Pipeline\\Pipeline.php(169): Illuminate\\Routing\\Router->Illuminate\\Routing\\{closure}()
#21 C:\\Users\\camar\\Bureau\\mindful-journey-ui\\back-mindful-journey-iu\\mindful-journey-back\\vendor\\laravel\\framework\\src\\Illuminate\\Routing\\Middleware\\SubstituteBindings.php(50): Illuminate\\Pipeline\\Pipeline->Illuminate\\Pipeline\\{closure}()
#22 C:\\Users\\camar\\Bureau\\mindful-journey-ui\\back-mindful-journey-iu\\mindful-journey-back\\vendor\\laravel\\framework\\src\\Illuminate\\Pipeline\\Pipeline.php(208): Illuminate\\Routing\\Middleware\\SubstituteBindings->handle()
#23 C:\\Users\\camar\\Bureau\\mindful-journey-ui\\back-mindful-journey-iu\\mindful-journey-back\\vendor\\laravel\\framework\\src\\Illuminate\\Auth\\Middleware\\Authenticate.php(63): Illuminate\\Pipeline\\Pipeline->Illuminate\\Pipeline\\{closure}()
#24 C:\\Users\\camar\\Bureau\\mindful-journey-ui\\back-mindful-journey-iu\\mindful-journey-back\\vendor\\laravel\\framework\\src\\Illuminate\\Pipeline\\Pipeline.php(208): Illuminate\\Auth\\Middleware\\Authenticate->handle()
#25 C:\\Users\\camar\\Bureau\\mindful-journey-ui\\back-mindful-journey-iu\\mindful-journey-back\\vendor\\laravel\\framework\\src\\Illuminate\\Pipeline\\Pipeline.php(126): Illuminate\\Pipeline\\Pipeline->Illuminate\\Pipeline\\{closure}()
#26 C:\\Users\\camar\\Bureau\\mindful-journey-ui\\back-mindful-journey-iu\\mindful-journey-back\\vendor\\laravel\\framework\\src\\Illuminate\\Routing\\Router.php(807): Illuminate\\Pipeline\\Pipeline->then()
#27 C:\\Users\\camar\\Bureau\\mindful-journey-ui\\back-mindful-journey-iu\\mindful-journey-back\\vendor\\laravel\\framework\\src\\Illuminate\\Routing\\Router.php(786): Illuminate\\Routing\\Router->runRouteWithinStack()
#28 C:\\Users\\camar\\Bureau\\mindful-journey-ui\\back-mindful-journey-iu\\mindful-journey-back\\vendor\\laravel\\framework\\src\\Illuminate\\Routing\\Router.php(750): Illuminate\\Routing\\Router->runRoute()
#29 C:\\Users\\camar\\Bureau\\mindful-journey-ui\\back-mindful-journey-iu\\mindful-journey-back\\vendor\\laravel\\framework\\src\\Illuminate\\Routing\\Router.php(739): Illuminate\\Routing\\Router->dispatchToRoute()
#30 C:\\Users\\camar\\Bureau\\mindful-journey-ui\\back-mindful-journey-iu\\mindful-journey-back\\vendor\\laravel\\framework\\src\\Illuminate\\Foundation\\Http\\Kernel.php(200): Illuminate\\Routing\\Router->dispatch()
#31 C:\\Users\\camar\\Bureau\\mindful-journey-ui\\back-mindful-journey-iu\\mindful-journey-back\\vendor\\laravel\\framework\\src\\Illuminate\\Pipeline\\Pipeline.php(169): Illuminate\\Foundation\\Http\\Kernel->Illuminate\\Foundation\\Http\\{closure}()
#32 C:\\Users\\camar\\Bureau\\mindful-journey-ui\\back-mindful-journey-iu\\mindful-journey-back\\vendor\\laravel\\framework\\src\\Illuminate\\Foundation\\Http\\Middleware\\TransformsRequest.php(21): Illuminate\\Pipeline\\Pipeline->Illuminate\\Pipeline\\{closure}()
#33 C:\\Users\\camar\\Bureau\\mindful-journey-ui\\back-mindful-journey-iu\\mindful-journey-back\\vendor\\laravel\\framework\\src\\Illuminate\\Foundation\\Http\\Middleware\\ConvertEmptyStringsToNull.php(31): Illuminate\\Foundation\\Http\\Middleware\\TransformsRequest->handle()
#34 C:\\Users\\camar\\Bureau\\mindful-journey-ui\\back-mindful-journey-iu\\mindful-journey-back\\vendor\\laravel\\framework\\src\\Illuminate\\Pipeline\\Pipeline.php(208): Illuminate\\Foundation\\Http\\Middleware\\ConvertEmptyStringsToNull->handle()
#35 C:\\Users\\camar\\Bureau\\mindful-journey-ui\\back-mindful-journey-iu\\mindful-journey-back\\vendor\\laravel\\framework\\src\\Illuminate\\Foundation\\Http\\Middleware\\TransformsRequest.php(21): Illuminate\\Pipeline\\Pipeline->Illuminate\\Pipeline\\{closure}()
#36 C:\\Users\\camar\\Bureau\\mindful-journey-ui\\back-mindful-journey-iu\\mindful-journey-back\\vendor\\laravel\\framework\\src\\Illuminate\\Foundation\\Http\\Middleware\\TrimStrings.php(51): Illuminate\\Foundation\\Http\\Middleware\\TransformsRequest->handle()
#37 C:\\Users\\camar\\Bureau\\mindful-journey-ui\\back-mindful-journey-iu\\mindful-journey-back\\vendor\\laravel\\framework\\src\\Illuminate\\Pipeline\\Pipeline.php(208): Illuminate\\Foundation\\Http\\Middleware\\TrimStrings->handle()
#38 C:\\Users\\camar\\Bureau\\mindful-journey-ui\\back-mindful-journey-iu\\mindful-journey-back\\vendor\\laravel\\framework\\src\\Illuminate\\Http\\Middleware\\ValidatePostSize.php(27): Illuminate\\Pipeline\\Pipeline->Illuminate\\Pipeline\\{closure}()
#39 C:\\Users\\camar\\Bureau\\mindful-journey-ui\\back-mindful-journey-iu\\mindful-journey-back\\vendor\\laravel\\framework\\src\\Illuminate\\Pipeline\\Pipeline.php(208): Illuminate\\Http\\Middleware\\ValidatePostSize->handle()
#40 C:\\Users\\camar\\Bureau\\mindful-journey-ui\\back-mindful-journey-iu\\mindful-journey-back\\vendor\\laravel\\framework\\src\\Illuminate\\Foundation\\Http\\Middleware\\PreventRequestsDuringMaintenance.php(109): Illuminate\\Pipeline\\Pipeline->Illuminate\\Pipeline\\{closure}()
#41 C:\\Users\\camar\\Bureau\\mindful-journey-ui\\back-mindful-journey-iu\\mindful-journey-back\\vendor\\laravel\\framework\\src\\Illuminate\\Pipeline\\Pipeline.php(208): Illuminate\\Foundation\\Http\\Middleware\\PreventRequestsDuringMaintenance->handle()
#42 C:\\Users\\camar\\Bureau\\mindful-journey-ui\\back-mindful-journey-iu\\mindful-journey-back\\vendor\\laravel\\framework\\src\\Illuminate\\Http\\Middleware\\HandleCors.php(61): Illuminate\\Pipeline\\Pipeline->Illuminate\\Pipeline\\{closure}()
#43 C:\\Users\\camar\\Bureau\\mindful-journey-ui\\back-mindful-journey-iu\\mindful-journey-back\\vendor\\laravel\\framework\\src\\Illuminate\\Pipeline\\Pipeline.php(208): Illuminate\\Http\\Middleware\\HandleCors->handle()
#44 C:\\Users\\camar\\Bureau\\mindful-journey-ui\\back-mindful-journey-iu\\mindful-journey-back\\vendor\\laravel\\framework\\src\\Illuminate\\Http\\Middleware\\TrustProxies.php(58): Illuminate\\Pipeline\\Pipeline->Illuminate\\Pipeline\\{closure}()
#45 C:\\Users\\camar\\Bureau\\mindful-journey-ui\\back-mindful-journey-iu\\mindful-journey-back\\vendor\\laravel\\framework\\src\\Illuminate\\Pipeline\\Pipeline.php(208): Illuminate\\Http\\Middleware\\TrustProxies->handle()
#46 C:\\Users\\camar\\Bureau\\mindful-journey-ui\\back-mindful-journey-iu\\mindful-journey-back\\vendor\\laravel\\framework\\src\\Illuminate\\Foundation\\Http\\Middleware\\InvokeDeferredCallbacks.php(22): Illuminate\\Pipeline\\Pipeline->Illuminate\\Pipeline\\{closure}()
#47 C:\\Users\\camar\\Bureau\\mindful-journey-ui\\back-mindful-journey-iu\\mindful-journey-back\\vendor\\laravel\\framework\\src\\Illuminate\\Pipeline\\Pipeline.php(208): Illuminate\\Foundation\\Http\\Middleware\\InvokeDeferredCallbacks->handle()
#48 C:\\Users\\camar\\Bureau\\mindful-journey-ui\\back-mindful-journey-iu\\mindful-journey-back\\vendor\\laravel\\framework\\src\\Illuminate\\Http\\Middleware\\ValidatePathEncoding.php(26): Illuminate\\Pipeline\\Pipeline->Illuminate\\Pipeline\\{closure}()
#49 C:\\Users\\camar\\Bureau\\mindful-journey-ui\\back-mindful-journey-iu\\mindful-journey-back\\vendor\\laravel\\framework\\src\\Illuminate\\Pipeline\\Pipeline.php(208): Illuminate\\Http\\Middleware\\ValidatePathEncoding->handle()
#50 C:\\Users\\camar\\Bureau\\mindful-journey-ui\\back-mindful-journey-iu\\mindful-journey-back\\vendor\\laravel\\framework\\src\\Illuminate\\Pipeline\\Pipeline.php(126): Illuminate\\Pipeline\\Pipeline->Illuminate\\Pipeline\\{closure}()
#51 C:\\Users\\camar\\Bureau\\mindful-journey-ui\\back-mindful-journey-iu\\mindful-journey-back\\vendor\\laravel\\framework\\src\\Illuminate\\Foundation\\Http\\Kernel.php(175): Illuminate\\Pipeline\\Pipeline->then()
#52 C:\\Users\\camar\\Bureau\\mindful-journey-ui\\back-mindful-journey-iu\\mindful-journey-back\\vendor\\laravel\\framework\\src\\Illuminate\\Foundation\\Http\\Kernel.php(144): Illuminate\\Foundation\\Http\\Kernel->sendRequestThroughRouter()
#53 C:\\Users\\camar\\Bureau\\mindful-journey-ui\\back-mindful-journey-iu\\mindful-journey-back\\vendor\\laravel\\framework\\src\\Illuminate\\Foundation\\Application.php(1219): Illuminate\\Foundation\\Http\\Kernel->handle()
#54 C:\\Users\\camar\\Bureau\\mindful-journey-ui\\back-mindful-journey-iu\\mindful-journey-back\\public\\index.php(20): Illuminate\\Foundation\\Application->handleRequest()
#55 C:\\Users\\camar\\Bureau\\mindful-journey-ui\\back-mindful-journey-iu\\mindful-journey-back\\vendor\\laravel\\framework\\src\\Illuminate\\Foundation\\resources\\server.php(23): require_once('...')
#56 {main}

[previous exception] [object] (PDOException(code: 23000): SQLSTATE[23000]: Integrity constraint violation: 19 UNIQUE constraint failed: mood_entries.user_id, mood_entries.date at C:\\Users\\camar\\Bureau\\mindful-journey-ui\\back-mindful-journey-iu\\mindful-journey-back\\vendor\\laravel\\framework\\src\\Illuminate\\Database\\Connection.php:570)
[stacktrace]
#0 C:\\Users\\camar\\Bureau\\mindful-journey-ui\\back-mindful-journey-iu\\mindful-journey-back\\vendor\\laravel\\framework\\src\\Illuminate\\Database\\Connection.php(570): PDOStatement->execute()
#1 C:\\Users\\camar\\Bureau\\mindful-journey-ui\\back-mindful-journey-iu\\mindful-journey-back\\vendor\\laravel\\framework\\src\\Illuminate\\Database\\Connection.php(811): Illuminate\\Database\\Connection->Illuminate\\Database\\{closure}()
#2 C:\\Users\\camar\\Bureau\\mindful-journey-ui\\back-mindful-journey-iu\\mindful-journey-back\\vendor\\laravel\\framework\\src\\Illuminate\\Database\\Connection.php(778): Illuminate\\Database\\Connection->runQueryCallback()
#3 C:\\Users\\camar\\Bureau\\mindful-journey-ui\\back-mindful-journey-iu\\mindful-journey-back\\vendor\\laravel\\framework\\src\\Illuminate\\Database\\Connection.php(559): Illuminate\\Database\\Connection->run()
#4 C:\\Users\\camar\\Bureau\\mindful-journey-ui\\back-mindful-journey-iu\\mindful-journey-back\\vendor\\laravel\\framework\\src\\Illuminate\\Database\\Connection.php(523): Illuminate\\Database\\Connection->statement()
#5 C:\\Users\\camar\\Bureau\\mindful-journey-ui\\back-mindful-journey-iu\\mindful-journey-back\\vendor\\laravel\\framework\\src\\Illuminate\\Database\\Query\\Processors\\Processor.php(32): Illuminate\\Database\\Connection->insert()
#6 C:\\Users\\camar\\Bureau\\mindful-journey-ui\\back-mindful-journey-iu\\mindful-journey-back\\vendor\\laravel\\framework\\src\\Illuminate\\Database\\Query\\Builder.php(3853): Illuminate\\Database\\Query\\Processors\\Processor->processInsertGetId()
#7 C:\\Users\\camar\\Bureau\\mindful-journey-ui\\back-mindful-journey-iu\\mindful-journey-back\\vendor\\laravel\\framework\\src\\Illuminate\\Database\\Eloquent\\Builder.php(2205): Illuminate\\Database\\Query\\Builder->insertGetId()
#8 C:\\Users\\camar\\Bureau\\mindful-journey-ui\\back-mindful-journey-iu\\mindful-journey-back\\vendor\\laravel\\framework\\src\\Illuminate\\Database\\Eloquent\\Model.php(1427): Illuminate\\Database\\Eloquent\\Builder->__call()
#9 C:\\Users\\camar\\Bureau\\mindful-journey-ui\\back-mindful-journey-iu\\mindful-journey-back\\vendor\\laravel\\framework\\src\\Illuminate\\Database\\Eloquent\\Model.php(1392): Illuminate\\Database\\Eloquent\\Model->insertAndSetId()
#10 C:\\Users\\camar\\Bureau\\mindful-journey-ui\\back-mindful-journey-iu\\mindful-journey-back\\vendor\\laravel\\framework\\src\\Illuminate\\Database\\Eloquent\\Model.php(1231): Illuminate\\Database\\Eloquent\\Model->performInsert()
#11 C:\\Users\\camar\\Bureau\\mindful-journey-ui\\back-mindful-journey-iu\\mindful-journey-back\\vendor\\laravel\\framework\\src\\Illuminate\\Database\\Eloquent\\Builder.php(1189): Illuminate\\Database\\Eloquent\\Model->save()
#12 C:\\Users\\camar\\Bureau\\mindful-journey-ui\\back-mindful-journey-iu\\mindful-journey-back\\vendor\\laravel\\framework\\src\\Illuminate\\Support\\helpers.php(399): Illuminate\\Database\\Eloquent\\Builder->Illuminate\\Database\\Eloquent\\{closure}()
#13 C:\\Users\\camar\\Bureau\\mindful-journey-ui\\back-mindful-journey-iu\\mindful-journey-back\\vendor\\laravel\\framework\\src\\Illuminate\\Database\\Eloquent\\Builder.php(1188): tap()
#14 C:\\Users\\camar\\Bureau\\mindful-journey-ui\\back-mindful-journey-iu\\mindful-journey-back\\vendor\\laravel\\framework\\src\\Illuminate\\Support\\Traits\\ForwardsCalls.php(23): Illuminate\\Database\\Eloquent\\Builder->create()
#15 C:\\Users\\camar\\Bureau\\mindful-journey-ui\\back-mindful-journey-iu\\mindful-journey-back\\vendor\\laravel\\framework\\src\\Illuminate\\Database\\Eloquent\\Model.php(2518): Illuminate\\Database\\Eloquent\\Model->forwardCallTo()
#16 C:\\Users\\camar\\Bureau\\mindful-journey-ui\\back-mindful-journey-iu\\mindful-journey-back\\vendor\\laravel\\framework\\src\\Illuminate\\Database\\Eloquent\\Model.php(2534): Illuminate\\Database\\Eloquent\\Model->__call()
#17 C:\\Users\\camar\\Bureau\\mindful-journey-ui\\back-mindful-journey-iu\\mindful-journey-back\\app\\Http\\Controllers\\Api\\MoodController.php(97): Illuminate\\Database\\Eloquent\\Model::__callStatic()
#18 C:\\Users\\camar\\Bureau\\mindful-journey-ui\\back-mindful-journey-iu\\mindful-journey-back\\vendor\\laravel\\framework\\src\\Illuminate\\Routing\\ControllerDispatcher.php(46): App\\Http\\Controllers\\Api\\MoodController->store()
#19 C:\\Users\\camar\\Bureau\\mindful-journey-ui\\back-mindful-journey-iu\\mindful-journey-back\\vendor\\laravel\\framework\\src\\Illuminate\\Routing\\Route.php(265): Illuminate\\Routing\\ControllerDispatcher->dispatch()
#20 C:\\Users\\camar\\Bureau\\mindful-journey-ui\\back-mindful-journey-iu\\mindful-journey-back\\vendor\\laravel\\framework\\src\\Illuminate\\Routing\\Route.php(211): Illuminate\\Routing\\Route->runController()
#21 C:\\Users\\camar\\Bureau\\mindful-journey-ui\\back-mindful-journey-iu\\mindful-journey-back\\vendor\\laravel\\framework\\src\\Illuminate\\Routing\\Router.php(808): Illuminate\\Routing\\Route->run()
#22 C:\\Users\\camar\\Bureau\\mindful-journey-ui\\back-mindful-journey-iu\\mindful-journey-back\\vendor\\laravel\\framework\\src\\Illuminate\\Pipeline\\Pipeline.php(169): Illuminate\\Routing\\Router->Illuminate\\Routing\\{closure}()
#23 C:\\Users\\camar\\Bureau\\mindful-journey-ui\\back-mindful-journey-iu\\mindful-journey-back\\vendor\\laravel\\framework\\src\\Illuminate\\Routing\\Middleware\\SubstituteBindings.php(50): Illuminate\\Pipeline\\Pipeline->Illuminate\\Pipeline\\{closure}()
#24 C:\\Users\\camar\\Bureau\\mindful-journey-ui\\back-mindful-journey-iu\\mindful-journey-back\\vendor\\laravel\\framework\\src\\Illuminate\\Pipeline\\Pipeline.php(208): Illuminate\\Routing\\Middleware\\SubstituteBindings->handle()
#25 C:\\Users\\camar\\Bureau\\mindful-journey-ui\\back-mindful-journey-iu\\mindful-journey-back\\vendor\\laravel\\framework\\src\\Illuminate\\Auth\\Middleware\\Authenticate.php(63): Illuminate\\Pipeline\\Pipeline->Illuminate\\Pipeline\\{closure}()
#26 C:\\Users\\camar\\Bureau\\mindful-journey-ui\\back-mindful-journey-iu\\mindful-journey-back\\vendor\\laravel\\framework\\src\\Illuminate\\Pipeline\\Pipeline.php(208): Illuminate\\Auth\\Middleware\\Authenticate->handle()
#27 C:\\Users\\camar\\Bureau\\mindful-journey-ui\\back-mindful-journey-iu\\mindful-journey-back\\vendor\\laravel\\framework\\src\\Illuminate\\Pipeline\\Pipeline.php(126): Illuminate\\Pipeline\\Pipeline->Illuminate\\Pipeline\\{closure}()
#28 C:\\Users\\camar\\Bureau\\mindful-journey-ui\\back-mindful-journey-iu\\mindful-journey-back\\vendor\\laravel\\framework\\src\\Illuminate\\Routing\\Router.php(807): Illuminate\\Pipeline\\Pipeline->then()
#29 C:\\Users\\camar\\Bureau\\mindful-journey-ui\\back-mindful-journey-iu\\mindful-journey-back\\vendor\\laravel\\framework\\src\\Illuminate\\Routing\\Router.php(786): Illuminate\\Routing\\Router->runRouteWithinStack()
#30 C:\\Users\\camar\\Bureau\\mindful-journey-ui\\back-mindful-journey-iu\\mindful-journey-back\\vendor\\laravel\\framework\\src\\Illuminate\\Routing\\Router.php(750): Illuminate\\Routing\\Router->runRoute()
#31 C:\\Users\\camar\\Bureau\\mindful-journey-ui\\back-mindful-journey-iu\\mindful-journey-back\\vendor\\laravel\\framework\\src\\Illuminate\\Routing\\Router.php(739): Illuminate\\Routing\\Router->dispatchToRoute()
#32 C:\\Users\\camar\\Bureau\\mindful-journey-ui\\back-mindful-journey-iu\\mindful-journey-back\\vendor\\laravel\\framework\\src\\Illuminate\\Foundation\\Http\\Kernel.php(200): Illuminate\\Routing\\Router->dispatch()
#33 C:\\Users\\camar\\Bureau\\mindful-journey-ui\\back-mindful-journey-iu\\mindful-journey-back\\vendor\\laravel\\framework\\src\\Illuminate\\Pipeline\\Pipeline.php(169): Illuminate\\Foundation\\Http\\Kernel->Illuminate\\Foundation\\Http\\{closure}()
#34 C:\\Users\\camar\\Bureau\\mindful-journey-ui\\back-mindful-journey-iu\\mindful-journey-back\\vendor\\laravel\\framework\\src\\Illuminate\\Foundation\\Http\\Middleware\\TransformsRequest.php(21): Illuminate\\Pipeline\\Pipeline->Illuminate\\Pipeline\\{closure}()
#35 C:\\Users\\camar\\Bureau\\mindful-journey-ui\\back-mindful-journey-iu\\mindful-journey-back\\vendor\\laravel\\framework\\src\\Illuminate\\Foundation\\Http\\Middleware\\ConvertEmptyStringsToNull.php(31): Illuminate\\Foundation\\Http\\Middleware\\TransformsRequest->handle()
#36 C:\\Users\\camar\\Bureau\\mindful-journey-ui\\back-mindful-journey-iu\\mindful-journey-back\\vendor\\laravel\\framework\\src\\Illuminate\\Pipeline\\Pipeline.php(208): Illuminate\\Foundation\\Http\\Middleware\\ConvertEmptyStringsToNull->handle()
#37 C:\\Users\\camar\\Bureau\\mindful-journey-ui\\back-mindful-journey-iu\\mindful-journey-back\\vendor\\laravel\\framework\\src\\Illuminate\\Foundation\\Http\\Middleware\\TransformsRequest.php(21): Illuminate\\Pipeline\\Pipeline->Illuminate\\Pipeline\\{closure}()
#38 C:\\Users\\camar\\Bureau\\mindful-journey-ui\\back-mindful-journey-iu\\mindful-journey-back\\vendor\\laravel\\framework\\src\\Illuminate\\Foundation\\Http\\Middleware\\TrimStrings.php(51): Illuminate\\Foundation\\Http\\Middleware\\TransformsRequest->handle()
#39 C:\\Users\\camar\\Bureau\\mindful-journey-ui\\back-mindful-journey-iu\\mindful-journey-back\\vendor\\laravel\\framework\\src\\Illuminate\\Pipeline\\Pipeline.php(208): Illuminate\\Foundation\\Http\\Middleware\\TrimStrings->handle()
#40 C:\\Users\\camar\\Bureau\\mindful-journey-ui\\back-mindful-journey-iu\\mindful-journey-back\\vendor\\laravel\\framework\\src\\Illuminate\\Http\\Middleware\\ValidatePostSize.php(27): Illuminate\\Pipeline\\Pipeline->Illuminate\\Pipeline\\{closure}()
#41 C:\\Users\\camar\\Bureau\\mindful-journey-ui\\back-mindful-journey-iu\\mindful-journey-back\\vendor\\laravel\\framework\\src\\Illuminate\\Pipeline\\Pipeline.php(208): Illuminate\\Http\\Middleware\\ValidatePostSize->handle()
#42 C:\\Users\\camar\\Bureau\\mindful-journey-ui\\back-mindful-journey-iu\\mindful-journey-back\\vendor\\laravel\\framework\\src\\Illuminate\\Foundation\\Http\\Middleware\\PreventRequestsDuringMaintenance.php(109): Illuminate\\Pipeline\\Pipeline->Illuminate\\Pipeline\\{closure}()
#43 C:\\Users\\camar\\Bureau\\mindful-journey-ui\\back-mindful-journey-iu\\mindful-journey-back\\vendor\\laravel\\framework\\src\\Illuminate\\Pipeline\\Pipeline.php(208): Illuminate\\Foundation\\Http\\Middleware\\PreventRequestsDuringMaintenance->handle()
#44 C:\\Users\\camar\\Bureau\\mindful-journey-ui\\back-mindful-journey-iu\\mindful-journey-back\\vendor\\laravel\\framework\\src\\Illuminate\\Http\\Middleware\\HandleCors.php(61): Illuminate\\Pipeline\\Pipeline->Illuminate\\Pipeline\\{closure}()
#45 C:\\Users\\camar\\Bureau\\mindful-journey-ui\\back-mindful-journey-iu\\mindful-journey-back\\vendor\\laravel\\framework\\src\\Illuminate\\Pipeline\\Pipeline.php(208): Illuminate\\Http\\Middleware\\HandleCors->handle()
#46 C:\\Users\\camar\\Bureau\\mindful-journey-ui\\back-mindful-journey-iu\\mindful-journey-back\\vendor\\laravel\\framework\\src\\Illuminate\\Http\\Middleware\\TrustProxies.php(58): Illuminate\\Pipeline\\Pipeline->Illuminate\\Pipeline\\{closure}()
#47 C:\\Users\\camar\\Bureau\\mindful-journey-ui\\back-mindful-journey-iu\\mindful-journey-back\\vendor\\laravel\\framework\\src\\Illuminate\\Pipeline\\Pipeline.php(208): Illuminate\\Http\\Middleware\\TrustProxies->handle()
#48 C:\\Users\\camar\\Bureau\\mindful-journey-ui\\back-mindful-journey-iu\\mindful-journey-back\\vendor\\laravel\\framework\\src\\Illuminate\\Foundation\\Http\\Middleware\\InvokeDeferredCallbacks.php(22): Illuminate\\Pipeline\\Pipeline->Illuminate\\Pipeline\\{closure}()
#49 C:\\Users\\camar\\Bureau\\mindful-journey-ui\\back-mindful-journey-iu\\mindful-journey-back\\vendor\\laravel\\framework\\src\\Illuminate\\Pipeline\\Pipeline.php(208): Illuminate\\Foundation\\Http\\Middleware\\InvokeDeferredCallbacks->handle()
#50 C:\\Users\\camar\\Bureau\\mindful-journey-ui\\back-mindful-journey-iu\\mindful-journey-back\\vendor\\laravel\\framework\\src\\Illuminate\\Http\\Middleware\\ValidatePathEncoding.php(26): Illuminate\\Pipeline\\Pipeline->Illuminate\\Pipeline\\{closure}()
#51 C:\\Users\\camar\\Bureau\\mindful-journey-ui\\back-mindful-journey-iu\\mindful-journey-back\\vendor\\laravel\\framework\\src\\Illuminate\\Pipeline\\Pipeline.php(208): Illuminate\\Http\\Middleware\\ValidatePathEncoding->handle()
#52 C:\\Users\\camar\\Bureau\\mindful-journey-ui\\back-mindful-journey-iu\\mindful-journey-back\\vendor\\laravel\\framework\\src\\Illuminate\\Pipeline\\Pipeline.php(126): Illuminate\\Pipeline\\Pipeline->Illuminate\\Pipeline\\{closure}()
#53 C:\\Users\\camar\\Bureau\\mindful-journey-ui\\back-mindful-journey-iu\\mindful-journey-back\\vendor\\laravel\\framework\\src\\Illuminate\\Foundation\\Http\\Kernel.php(175): Illuminate\\Pipeline\\Pipeline->then()
#54 C:\\Users\\camar\\Bureau\\mindful-journey-ui\\back-mindful-journey-iu\\mindful-journey-back\\vendor\\laravel\\framework\\src\\Illuminate\\Foundation\\Http\\Kernel.php(144): Illuminate\\Foundation\\Http\\Kernel->sendRequestThroughRouter()
#55 C:\\Users\\camar\\Bureau\\mindful-journey-ui\\back-mindful-journey-iu\\mindful-journey-back\\vendor\\laravel\\framework\\src\\Illuminate\\Foundation\\Application.php(1219): Illuminate\\Foundation\\Http\\Kernel->handle()
#56 C:\\Users\\camar\\Bureau\\mindful-journey-ui\\back-mindful-journey-iu\\mindful-journey-back\\public\\index.php(20): Illuminate\\Foundation\\Application->handleRequest()
#57 C:\\Users\\camar\\Bureau\\mindful-journey-ui\\back-mindful-journey-iu\\mindful-journey-back\\vendor\\laravel\\framework\\src\\Illuminate\\Foundation\\resources\\server.php(23): require_once('...')
#58 {main}
","validated":{"date":"2025-08-13","mood_level":5,"mood_emoji":"😁","energy_level":5,"stress_level":3,"sleep_quality":null,"notes":null,"activities":[],"emotions":[]}} 
[2025-08-13 06:50:29] local.ERROR: Erreur lors de l'enregistrement MoodEntry: SQLSTATE[23000]: Integrity constraint violation: 19 UNIQUE constraint failed: mood_entries.user_id, mood_entries.date (Connection: sqlite, SQL: insert into "mood_entries" ("user_id", "date", "mood_level", "mood_emoji", "energy_level", "stress_level", "sleep_quality", "notes", "activities", "emotions", "updated_at", "created_at") values (1, 2025-08-13 00:00:00, 4, 😊, 5, 3, ?, ?, [], [], 2025-08-13 06:50:29, 2025-08-13 06:50:29)) {"exception":"[object] (Illuminate\\Database\\UniqueConstraintViolationException(code: 23000): SQLSTATE[23000]: Integrity constraint violation: 19 UNIQUE constraint failed: mood_entries.user_id, mood_entries.date (Connection: sqlite, SQL: insert into \"mood_entries\" (\"user_id\", \"date\", \"mood_level\", \"mood_emoji\", \"energy_level\", \"stress_level\", \"sleep_quality\", \"notes\", \"activities\", \"emotions\", \"updated_at\", \"created_at\") values (1, 2025-08-13 00:00:00, 4, 😊, 5, 3, ?, ?, [], [], 2025-08-13 06:50:29, 2025-08-13 06:50:29)) at C:\\Users\\camar\\Bureau\\mindful-journey-ui\\back-mindful-journey-iu\\mindful-journey-back\\vendor\\laravel\\framework\\src\\Illuminate\\Database\\Connection.php:819)
[stacktrace]
#0 C:\\Users\\camar\\Bureau\\mindful-journey-ui\\back-mindful-journey-iu\\mindful-journey-back\\vendor\\laravel\\framework\\src\\Illuminate\\Database\\Connection.php(778): Illuminate\\Database\\Connection->runQueryCallback()
#1 C:\\Users\\camar\\Bureau\\mindful-journey-ui\\back-mindful-journey-iu\\mindful-journey-back\\vendor\\laravel\\framework\\src\\Illuminate\\Database\\Connection.php(559): Illuminate\\Database\\Connection->run()
#2 C:\\Users\\camar\\Bureau\\mindful-journey-ui\\back-mindful-journey-iu\\mindful-journey-back\\vendor\\laravel\\framework\\src\\Illuminate\\Database\\Connection.php(523): Illuminate\\Database\\Connection->statement()
#3 C:\\Users\\camar\\Bureau\\mindful-journey-ui\\back-mindful-journey-iu\\mindful-journey-back\\vendor\\laravel\\framework\\src\\Illuminate\\Database\\Query\\Processors\\Processor.php(32): Illuminate\\Database\\Connection->insert()
#4 C:\\Users\\camar\\Bureau\\mindful-journey-ui\\back-mindful-journey-iu\\mindful-journey-back\\vendor\\laravel\\framework\\src\\Illuminate\\Database\\Query\\Builder.php(3853): Illuminate\\Database\\Query\\Processors\\Processor->processInsertGetId()
#5 C:\\Users\\camar\\Bureau\\mindful-journey-ui\\back-mindful-journey-iu\\mindful-journey-back\\vendor\\laravel\\framework\\src\\Illuminate\\Database\\Eloquent\\Builder.php(2205): Illuminate\\Database\\Query\\Builder->insertGetId()
#6 C:\\Users\\camar\\Bureau\\mindful-journey-ui\\back-mindful-journey-iu\\mindful-journey-back\\vendor\\laravel\\framework\\src\\Illuminate\\Database\\Eloquent\\Model.php(1427): Illuminate\\Database\\Eloquent\\Builder->__call()
#7 C:\\Users\\camar\\Bureau\\mindful-journey-ui\\back-mindful-journey-iu\\mindful-journey-back\\vendor\\laravel\\framework\\src\\Illuminate\\Database\\Eloquent\\Model.php(1392): Illuminate\\Database\\Eloquent\\Model->insertAndSetId()
#8 C:\\Users\\camar\\Bureau\\mindful-journey-ui\\back-mindful-journey-iu\\mindful-journey-back\\vendor\\laravel\\framework\\src\\Illuminate\\Database\\Eloquent\\Model.php(1231): Illuminate\\Database\\Eloquent\\Model->performInsert()
#9 C:\\Users\\camar\\Bureau\\mindful-journey-ui\\back-mindful-journey-iu\\mindful-journey-back\\vendor\\laravel\\framework\\src\\Illuminate\\Database\\Eloquent\\Builder.php(1189): Illuminate\\Database\\Eloquent\\Model->save()
#10 C:\\Users\\camar\\Bureau\\mindful-journey-ui\\back-mindful-journey-iu\\mindful-journey-back\\vendor\\laravel\\framework\\src\\Illuminate\\Support\\helpers.php(399): Illuminate\\Database\\Eloquent\\Builder->Illuminate\\Database\\Eloquent\\{closure}()
#11 C:\\Users\\camar\\Bureau\\mindful-journey-ui\\back-mindful-journey-iu\\mindful-journey-back\\vendor\\laravel\\framework\\src\\Illuminate\\Database\\Eloquent\\Builder.php(1188): tap()
#12 C:\\Users\\camar\\Bureau\\mindful-journey-ui\\back-mindful-journey-iu\\mindful-journey-back\\vendor\\laravel\\framework\\src\\Illuminate\\Support\\Traits\\ForwardsCalls.php(23): Illuminate\\Database\\Eloquent\\Builder->create()
#13 C:\\Users\\camar\\Bureau\\mindful-journey-ui\\back-mindful-journey-iu\\mindful-journey-back\\vendor\\laravel\\framework\\src\\Illuminate\\Database\\Eloquent\\Model.php(2518): Illuminate\\Database\\Eloquent\\Model->forwardCallTo()
#14 C:\\Users\\camar\\Bureau\\mindful-journey-ui\\back-mindful-journey-iu\\mindful-journey-back\\vendor\\laravel\\framework\\src\\Illuminate\\Database\\Eloquent\\Model.php(2534): Illuminate\\Database\\Eloquent\\Model->__call()
#15 C:\\Users\\camar\\Bureau\\mindful-journey-ui\\back-mindful-journey-iu\\mindful-journey-back\\app\\Http\\Controllers\\Api\\MoodController.php(97): Illuminate\\Database\\Eloquent\\Model::__callStatic()
#16 C:\\Users\\camar\\Bureau\\mindful-journey-ui\\back-mindful-journey-iu\\mindful-journey-back\\vendor\\laravel\\framework\\src\\Illuminate\\Routing\\ControllerDispatcher.php(46): App\\Http\\Controllers\\Api\\MoodController->store()
#17 C:\\Users\\camar\\Bureau\\mindful-journey-ui\\back-mindful-journey-iu\\mindful-journey-back\\vendor\\laravel\\framework\\src\\Illuminate\\Routing\\Route.php(265): Illuminate\\Routing\\ControllerDispatcher->dispatch()
#18 C:\\Users\\camar\\Bureau\\mindful-journey-ui\\back-mindful-journey-iu\\mindful-journey-back\\vendor\\laravel\\framework\\src\\Illuminate\\Routing\\Route.php(211): Illuminate\\Routing\\Route->runController()
#19 C:\\Users\\camar\\Bureau\\mindful-journey-ui\\back-mindful-journey-iu\\mindful-journey-back\\vendor\\laravel\\framework\\src\\Illuminate\\Routing\\Router.php(808): Illuminate\\Routing\\Route->run()
#20 C:\\Users\\camar\\Bureau\\mindful-journey-ui\\back-mindful-journey-iu\\mindful-journey-back\\vendor\\laravel\\framework\\src\\Illuminate\\Pipeline\\Pipeline.php(169): Illuminate\\Routing\\Router->Illuminate\\Routing\\{closure}()
#21 C:\\Users\\camar\\Bureau\\mindful-journey-ui\\back-mindful-journey-iu\\mindful-journey-back\\vendor\\laravel\\framework\\src\\Illuminate\\Routing\\Middleware\\SubstituteBindings.php(50): Illuminate\\Pipeline\\Pipeline->Illuminate\\Pipeline\\{closure}()
#22 C:\\Users\\camar\\Bureau\\mindful-journey-ui\\back-mindful-journey-iu\\mindful-journey-back\\vendor\\laravel\\framework\\src\\Illuminate\\Pipeline\\Pipeline.php(208): Illuminate\\Routing\\Middleware\\SubstituteBindings->handle()
#23 C:\\Users\\camar\\Bureau\\mindful-journey-ui\\back-mindful-journey-iu\\mindful-journey-back\\vendor\\laravel\\framework\\src\\Illuminate\\Auth\\Middleware\\Authenticate.php(63): Illuminate\\Pipeline\\Pipeline->Illuminate\\Pipeline\\{closure}()
#24 C:\\Users\\camar\\Bureau\\mindful-journey-ui\\back-mindful-journey-iu\\mindful-journey-back\\vendor\\laravel\\framework\\src\\Illuminate\\Pipeline\\Pipeline.php(208): Illuminate\\Auth\\Middleware\\Authenticate->handle()
#25 C:\\Users\\camar\\Bureau\\mindful-journey-ui\\back-mindful-journey-iu\\mindful-journey-back\\vendor\\laravel\\framework\\src\\Illuminate\\Pipeline\\Pipeline.php(126): Illuminate\\Pipeline\\Pipeline->Illuminate\\Pipeline\\{closure}()
#26 C:\\Users\\camar\\Bureau\\mindful-journey-ui\\back-mindful-journey-iu\\mindful-journey-back\\vendor\\laravel\\framework\\src\\Illuminate\\Routing\\Router.php(807): Illuminate\\Pipeline\\Pipeline->then()
#27 C:\\Users\\camar\\Bureau\\mindful-journey-ui\\back-mindful-journey-iu\\mindful-journey-back\\vendor\\laravel\\framework\\src\\Illuminate\\Routing\\Router.php(786): Illuminate\\Routing\\Router->runRouteWithinStack()
#28 C:\\Users\\camar\\Bureau\\mindful-journey-ui\\back-mindful-journey-iu\\mindful-journey-back\\vendor\\laravel\\framework\\src\\Illuminate\\Routing\\Router.php(750): Illuminate\\Routing\\Router->runRoute()
#29 C:\\Users\\camar\\Bureau\\mindful-journey-ui\\back-mindful-journey-iu\\mindful-journey-back\\vendor\\laravel\\framework\\src\\Illuminate\\Routing\\Router.php(739): Illuminate\\Routing\\Router->dispatchToRoute()
#30 C:\\Users\\camar\\Bureau\\mindful-journey-ui\\back-mindful-journey-iu\\mindful-journey-back\\vendor\\laravel\\framework\\src\\Illuminate\\Foundation\\Http\\Kernel.php(200): Illuminate\\Routing\\Router->dispatch()
#31 C:\\Users\\camar\\Bureau\\mindful-journey-ui\\back-mindful-journey-iu\\mindful-journey-back\\vendor\\laravel\\framework\\src\\Illuminate\\Pipeline\\Pipeline.php(169): Illuminate\\Foundation\\Http\\Kernel->Illuminate\\Foundation\\Http\\{closure}()
#32 C:\\Users\\camar\\Bureau\\mindful-journey-ui\\back-mindful-journey-iu\\mindful-journey-back\\vendor\\laravel\\framework\\src\\Illuminate\\Foundation\\Http\\Middleware\\TransformsRequest.php(21): Illuminate\\Pipeline\\Pipeline->Illuminate\\Pipeline\\{closure}()
#33 C:\\Users\\camar\\Bureau\\mindful-journey-ui\\back-mindful-journey-iu\\mindful-journey-back\\vendor\\laravel\\framework\\src\\Illuminate\\Foundation\\Http\\Middleware\\ConvertEmptyStringsToNull.php(31): Illuminate\\Foundation\\Http\\Middleware\\TransformsRequest->handle()
#34 C:\\Users\\camar\\Bureau\\mindful-journey-ui\\back-mindful-journey-iu\\mindful-journey-back\\vendor\\laravel\\framework\\src\\Illuminate\\Pipeline\\Pipeline.php(208): Illuminate\\Foundation\\Http\\Middleware\\ConvertEmptyStringsToNull->handle()
#35 C:\\Users\\camar\\Bureau\\mindful-journey-ui\\back-mindful-journey-iu\\mindful-journey-back\\vendor\\laravel\\framework\\src\\Illuminate\\Foundation\\Http\\Middleware\\TransformsRequest.php(21): Illuminate\\Pipeline\\Pipeline->Illuminate\\Pipeline\\{closure}()
#36 C:\\Users\\camar\\Bureau\\mindful-journey-ui\\back-mindful-journey-iu\\mindful-journey-back\\vendor\\laravel\\framework\\src\\Illuminate\\Foundation\\Http\\Middleware\\TrimStrings.php(51): Illuminate\\Foundation\\Http\\Middleware\\TransformsRequest->handle()
#37 C:\\Users\\camar\\Bureau\\mindful-journey-ui\\back-mindful-journey-iu\\mindful-journey-back\\vendor\\laravel\\framework\\src\\Illuminate\\Pipeline\\Pipeline.php(208): Illuminate\\Foundation\\Http\\Middleware\\TrimStrings->handle()
#38 C:\\Users\\camar\\Bureau\\mindful-journey-ui\\back-mindful-journey-iu\\mindful-journey-back\\vendor\\laravel\\framework\\src\\Illuminate\\Http\\Middleware\\ValidatePostSize.php(27): Illuminate\\Pipeline\\Pipeline->Illuminate\\Pipeline\\{closure}()
#39 C:\\Users\\camar\\Bureau\\mindful-journey-ui\\back-mindful-journey-iu\\mindful-journey-back\\vendor\\laravel\\framework\\src\\Illuminate\\Pipeline\\Pipeline.php(208): Illuminate\\Http\\Middleware\\ValidatePostSize->handle()
#40 C:\\Users\\camar\\Bureau\\mindful-journey-ui\\back-mindful-journey-iu\\mindful-journey-back\\vendor\\laravel\\framework\\src\\Illuminate\\Foundation\\Http\\Middleware\\PreventRequestsDuringMaintenance.php(109): Illuminate\\Pipeline\\Pipeline->Illuminate\\Pipeline\\{closure}()
#41 C:\\Users\\camar\\Bureau\\mindful-journey-ui\\back-mindful-journey-iu\\mindful-journey-back\\vendor\\laravel\\framework\\src\\Illuminate\\Pipeline\\Pipeline.php(208): Illuminate\\Foundation\\Http\\Middleware\\PreventRequestsDuringMaintenance->handle()
#42 C:\\Users\\camar\\Bureau\\mindful-journey-ui\\back-mindful-journey-iu\\mindful-journey-back\\vendor\\laravel\\framework\\src\\Illuminate\\Http\\Middleware\\HandleCors.php(61): Illuminate\\Pipeline\\Pipeline->Illuminate\\Pipeline\\{closure}()
#43 C:\\Users\\camar\\Bureau\\mindful-journey-ui\\back-mindful-journey-iu\\mindful-journey-back\\vendor\\laravel\\framework\\src\\Illuminate\\Pipeline\\Pipeline.php(208): Illuminate\\Http\\Middleware\\HandleCors->handle()
#44 C:\\Users\\camar\\Bureau\\mindful-journey-ui\\back-mindful-journey-iu\\mindful-journey-back\\vendor\\laravel\\framework\\src\\Illuminate\\Http\\Middleware\\TrustProxies.php(58): Illuminate\\Pipeline\\Pipeline->Illuminate\\Pipeline\\{closure}()
#45 C:\\Users\\camar\\Bureau\\mindful-journey-ui\\back-mindful-journey-iu\\mindful-journey-back\\vendor\\laravel\\framework\\src\\Illuminate\\Pipeline\\Pipeline.php(208): Illuminate\\Http\\Middleware\\TrustProxies->handle()
#46 C:\\Users\\camar\\Bureau\\mindful-journey-ui\\back-mindful-journey-iu\\mindful-journey-back\\vendor\\laravel\\framework\\src\\Illuminate\\Foundation\\Http\\Middleware\\InvokeDeferredCallbacks.php(22): Illuminate\\Pipeline\\Pipeline->Illuminate\\Pipeline\\{closure}()
#47 C:\\Users\\camar\\Bureau\\mindful-journey-ui\\back-mindful-journey-iu\\mindful-journey-back\\vendor\\laravel\\framework\\src\\Illuminate\\Pipeline\\Pipeline.php(208): Illuminate\\Foundation\\Http\\Middleware\\InvokeDeferredCallbacks->handle()
#48 C:\\Users\\camar\\Bureau\\mindful-journey-ui\\back-mindful-journey-iu\\mindful-journey-back\\vendor\\laravel\\framework\\src\\Illuminate\\Http\\Middleware\\ValidatePathEncoding.php(26): Illuminate\\Pipeline\\Pipeline->Illuminate\\Pipeline\\{closure}()
#49 C:\\Users\\camar\\Bureau\\mindful-journey-ui\\back-mindful-journey-iu\\mindful-journey-back\\vendor\\laravel\\framework\\src\\Illuminate\\Pipeline\\Pipeline.php(208): Illuminate\\Http\\Middleware\\ValidatePathEncoding->handle()
#50 C:\\Users\\camar\\Bureau\\mindful-journey-ui\\back-mindful-journey-iu\\mindful-journey-back\\vendor\\laravel\\framework\\src\\Illuminate\\Pipeline\\Pipeline.php(126): Illuminate\\Pipeline\\Pipeline->Illuminate\\Pipeline\\{closure}()
#51 C:\\Users\\camar\\Bureau\\mindful-journey-ui\\back-mindful-journey-iu\\mindful-journey-back\\vendor\\laravel\\framework\\src\\Illuminate\\Foundation\\Http\\Kernel.php(175): Illuminate\\Pipeline\\Pipeline->then()
#52 C:\\Users\\camar\\Bureau\\mindful-journey-ui\\back-mindful-journey-iu\\mindful-journey-back\\vendor\\laravel\\framework\\src\\Illuminate\\Foundation\\Http\\Kernel.php(144): Illuminate\\Foundation\\Http\\Kernel->sendRequestThroughRouter()
#53 C:\\Users\\camar\\Bureau\\mindful-journey-ui\\back-mindful-journey-iu\\mindful-journey-back\\vendor\\laravel\\framework\\src\\Illuminate\\Foundation\\Application.php(1219): Illuminate\\Foundation\\Http\\Kernel->handle()
#54 C:\\Users\\camar\\Bureau\\mindful-journey-ui\\back-mindful-journey-iu\\mindful-journey-back\\public\\index.php(20): Illuminate\\Foundation\\Application->handleRequest()
#55 C:\\Users\\camar\\Bureau\\mindful-journey-ui\\back-mindful-journey-iu\\mindful-journey-back\\vendor\\laravel\\framework\\src\\Illuminate\\Foundation\\resources\\server.php(23): require_once('...')
#56 {main}

[previous exception] [object] (PDOException(code: 23000): SQLSTATE[23000]: Integrity constraint violation: 19 UNIQUE constraint failed: mood_entries.user_id, mood_entries.date at C:\\Users\\camar\\Bureau\\mindful-journey-ui\\back-mindful-journey-iu\\mindful-journey-back\\vendor\\laravel\\framework\\src\\Illuminate\\Database\\Connection.php:570)
[stacktrace]
#0 C:\\Users\\camar\\Bureau\\mindful-journey-ui\\back-mindful-journey-iu\\mindful-journey-back\\vendor\\laravel\\framework\\src\\Illuminate\\Database\\Connection.php(570): PDOStatement->execute()
#1 C:\\Users\\camar\\Bureau\\mindful-journey-ui\\back-mindful-journey-iu\\mindful-journey-back\\vendor\\laravel\\framework\\src\\Illuminate\\Database\\Connection.php(811): Illuminate\\Database\\Connection->Illuminate\\Database\\{closure}()
#2 C:\\Users\\camar\\Bureau\\mindful-journey-ui\\back-mindful-journey-iu\\mindful-journey-back\\vendor\\laravel\\framework\\src\\Illuminate\\Database\\Connection.php(778): Illuminate\\Database\\Connection->runQueryCallback()
#3 C:\\Users\\camar\\Bureau\\mindful-journey-ui\\back-mindful-journey-iu\\mindful-journey-back\\vendor\\laravel\\framework\\src\\Illuminate\\Database\\Connection.php(559): Illuminate\\Database\\Connection->run()
#4 C:\\Users\\camar\\Bureau\\mindful-journey-ui\\back-mindful-journey-iu\\mindful-journey-back\\vendor\\laravel\\framework\\src\\Illuminate\\Database\\Connection.php(523): Illuminate\\Database\\Connection->statement()
#5 C:\\Users\\camar\\Bureau\\mindful-journey-ui\\back-mindful-journey-iu\\mindful-journey-back\\vendor\\laravel\\framework\\src\\Illuminate\\Database\\Query\\Processors\\Processor.php(32): Illuminate\\Database\\Connection->insert()
#6 C:\\Users\\camar\\Bureau\\mindful-journey-ui\\back-mindful-journey-iu\\mindful-journey-back\\vendor\\laravel\\framework\\src\\Illuminate\\Database\\Query\\Builder.php(3853): Illuminate\\Database\\Query\\Processors\\Processor->processInsertGetId()
#7 C:\\Users\\camar\\Bureau\\mindful-journey-ui\\back-mindful-journey-iu\\mindful-journey-back\\vendor\\laravel\\framework\\src\\Illuminate\\Database\\Eloquent\\Builder.php(2205): Illuminate\\Database\\Query\\Builder->insertGetId()
#8 C:\\Users\\camar\\Bureau\\mindful-journey-ui\\back-mindful-journey-iu\\mindful-journey-back\\vendor\\laravel\\framework\\src\\Illuminate\\Database\\Eloquent\\Model.php(1427): Illuminate\\Database\\Eloquent\\Builder->__call()
#9 C:\\Users\\camar\\Bureau\\mindful-journey-ui\\back-mindful-journey-iu\\mindful-journey-back\\vendor\\laravel\\framework\\src\\Illuminate\\Database\\Eloquent\\Model.php(1392): Illuminate\\Database\\Eloquent\\Model->insertAndSetId()
#10 C:\\Users\\camar\\Bureau\\mindful-journey-ui\\back-mindful-journey-iu\\mindful-journey-back\\vendor\\laravel\\framework\\src\\Illuminate\\Database\\Eloquent\\Model.php(1231): Illuminate\\Database\\Eloquent\\Model->performInsert()
#11 C:\\Users\\camar\\Bureau\\mindful-journey-ui\\back-mindful-journey-iu\\mindful-journey-back\\vendor\\laravel\\framework\\src\\Illuminate\\Database\\Eloquent\\Builder.php(1189): Illuminate\\Database\\Eloquent\\Model->save()
#12 C:\\Users\\camar\\Bureau\\mindful-journey-ui\\back-mindful-journey-iu\\mindful-journey-back\\vendor\\laravel\\framework\\src\\Illuminate\\Support\\helpers.php(399): Illuminate\\Database\\Eloquent\\Builder->Illuminate\\Database\\Eloquent\\{closure}()
#13 C:\\Users\\camar\\Bureau\\mindful-journey-ui\\back-mindful-journey-iu\\mindful-journey-back\\vendor\\laravel\\framework\\src\\Illuminate\\Database\\Eloquent\\Builder.php(1188): tap()
#14 C:\\Users\\camar\\Bureau\\mindful-journey-ui\\back-mindful-journey-iu\\mindful-journey-back\\vendor\\laravel\\framework\\src\\Illuminate\\Support\\Traits\\ForwardsCalls.php(23): Illuminate\\Database\\Eloquent\\Builder->create()
#15 C:\\Users\\camar\\Bureau\\mindful-journey-ui\\back-mindful-journey-iu\\mindful-journey-back\\vendor\\laravel\\framework\\src\\Illuminate\\Database\\Eloquent\\Model.php(2518): Illuminate\\Database\\Eloquent\\Model->forwardCallTo()
#16 C:\\Users\\camar\\Bureau\\mindful-journey-ui\\back-mindful-journey-iu\\mindful-journey-back\\vendor\\laravel\\framework\\src\\Illuminate\\Database\\Eloquent\\Model.php(2534): Illuminate\\Database\\Eloquent\\Model->__call()
#17 C:\\Users\\camar\\Bureau\\mindful-journey-ui\\back-mindful-journey-iu\\mindful-journey-back\\app\\Http\\Controllers\\Api\\MoodController.php(97): Illuminate\\Database\\Eloquent\\Model::__callStatic()
#18 C:\\Users\\camar\\Bureau\\mindful-journey-ui\\back-mindful-journey-iu\\mindful-journey-back\\vendor\\laravel\\framework\\src\\Illuminate\\Routing\\ControllerDispatcher.php(46): App\\Http\\Controllers\\Api\\MoodController->store()
#19 C:\\Users\\camar\\Bureau\\mindful-journey-ui\\back-mindful-journey-iu\\mindful-journey-back\\vendor\\laravel\\framework\\src\\Illuminate\\Routing\\Route.php(265): Illuminate\\Routing\\ControllerDispatcher->dispatch()
#20 C:\\Users\\camar\\Bureau\\mindful-journey-ui\\back-mindful-journey-iu\\mindful-journey-back\\vendor\\laravel\\framework\\src\\Illuminate\\Routing\\Route.php(211): Illuminate\\Routing\\Route->runController()
#21 C:\\Users\\camar\\Bureau\\mindful-journey-ui\\back-mindful-journey-iu\\mindful-journey-back\\vendor\\laravel\\framework\\src\\Illuminate\\Routing\\Router.php(808): Illuminate\\Routing\\Route->run()
#22 C:\\Users\\camar\\Bureau\\mindful-journey-ui\\back-mindful-journey-iu\\mindful-journey-back\\vendor\\laravel\\framework\\src\\Illuminate\\Pipeline\\Pipeline.php(169): Illuminate\\Routing\\Router->Illuminate\\Routing\\{closure}()
#23 C:\\Users\\camar\\Bureau\\mindful-journey-ui\\back-mindful-journey-iu\\mindful-journey-back\\vendor\\laravel\\framework\\src\\Illuminate\\Routing\\Middleware\\SubstituteBindings.php(50): Illuminate\\Pipeline\\Pipeline->Illuminate\\Pipeline\\{closure}()
#24 C:\\Users\\camar\\Bureau\\mindful-journey-ui\\back-mindful-journey-iu\\mindful-journey-back\\vendor\\laravel\\framework\\src\\Illuminate\\Pipeline\\Pipeline.php(208): Illuminate\\Routing\\Middleware\\SubstituteBindings->handle()
#25 C:\\Users\\camar\\Bureau\\mindful-journey-ui\\back-mindful-journey-iu\\mindful-journey-back\\vendor\\laravel\\framework\\src\\Illuminate\\Auth\\Middleware\\Authenticate.php(63): Illuminate\\Pipeline\\Pipeline->Illuminate\\Pipeline\\{closure}()
#26 C:\\Users\\camar\\Bureau\\mindful-journey-ui\\back-mindful-journey-iu\\mindful-journey-back\\vendor\\laravel\\framework\\src\\Illuminate\\Pipeline\\Pipeline.php(208): Illuminate\\Auth\\Middleware\\Authenticate->handle()
#27 C:\\Users\\camar\\Bureau\\mindful-journey-ui\\back-mindful-journey-iu\\mindful-journey-back\\vendor\\laravel\\framework\\src\\Illuminate\\Pipeline\\Pipeline.php(126): Illuminate\\Pipeline\\Pipeline->Illuminate\\Pipeline\\{closure}()
#28 C:\\Users\\camar\\Bureau\\mindful-journey-ui\\back-mindful-journey-iu\\mindful-journey-back\\vendor\\laravel\\framework\\src\\Illuminate\\Routing\\Router.php(807): Illuminate\\Pipeline\\Pipeline->then()
#29 C:\\Users\\camar\\Bureau\\mindful-journey-ui\\back-mindful-journey-iu\\mindful-journey-back\\vendor\\laravel\\framework\\src\\Illuminate\\Routing\\Router.php(786): Illuminate\\Routing\\Router->runRouteWithinStack()
#30 C:\\Users\\camar\\Bureau\\mindful-journey-ui\\back-mindful-journey-iu\\mindful-journey-back\\vendor\\laravel\\framework\\src\\Illuminate\\Routing\\Router.php(750): Illuminate\\Routing\\Router->runRoute()
#31 C:\\Users\\camar\\Bureau\\mindful-journey-ui\\back-mindful-journey-iu\\mindful-journey-back\\vendor\\laravel\\framework\\src\\Illuminate\\Routing\\Router.php(739): Illuminate\\Routing\\Router->dispatchToRoute()
#32 C:\\Users\\camar\\Bureau\\mindful-journey-ui\\back-mindful-journey-iu\\mindful-journey-back\\vendor\\laravel\\framework\\src\\Illuminate\\Foundation\\Http\\Kernel.php(200): Illuminate\\Routing\\Router->dispatch()
#33 C:\\Users\\camar\\Bureau\\mindful-journey-ui\\back-mindful-journey-iu\\mindful-journey-back\\vendor\\laravel\\framework\\src\\Illuminate\\Pipeline\\Pipeline.php(169): Illuminate\\Foundation\\Http\\Kernel->Illuminate\\Foundation\\Http\\{closure}()
#34 C:\\Users\\camar\\Bureau\\mindful-journey-ui\\back-mindful-journey-iu\\mindful-journey-back\\vendor\\laravel\\framework\\src\\Illuminate\\Foundation\\Http\\Middleware\\TransformsRequest.php(21): Illuminate\\Pipeline\\Pipeline->Illuminate\\Pipeline\\{closure}()
#35 C:\\Users\\camar\\Bureau\\mindful-journey-ui\\back-mindful-journey-iu\\mindful-journey-back\\vendor\\laravel\\framework\\src\\Illuminate\\Foundation\\Http\\Middleware\\ConvertEmptyStringsToNull.php(31): Illuminate\\Foundation\\Http\\Middleware\\TransformsRequest->handle()
#36 C:\\Users\\camar\\Bureau\\mindful-journey-ui\\back-mindful-journey-iu\\mindful-journey-back\\vendor\\laravel\\framework\\src\\Illuminate\\Pipeline\\Pipeline.php(208): Illuminate\\Foundation\\Http\\Middleware\\ConvertEmptyStringsToNull->handle()
#37 C:\\Users\\camar\\Bureau\\mindful-journey-ui\\back-mindful-journey-iu\\mindful-journey-back\\vendor\\laravel\\framework\\src\\Illuminate\\Foundation\\Http\\Middleware\\TransformsRequest.php(21): Illuminate\\Pipeline\\Pipeline->Illuminate\\Pipeline\\{closure}()
#38 C:\\Users\\camar\\Bureau\\mindful-journey-ui\\back-mindful-journey-iu\\mindful-journey-back\\vendor\\laravel\\framework\\src\\Illuminate\\Foundation\\Http\\Middleware\\TrimStrings.php(51): Illuminate\\Foundation\\Http\\Middleware\\TransformsRequest->handle()
#39 C:\\Users\\camar\\Bureau\\mindful-journey-ui\\back-mindful-journey-iu\\mindful-journey-back\\vendor\\laravel\\framework\\src\\Illuminate\\Pipeline\\Pipeline.php(208): Illuminate\\Foundation\\Http\\Middleware\\TrimStrings->handle()
#40 C:\\Users\\camar\\Bureau\\mindful-journey-ui\\back-mindful-journey-iu\\mindful-journey-back\\vendor\\laravel\\framework\\src\\Illuminate\\Http\\Middleware\\ValidatePostSize.php(27): Illuminate\\Pipeline\\Pipeline->Illuminate\\Pipeline\\{closure}()
#41 C:\\Users\\camar\\Bureau\\mindful-journey-ui\\back-mindful-journey-iu\\mindful-journey-back\\vendor\\laravel\\framework\\src\\Illuminate\\Pipeline\\Pipeline.php(208): Illuminate\\Http\\Middleware\\ValidatePostSize->handle()
#42 C:\\Users\\camar\\Bureau\\mindful-journey-ui\\back-mindful-journey-iu\\mindful-journey-back\\vendor\\laravel\\framework\\src\\Illuminate\\Foundation\\Http\\Middleware\\PreventRequestsDuringMaintenance.php(109): Illuminate\\Pipeline\\Pipeline->Illuminate\\Pipeline\\{closure}()
#43 C:\\Users\\camar\\Bureau\\mindful-journey-ui\\back-mindful-journey-iu\\mindful-journey-back\\vendor\\laravel\\framework\\src\\Illuminate\\Pipeline\\Pipeline.php(208): Illuminate\\Foundation\\Http\\Middleware\\PreventRequestsDuringMaintenance->handle()
#44 C:\\Users\\camar\\Bureau\\mindful-journey-ui\\back-mindful-journey-iu\\mindful-journey-back\\vendor\\laravel\\framework\\src\\Illuminate\\Http\\Middleware\\HandleCors.php(61): Illuminate\\Pipeline\\Pipeline->Illuminate\\Pipeline\\{closure}()
#45 C:\\Users\\camar\\Bureau\\mindful-journey-ui\\back-mindful-journey-iu\\mindful-journey-back\\vendor\\laravel\\framework\\src\\Illuminate\\Pipeline\\Pipeline.php(208): Illuminate\\Http\\Middleware\\HandleCors->handle()
#46 C:\\Users\\camar\\Bureau\\mindful-journey-ui\\back-mindful-journey-iu\\mindful-journey-back\\vendor\\laravel\\framework\\src\\Illuminate\\Http\\Middleware\\TrustProxies.php(58): Illuminate\\Pipeline\\Pipeline->Illuminate\\Pipeline\\{closure}()
#47 C:\\Users\\camar\\Bureau\\mindful-journey-ui\\back-mindful-journey-iu\\mindful-journey-back\\vendor\\laravel\\framework\\src\\Illuminate\\Pipeline\\Pipeline.php(208): Illuminate\\Http\\Middleware\\TrustProxies->handle()
#48 C:\\Users\\camar\\Bureau\\mindful-journey-ui\\back-mindful-journey-iu\\mindful-journey-back\\vendor\\laravel\\framework\\src\\Illuminate\\Foundation\\Http\\Middleware\\InvokeDeferredCallbacks.php(22): Illuminate\\Pipeline\\Pipeline->Illuminate\\Pipeline\\{closure}()
#49 C:\\Users\\camar\\Bureau\\mindful-journey-ui\\back-mindful-journey-iu\\mindful-journey-back\\vendor\\laravel\\framework\\src\\Illuminate\\Pipeline\\Pipeline.php(208): Illuminate\\Foundation\\Http\\Middleware\\InvokeDeferredCallbacks->handle()
#50 C:\\Users\\camar\\Bureau\\mindful-journey-ui\\back-mindful-journey-iu\\mindful-journey-back\\vendor\\laravel\\framework\\src\\Illuminate\\Http\\Middleware\\ValidatePathEncoding.php(26): Illuminate\\Pipeline\\Pipeline->Illuminate\\Pipeline\\{closure}()
#51 C:\\Users\\camar\\Bureau\\mindful-journey-ui\\back-mindful-journey-iu\\mindful-journey-back\\vendor\\laravel\\framework\\src\\Illuminate\\Pipeline\\Pipeline.php(208): Illuminate\\Http\\Middleware\\ValidatePathEncoding->handle()
#52 C:\\Users\\camar\\Bureau\\mindful-journey-ui\\back-mindful-journey-iu\\mindful-journey-back\\vendor\\laravel\\framework\\src\\Illuminate\\Pipeline\\Pipeline.php(126): Illuminate\\Pipeline\\Pipeline->Illuminate\\Pipeline\\{closure}()
#53 C:\\Users\\camar\\Bureau\\mindful-journey-ui\\back-mindful-journey-iu\\mindful-journey-back\\vendor\\laravel\\framework\\src\\Illuminate\\Foundation\\Http\\Kernel.php(175): Illuminate\\Pipeline\\Pipeline->then()
#54 C:\\Users\\camar\\Bureau\\mindful-journey-ui\\back-mindful-journey-iu\\mindful-journey-back\\vendor\\laravel\\framework\\src\\Illuminate\\Foundation\\Http\\Kernel.php(144): Illuminate\\Foundation\\Http\\Kernel->sendRequestThroughRouter()
#55 C:\\Users\\camar\\Bureau\\mindful-journey-ui\\back-mindful-journey-iu\\mindful-journey-back\\vendor\\laravel\\framework\\src\\Illuminate\\Foundation\\Application.php(1219): Illuminate\\Foundation\\Http\\Kernel->handle()
#56 C:\\Users\\camar\\Bureau\\mindful-journey-ui\\back-mindful-journey-iu\\mindful-journey-back\\public\\index.php(20): Illuminate\\Foundation\\Application->handleRequest()
#57 C:\\Users\\camar\\Bureau\\mindful-journey-ui\\back-mindful-journey-iu\\mindful-journey-back\\vendor\\laravel\\framework\\src\\Illuminate\\Foundation\\resources\\server.php(23): require_once('...')
#58 {main}
","validated":{"date":"2025-08-13","mood_level":4,"mood_emoji":"😊","energy_level":5,"stress_level":3,"sleep_quality":null,"notes":null,"activities":[],"emotions":[]}} 
[2025-08-13 06:50:41] local.ERROR: Erreur lors de l'enregistrement MoodEntry: SQLSTATE[23000]: Integrity constraint violation: 19 UNIQUE constraint failed: mood_entries.user_id, mood_entries.date (Connection: sqlite, SQL: insert into "mood_entries" ("user_id", "date", "mood_level", "mood_emoji", "energy_level", "stress_level", "sleep_quality", "notes", "activities", "emotions", "updated_at", "created_at") values (1, 2025-08-13 00:00:00, 1, 😔, 5, 3, ?, ?, [], [], 2025-08-13 06:50:41, 2025-08-13 06:50:41)) {"exception":"[object] (Illuminate\\Database\\UniqueConstraintViolationException(code: 23000): SQLSTATE[23000]: Integrity constraint violation: 19 UNIQUE constraint failed: mood_entries.user_id, mood_entries.date (Connection: sqlite, SQL: insert into \"mood_entries\" (\"user_id\", \"date\", \"mood_level\", \"mood_emoji\", \"energy_level\", \"stress_level\", \"sleep_quality\", \"notes\", \"activities\", \"emotions\", \"updated_at\", \"created_at\") values (1, 2025-08-13 00:00:00, 1, 😔, 5, 3, ?, ?, [], [], 2025-08-13 06:50:41, 2025-08-13 06:50:41)) at C:\\Users\\camar\\Bureau\\mindful-journey-ui\\back-mindful-journey-iu\\mindful-journey-back\\vendor\\laravel\\framework\\src\\Illuminate\\Database\\Connection.php:819)
[stacktrace]
#0 C:\\Users\\camar\\Bureau\\mindful-journey-ui\\back-mindful-journey-iu\\mindful-journey-back\\vendor\\laravel\\framework\\src\\Illuminate\\Database\\Connection.php(778): Illuminate\\Database\\Connection->runQueryCallback()
#1 C:\\Users\\camar\\Bureau\\mindful-journey-ui\\back-mindful-journey-iu\\mindful-journey-back\\vendor\\laravel\\framework\\src\\Illuminate\\Database\\Connection.php(559): Illuminate\\Database\\Connection->run()
#2 C:\\Users\\camar\\Bureau\\mindful-journey-ui\\back-mindful-journey-iu\\mindful-journey-back\\vendor\\laravel\\framework\\src\\Illuminate\\Database\\Connection.php(523): Illuminate\\Database\\Connection->statement()
#3 C:\\Users\\camar\\Bureau\\mindful-journey-ui\\back-mindful-journey-iu\\mindful-journey-back\\vendor\\laravel\\framework\\src\\Illuminate\\Database\\Query\\Processors\\Processor.php(32): Illuminate\\Database\\Connection->insert()
#4 C:\\Users\\camar\\Bureau\\mindful-journey-ui\\back-mindful-journey-iu\\mindful-journey-back\\vendor\\laravel\\framework\\src\\Illuminate\\Database\\Query\\Builder.php(3853): Illuminate\\Database\\Query\\Processors\\Processor->processInsertGetId()
#5 C:\\Users\\camar\\Bureau\\mindful-journey-ui\\back-mindful-journey-iu\\mindful-journey-back\\vendor\\laravel\\framework\\src\\Illuminate\\Database\\Eloquent\\Builder.php(2205): Illuminate\\Database\\Query\\Builder->insertGetId()
#6 C:\\Users\\camar\\Bureau\\mindful-journey-ui\\back-mindful-journey-iu\\mindful-journey-back\\vendor\\laravel\\framework\\src\\Illuminate\\Database\\Eloquent\\Model.php(1427): Illuminate\\Database\\Eloquent\\Builder->__call()
#7 C:\\Users\\camar\\Bureau\\mindful-journey-ui\\back-mindful-journey-iu\\mindful-journey-back\\vendor\\laravel\\framework\\src\\Illuminate\\Database\\Eloquent\\Model.php(1392): Illuminate\\Database\\Eloquent\\Model->insertAndSetId()
#8 C:\\Users\\camar\\Bureau\\mindful-journey-ui\\back-mindful-journey-iu\\mindful-journey-back\\vendor\\laravel\\framework\\src\\Illuminate\\Database\\Eloquent\\Model.php(1231): Illuminate\\Database\\Eloquent\\Model->performInsert()
#9 C:\\Users\\camar\\Bureau\\mindful-journey-ui\\back-mindful-journey-iu\\mindful-journey-back\\vendor\\laravel\\framework\\src\\Illuminate\\Database\\Eloquent\\Builder.php(1189): Illuminate\\Database\\Eloquent\\Model->save()
#10 C:\\Users\\camar\\Bureau\\mindful-journey-ui\\back-mindful-journey-iu\\mindful-journey-back\\vendor\\laravel\\framework\\src\\Illuminate\\Support\\helpers.php(399): Illuminate\\Database\\Eloquent\\Builder->Illuminate\\Database\\Eloquent\\{closure}()
#11 C:\\Users\\camar\\Bureau\\mindful-journey-ui\\back-mindful-journey-iu\\mindful-journey-back\\vendor\\laravel\\framework\\src\\Illuminate\\Database\\Eloquent\\Builder.php(1188): tap()
#12 C:\\Users\\camar\\Bureau\\mindful-journey-ui\\back-mindful-journey-iu\\mindful-journey-back\\vendor\\laravel\\framework\\src\\Illuminate\\Support\\Traits\\ForwardsCalls.php(23): Illuminate\\Database\\Eloquent\\Builder->create()
#13 C:\\Users\\camar\\Bureau\\mindful-journey-ui\\back-mindful-journey-iu\\mindful-journey-back\\vendor\\laravel\\framework\\src\\Illuminate\\Database\\Eloquent\\Model.php(2518): Illuminate\\Database\\Eloquent\\Model->forwardCallTo()
#14 C:\\Users\\camar\\Bureau\\mindful-journey-ui\\back-mindful-journey-iu\\mindful-journey-back\\vendor\\laravel\\framework\\src\\Illuminate\\Database\\Eloquent\\Model.php(2534): Illuminate\\Database\\Eloquent\\Model->__call()
#15 C:\\Users\\camar\\Bureau\\mindful-journey-ui\\back-mindful-journey-iu\\mindful-journey-back\\app\\Http\\Controllers\\Api\\MoodController.php(97): Illuminate\\Database\\Eloquent\\Model::__callStatic()
#16 C:\\Users\\camar\\Bureau\\mindful-journey-ui\\back-mindful-journey-iu\\mindful-journey-back\\vendor\\laravel\\framework\\src\\Illuminate\\Routing\\ControllerDispatcher.php(46): App\\Http\\Controllers\\Api\\MoodController->store()
#17 C:\\Users\\camar\\Bureau\\mindful-journey-ui\\back-mindful-journey-iu\\mindful-journey-back\\vendor\\laravel\\framework\\src\\Illuminate\\Routing\\Route.php(265): Illuminate\\Routing\\ControllerDispatcher->dispatch()
#18 C:\\Users\\camar\\Bureau\\mindful-journey-ui\\back-mindful-journey-iu\\mindful-journey-back\\vendor\\laravel\\framework\\src\\Illuminate\\Routing\\Route.php(211): Illuminate\\Routing\\Route->runController()
#19 C:\\Users\\camar\\Bureau\\mindful-journey-ui\\back-mindful-journey-iu\\mindful-journey-back\\vendor\\laravel\\framework\\src\\Illuminate\\Routing\\Router.php(808): Illuminate\\Routing\\Route->run()
#20 C:\\Users\\camar\\Bureau\\mindful-journey-ui\\back-mindful-journey-iu\\mindful-journey-back\\vendor\\laravel\\framework\\src\\Illuminate\\Pipeline\\Pipeline.php(169): Illuminate\\Routing\\Router->Illuminate\\Routing\\{closure}()
#21 C:\\Users\\camar\\Bureau\\mindful-journey-ui\\back-mindful-journey-iu\\mindful-journey-back\\vendor\\laravel\\framework\\src\\Illuminate\\Routing\\Middleware\\SubstituteBindings.php(50): Illuminate\\Pipeline\\Pipeline->Illuminate\\Pipeline\\{closure}()
#22 C:\\Users\\camar\\Bureau\\mindful-journey-ui\\back-mindful-journey-iu\\mindful-journey-back\\vendor\\laravel\\framework\\src\\Illuminate\\Pipeline\\Pipeline.php(208): Illuminate\\Routing\\Middleware\\SubstituteBindings->handle()
#23 C:\\Users\\camar\\Bureau\\mindful-journey-ui\\back-mindful-journey-iu\\mindful-journey-back\\vendor\\laravel\\framework\\src\\Illuminate\\Auth\\Middleware\\Authenticate.php(63): Illuminate\\Pipeline\\Pipeline->Illuminate\\Pipeline\\{closure}()
#24 C:\\Users\\camar\\Bureau\\mindful-journey-ui\\back-mindful-journey-iu\\mindful-journey-back\\vendor\\laravel\\framework\\src\\Illuminate\\Pipeline\\Pipeline.php(208): Illuminate\\Auth\\Middleware\\Authenticate->handle()
#25 C:\\Users\\camar\\Bureau\\mindful-journey-ui\\back-mindful-journey-iu\\mindful-journey-back\\vendor\\laravel\\framework\\src\\Illuminate\\Pipeline\\Pipeline.php(126): Illuminate\\Pipeline\\Pipeline->Illuminate\\Pipeline\\{closure}()
#26 C:\\Users\\camar\\Bureau\\mindful-journey-ui\\back-mindful-journey-iu\\mindful-journey-back\\vendor\\laravel\\framework\\src\\Illuminate\\Routing\\Router.php(807): Illuminate\\Pipeline\\Pipeline->then()
#27 C:\\Users\\camar\\Bureau\\mindful-journey-ui\\back-mindful-journey-iu\\mindful-journey-back\\vendor\\laravel\\framework\\src\\Illuminate\\Routing\\Router.php(786): Illuminate\\Routing\\Router->runRouteWithinStack()
#28 C:\\Users\\camar\\Bureau\\mindful-journey-ui\\back-mindful-journey-iu\\mindful-journey-back\\vendor\\laravel\\framework\\src\\Illuminate\\Routing\\Router.php(750): Illuminate\\Routing\\Router->runRoute()
#29 C:\\Users\\camar\\Bureau\\mindful-journey-ui\\back-mindful-journey-iu\\mindful-journey-back\\vendor\\laravel\\framework\\src\\Illuminate\\Routing\\Router.php(739): Illuminate\\Routing\\Router->dispatchToRoute()
#30 C:\\Users\\camar\\Bureau\\mindful-journey-ui\\back-mindful-journey-iu\\mindful-journey-back\\vendor\\laravel\\framework\\src\\Illuminate\\Foundation\\Http\\Kernel.php(200): Illuminate\\Routing\\Router->dispatch()
#31 C:\\Users\\camar\\Bureau\\mindful-journey-ui\\back-mindful-journey-iu\\mindful-journey-back\\vendor\\laravel\\framework\\src\\Illuminate\\Pipeline\\Pipeline.php(169): Illuminate\\Foundation\\Http\\Kernel->Illuminate\\Foundation\\Http\\{closure}()
#32 C:\\Users\\camar\\Bureau\\mindful-journey-ui\\back-mindful-journey-iu\\mindful-journey-back\\vendor\\laravel\\framework\\src\\Illuminate\\Foundation\\Http\\Middleware\\TransformsRequest.php(21): Illuminate\\Pipeline\\Pipeline->Illuminate\\Pipeline\\{closure}()
#33 C:\\Users\\camar\\Bureau\\mindful-journey-ui\\back-mindful-journey-iu\\mindful-journey-back\\vendor\\laravel\\framework\\src\\Illuminate\\Foundation\\Http\\Middleware\\ConvertEmptyStringsToNull.php(31): Illuminate\\Foundation\\Http\\Middleware\\TransformsRequest->handle()
#34 C:\\Users\\camar\\Bureau\\mindful-journey-ui\\back-mindful-journey-iu\\mindful-journey-back\\vendor\\laravel\\framework\\src\\Illuminate\\Pipeline\\Pipeline.php(208): Illuminate\\Foundation\\Http\\Middleware\\ConvertEmptyStringsToNull->handle()
#35 C:\\Users\\camar\\Bureau\\mindful-journey-ui\\back-mindful-journey-iu\\mindful-journey-back\\vendor\\laravel\\framework\\src\\Illuminate\\Foundation\\Http\\Middleware\\TransformsRequest.php(21): Illuminate\\Pipeline\\Pipeline->Illuminate\\Pipeline\\{closure}()
#36 C:\\Users\\camar\\Bureau\\mindful-journey-ui\\back-mindful-journey-iu\\mindful-journey-back\\vendor\\laravel\\framework\\src\\Illuminate\\Foundation\\Http\\Middleware\\TrimStrings.php(51): Illuminate\\Foundation\\Http\\Middleware\\TransformsRequest->handle()
#37 C:\\Users\\camar\\Bureau\\mindful-journey-ui\\back-mindful-journey-iu\\mindful-journey-back\\vendor\\laravel\\framework\\src\\Illuminate\\Pipeline\\Pipeline.php(208): Illuminate\\Foundation\\Http\\Middleware\\TrimStrings->handle()
#38 C:\\Users\\camar\\Bureau\\mindful-journey-ui\\back-mindful-journey-iu\\mindful-journey-back\\vendor\\laravel\\framework\\src\\Illuminate\\Http\\Middleware\\ValidatePostSize.php(27): Illuminate\\Pipeline\\Pipeline->Illuminate\\Pipeline\\{closure}()
#39 C:\\Users\\camar\\Bureau\\mindful-journey-ui\\back-mindful-journey-iu\\mindful-journey-back\\vendor\\laravel\\framework\\src\\Illuminate\\Pipeline\\Pipeline.php(208): Illuminate\\Http\\Middleware\\ValidatePostSize->handle()
#40 C:\\Users\\camar\\Bureau\\mindful-journey-ui\\back-mindful-journey-iu\\mindful-journey-back\\vendor\\laravel\\framework\\src\\Illuminate\\Foundation\\Http\\Middleware\\PreventRequestsDuringMaintenance.php(109): Illuminate\\Pipeline\\Pipeline->Illuminate\\Pipeline\\{closure}()
#41 C:\\Users\\camar\\Bureau\\mindful-journey-ui\\back-mindful-journey-iu\\mindful-journey-back\\vendor\\laravel\\framework\\src\\Illuminate\\Pipeline\\Pipeline.php(208): Illuminate\\Foundation\\Http\\Middleware\\PreventRequestsDuringMaintenance->handle()
#42 C:\\Users\\camar\\Bureau\\mindful-journey-ui\\back-mindful-journey-iu\\mindful-journey-back\\vendor\\laravel\\framework\\src\\Illuminate\\Http\\Middleware\\HandleCors.php(61): Illuminate\\Pipeline\\Pipeline->Illuminate\\Pipeline\\{closure}()
#43 C:\\Users\\camar\\Bureau\\mindful-journey-ui\\back-mindful-journey-iu\\mindful-journey-back\\vendor\\laravel\\framework\\src\\Illuminate\\Pipeline\\Pipeline.php(208): Illuminate\\Http\\Middleware\\HandleCors->handle()
#44 C:\\Users\\camar\\Bureau\\mindful-journey-ui\\back-mindful-journey-iu\\mindful-journey-back\\vendor\\laravel\\framework\\src\\Illuminate\\Http\\Middleware\\TrustProxies.php(58): Illuminate\\Pipeline\\Pipeline->Illuminate\\Pipeline\\{closure}()
#45 C:\\Users\\camar\\Bureau\\mindful-journey-ui\\back-mindful-journey-iu\\mindful-journey-back\\vendor\\laravel\\framework\\src\\Illuminate\\Pipeline\\Pipeline.php(208): Illuminate\\Http\\Middleware\\TrustProxies->handle()
#46 C:\\Users\\camar\\Bureau\\mindful-journey-ui\\back-mindful-journey-iu\\mindful-journey-back\\vendor\\laravel\\framework\\src\\Illuminate\\Foundation\\Http\\Middleware\\InvokeDeferredCallbacks.php(22): Illuminate\\Pipeline\\Pipeline->Illuminate\\Pipeline\\{closure}()
#47 C:\\Users\\camar\\Bureau\\mindful-journey-ui\\back-mindful-journey-iu\\mindful-journey-back\\vendor\\laravel\\framework\\src\\Illuminate\\Pipeline\\Pipeline.php(208): Illuminate\\Foundation\\Http\\Middleware\\InvokeDeferredCallbacks->handle()
#48 C:\\Users\\camar\\Bureau\\mindful-journey-ui\\back-mindful-journey-iu\\mindful-journey-back\\vendor\\laravel\\framework\\src\\Illuminate\\Http\\Middleware\\ValidatePathEncoding.php(26): Illuminate\\Pipeline\\Pipeline->Illuminate\\Pipeline\\{closure}()
#49 C:\\Users\\camar\\Bureau\\mindful-journey-ui\\back-mindful-journey-iu\\mindful-journey-back\\vendor\\laravel\\framework\\src\\Illuminate\\Pipeline\\Pipeline.php(208): Illuminate\\Http\\Middleware\\ValidatePathEncoding->handle()
#50 C:\\Users\\camar\\Bureau\\mindful-journey-ui\\back-mindful-journey-iu\\mindful-journey-back\\vendor\\laravel\\framework\\src\\Illuminate\\Pipeline\\Pipeline.php(126): Illuminate\\Pipeline\\Pipeline->Illuminate\\Pipeline\\{closure}()
#51 C:\\Users\\camar\\Bureau\\mindful-journey-ui\\back-mindful-journey-iu\\mindful-journey-back\\vendor\\laravel\\framework\\src\\Illuminate\\Foundation\\Http\\Kernel.php(175): Illuminate\\Pipeline\\Pipeline->then()
#52 C:\\Users\\camar\\Bureau\\mindful-journey-ui\\back-mindful-journey-iu\\mindful-journey-back\\vendor\\laravel\\framework\\src\\Illuminate\\Foundation\\Http\\Kernel.php(144): Illuminate\\Foundation\\Http\\Kernel->sendRequestThroughRouter()
#53 C:\\Users\\camar\\Bureau\\mindful-journey-ui\\back-mindful-journey-iu\\mindful-journey-back\\vendor\\laravel\\framework\\src\\Illuminate\\Foundation\\Application.php(1219): Illuminate\\Foundation\\Http\\Kernel->handle()
#54 C:\\Users\\camar\\Bureau\\mindful-journey-ui\\back-mindful-journey-iu\\mindful-journey-back\\public\\index.php(20): Illuminate\\Foundation\\Application->handleRequest()
#55 C:\\Users\\camar\\Bureau\\mindful-journey-ui\\back-mindful-journey-iu\\mindful-journey-back\\vendor\\laravel\\framework\\src\\Illuminate\\Foundation\\resources\\server.php(23): require_once('...')
#56 {main}

[previous exception] [object] (PDOException(code: 23000): SQLSTATE[23000]: Integrity constraint violation: 19 UNIQUE constraint failed: mood_entries.user_id, mood_entries.date at C:\\Users\\camar\\Bureau\\mindful-journey-ui\\back-mindful-journey-iu\\mindful-journey-back\\vendor\\laravel\\framework\\src\\Illuminate\\Database\\Connection.php:570)
[stacktrace]
#0 C:\\Users\\camar\\Bureau\\mindful-journey-ui\\back-mindful-journey-iu\\mindful-journey-back\\vendor\\laravel\\framework\\src\\Illuminate\\Database\\Connection.php(570): PDOStatement->execute()
#1 C:\\Users\\camar\\Bureau\\mindful-journey-ui\\back-mindful-journey-iu\\mindful-journey-back\\vendor\\laravel\\framework\\src\\Illuminate\\Database\\Connection.php(811): Illuminate\\Database\\Connection->Illuminate\\Database\\{closure}()
#2 C:\\Users\\camar\\Bureau\\mindful-journey-ui\\back-mindful-journey-iu\\mindful-journey-back\\vendor\\laravel\\framework\\src\\Illuminate\\Database\\Connection.php(778): Illuminate\\Database\\Connection->runQueryCallback()
#3 C:\\Users\\camar\\Bureau\\mindful-journey-ui\\back-mindful-journey-iu\\mindful-journey-back\\vendor\\laravel\\framework\\src\\Illuminate\\Database\\Connection.php(559): Illuminate\\Database\\Connection->run()
#4 C:\\Users\\camar\\Bureau\\mindful-journey-ui\\back-mindful-journey-iu\\mindful-journey-back\\vendor\\laravel\\framework\\src\\Illuminate\\Database\\Connection.php(523): Illuminate\\Database\\Connection->statement()
#5 C:\\Users\\camar\\Bureau\\mindful-journey-ui\\back-mindful-journey-iu\\mindful-journey-back\\vendor\\laravel\\framework\\src\\Illuminate\\Database\\Query\\Processors\\Processor.php(32): Illuminate\\Database\\Connection->insert()
#6 C:\\Users\\camar\\Bureau\\mindful-journey-ui\\back-mindful-journey-iu\\mindful-journey-back\\vendor\\laravel\\framework\\src\\Illuminate\\Database\\Query\\Builder.php(3853): Illuminate\\Database\\Query\\Processors\\Processor->processInsertGetId()
#7 C:\\Users\\camar\\Bureau\\mindful-journey-ui\\back-mindful-journey-iu\\mindful-journey-back\\vendor\\laravel\\framework\\src\\Illuminate\\Database\\Eloquent\\Builder.php(2205): Illuminate\\Database\\Query\\Builder->insertGetId()
#8 C:\\Users\\camar\\Bureau\\mindful-journey-ui\\back-mindful-journey-iu\\mindful-journey-back\\vendor\\laravel\\framework\\src\\Illuminate\\Database\\Eloquent\\Model.php(1427): Illuminate\\Database\\Eloquent\\Builder->__call()
#9 C:\\Users\\camar\\Bureau\\mindful-journey-ui\\back-mindful-journey-iu\\mindful-journey-back\\vendor\\laravel\\framework\\src\\Illuminate\\Database\\Eloquent\\Model.php(1392): Illuminate\\Database\\Eloquent\\Model->insertAndSetId()
#10 C:\\Users\\camar\\Bureau\\mindful-journey-ui\\back-mindful-journey-iu\\mindful-journey-back\\vendor\\laravel\\framework\\src\\Illuminate\\Database\\Eloquent\\Model.php(1231): Illuminate\\Database\\Eloquent\\Model->performInsert()
#11 C:\\Users\\camar\\Bureau\\mindful-journey-ui\\back-mindful-journey-iu\\mindful-journey-back\\vendor\\laravel\\framework\\src\\Illuminate\\Database\\Eloquent\\Builder.php(1189): Illuminate\\Database\\Eloquent\\Model->save()
#12 C:\\Users\\camar\\Bureau\\mindful-journey-ui\\back-mindful-journey-iu\\mindful-journey-back\\vendor\\laravel\\framework\\src\\Illuminate\\Support\\helpers.php(399): Illuminate\\Database\\Eloquent\\Builder->Illuminate\\Database\\Eloquent\\{closure}()
#13 C:\\Users\\camar\\Bureau\\mindful-journey-ui\\back-mindful-journey-iu\\mindful-journey-back\\vendor\\laravel\\framework\\src\\Illuminate\\Database\\Eloquent\\Builder.php(1188): tap()
#14 C:\\Users\\camar\\Bureau\\mindful-journey-ui\\back-mindful-journey-iu\\mindful-journey-back\\vendor\\laravel\\framework\\src\\Illuminate\\Support\\Traits\\ForwardsCalls.php(23): Illuminate\\Database\\Eloquent\\Builder->create()
#15 C:\\Users\\camar\\Bureau\\mindful-journey-ui\\back-mindful-journey-iu\\mindful-journey-back\\vendor\\laravel\\framework\\src\\Illuminate\\Database\\Eloquent\\Model.php(2518): Illuminate\\Database\\Eloquent\\Model->forwardCallTo()
#16 C:\\Users\\camar\\Bureau\\mindful-journey-ui\\back-mindful-journey-iu\\mindful-journey-back\\vendor\\laravel\\framework\\src\\Illuminate\\Database\\Eloquent\\Model.php(2534): Illuminate\\Database\\Eloquent\\Model->__call()
#17 C:\\Users\\camar\\Bureau\\mindful-journey-ui\\back-mindful-journey-iu\\mindful-journey-back\\app\\Http\\Controllers\\Api\\MoodController.php(97): Illuminate\\Database\\Eloquent\\Model::__callStatic()
#18 C:\\Users\\camar\\Bureau\\mindful-journey-ui\\back-mindful-journey-iu\\mindful-journey-back\\vendor\\laravel\\framework\\src\\Illuminate\\Routing\\ControllerDispatcher.php(46): App\\Http\\Controllers\\Api\\MoodController->store()
#19 C:\\Users\\camar\\Bureau\\mindful-journey-ui\\back-mindful-journey-iu\\mindful-journey-back\\vendor\\laravel\\framework\\src\\Illuminate\\Routing\\Route.php(265): Illuminate\\Routing\\ControllerDispatcher->dispatch()
#20 C:\\Users\\camar\\Bureau\\mindful-journey-ui\\back-mindful-journey-iu\\mindful-journey-back\\vendor\\laravel\\framework\\src\\Illuminate\\Routing\\Route.php(211): Illuminate\\Routing\\Route->runController()
#21 C:\\Users\\camar\\Bureau\\mindful-journey-ui\\back-mindful-journey-iu\\mindful-journey-back\\vendor\\laravel\\framework\\src\\Illuminate\\Routing\\Router.php(808): Illuminate\\Routing\\Route->run()
#22 C:\\Users\\camar\\Bureau\\mindful-journey-ui\\back-mindful-journey-iu\\mindful-journey-back\\vendor\\laravel\\framework\\src\\Illuminate\\Pipeline\\Pipeline.php(169): Illuminate\\Routing\\Router->Illuminate\\Routing\\{closure}()
#23 C:\\Users\\camar\\Bureau\\mindful-journey-ui\\back-mindful-journey-iu\\mindful-journey-back\\vendor\\laravel\\framework\\src\\Illuminate\\Routing\\Middleware\\SubstituteBindings.php(50): Illuminate\\Pipeline\\Pipeline->Illuminate\\Pipeline\\{closure}()
#24 C:\\Users\\camar\\Bureau\\mindful-journey-ui\\back-mindful-journey-iu\\mindful-journey-back\\vendor\\laravel\\framework\\src\\Illuminate\\Pipeline\\Pipeline.php(208): Illuminate\\Routing\\Middleware\\SubstituteBindings->handle()
#25 C:\\Users\\camar\\Bureau\\mindful-journey-ui\\back-mindful-journey-iu\\mindful-journey-back\\vendor\\laravel\\framework\\src\\Illuminate\\Auth\\Middleware\\Authenticate.php(63): Illuminate\\Pipeline\\Pipeline->Illuminate\\Pipeline\\{closure}()
#26 C:\\Users\\camar\\Bureau\\mindful-journey-ui\\back-mindful-journey-iu\\mindful-journey-back\\vendor\\laravel\\framework\\src\\Illuminate\\Pipeline\\Pipeline.php(208): Illuminate\\Auth\\Middleware\\Authenticate->handle()
#27 C:\\Users\\camar\\Bureau\\mindful-journey-ui\\back-mindful-journey-iu\\mindful-journey-back\\vendor\\laravel\\framework\\src\\Illuminate\\Pipeline\\Pipeline.php(126): Illuminate\\Pipeline\\Pipeline->Illuminate\\Pipeline\\{closure}()
#28 C:\\Users\\camar\\Bureau\\mindful-journey-ui\\back-mindful-journey-iu\\mindful-journey-back\\vendor\\laravel\\framework\\src\\Illuminate\\Routing\\Router.php(807): Illuminate\\Pipeline\\Pipeline->then()
#29 C:\\Users\\camar\\Bureau\\mindful-journey-ui\\back-mindful-journey-iu\\mindful-journey-back\\vendor\\laravel\\framework\\src\\Illuminate\\Routing\\Router.php(786): Illuminate\\Routing\\Router->runRouteWithinStack()
#30 C:\\Users\\camar\\Bureau\\mindful-journey-ui\\back-mindful-journey-iu\\mindful-journey-back\\vendor\\laravel\\framework\\src\\Illuminate\\Routing\\Router.php(750): Illuminate\\Routing\\Router->runRoute()
#31 C:\\Users\\camar\\Bureau\\mindful-journey-ui\\back-mindful-journey-iu\\mindful-journey-back\\vendor\\laravel\\framework\\src\\Illuminate\\Routing\\Router.php(739): Illuminate\\Routing\\Router->dispatchToRoute()
#32 C:\\Users\\camar\\Bureau\\mindful-journey-ui\\back-mindful-journey-iu\\mindful-journey-back\\vendor\\laravel\\framework\\src\\Illuminate\\Foundation\\Http\\Kernel.php(200): Illuminate\\Routing\\Router->dispatch()
#33 C:\\Users\\camar\\Bureau\\mindful-journey-ui\\back-mindful-journey-iu\\mindful-journey-back\\vendor\\laravel\\framework\\src\\Illuminate\\Pipeline\\Pipeline.php(169): Illuminate\\Foundation\\Http\\Kernel->Illuminate\\Foundation\\Http\\{closure}()
#34 C:\\Users\\camar\\Bureau\\mindful-journey-ui\\back-mindful-journey-iu\\mindful-journey-back\\vendor\\laravel\\framework\\src\\Illuminate\\Foundation\\Http\\Middleware\\TransformsRequest.php(21): Illuminate\\Pipeline\\Pipeline->Illuminate\\Pipeline\\{closure}()
#35 C:\\Users\\camar\\Bureau\\mindful-journey-ui\\back-mindful-journey-iu\\mindful-journey-back\\vendor\\laravel\\framework\\src\\Illuminate\\Foundation\\Http\\Middleware\\ConvertEmptyStringsToNull.php(31): Illuminate\\Foundation\\Http\\Middleware\\TransformsRequest->handle()
#36 C:\\Users\\camar\\Bureau\\mindful-journey-ui\\back-mindful-journey-iu\\mindful-journey-back\\vendor\\laravel\\framework\\src\\Illuminate\\Pipeline\\Pipeline.php(208): Illuminate\\Foundation\\Http\\Middleware\\ConvertEmptyStringsToNull->handle()
#37 C:\\Users\\camar\\Bureau\\mindful-journey-ui\\back-mindful-journey-iu\\mindful-journey-back\\vendor\\laravel\\framework\\src\\Illuminate\\Foundation\\Http\\Middleware\\TransformsRequest.php(21): Illuminate\\Pipeline\\Pipeline->Illuminate\\Pipeline\\{closure}()
#38 C:\\Users\\camar\\Bureau\\mindful-journey-ui\\back-mindful-journey-iu\\mindful-journey-back\\vendor\\laravel\\framework\\src\\Illuminate\\Foundation\\Http\\Middleware\\TrimStrings.php(51): Illuminate\\Foundation\\Http\\Middleware\\TransformsRequest->handle()
#39 C:\\Users\\camar\\Bureau\\mindful-journey-ui\\back-mindful-journey-iu\\mindful-journey-back\\vendor\\laravel\\framework\\src\\Illuminate\\Pipeline\\Pipeline.php(208): Illuminate\\Foundation\\Http\\Middleware\\TrimStrings->handle()
#40 C:\\Users\\camar\\Bureau\\mindful-journey-ui\\back-mindful-journey-iu\\mindful-journey-back\\vendor\\laravel\\framework\\src\\Illuminate\\Http\\Middleware\\ValidatePostSize.php(27): Illuminate\\Pipeline\\Pipeline->Illuminate\\Pipeline\\{closure}()
#41 C:\\Users\\camar\\Bureau\\mindful-journey-ui\\back-mindful-journey-iu\\mindful-journey-back\\vendor\\laravel\\framework\\src\\Illuminate\\Pipeline\\Pipeline.php(208): Illuminate\\Http\\Middleware\\ValidatePostSize->handle()
#42 C:\\Users\\camar\\Bureau\\mindful-journey-ui\\back-mindful-journey-iu\\mindful-journey-back\\vendor\\laravel\\framework\\src\\Illuminate\\Foundation\\Http\\Middleware\\PreventRequestsDuringMaintenance.php(109): Illuminate\\Pipeline\\Pipeline->Illuminate\\Pipeline\\{closure}()
#43 C:\\Users\\camar\\Bureau\\mindful-journey-ui\\back-mindful-journey-iu\\mindful-journey-back\\vendor\\laravel\\framework\\src\\Illuminate\\Pipeline\\Pipeline.php(208): Illuminate\\Foundation\\Http\\Middleware\\PreventRequestsDuringMaintenance->handle()
#44 C:\\Users\\camar\\Bureau\\mindful-journey-ui\\back-mindful-journey-iu\\mindful-journey-back\\vendor\\laravel\\framework\\src\\Illuminate\\Http\\Middleware\\HandleCors.php(61): Illuminate\\Pipeline\\Pipeline->Illuminate\\Pipeline\\{closure}()
#45 C:\\Users\\camar\\Bureau\\mindful-journey-ui\\back-mindful-journey-iu\\mindful-journey-back\\vendor\\laravel\\framework\\src\\Illuminate\\Pipeline\\Pipeline.php(208): Illuminate\\Http\\Middleware\\HandleCors->handle()
#46 C:\\Users\\camar\\Bureau\\mindful-journey-ui\\back-mindful-journey-iu\\mindful-journey-back\\vendor\\laravel\\framework\\src\\Illuminate\\Http\\Middleware\\TrustProxies.php(58): Illuminate\\Pipeline\\Pipeline->Illuminate\\Pipeline\\{closure}()
#47 C:\\Users\\camar\\Bureau\\mindful-journey-ui\\back-mindful-journey-iu\\mindful-journey-back\\vendor\\laravel\\framework\\src\\Illuminate\\Pipeline\\Pipeline.php(208): Illuminate\\Http\\Middleware\\TrustProxies->handle()
#48 C:\\Users\\camar\\Bureau\\mindful-journey-ui\\back-mindful-journey-iu\\mindful-journey-back\\vendor\\laravel\\framework\\src\\Illuminate\\Foundation\\Http\\Middleware\\InvokeDeferredCallbacks.php(22): Illuminate\\Pipeline\\Pipeline->Illuminate\\Pipeline\\{closure}()
#49 C:\\Users\\camar\\Bureau\\mindful-journey-ui\\back-mindful-journey-iu\\mindful-journey-back\\vendor\\laravel\\framework\\src\\Illuminate\\Pipeline\\Pipeline.php(208): Illuminate\\Foundation\\Http\\Middleware\\InvokeDeferredCallbacks->handle()
#50 C:\\Users\\camar\\Bureau\\mindful-journey-ui\\back-mindful-journey-iu\\mindful-journey-back\\vendor\\laravel\\framework\\src\\Illuminate\\Http\\Middleware\\ValidatePathEncoding.php(26): Illuminate\\Pipeline\\Pipeline->Illuminate\\Pipeline\\{closure}()
#51 C:\\Users\\camar\\Bureau\\mindful-journey-ui\\back-mindful-journey-iu\\mindful-journey-back\\vendor\\laravel\\framework\\src\\Illuminate\\Pipeline\\Pipeline.php(208): Illuminate\\Http\\Middleware\\ValidatePathEncoding->handle()
#52 C:\\Users\\camar\\Bureau\\mindful-journey-ui\\back-mindful-journey-iu\\mindful-journey-back\\vendor\\laravel\\framework\\src\\Illuminate\\Pipeline\\Pipeline.php(126): Illuminate\\Pipeline\\Pipeline->Illuminate\\Pipeline\\{closure}()
#53 C:\\Users\\camar\\Bureau\\mindful-journey-ui\\back-mindful-journey-iu\\mindful-journey-back\\vendor\\laravel\\framework\\src\\Illuminate\\Foundation\\Http\\Kernel.php(175): Illuminate\\Pipeline\\Pipeline->then()
#54 C:\\Users\\camar\\Bureau\\mindful-journey-ui\\back-mindful-journey-iu\\mindful-journey-back\\vendor\\laravel\\framework\\src\\Illuminate\\Foundation\\Http\\Kernel.php(144): Illuminate\\Foundation\\Http\\Kernel->sendRequestThroughRouter()
#55 C:\\Users\\camar\\Bureau\\mindful-journey-ui\\back-mindful-journey-iu\\mindful-journey-back\\vendor\\laravel\\framework\\src\\Illuminate\\Foundation\\Application.php(1219): Illuminate\\Foundation\\Http\\Kernel->handle()
#56 C:\\Users\\camar\\Bureau\\mindful-journey-ui\\back-mindful-journey-iu\\mindful-journey-back\\public\\index.php(20): Illuminate\\Foundation\\Application->handleRequest()
#57 C:\\Users\\camar\\Bureau\\mindful-journey-ui\\back-mindful-journey-iu\\mindful-journey-back\\vendor\\laravel\\framework\\src\\Illuminate\\Foundation\\resources\\server.php(23): require_once('...')
#58 {main}
","validated":{"date":"2025-08-13","mood_level":1,"mood_emoji":"😔","energy_level":5,"stress_level":3,"sleep_quality":null,"notes":null,"activities":[],"emotions":[]}} 
[2025-08-13 06:54:17] local.ERROR: Erreur lors de l'enregistrement MoodEntry: SQLSTATE[23000]: Integrity constraint violation: 19 UNIQUE constraint failed: mood_entries.user_id, mood_entries.date (Connection: sqlite, SQL: insert into "mood_entries" ("user_id", "date", "mood_level", "mood_emoji", "energy_level", "stress_level", "sleep_quality", "notes", "activities", "emotions", "updated_at", "created_at") values (1, 2025-08-13 00:00:00, 4, 😊, 5, 3, ?, ?, [], [], 2025-08-13 06:54:17, 2025-08-13 06:54:17)) {"exception":"[object] (Illuminate\\Database\\UniqueConstraintViolationException(code: 23000): SQLSTATE[23000]: Integrity constraint violation: 19 UNIQUE constraint failed: mood_entries.user_id, mood_entries.date (Connection: sqlite, SQL: insert into \"mood_entries\" (\"user_id\", \"date\", \"mood_level\", \"mood_emoji\", \"energy_level\", \"stress_level\", \"sleep_quality\", \"notes\", \"activities\", \"emotions\", \"updated_at\", \"created_at\") values (1, 2025-08-13 00:00:00, 4, 😊, 5, 3, ?, ?, [], [], 2025-08-13 06:54:17, 2025-08-13 06:54:17)) at C:\\Users\\camar\\Bureau\\mindful-journey-ui\\back-mindful-journey-iu\\mindful-journey-back\\vendor\\laravel\\framework\\src\\Illuminate\\Database\\Connection.php:819)
[stacktrace]
#0 C:\\Users\\camar\\Bureau\\mindful-journey-ui\\back-mindful-journey-iu\\mindful-journey-back\\vendor\\laravel\\framework\\src\\Illuminate\\Database\\Connection.php(778): Illuminate\\Database\\Connection->runQueryCallback()
#1 C:\\Users\\camar\\Bureau\\mindful-journey-ui\\back-mindful-journey-iu\\mindful-journey-back\\vendor\\laravel\\framework\\src\\Illuminate\\Database\\Connection.php(559): Illuminate\\Database\\Connection->run()
#2 C:\\Users\\camar\\Bureau\\mindful-journey-ui\\back-mindful-journey-iu\\mindful-journey-back\\vendor\\laravel\\framework\\src\\Illuminate\\Database\\Connection.php(523): Illuminate\\Database\\Connection->statement()
#3 C:\\Users\\camar\\Bureau\\mindful-journey-ui\\back-mindful-journey-iu\\mindful-journey-back\\vendor\\laravel\\framework\\src\\Illuminate\\Database\\Query\\Processors\\Processor.php(32): Illuminate\\Database\\Connection->insert()
#4 C:\\Users\\camar\\Bureau\\mindful-journey-ui\\back-mindful-journey-iu\\mindful-journey-back\\vendor\\laravel\\framework\\src\\Illuminate\\Database\\Query\\Builder.php(3853): Illuminate\\Database\\Query\\Processors\\Processor->processInsertGetId()
#5 C:\\Users\\camar\\Bureau\\mindful-journey-ui\\back-mindful-journey-iu\\mindful-journey-back\\vendor\\laravel\\framework\\src\\Illuminate\\Database\\Eloquent\\Builder.php(2205): Illuminate\\Database\\Query\\Builder->insertGetId()
#6 C:\\Users\\camar\\Bureau\\mindful-journey-ui\\back-mindful-journey-iu\\mindful-journey-back\\vendor\\laravel\\framework\\src\\Illuminate\\Database\\Eloquent\\Model.php(1427): Illuminate\\Database\\Eloquent\\Builder->__call()
#7 C:\\Users\\camar\\Bureau\\mindful-journey-ui\\back-mindful-journey-iu\\mindful-journey-back\\vendor\\laravel\\framework\\src\\Illuminate\\Database\\Eloquent\\Model.php(1392): Illuminate\\Database\\Eloquent\\Model->insertAndSetId()
#8 C:\\Users\\camar\\Bureau\\mindful-journey-ui\\back-mindful-journey-iu\\mindful-journey-back\\vendor\\laravel\\framework\\src\\Illuminate\\Database\\Eloquent\\Model.php(1231): Illuminate\\Database\\Eloquent\\Model->performInsert()
#9 C:\\Users\\camar\\Bureau\\mindful-journey-ui\\back-mindful-journey-iu\\mindful-journey-back\\vendor\\laravel\\framework\\src\\Illuminate\\Database\\Eloquent\\Builder.php(1189): Illuminate\\Database\\Eloquent\\Model->save()
#10 C:\\Users\\camar\\Bureau\\mindful-journey-ui\\back-mindful-journey-iu\\mindful-journey-back\\vendor\\laravel\\framework\\src\\Illuminate\\Support\\helpers.php(399): Illuminate\\Database\\Eloquent\\Builder->Illuminate\\Database\\Eloquent\\{closure}()
#11 C:\\Users\\camar\\Bureau\\mindful-journey-ui\\back-mindful-journey-iu\\mindful-journey-back\\vendor\\laravel\\framework\\src\\Illuminate\\Database\\Eloquent\\Builder.php(1188): tap()
#12 C:\\Users\\camar\\Bureau\\mindful-journey-ui\\back-mindful-journey-iu\\mindful-journey-back\\vendor\\laravel\\framework\\src\\Illuminate\\Support\\Traits\\ForwardsCalls.php(23): Illuminate\\Database\\Eloquent\\Builder->create()
#13 C:\\Users\\camar\\Bureau\\mindful-journey-ui\\back-mindful-journey-iu\\mindful-journey-back\\vendor\\laravel\\framework\\src\\Illuminate\\Database\\Eloquent\\Model.php(2518): Illuminate\\Database\\Eloquent\\Model->forwardCallTo()
#14 C:\\Users\\camar\\Bureau\\mindful-journey-ui\\back-mindful-journey-iu\\mindful-journey-back\\vendor\\laravel\\framework\\src\\Illuminate\\Database\\Eloquent\\Model.php(2534): Illuminate\\Database\\Eloquent\\Model->__call()
#15 C:\\Users\\camar\\Bureau\\mindful-journey-ui\\back-mindful-journey-iu\\mindful-journey-back\\app\\Http\\Controllers\\Api\\MoodController.php(102): Illuminate\\Database\\Eloquent\\Model::__callStatic()
#16 C:\\Users\\camar\\Bureau\\mindful-journey-ui\\back-mindful-journey-iu\\mindful-journey-back\\vendor\\laravel\\framework\\src\\Illuminate\\Routing\\ControllerDispatcher.php(46): App\\Http\\Controllers\\Api\\MoodController->store()
#17 C:\\Users\\camar\\Bureau\\mindful-journey-ui\\back-mindful-journey-iu\\mindful-journey-back\\vendor\\laravel\\framework\\src\\Illuminate\\Routing\\Route.php(265): Illuminate\\Routing\\ControllerDispatcher->dispatch()
#18 C:\\Users\\camar\\Bureau\\mindful-journey-ui\\back-mindful-journey-iu\\mindful-journey-back\\vendor\\laravel\\framework\\src\\Illuminate\\Routing\\Route.php(211): Illuminate\\Routing\\Route->runController()
#19 C:\\Users\\camar\\Bureau\\mindful-journey-ui\\back-mindful-journey-iu\\mindful-journey-back\\vendor\\laravel\\framework\\src\\Illuminate\\Routing\\Router.php(808): Illuminate\\Routing\\Route->run()
#20 C:\\Users\\camar\\Bureau\\mindful-journey-ui\\back-mindful-journey-iu\\mindful-journey-back\\vendor\\laravel\\framework\\src\\Illuminate\\Pipeline\\Pipeline.php(169): Illuminate\\Routing\\Router->Illuminate\\Routing\\{closure}()
#21 C:\\Users\\camar\\Bureau\\mindful-journey-ui\\back-mindful-journey-iu\\mindful-journey-back\\vendor\\laravel\\framework\\src\\Illuminate\\Routing\\Middleware\\SubstituteBindings.php(50): Illuminate\\Pipeline\\Pipeline->Illuminate\\Pipeline\\{closure}()
#22 C:\\Users\\camar\\Bureau\\mindful-journey-ui\\back-mindful-journey-iu\\mindful-journey-back\\vendor\\laravel\\framework\\src\\Illuminate\\Pipeline\\Pipeline.php(208): Illuminate\\Routing\\Middleware\\SubstituteBindings->handle()
#23 C:\\Users\\camar\\Bureau\\mindful-journey-ui\\back-mindful-journey-iu\\mindful-journey-back\\vendor\\laravel\\framework\\src\\Illuminate\\Auth\\Middleware\\Authenticate.php(63): Illuminate\\Pipeline\\Pipeline->Illuminate\\Pipeline\\{closure}()
#24 C:\\Users\\camar\\Bureau\\mindful-journey-ui\\back-mindful-journey-iu\\mindful-journey-back\\vendor\\laravel\\framework\\src\\Illuminate\\Pipeline\\Pipeline.php(208): Illuminate\\Auth\\Middleware\\Authenticate->handle()
#25 C:\\Users\\camar\\Bureau\\mindful-journey-ui\\back-mindful-journey-iu\\mindful-journey-back\\vendor\\laravel\\framework\\src\\Illuminate\\Pipeline\\Pipeline.php(126): Illuminate\\Pipeline\\Pipeline->Illuminate\\Pipeline\\{closure}()
#26 C:\\Users\\camar\\Bureau\\mindful-journey-ui\\back-mindful-journey-iu\\mindful-journey-back\\vendor\\laravel\\framework\\src\\Illuminate\\Routing\\Router.php(807): Illuminate\\Pipeline\\Pipeline->then()
#27 C:\\Users\\camar\\Bureau\\mindful-journey-ui\\back-mindful-journey-iu\\mindful-journey-back\\vendor\\laravel\\framework\\src\\Illuminate\\Routing\\Router.php(786): Illuminate\\Routing\\Router->runRouteWithinStack()
#28 C:\\Users\\camar\\Bureau\\mindful-journey-ui\\back-mindful-journey-iu\\mindful-journey-back\\vendor\\laravel\\framework\\src\\Illuminate\\Routing\\Router.php(750): Illuminate\\Routing\\Router->runRoute()
#29 C:\\Users\\camar\\Bureau\\mindful-journey-ui\\back-mindful-journey-iu\\mindful-journey-back\\vendor\\laravel\\framework\\src\\Illuminate\\Routing\\Router.php(739): Illuminate\\Routing\\Router->dispatchToRoute()
#30 C:\\Users\\camar\\Bureau\\mindful-journey-ui\\back-mindful-journey-iu\\mindful-journey-back\\vendor\\laravel\\framework\\src\\Illuminate\\Foundation\\Http\\Kernel.php(200): Illuminate\\Routing\\Router->dispatch()
#31 C:\\Users\\camar\\Bureau\\mindful-journey-ui\\back-mindful-journey-iu\\mindful-journey-back\\vendor\\laravel\\framework\\src\\Illuminate\\Pipeline\\Pipeline.php(169): Illuminate\\Foundation\\Http\\Kernel->Illuminate\\Foundation\\Http\\{closure}()
#32 C:\\Users\\camar\\Bureau\\mindful-journey-ui\\back-mindful-journey-iu\\mindful-journey-back\\vendor\\laravel\\framework\\src\\Illuminate\\Foundation\\Http\\Middleware\\TransformsRequest.php(21): Illuminate\\Pipeline\\Pipeline->Illuminate\\Pipeline\\{closure}()
#33 C:\\Users\\camar\\Bureau\\mindful-journey-ui\\back-mindful-journey-iu\\mindful-journey-back\\vendor\\laravel\\framework\\src\\Illuminate\\Foundation\\Http\\Middleware\\ConvertEmptyStringsToNull.php(31): Illuminate\\Foundation\\Http\\Middleware\\TransformsRequest->handle()
#34 C:\\Users\\camar\\Bureau\\mindful-journey-ui\\back-mindful-journey-iu\\mindful-journey-back\\vendor\\laravel\\framework\\src\\Illuminate\\Pipeline\\Pipeline.php(208): Illuminate\\Foundation\\Http\\Middleware\\ConvertEmptyStringsToNull->handle()
#35 C:\\Users\\camar\\Bureau\\mindful-journey-ui\\back-mindful-journey-iu\\mindful-journey-back\\vendor\\laravel\\framework\\src\\Illuminate\\Foundation\\Http\\Middleware\\TransformsRequest.php(21): Illuminate\\Pipeline\\Pipeline->Illuminate\\Pipeline\\{closure}()
#36 C:\\Users\\camar\\Bureau\\mindful-journey-ui\\back-mindful-journey-iu\\mindful-journey-back\\vendor\\laravel\\framework\\src\\Illuminate\\Foundation\\Http\\Middleware\\TrimStrings.php(51): Illuminate\\Foundation\\Http\\Middleware\\TransformsRequest->handle()
#37 C:\\Users\\camar\\Bureau\\mindful-journey-ui\\back-mindful-journey-iu\\mindful-journey-back\\vendor\\laravel\\framework\\src\\Illuminate\\Pipeline\\Pipeline.php(208): Illuminate\\Foundation\\Http\\Middleware\\TrimStrings->handle()
#38 C:\\Users\\camar\\Bureau\\mindful-journey-ui\\back-mindful-journey-iu\\mindful-journey-back\\vendor\\laravel\\framework\\src\\Illuminate\\Http\\Middleware\\ValidatePostSize.php(27): Illuminate\\Pipeline\\Pipeline->Illuminate\\Pipeline\\{closure}()
#39 C:\\Users\\camar\\Bureau\\mindful-journey-ui\\back-mindful-journey-iu\\mindful-journey-back\\vendor\\laravel\\framework\\src\\Illuminate\\Pipeline\\Pipeline.php(208): Illuminate\\Http\\Middleware\\ValidatePostSize->handle()
#40 C:\\Users\\camar\\Bureau\\mindful-journey-ui\\back-mindful-journey-iu\\mindful-journey-back\\vendor\\laravel\\framework\\src\\Illuminate\\Foundation\\Http\\Middleware\\PreventRequestsDuringMaintenance.php(109): Illuminate\\Pipeline\\Pipeline->Illuminate\\Pipeline\\{closure}()
#41 C:\\Users\\camar\\Bureau\\mindful-journey-ui\\back-mindful-journey-iu\\mindful-journey-back\\vendor\\laravel\\framework\\src\\Illuminate\\Pipeline\\Pipeline.php(208): Illuminate\\Foundation\\Http\\Middleware\\PreventRequestsDuringMaintenance->handle()
#42 C:\\Users\\camar\\Bureau\\mindful-journey-ui\\back-mindful-journey-iu\\mindful-journey-back\\vendor\\laravel\\framework\\src\\Illuminate\\Http\\Middleware\\HandleCors.php(61): Illuminate\\Pipeline\\Pipeline->Illuminate\\Pipeline\\{closure}()
#43 C:\\Users\\camar\\Bureau\\mindful-journey-ui\\back-mindful-journey-iu\\mindful-journey-back\\vendor\\laravel\\framework\\src\\Illuminate\\Pipeline\\Pipeline.php(208): Illuminate\\Http\\Middleware\\HandleCors->handle()
#44 C:\\Users\\camar\\Bureau\\mindful-journey-ui\\back-mindful-journey-iu\\mindful-journey-back\\vendor\\laravel\\framework\\src\\Illuminate\\Http\\Middleware\\TrustProxies.php(58): Illuminate\\Pipeline\\Pipeline->Illuminate\\Pipeline\\{closure}()
#45 C:\\Users\\camar\\Bureau\\mindful-journey-ui\\back-mindful-journey-iu\\mindful-journey-back\\vendor\\laravel\\framework\\src\\Illuminate\\Pipeline\\Pipeline.php(208): Illuminate\\Http\\Middleware\\TrustProxies->handle()
#46 C:\\Users\\camar\\Bureau\\mindful-journey-ui\\back-mindful-journey-iu\\mindful-journey-back\\vendor\\laravel\\framework\\src\\Illuminate\\Foundation\\Http\\Middleware\\InvokeDeferredCallbacks.php(22): Illuminate\\Pipeline\\Pipeline->Illuminate\\Pipeline\\{closure}()
#47 C:\\Users\\camar\\Bureau\\mindful-journey-ui\\back-mindful-journey-iu\\mindful-journey-back\\vendor\\laravel\\framework\\src\\Illuminate\\Pipeline\\Pipeline.php(208): Illuminate\\Foundation\\Http\\Middleware\\InvokeDeferredCallbacks->handle()
#48 C:\\Users\\camar\\Bureau\\mindful-journey-ui\\back-mindful-journey-iu\\mindful-journey-back\\vendor\\laravel\\framework\\src\\Illuminate\\Http\\Middleware\\ValidatePathEncoding.php(26): Illuminate\\Pipeline\\Pipeline->Illuminate\\Pipeline\\{closure}()
#49 C:\\Users\\camar\\Bureau\\mindful-journey-ui\\back-mindful-journey-iu\\mindful-journey-back\\vendor\\laravel\\framework\\src\\Illuminate\\Pipeline\\Pipeline.php(208): Illuminate\\Http\\Middleware\\ValidatePathEncoding->handle()
#50 C:\\Users\\camar\\Bureau\\mindful-journey-ui\\back-mindful-journey-iu\\mindful-journey-back\\vendor\\laravel\\framework\\src\\Illuminate\\Pipeline\\Pipeline.php(126): Illuminate\\Pipeline\\Pipeline->Illuminate\\Pipeline\\{closure}()
#51 C:\\Users\\camar\\Bureau\\mindful-journey-ui\\back-mindful-journey-iu\\mindful-journey-back\\vendor\\laravel\\framework\\src\\Illuminate\\Foundation\\Http\\Kernel.php(175): Illuminate\\Pipeline\\Pipeline->then()
#52 C:\\Users\\camar\\Bureau\\mindful-journey-ui\\back-mindful-journey-iu\\mindful-journey-back\\vendor\\laravel\\framework\\src\\Illuminate\\Foundation\\Http\\Kernel.php(144): Illuminate\\Foundation\\Http\\Kernel->sendRequestThroughRouter()
#53 C:\\Users\\camar\\Bureau\\mindful-journey-ui\\back-mindful-journey-iu\\mindful-journey-back\\vendor\\laravel\\framework\\src\\Illuminate\\Foundation\\Application.php(1219): Illuminate\\Foundation\\Http\\Kernel->handle()
#54 C:\\Users\\camar\\Bureau\\mindful-journey-ui\\back-mindful-journey-iu\\mindful-journey-back\\public\\index.php(20): Illuminate\\Foundation\\Application->handleRequest()
#55 C:\\Users\\camar\\Bureau\\mindful-journey-ui\\back-mindful-journey-iu\\mindful-journey-back\\vendor\\laravel\\framework\\src\\Illuminate\\Foundation\\resources\\server.php(23): require_once('...')
#56 {main}

[previous exception] [object] (PDOException(code: 23000): SQLSTATE[23000]: Integrity constraint violation: 19 UNIQUE constraint failed: mood_entries.user_id, mood_entries.date at C:\\Users\\camar\\Bureau\\mindful-journey-ui\\back-mindful-journey-iu\\mindful-journey-back\\vendor\\laravel\\framework\\src\\Illuminate\\Database\\Connection.php:570)
[stacktrace]
#0 C:\\Users\\camar\\Bureau\\mindful-journey-ui\\back-mindful-journey-iu\\mindful-journey-back\\vendor\\laravel\\framework\\src\\Illuminate\\Database\\Connection.php(570): PDOStatement->execute()
#1 C:\\Users\\camar\\Bureau\\mindful-journey-ui\\back-mindful-journey-iu\\mindful-journey-back\\vendor\\laravel\\framework\\src\\Illuminate\\Database\\Connection.php(811): Illuminate\\Database\\Connection->Illuminate\\Database\\{closure}()
#2 C:\\Users\\camar\\Bureau\\mindful-journey-ui\\back-mindful-journey-iu\\mindful-journey-back\\vendor\\laravel\\framework\\src\\Illuminate\\Database\\Connection.php(778): Illuminate\\Database\\Connection->runQueryCallback()
#3 C:\\Users\\camar\\Bureau\\mindful-journey-ui\\back-mindful-journey-iu\\mindful-journey-back\\vendor\\laravel\\framework\\src\\Illuminate\\Database\\Connection.php(559): Illuminate\\Database\\Connection->run()
#4 C:\\Users\\camar\\Bureau\\mindful-journey-ui\\back-mindful-journey-iu\\mindful-journey-back\\vendor\\laravel\\framework\\src\\Illuminate\\Database\\Connection.php(523): Illuminate\\Database\\Connection->statement()
#5 C:\\Users\\camar\\Bureau\\mindful-journey-ui\\back-mindful-journey-iu\\mindful-journey-back\\vendor\\laravel\\framework\\src\\Illuminate\\Database\\Query\\Processors\\Processor.php(32): Illuminate\\Database\\Connection->insert()
#6 C:\\Users\\camar\\Bureau\\mindful-journey-ui\\back-mindful-journey-iu\\mindful-journey-back\\vendor\\laravel\\framework\\src\\Illuminate\\Database\\Query\\Builder.php(3853): Illuminate\\Database\\Query\\Processors\\Processor->processInsertGetId()
#7 C:\\Users\\camar\\Bureau\\mindful-journey-ui\\back-mindful-journey-iu\\mindful-journey-back\\vendor\\laravel\\framework\\src\\Illuminate\\Database\\Eloquent\\Builder.php(2205): Illuminate\\Database\\Query\\Builder->insertGetId()
#8 C:\\Users\\camar\\Bureau\\mindful-journey-ui\\back-mindful-journey-iu\\mindful-journey-back\\vendor\\laravel\\framework\\src\\Illuminate\\Database\\Eloquent\\Model.php(1427): Illuminate\\Database\\Eloquent\\Builder->__call()
#9 C:\\Users\\camar\\Bureau\\mindful-journey-ui\\back-mindful-journey-iu\\mindful-journey-back\\vendor\\laravel\\framework\\src\\Illuminate\\Database\\Eloquent\\Model.php(1392): Illuminate\\Database\\Eloquent\\Model->insertAndSetId()
#10 C:\\Users\\camar\\Bureau\\mindful-journey-ui\\back-mindful-journey-iu\\mindful-journey-back\\vendor\\laravel\\framework\\src\\Illuminate\\Database\\Eloquent\\Model.php(1231): Illuminate\\Database\\Eloquent\\Model->performInsert()
#11 C:\\Users\\camar\\Bureau\\mindful-journey-ui\\back-mindful-journey-iu\\mindful-journey-back\\vendor\\laravel\\framework\\src\\Illuminate\\Database\\Eloquent\\Builder.php(1189): Illuminate\\Database\\Eloquent\\Model->save()
#12 C:\\Users\\camar\\Bureau\\mindful-journey-ui\\back-mindful-journey-iu\\mindful-journey-back\\vendor\\laravel\\framework\\src\\Illuminate\\Support\\helpers.php(399): Illuminate\\Database\\Eloquent\\Builder->Illuminate\\Database\\Eloquent\\{closure}()
#13 C:\\Users\\camar\\Bureau\\mindful-journey-ui\\back-mindful-journey-iu\\mindful-journey-back\\vendor\\laravel\\framework\\src\\Illuminate\\Database\\Eloquent\\Builder.php(1188): tap()
#14 C:\\Users\\camar\\Bureau\\mindful-journey-ui\\back-mindful-journey-iu\\mindful-journey-back\\vendor\\laravel\\framework\\src\\Illuminate\\Support\\Traits\\ForwardsCalls.php(23): Illuminate\\Database\\Eloquent\\Builder->create()
#15 C:\\Users\\camar\\Bureau\\mindful-journey-ui\\back-mindful-journey-iu\\mindful-journey-back\\vendor\\laravel\\framework\\src\\Illuminate\\Database\\Eloquent\\Model.php(2518): Illuminate\\Database\\Eloquent\\Model->forwardCallTo()
#16 C:\\Users\\camar\\Bureau\\mindful-journey-ui\\back-mindful-journey-iu\\mindful-journey-back\\vendor\\laravel\\framework\\src\\Illuminate\\Database\\Eloquent\\Model.php(2534): Illuminate\\Database\\Eloquent\\Model->__call()
#17 C:\\Users\\camar\\Bureau\\mindful-journey-ui\\back-mindful-journey-iu\\mindful-journey-back\\app\\Http\\Controllers\\Api\\MoodController.php(102): Illuminate\\Database\\Eloquent\\Model::__callStatic()
#18 C:\\Users\\camar\\Bureau\\mindful-journey-ui\\back-mindful-journey-iu\\mindful-journey-back\\vendor\\laravel\\framework\\src\\Illuminate\\Routing\\ControllerDispatcher.php(46): App\\Http\\Controllers\\Api\\MoodController->store()
#19 C:\\Users\\camar\\Bureau\\mindful-journey-ui\\back-mindful-journey-iu\\mindful-journey-back\\vendor\\laravel\\framework\\src\\Illuminate\\Routing\\Route.php(265): Illuminate\\Routing\\ControllerDispatcher->dispatch()
#20 C:\\Users\\camar\\Bureau\\mindful-journey-ui\\back-mindful-journey-iu\\mindful-journey-back\\vendor\\laravel\\framework\\src\\Illuminate\\Routing\\Route.php(211): Illuminate\\Routing\\Route->runController()
#21 C:\\Users\\camar\\Bureau\\mindful-journey-ui\\back-mindful-journey-iu\\mindful-journey-back\\vendor\\laravel\\framework\\src\\Illuminate\\Routing\\Router.php(808): Illuminate\\Routing\\Route->run()
#22 C:\\Users\\camar\\Bureau\\mindful-journey-ui\\back-mindful-journey-iu\\mindful-journey-back\\vendor\\laravel\\framework\\src\\Illuminate\\Pipeline\\Pipeline.php(169): Illuminate\\Routing\\Router->Illuminate\\Routing\\{closure}()
#23 C:\\Users\\camar\\Bureau\\mindful-journey-ui\\back-mindful-journey-iu\\mindful-journey-back\\vendor\\laravel\\framework\\src\\Illuminate\\Routing\\Middleware\\SubstituteBindings.php(50): Illuminate\\Pipeline\\Pipeline->Illuminate\\Pipeline\\{closure}()
#24 C:\\Users\\camar\\Bureau\\mindful-journey-ui\\back-mindful-journey-iu\\mindful-journey-back\\vendor\\laravel\\framework\\src\\Illuminate\\Pipeline\\Pipeline.php(208): Illuminate\\Routing\\Middleware\\SubstituteBindings->handle()
#25 C:\\Users\\camar\\Bureau\\mindful-journey-ui\\back-mindful-journey-iu\\mindful-journey-back\\vendor\\laravel\\framework\\src\\Illuminate\\Auth\\Middleware\\Authenticate.php(63): Illuminate\\Pipeline\\Pipeline->Illuminate\\Pipeline\\{closure}()
#26 C:\\Users\\camar\\Bureau\\mindful-journey-ui\\back-mindful-journey-iu\\mindful-journey-back\\vendor\\laravel\\framework\\src\\Illuminate\\Pipeline\\Pipeline.php(208): Illuminate\\Auth\\Middleware\\Authenticate->handle()
#27 C:\\Users\\camar\\Bureau\\mindful-journey-ui\\back-mindful-journey-iu\\mindful-journey-back\\vendor\\laravel\\framework\\src\\Illuminate\\Pipeline\\Pipeline.php(126): Illuminate\\Pipeline\\Pipeline->Illuminate\\Pipeline\\{closure}()
#28 C:\\Users\\camar\\Bureau\\mindful-journey-ui\\back-mindful-journey-iu\\mindful-journey-back\\vendor\\laravel\\framework\\src\\Illuminate\\Routing\\Router.php(807): Illuminate\\Pipeline\\Pipeline->then()
#29 C:\\Users\\camar\\Bureau\\mindful-journey-ui\\back-mindful-journey-iu\\mindful-journey-back\\vendor\\laravel\\framework\\src\\Illuminate\\Routing\\Router.php(786): Illuminate\\Routing\\Router->runRouteWithinStack()
#30 C:\\Users\\camar\\Bureau\\mindful-journey-ui\\back-mindful-journey-iu\\mindful-journey-back\\vendor\\laravel\\framework\\src\\Illuminate\\Routing\\Router.php(750): Illuminate\\Routing\\Router->runRoute()
#31 C:\\Users\\camar\\Bureau\\mindful-journey-ui\\back-mindful-journey-iu\\mindful-journey-back\\vendor\\laravel\\framework\\src\\Illuminate\\Routing\\Router.php(739): Illuminate\\Routing\\Router->dispatchToRoute()
#32 C:\\Users\\camar\\Bureau\\mindful-journey-ui\\back-mindful-journey-iu\\mindful-journey-back\\vendor\\laravel\\framework\\src\\Illuminate\\Foundation\\Http\\Kernel.php(200): Illuminate\\Routing\\Router->dispatch()
#33 C:\\Users\\camar\\Bureau\\mindful-journey-ui\\back-mindful-journey-iu\\mindful-journey-back\\vendor\\laravel\\framework\\src\\Illuminate\\Pipeline\\Pipeline.php(169): Illuminate\\Foundation\\Http\\Kernel->Illuminate\\Foundation\\Http\\{closure}()
#34 C:\\Users\\camar\\Bureau\\mindful-journey-ui\\back-mindful-journey-iu\\mindful-journey-back\\vendor\\laravel\\framework\\src\\Illuminate\\Foundation\\Http\\Middleware\\TransformsRequest.php(21): Illuminate\\Pipeline\\Pipeline->Illuminate\\Pipeline\\{closure}()
#35 C:\\Users\\camar\\Bureau\\mindful-journey-ui\\back-mindful-journey-iu\\mindful-journey-back\\vendor\\laravel\\framework\\src\\Illuminate\\Foundation\\Http\\Middleware\\ConvertEmptyStringsToNull.php(31): Illuminate\\Foundation\\Http\\Middleware\\TransformsRequest->handle()
#36 C:\\Users\\camar\\Bureau\\mindful-journey-ui\\back-mindful-journey-iu\\mindful-journey-back\\vendor\\laravel\\framework\\src\\Illuminate\\Pipeline\\Pipeline.php(208): Illuminate\\Foundation\\Http\\Middleware\\ConvertEmptyStringsToNull->handle()
#37 C:\\Users\\camar\\Bureau\\mindful-journey-ui\\back-mindful-journey-iu\\mindful-journey-back\\vendor\\laravel\\framework\\src\\Illuminate\\Foundation\\Http\\Middleware\\TransformsRequest.php(21): Illuminate\\Pipeline\\Pipeline->Illuminate\\Pipeline\\{closure}()
#38 C:\\Users\\camar\\Bureau\\mindful-journey-ui\\back-mindful-journey-iu\\mindful-journey-back\\vendor\\laravel\\framework\\src\\Illuminate\\Foundation\\Http\\Middleware\\TrimStrings.php(51): Illuminate\\Foundation\\Http\\Middleware\\TransformsRequest->handle()
#39 C:\\Users\\camar\\Bureau\\mindful-journey-ui\\back-mindful-journey-iu\\mindful-journey-back\\vendor\\laravel\\framework\\src\\Illuminate\\Pipeline\\Pipeline.php(208): Illuminate\\Foundation\\Http\\Middleware\\TrimStrings->handle()
#40 C:\\Users\\camar\\Bureau\\mindful-journey-ui\\back-mindful-journey-iu\\mindful-journey-back\\vendor\\laravel\\framework\\src\\Illuminate\\Http\\Middleware\\ValidatePostSize.php(27): Illuminate\\Pipeline\\Pipeline->Illuminate\\Pipeline\\{closure}()
#41 C:\\Users\\camar\\Bureau\\mindful-journey-ui\\back-mindful-journey-iu\\mindful-journey-back\\vendor\\laravel\\framework\\src\\Illuminate\\Pipeline\\Pipeline.php(208): Illuminate\\Http\\Middleware\\ValidatePostSize->handle()
#42 C:\\Users\\camar\\Bureau\\mindful-journey-ui\\back-mindful-journey-iu\\mindful-journey-back\\vendor\\laravel\\framework\\src\\Illuminate\\Foundation\\Http\\Middleware\\PreventRequestsDuringMaintenance.php(109): Illuminate\\Pipeline\\Pipeline->Illuminate\\Pipeline\\{closure}()
#43 C:\\Users\\camar\\Bureau\\mindful-journey-ui\\back-mindful-journey-iu\\mindful-journey-back\\vendor\\laravel\\framework\\src\\Illuminate\\Pipeline\\Pipeline.php(208): Illuminate\\Foundation\\Http\\Middleware\\PreventRequestsDuringMaintenance->handle()
#44 C:\\Users\\camar\\Bureau\\mindful-journey-ui\\back-mindful-journey-iu\\mindful-journey-back\\vendor\\laravel\\framework\\src\\Illuminate\\Http\\Middleware\\HandleCors.php(61): Illuminate\\Pipeline\\Pipeline->Illuminate\\Pipeline\\{closure}()
#45 C:\\Users\\camar\\Bureau\\mindful-journey-ui\\back-mindful-journey-iu\\mindful-journey-back\\vendor\\laravel\\framework\\src\\Illuminate\\Pipeline\\Pipeline.php(208): Illuminate\\Http\\Middleware\\HandleCors->handle()
#46 C:\\Users\\camar\\Bureau\\mindful-journey-ui\\back-mindful-journey-iu\\mindful-journey-back\\vendor\\laravel\\framework\\src\\Illuminate\\Http\\Middleware\\TrustProxies.php(58): Illuminate\\Pipeline\\Pipeline->Illuminate\\Pipeline\\{closure}()
#47 C:\\Users\\camar\\Bureau\\mindful-journey-ui\\back-mindful-journey-iu\\mindful-journey-back\\vendor\\laravel\\framework\\src\\Illuminate\\Pipeline\\Pipeline.php(208): Illuminate\\Http\\Middleware\\TrustProxies->handle()
#48 C:\\Users\\camar\\Bureau\\mindful-journey-ui\\back-mindful-journey-iu\\mindful-journey-back\\vendor\\laravel\\framework\\src\\Illuminate\\Foundation\\Http\\Middleware\\InvokeDeferredCallbacks.php(22): Illuminate\\Pipeline\\Pipeline->Illuminate\\Pipeline\\{closure}()
#49 C:\\Users\\camar\\Bureau\\mindful-journey-ui\\back-mindful-journey-iu\\mindful-journey-back\\vendor\\laravel\\framework\\src\\Illuminate\\Pipeline\\Pipeline.php(208): Illuminate\\Foundation\\Http\\Middleware\\InvokeDeferredCallbacks->handle()
#50 C:\\Users\\camar\\Bureau\\mindful-journey-ui\\back-mindful-journey-iu\\mindful-journey-back\\vendor\\laravel\\framework\\src\\Illuminate\\Http\\Middleware\\ValidatePathEncoding.php(26): Illuminate\\Pipeline\\Pipeline->Illuminate\\Pipeline\\{closure}()
#51 C:\\Users\\camar\\Bureau\\mindful-journey-ui\\back-mindful-journey-iu\\mindful-journey-back\\vendor\\laravel\\framework\\src\\Illuminate\\Pipeline\\Pipeline.php(208): Illuminate\\Http\\Middleware\\ValidatePathEncoding->handle()
#52 C:\\Users\\camar\\Bureau\\mindful-journey-ui\\back-mindful-journey-iu\\mindful-journey-back\\vendor\\laravel\\framework\\src\\Illuminate\\Pipeline\\Pipeline.php(126): Illuminate\\Pipeline\\Pipeline->Illuminate\\Pipeline\\{closure}()
#53 C:\\Users\\camar\\Bureau\\mindful-journey-ui\\back-mindful-journey-iu\\mindful-journey-back\\vendor\\laravel\\framework\\src\\Illuminate\\Foundation\\Http\\Kernel.php(175): Illuminate\\Pipeline\\Pipeline->then()
#54 C:\\Users\\camar\\Bureau\\mindful-journey-ui\\back-mindful-journey-iu\\mindful-journey-back\\vendor\\laravel\\framework\\src\\Illuminate\\Foundation\\Http\\Kernel.php(144): Illuminate\\Foundation\\Http\\Kernel->sendRequestThroughRouter()
#55 C:\\Users\\camar\\Bureau\\mindful-journey-ui\\back-mindful-journey-iu\\mindful-journey-back\\vendor\\laravel\\framework\\src\\Illuminate\\Foundation\\Application.php(1219): Illuminate\\Foundation\\Http\\Kernel->handle()
#56 C:\\Users\\camar\\Bureau\\mindful-journey-ui\\back-mindful-journey-iu\\mindful-journey-back\\public\\index.php(20): Illuminate\\Foundation\\Application->handleRequest()
#57 C:\\Users\\camar\\Bureau\\mindful-journey-ui\\back-mindful-journey-iu\\mindful-journey-back\\vendor\\laravel\\framework\\src\\Illuminate\\Foundation\\resources\\server.php(23): require_once('...')
#58 {main}
","validated":{"date":"2025-08-13","mood_level":4,"mood_emoji":"😊","energy_level":5,"stress_level":3,"sleep_quality":null,"notes":null,"activities":[],"emotions":[]}} 
[2025-08-13 06:54:19] local.ERROR: Erreur lors de l'enregistrement MoodEntry: SQLSTATE[23000]: Integrity constraint violation: 19 UNIQUE constraint failed: mood_entries.user_id, mood_entries.date (Connection: sqlite, SQL: insert into "mood_entries" ("user_id", "date", "mood_level", "mood_emoji", "energy_level", "stress_level", "sleep_quality", "notes", "activities", "emotions", "updated_at", "created_at") values (1, 2025-08-13 00:00:00, 3, 🙂, 5, 3, ?, ?, [], [], 2025-08-13 06:54:19, 2025-08-13 06:54:19)) {"exception":"[object] (Illuminate\\Database\\UniqueConstraintViolationException(code: 23000): SQLSTATE[23000]: Integrity constraint violation: 19 UNIQUE constraint failed: mood_entries.user_id, mood_entries.date (Connection: sqlite, SQL: insert into \"mood_entries\" (\"user_id\", \"date\", \"mood_level\", \"mood_emoji\", \"energy_level\", \"stress_level\", \"sleep_quality\", \"notes\", \"activities\", \"emotions\", \"updated_at\", \"created_at\") values (1, 2025-08-13 00:00:00, 3, 🙂, 5, 3, ?, ?, [], [], 2025-08-13 06:54:19, 2025-08-13 06:54:19)) at C:\\Users\\camar\\Bureau\\mindful-journey-ui\\back-mindful-journey-iu\\mindful-journey-back\\vendor\\laravel\\framework\\src\\Illuminate\\Database\\Connection.php:819)
[stacktrace]
#0 C:\\Users\\camar\\Bureau\\mindful-journey-ui\\back-mindful-journey-iu\\mindful-journey-back\\vendor\\laravel\\framework\\src\\Illuminate\\Database\\Connection.php(778): Illuminate\\Database\\Connection->runQueryCallback()
#1 C:\\Users\\camar\\Bureau\\mindful-journey-ui\\back-mindful-journey-iu\\mindful-journey-back\\vendor\\laravel\\framework\\src\\Illuminate\\Database\\Connection.php(559): Illuminate\\Database\\Connection->run()
#2 C:\\Users\\camar\\Bureau\\mindful-journey-ui\\back-mindful-journey-iu\\mindful-journey-back\\vendor\\laravel\\framework\\src\\Illuminate\\Database\\Connection.php(523): Illuminate\\Database\\Connection->statement()
#3 C:\\Users\\camar\\Bureau\\mindful-journey-ui\\back-mindful-journey-iu\\mindful-journey-back\\vendor\\laravel\\framework\\src\\Illuminate\\Database\\Query\\Processors\\Processor.php(32): Illuminate\\Database\\Connection->insert()
#4 C:\\Users\\camar\\Bureau\\mindful-journey-ui\\back-mindful-journey-iu\\mindful-journey-back\\vendor\\laravel\\framework\\src\\Illuminate\\Database\\Query\\Builder.php(3853): Illuminate\\Database\\Query\\Processors\\Processor->processInsertGetId()
#5 C:\\Users\\camar\\Bureau\\mindful-journey-ui\\back-mindful-journey-iu\\mindful-journey-back\\vendor\\laravel\\framework\\src\\Illuminate\\Database\\Eloquent\\Builder.php(2205): Illuminate\\Database\\Query\\Builder->insertGetId()
#6 C:\\Users\\camar\\Bureau\\mindful-journey-ui\\back-mindful-journey-iu\\mindful-journey-back\\vendor\\laravel\\framework\\src\\Illuminate\\Database\\Eloquent\\Model.php(1427): Illuminate\\Database\\Eloquent\\Builder->__call()
#7 C:\\Users\\camar\\Bureau\\mindful-journey-ui\\back-mindful-journey-iu\\mindful-journey-back\\vendor\\laravel\\framework\\src\\Illuminate\\Database\\Eloquent\\Model.php(1392): Illuminate\\Database\\Eloquent\\Model->insertAndSetId()
#8 C:\\Users\\camar\\Bureau\\mindful-journey-ui\\back-mindful-journey-iu\\mindful-journey-back\\vendor\\laravel\\framework\\src\\Illuminate\\Database\\Eloquent\\Model.php(1231): Illuminate\\Database\\Eloquent\\Model->performInsert()
#9 C:\\Users\\camar\\Bureau\\mindful-journey-ui\\back-mindful-journey-iu\\mindful-journey-back\\vendor\\laravel\\framework\\src\\Illuminate\\Database\\Eloquent\\Builder.php(1189): Illuminate\\Database\\Eloquent\\Model->save()
#10 C:\\Users\\camar\\Bureau\\mindful-journey-ui\\back-mindful-journey-iu\\mindful-journey-back\\vendor\\laravel\\framework\\src\\Illuminate\\Support\\helpers.php(399): Illuminate\\Database\\Eloquent\\Builder->Illuminate\\Database\\Eloquent\\{closure}()
#11 C:\\Users\\camar\\Bureau\\mindful-journey-ui\\back-mindful-journey-iu\\mindful-journey-back\\vendor\\laravel\\framework\\src\\Illuminate\\Database\\Eloquent\\Builder.php(1188): tap()
#12 C:\\Users\\camar\\Bureau\\mindful-journey-ui\\back-mindful-journey-iu\\mindful-journey-back\\vendor\\laravel\\framework\\src\\Illuminate\\Support\\Traits\\ForwardsCalls.php(23): Illuminate\\Database\\Eloquent\\Builder->create()
#13 C:\\Users\\camar\\Bureau\\mindful-journey-ui\\back-mindful-journey-iu\\mindful-journey-back\\vendor\\laravel\\framework\\src\\Illuminate\\Database\\Eloquent\\Model.php(2518): Illuminate\\Database\\Eloquent\\Model->forwardCallTo()
#14 C:\\Users\\camar\\Bureau\\mindful-journey-ui\\back-mindful-journey-iu\\mindful-journey-back\\vendor\\laravel\\framework\\src\\Illuminate\\Database\\Eloquent\\Model.php(2534): Illuminate\\Database\\Eloquent\\Model->__call()
#15 C:\\Users\\camar\\Bureau\\mindful-journey-ui\\back-mindful-journey-iu\\mindful-journey-back\\app\\Http\\Controllers\\Api\\MoodController.php(102): Illuminate\\Database\\Eloquent\\Model::__callStatic()
#16 C:\\Users\\camar\\Bureau\\mindful-journey-ui\\back-mindful-journey-iu\\mindful-journey-back\\vendor\\laravel\\framework\\src\\Illuminate\\Routing\\ControllerDispatcher.php(46): App\\Http\\Controllers\\Api\\MoodController->store()
#17 C:\\Users\\camar\\Bureau\\mindful-journey-ui\\back-mindful-journey-iu\\mindful-journey-back\\vendor\\laravel\\framework\\src\\Illuminate\\Routing\\Route.php(265): Illuminate\\Routing\\ControllerDispatcher->dispatch()
#18 C:\\Users\\camar\\Bureau\\mindful-journey-ui\\back-mindful-journey-iu\\mindful-journey-back\\vendor\\laravel\\framework\\src\\Illuminate\\Routing\\Route.php(211): Illuminate\\Routing\\Route->runController()
#19 C:\\Users\\camar\\Bureau\\mindful-journey-ui\\back-mindful-journey-iu\\mindful-journey-back\\vendor\\laravel\\framework\\src\\Illuminate\\Routing\\Router.php(808): Illuminate\\Routing\\Route->run()
#20 C:\\Users\\camar\\Bureau\\mindful-journey-ui\\back-mindful-journey-iu\\mindful-journey-back\\vendor\\laravel\\framework\\src\\Illuminate\\Pipeline\\Pipeline.php(169): Illuminate\\Routing\\Router->Illuminate\\Routing\\{closure}()
#21 C:\\Users\\camar\\Bureau\\mindful-journey-ui\\back-mindful-journey-iu\\mindful-journey-back\\vendor\\laravel\\framework\\src\\Illuminate\\Routing\\Middleware\\SubstituteBindings.php(50): Illuminate\\Pipeline\\Pipeline->Illuminate\\Pipeline\\{closure}()
#22 C:\\Users\\camar\\Bureau\\mindful-journey-ui\\back-mindful-journey-iu\\mindful-journey-back\\vendor\\laravel\\framework\\src\\Illuminate\\Pipeline\\Pipeline.php(208): Illuminate\\Routing\\Middleware\\SubstituteBindings->handle()
#23 C:\\Users\\camar\\Bureau\\mindful-journey-ui\\back-mindful-journey-iu\\mindful-journey-back\\vendor\\laravel\\framework\\src\\Illuminate\\Auth\\Middleware\\Authenticate.php(63): Illuminate\\Pipeline\\Pipeline->Illuminate\\Pipeline\\{closure}()
#24 C:\\Users\\camar\\Bureau\\mindful-journey-ui\\back-mindful-journey-iu\\mindful-journey-back\\vendor\\laravel\\framework\\src\\Illuminate\\Pipeline\\Pipeline.php(208): Illuminate\\Auth\\Middleware\\Authenticate->handle()
#25 C:\\Users\\camar\\Bureau\\mindful-journey-ui\\back-mindful-journey-iu\\mindful-journey-back\\vendor\\laravel\\framework\\src\\Illuminate\\Pipeline\\Pipeline.php(126): Illuminate\\Pipeline\\Pipeline->Illuminate\\Pipeline\\{closure}()
#26 C:\\Users\\camar\\Bureau\\mindful-journey-ui\\back-mindful-journey-iu\\mindful-journey-back\\vendor\\laravel\\framework\\src\\Illuminate\\Routing\\Router.php(807): Illuminate\\Pipeline\\Pipeline->then()
#27 C:\\Users\\camar\\Bureau\\mindful-journey-ui\\back-mindful-journey-iu\\mindful-journey-back\\vendor\\laravel\\framework\\src\\Illuminate\\Routing\\Router.php(786): Illuminate\\Routing\\Router->runRouteWithinStack()
#28 C:\\Users\\camar\\Bureau\\mindful-journey-ui\\back-mindful-journey-iu\\mindful-journey-back\\vendor\\laravel\\framework\\src\\Illuminate\\Routing\\Router.php(750): Illuminate\\Routing\\Router->runRoute()
#29 C:\\Users\\camar\\Bureau\\mindful-journey-ui\\back-mindful-journey-iu\\mindful-journey-back\\vendor\\laravel\\framework\\src\\Illuminate\\Routing\\Router.php(739): Illuminate\\Routing\\Router->dispatchToRoute()
#30 C:\\Users\\camar\\Bureau\\mindful-journey-ui\\back-mindful-journey-iu\\mindful-journey-back\\vendor\\laravel\\framework\\src\\Illuminate\\Foundation\\Http\\Kernel.php(200): Illuminate\\Routing\\Router->dispatch()
#31 C:\\Users\\camar\\Bureau\\mindful-journey-ui\\back-mindful-journey-iu\\mindful-journey-back\\vendor\\laravel\\framework\\src\\Illuminate\\Pipeline\\Pipeline.php(169): Illuminate\\Foundation\\Http\\Kernel->Illuminate\\Foundation\\Http\\{closure}()
#32 C:\\Users\\camar\\Bureau\\mindful-journey-ui\\back-mindful-journey-iu\\mindful-journey-back\\vendor\\laravel\\framework\\src\\Illuminate\\Foundation\\Http\\Middleware\\TransformsRequest.php(21): Illuminate\\Pipeline\\Pipeline->Illuminate\\Pipeline\\{closure}()
#33 C:\\Users\\camar\\Bureau\\mindful-journey-ui\\back-mindful-journey-iu\\mindful-journey-back\\vendor\\laravel\\framework\\src\\Illuminate\\Foundation\\Http\\Middleware\\ConvertEmptyStringsToNull.php(31): Illuminate\\Foundation\\Http\\Middleware\\TransformsRequest->handle()
#34 C:\\Users\\camar\\Bureau\\mindful-journey-ui\\back-mindful-journey-iu\\mindful-journey-back\\vendor\\laravel\\framework\\src\\Illuminate\\Pipeline\\Pipeline.php(208): Illuminate\\Foundation\\Http\\Middleware\\ConvertEmptyStringsToNull->handle()
#35 C:\\Users\\camar\\Bureau\\mindful-journey-ui\\back-mindful-journey-iu\\mindful-journey-back\\vendor\\laravel\\framework\\src\\Illuminate\\Foundation\\Http\\Middleware\\TransformsRequest.php(21): Illuminate\\Pipeline\\Pipeline->Illuminate\\Pipeline\\{closure}()
#36 C:\\Users\\camar\\Bureau\\mindful-journey-ui\\back-mindful-journey-iu\\mindful-journey-back\\vendor\\laravel\\framework\\src\\Illuminate\\Foundation\\Http\\Middleware\\TrimStrings.php(51): Illuminate\\Foundation\\Http\\Middleware\\TransformsRequest->handle()
#37 C:\\Users\\camar\\Bureau\\mindful-journey-ui\\back-mindful-journey-iu\\mindful-journey-back\\vendor\\laravel\\framework\\src\\Illuminate\\Pipeline\\Pipeline.php(208): Illuminate\\Foundation\\Http\\Middleware\\TrimStrings->handle()
#38 C:\\Users\\camar\\Bureau\\mindful-journey-ui\\back-mindful-journey-iu\\mindful-journey-back\\vendor\\laravel\\framework\\src\\Illuminate\\Http\\Middleware\\ValidatePostSize.php(27): Illuminate\\Pipeline\\Pipeline->Illuminate\\Pipeline\\{closure}()
#39 C:\\Users\\camar\\Bureau\\mindful-journey-ui\\back-mindful-journey-iu\\mindful-journey-back\\vendor\\laravel\\framework\\src\\Illuminate\\Pipeline\\Pipeline.php(208): Illuminate\\Http\\Middleware\\ValidatePostSize->handle()
#40 C:\\Users\\camar\\Bureau\\mindful-journey-ui\\back-mindful-journey-iu\\mindful-journey-back\\vendor\\laravel\\framework\\src\\Illuminate\\Foundation\\Http\\Middleware\\PreventRequestsDuringMaintenance.php(109): Illuminate\\Pipeline\\Pipeline->Illuminate\\Pipeline\\{closure}()
#41 C:\\Users\\camar\\Bureau\\mindful-journey-ui\\back-mindful-journey-iu\\mindful-journey-back\\vendor\\laravel\\framework\\src\\Illuminate\\Pipeline\\Pipeline.php(208): Illuminate\\Foundation\\Http\\Middleware\\PreventRequestsDuringMaintenance->handle()
#42 C:\\Users\\camar\\Bureau\\mindful-journey-ui\\back-mindful-journey-iu\\mindful-journey-back\\vendor\\laravel\\framework\\src\\Illuminate\\Http\\Middleware\\HandleCors.php(61): Illuminate\\Pipeline\\Pipeline->Illuminate\\Pipeline\\{closure}()
#43 C:\\Users\\camar\\Bureau\\mindful-journey-ui\\back-mindful-journey-iu\\mindful-journey-back\\vendor\\laravel\\framework\\src\\Illuminate\\Pipeline\\Pipeline.php(208): Illuminate\\Http\\Middleware\\HandleCors->handle()
#44 C:\\Users\\camar\\Bureau\\mindful-journey-ui\\back-mindful-journey-iu\\mindful-journey-back\\vendor\\laravel\\framework\\src\\Illuminate\\Http\\Middleware\\TrustProxies.php(58): Illuminate\\Pipeline\\Pipeline->Illuminate\\Pipeline\\{closure}()
#45 C:\\Users\\camar\\Bureau\\mindful-journey-ui\\back-mindful-journey-iu\\mindful-journey-back\\vendor\\laravel\\framework\\src\\Illuminate\\Pipeline\\Pipeline.php(208): Illuminate\\Http\\Middleware\\TrustProxies->handle()
#46 C:\\Users\\camar\\Bureau\\mindful-journey-ui\\back-mindful-journey-iu\\mindful-journey-back\\vendor\\laravel\\framework\\src\\Illuminate\\Foundation\\Http\\Middleware\\InvokeDeferredCallbacks.php(22): Illuminate\\Pipeline\\Pipeline->Illuminate\\Pipeline\\{closure}()
#47 C:\\Users\\camar\\Bureau\\mindful-journey-ui\\back-mindful-journey-iu\\mindful-journey-back\\vendor\\laravel\\framework\\src\\Illuminate\\Pipeline\\Pipeline.php(208): Illuminate\\Foundation\\Http\\Middleware\\InvokeDeferredCallbacks->handle()
#48 C:\\Users\\camar\\Bureau\\mindful-journey-ui\\back-mindful-journey-iu\\mindful-journey-back\\vendor\\laravel\\framework\\src\\Illuminate\\Http\\Middleware\\ValidatePathEncoding.php(26): Illuminate\\Pipeline\\Pipeline->Illuminate\\Pipeline\\{closure}()
#49 C:\\Users\\camar\\Bureau\\mindful-journey-ui\\back-mindful-journey-iu\\mindful-journey-back\\vendor\\laravel\\framework\\src\\Illuminate\\Pipeline\\Pipeline.php(208): Illuminate\\Http\\Middleware\\ValidatePathEncoding->handle()
#50 C:\\Users\\camar\\Bureau\\mindful-journey-ui\\back-mindful-journey-iu\\mindful-journey-back\\vendor\\laravel\\framework\\src\\Illuminate\\Pipeline\\Pipeline.php(126): Illuminate\\Pipeline\\Pipeline->Illuminate\\Pipeline\\{closure}()
#51 C:\\Users\\camar\\Bureau\\mindful-journey-ui\\back-mindful-journey-iu\\mindful-journey-back\\vendor\\laravel\\framework\\src\\Illuminate\\Foundation\\Http\\Kernel.php(175): Illuminate\\Pipeline\\Pipeline->then()
#52 C:\\Users\\camar\\Bureau\\mindful-journey-ui\\back-mindful-journey-iu\\mindful-journey-back\\vendor\\laravel\\framework\\src\\Illuminate\\Foundation\\Http\\Kernel.php(144): Illuminate\\Foundation\\Http\\Kernel->sendRequestThroughRouter()
#53 C:\\Users\\camar\\Bureau\\mindful-journey-ui\\back-mindful-journey-iu\\mindful-journey-back\\vendor\\laravel\\framework\\src\\Illuminate\\Foundation\\Application.php(1219): Illuminate\\Foundation\\Http\\Kernel->handle()
#54 C:\\Users\\camar\\Bureau\\mindful-journey-ui\\back-mindful-journey-iu\\mindful-journey-back\\public\\index.php(20): Illuminate\\Foundation\\Application->handleRequest()
#55 C:\\Users\\camar\\Bureau\\mindful-journey-ui\\back-mindful-journey-iu\\mindful-journey-back\\vendor\\laravel\\framework\\src\\Illuminate\\Foundation\\resources\\server.php(23): require_once('...')
#56 {main}

[previous exception] [object] (PDOException(code: 23000): SQLSTATE[23000]: Integrity constraint violation: 19 UNIQUE constraint failed: mood_entries.user_id, mood_entries.date at C:\\Users\\camar\\Bureau\\mindful-journey-ui\\back-mindful-journey-iu\\mindful-journey-back\\vendor\\laravel\\framework\\src\\Illuminate\\Database\\Connection.php:570)
[stacktrace]
#0 C:\\Users\\camar\\Bureau\\mindful-journey-ui\\back-mindful-journey-iu\\mindful-journey-back\\vendor\\laravel\\framework\\src\\Illuminate\\Database\\Connection.php(570): PDOStatement->execute()
#1 C:\\Users\\camar\\Bureau\\mindful-journey-ui\\back-mindful-journey-iu\\mindful-journey-back\\vendor\\laravel\\framework\\src\\Illuminate\\Database\\Connection.php(811): Illuminate\\Database\\Connection->Illuminate\\Database\\{closure}()
#2 C:\\Users\\camar\\Bureau\\mindful-journey-ui\\back-mindful-journey-iu\\mindful-journey-back\\vendor\\laravel\\framework\\src\\Illuminate\\Database\\Connection.php(778): Illuminate\\Database\\Connection->runQueryCallback()
#3 C:\\Users\\camar\\Bureau\\mindful-journey-ui\\back-mindful-journey-iu\\mindful-journey-back\\vendor\\laravel\\framework\\src\\Illuminate\\Database\\Connection.php(559): Illuminate\\Database\\Connection->run()
#4 C:\\Users\\camar\\Bureau\\mindful-journey-ui\\back-mindful-journey-iu\\mindful-journey-back\\vendor\\laravel\\framework\\src\\Illuminate\\Database\\Connection.php(523): Illuminate\\Database\\Connection->statement()
#5 C:\\Users\\camar\\Bureau\\mindful-journey-ui\\back-mindful-journey-iu\\mindful-journey-back\\vendor\\laravel\\framework\\src\\Illuminate\\Database\\Query\\Processors\\Processor.php(32): Illuminate\\Database\\Connection->insert()
#6 C:\\Users\\camar\\Bureau\\mindful-journey-ui\\back-mindful-journey-iu\\mindful-journey-back\\vendor\\laravel\\framework\\src\\Illuminate\\Database\\Query\\Builder.php(3853): Illuminate\\Database\\Query\\Processors\\Processor->processInsertGetId()
#7 C:\\Users\\camar\\Bureau\\mindful-journey-ui\\back-mindful-journey-iu\\mindful-journey-back\\vendor\\laravel\\framework\\src\\Illuminate\\Database\\Eloquent\\Builder.php(2205): Illuminate\\Database\\Query\\Builder->insertGetId()
#8 C:\\Users\\camar\\Bureau\\mindful-journey-ui\\back-mindful-journey-iu\\mindful-journey-back\\vendor\\laravel\\framework\\src\\Illuminate\\Database\\Eloquent\\Model.php(1427): Illuminate\\Database\\Eloquent\\Builder->__call()
#9 C:\\Users\\camar\\Bureau\\mindful-journey-ui\\back-mindful-journey-iu\\mindful-journey-back\\vendor\\laravel\\framework\\src\\Illuminate\\Database\\Eloquent\\Model.php(1392): Illuminate\\Database\\Eloquent\\Model->insertAndSetId()
#10 C:\\Users\\camar\\Bureau\\mindful-journey-ui\\back-mindful-journey-iu\\mindful-journey-back\\vendor\\laravel\\framework\\src\\Illuminate\\Database\\Eloquent\\Model.php(1231): Illuminate\\Database\\Eloquent\\Model->performInsert()
#11 C:\\Users\\camar\\Bureau\\mindful-journey-ui\\back-mindful-journey-iu\\mindful-journey-back\\vendor\\laravel\\framework\\src\\Illuminate\\Database\\Eloquent\\Builder.php(1189): Illuminate\\Database\\Eloquent\\Model->save()
#12 C:\\Users\\camar\\Bureau\\mindful-journey-ui\\back-mindful-journey-iu\\mindful-journey-back\\vendor\\laravel\\framework\\src\\Illuminate\\Support\\helpers.php(399): Illuminate\\Database\\Eloquent\\Builder->Illuminate\\Database\\Eloquent\\{closure}()
#13 C:\\Users\\camar\\Bureau\\mindful-journey-ui\\back-mindful-journey-iu\\mindful-journey-back\\vendor\\laravel\\framework\\src\\Illuminate\\Database\\Eloquent\\Builder.php(1188): tap()
#14 C:\\Users\\camar\\Bureau\\mindful-journey-ui\\back-mindful-journey-iu\\mindful-journey-back\\vendor\\laravel\\framework\\src\\Illuminate\\Support\\Traits\\ForwardsCalls.php(23): Illuminate\\Database\\Eloquent\\Builder->create()
#15 C:\\Users\\camar\\Bureau\\mindful-journey-ui\\back-mindful-journey-iu\\mindful-journey-back\\vendor\\laravel\\framework\\src\\Illuminate\\Database\\Eloquent\\Model.php(2518): Illuminate\\Database\\Eloquent\\Model->forwardCallTo()
#16 C:\\Users\\camar\\Bureau\\mindful-journey-ui\\back-mindful-journey-iu\\mindful-journey-back\\vendor\\laravel\\framework\\src\\Illuminate\\Database\\Eloquent\\Model.php(2534): Illuminate\\Database\\Eloquent\\Model->__call()
#17 C:\\Users\\camar\\Bureau\\mindful-journey-ui\\back-mindful-journey-iu\\mindful-journey-back\\app\\Http\\Controllers\\Api\\MoodController.php(102): Illuminate\\Database\\Eloquent\\Model::__callStatic()
#18 C:\\Users\\camar\\Bureau\\mindful-journey-ui\\back-mindful-journey-iu\\mindful-journey-back\\vendor\\laravel\\framework\\src\\Illuminate\\Routing\\ControllerDispatcher.php(46): App\\Http\\Controllers\\Api\\MoodController->store()
#19 C:\\Users\\camar\\Bureau\\mindful-journey-ui\\back-mindful-journey-iu\\mindful-journey-back\\vendor\\laravel\\framework\\src\\Illuminate\\Routing\\Route.php(265): Illuminate\\Routing\\ControllerDispatcher->dispatch()
#20 C:\\Users\\camar\\Bureau\\mindful-journey-ui\\back-mindful-journey-iu\\mindful-journey-back\\vendor\\laravel\\framework\\src\\Illuminate\\Routing\\Route.php(211): Illuminate\\Routing\\Route->runController()
#21 C:\\Users\\camar\\Bureau\\mindful-journey-ui\\back-mindful-journey-iu\\mindful-journey-back\\vendor\\laravel\\framework\\src\\Illuminate\\Routing\\Router.php(808): Illuminate\\Routing\\Route->run()
#22 C:\\Users\\camar\\Bureau\\mindful-journey-ui\\back-mindful-journey-iu\\mindful-journey-back\\vendor\\laravel\\framework\\src\\Illuminate\\Pipeline\\Pipeline.php(169): Illuminate\\Routing\\Router->Illuminate\\Routing\\{closure}()
#23 C:\\Users\\camar\\Bureau\\mindful-journey-ui\\back-mindful-journey-iu\\mindful-journey-back\\vendor\\laravel\\framework\\src\\Illuminate\\Routing\\Middleware\\SubstituteBindings.php(50): Illuminate\\Pipeline\\Pipeline->Illuminate\\Pipeline\\{closure}()
#24 C:\\Users\\camar\\Bureau\\mindful-journey-ui\\back-mindful-journey-iu\\mindful-journey-back\\vendor\\laravel\\framework\\src\\Illuminate\\Pipeline\\Pipeline.php(208): Illuminate\\Routing\\Middleware\\SubstituteBindings->handle()
#25 C:\\Users\\camar\\Bureau\\mindful-journey-ui\\back-mindful-journey-iu\\mindful-journey-back\\vendor\\laravel\\framework\\src\\Illuminate\\Auth\\Middleware\\Authenticate.php(63): Illuminate\\Pipeline\\Pipeline->Illuminate\\Pipeline\\{closure}()
#26 C:\\Users\\camar\\Bureau\\mindful-journey-ui\\back-mindful-journey-iu\\mindful-journey-back\\vendor\\laravel\\framework\\src\\Illuminate\\Pipeline\\Pipeline.php(208): Illuminate\\Auth\\Middleware\\Authenticate->handle()
#27 C:\\Users\\camar\\Bureau\\mindful-journey-ui\\back-mindful-journey-iu\\mindful-journey-back\\vendor\\laravel\\framework\\src\\Illuminate\\Pipeline\\Pipeline.php(126): Illuminate\\Pipeline\\Pipeline->Illuminate\\Pipeline\\{closure}()
#28 C:\\Users\\camar\\Bureau\\mindful-journey-ui\\back-mindful-journey-iu\\mindful-journey-back\\vendor\\laravel\\framework\\src\\Illuminate\\Routing\\Router.php(807): Illuminate\\Pipeline\\Pipeline->then()
#29 C:\\Users\\camar\\Bureau\\mindful-journey-ui\\back-mindful-journey-iu\\mindful-journey-back\\vendor\\laravel\\framework\\src\\Illuminate\\Routing\\Router.php(786): Illuminate\\Routing\\Router->runRouteWithinStack()
#30 C:\\Users\\camar\\Bureau\\mindful-journey-ui\\back-mindful-journey-iu\\mindful-journey-back\\vendor\\laravel\\framework\\src\\Illuminate\\Routing\\Router.php(750): Illuminate\\Routing\\Router->runRoute()
#31 C:\\Users\\camar\\Bureau\\mindful-journey-ui\\back-mindful-journey-iu\\mindful-journey-back\\vendor\\laravel\\framework\\src\\Illuminate\\Routing\\Router.php(739): Illuminate\\Routing\\Router->dispatchToRoute()
#32 C:\\Users\\camar\\Bureau\\mindful-journey-ui\\back-mindful-journey-iu\\mindful-journey-back\\vendor\\laravel\\framework\\src\\Illuminate\\Foundation\\Http\\Kernel.php(200): Illuminate\\Routing\\Router->dispatch()
#33 C:\\Users\\camar\\Bureau\\mindful-journey-ui\\back-mindful-journey-iu\\mindful-journey-back\\vendor\\laravel\\framework\\src\\Illuminate\\Pipeline\\Pipeline.php(169): Illuminate\\Foundation\\Http\\Kernel->Illuminate\\Foundation\\Http\\{closure}()
#34 C:\\Users\\camar\\Bureau\\mindful-journey-ui\\back-mindful-journey-iu\\mindful-journey-back\\vendor\\laravel\\framework\\src\\Illuminate\\Foundation\\Http\\Middleware\\TransformsRequest.php(21): Illuminate\\Pipeline\\Pipeline->Illuminate\\Pipeline\\{closure}()
#35 C:\\Users\\camar\\Bureau\\mindful-journey-ui\\back-mindful-journey-iu\\mindful-journey-back\\vendor\\laravel\\framework\\src\\Illuminate\\Foundation\\Http\\Middleware\\ConvertEmptyStringsToNull.php(31): Illuminate\\Foundation\\Http\\Middleware\\TransformsRequest->handle()
#36 C:\\Users\\camar\\Bureau\\mindful-journey-ui\\back-mindful-journey-iu\\mindful-journey-back\\vendor\\laravel\\framework\\src\\Illuminate\\Pipeline\\Pipeline.php(208): Illuminate\\Foundation\\Http\\Middleware\\ConvertEmptyStringsToNull->handle()
#37 C:\\Users\\camar\\Bureau\\mindful-journey-ui\\back-mindful-journey-iu\\mindful-journey-back\\vendor\\laravel\\framework\\src\\Illuminate\\Foundation\\Http\\Middleware\\TransformsRequest.php(21): Illuminate\\Pipeline\\Pipeline->Illuminate\\Pipeline\\{closure}()
#38 C:\\Users\\camar\\Bureau\\mindful-journey-ui\\back-mindful-journey-iu\\mindful-journey-back\\vendor\\laravel\\framework\\src\\Illuminate\\Foundation\\Http\\Middleware\\TrimStrings.php(51): Illuminate\\Foundation\\Http\\Middleware\\TransformsRequest->handle()
#39 C:\\Users\\camar\\Bureau\\mindful-journey-ui\\back-mindful-journey-iu\\mindful-journey-back\\vendor\\laravel\\framework\\src\\Illuminate\\Pipeline\\Pipeline.php(208): Illuminate\\Foundation\\Http\\Middleware\\TrimStrings->handle()
#40 C:\\Users\\camar\\Bureau\\mindful-journey-ui\\back-mindful-journey-iu\\mindful-journey-back\\vendor\\laravel\\framework\\src\\Illuminate\\Http\\Middleware\\ValidatePostSize.php(27): Illuminate\\Pipeline\\Pipeline->Illuminate\\Pipeline\\{closure}()
#41 C:\\Users\\camar\\Bureau\\mindful-journey-ui\\back-mindful-journey-iu\\mindful-journey-back\\vendor\\laravel\\framework\\src\\Illuminate\\Pipeline\\Pipeline.php(208): Illuminate\\Http\\Middleware\\ValidatePostSize->handle()
#42 C:\\Users\\camar\\Bureau\\mindful-journey-ui\\back-mindful-journey-iu\\mindful-journey-back\\vendor\\laravel\\framework\\src\\Illuminate\\Foundation\\Http\\Middleware\\PreventRequestsDuringMaintenance.php(109): Illuminate\\Pipeline\\Pipeline->Illuminate\\Pipeline\\{closure}()
#43 C:\\Users\\camar\\Bureau\\mindful-journey-ui\\back-mindful-journey-iu\\mindful-journey-back\\vendor\\laravel\\framework\\src\\Illuminate\\Pipeline\\Pipeline.php(208): Illuminate\\Foundation\\Http\\Middleware\\PreventRequestsDuringMaintenance->handle()
#44 C:\\Users\\camar\\Bureau\\mindful-journey-ui\\back-mindful-journey-iu\\mindful-journey-back\\vendor\\laravel\\framework\\src\\Illuminate\\Http\\Middleware\\HandleCors.php(61): Illuminate\\Pipeline\\Pipeline->Illuminate\\Pipeline\\{closure}()
#45 C:\\Users\\camar\\Bureau\\mindful-journey-ui\\back-mindful-journey-iu\\mindful-journey-back\\vendor\\laravel\\framework\\src\\Illuminate\\Pipeline\\Pipeline.php(208): Illuminate\\Http\\Middleware\\HandleCors->handle()
#46 C:\\Users\\camar\\Bureau\\mindful-journey-ui\\back-mindful-journey-iu\\mindful-journey-back\\vendor\\laravel\\framework\\src\\Illuminate\\Http\\Middleware\\TrustProxies.php(58): Illuminate\\Pipeline\\Pipeline->Illuminate\\Pipeline\\{closure}()
#47 C:\\Users\\camar\\Bureau\\mindful-journey-ui\\back-mindful-journey-iu\\mindful-journey-back\\vendor\\laravel\\framework\\src\\Illuminate\\Pipeline\\Pipeline.php(208): Illuminate\\Http\\Middleware\\TrustProxies->handle()
#48 C:\\Users\\camar\\Bureau\\mindful-journey-ui\\back-mindful-journey-iu\\mindful-journey-back\\vendor\\laravel\\framework\\src\\Illuminate\\Foundation\\Http\\Middleware\\InvokeDeferredCallbacks.php(22): Illuminate\\Pipeline\\Pipeline->Illuminate\\Pipeline\\{closure}()
#49 C:\\Users\\camar\\Bureau\\mindful-journey-ui\\back-mindful-journey-iu\\mindful-journey-back\\vendor\\laravel\\framework\\src\\Illuminate\\Pipeline\\Pipeline.php(208): Illuminate\\Foundation\\Http\\Middleware\\InvokeDeferredCallbacks->handle()
#50 C:\\Users\\camar\\Bureau\\mindful-journey-ui\\back-mindful-journey-iu\\mindful-journey-back\\vendor\\laravel\\framework\\src\\Illuminate\\Http\\Middleware\\ValidatePathEncoding.php(26): Illuminate\\Pipeline\\Pipeline->Illuminate\\Pipeline\\{closure}()
#51 C:\\Users\\camar\\Bureau\\mindful-journey-ui\\back-mindful-journey-iu\\mindful-journey-back\\vendor\\laravel\\framework\\src\\Illuminate\\Pipeline\\Pipeline.php(208): Illuminate\\Http\\Middleware\\ValidatePathEncoding->handle()
#52 C:\\Users\\camar\\Bureau\\mindful-journey-ui\\back-mindful-journey-iu\\mindful-journey-back\\vendor\\laravel\\framework\\src\\Illuminate\\Pipeline\\Pipeline.php(126): Illuminate\\Pipeline\\Pipeline->Illuminate\\Pipeline\\{closure}()
#53 C:\\Users\\camar\\Bureau\\mindful-journey-ui\\back-mindful-journey-iu\\mindful-journey-back\\vendor\\laravel\\framework\\src\\Illuminate\\Foundation\\Http\\Kernel.php(175): Illuminate\\Pipeline\\Pipeline->then()
#54 C:\\Users\\camar\\Bureau\\mindful-journey-ui\\back-mindful-journey-iu\\mindful-journey-back\\vendor\\laravel\\framework\\src\\Illuminate\\Foundation\\Http\\Kernel.php(144): Illuminate\\Foundation\\Http\\Kernel->sendRequestThroughRouter()
#55 C:\\Users\\camar\\Bureau\\mindful-journey-ui\\back-mindful-journey-iu\\mindful-journey-back\\vendor\\laravel\\framework\\src\\Illuminate\\Foundation\\Application.php(1219): Illuminate\\Foundation\\Http\\Kernel->handle()
#56 C:\\Users\\camar\\Bureau\\mindful-journey-ui\\back-mindful-journey-iu\\mindful-journey-back\\public\\index.php(20): Illuminate\\Foundation\\Application->handleRequest()
#57 C:\\Users\\camar\\Bureau\\mindful-journey-ui\\back-mindful-journey-iu\\mindful-journey-back\\vendor\\laravel\\framework\\src\\Illuminate\\Foundation\\resources\\server.php(23): require_once('...')
#58 {main}
","validated":{"date":"2025-08-13","mood_level":3,"mood_emoji":"🙂","energy_level":5,"stress_level":3,"sleep_quality":null,"notes":null,"activities":[],"emotions":[]}} 
[2025-08-13 06:54:22] local.ERROR: Erreur lors de l'enregistrement MoodEntry: SQLSTATE[23000]: Integrity constraint violation: 19 UNIQUE constraint failed: mood_entries.user_id, mood_entries.date (Connection: sqlite, SQL: insert into "mood_entries" ("user_id", "date", "mood_level", "mood_emoji", "energy_level", "stress_level", "sleep_quality", "notes", "activities", "emotions", "updated_at", "created_at") values (1, 2025-08-13 00:00:00, 5, 😁, 5, 3, ?, ?, [], [], 2025-08-13 06:54:22, 2025-08-13 06:54:22)) {"exception":"[object] (Illuminate\\Database\\UniqueConstraintViolationException(code: 23000): SQLSTATE[23000]: Integrity constraint violation: 19 UNIQUE constraint failed: mood_entries.user_id, mood_entries.date (Connection: sqlite, SQL: insert into \"mood_entries\" (\"user_id\", \"date\", \"mood_level\", \"mood_emoji\", \"energy_level\", \"stress_level\", \"sleep_quality\", \"notes\", \"activities\", \"emotions\", \"updated_at\", \"created_at\") values (1, 2025-08-13 00:00:00, 5, 😁, 5, 3, ?, ?, [], [], 2025-08-13 06:54:22, 2025-08-13 06:54:22)) at C:\\Users\\camar\\Bureau\\mindful-journey-ui\\back-mindful-journey-iu\\mindful-journey-back\\vendor\\laravel\\framework\\src\\Illuminate\\Database\\Connection.php:819)
[stacktrace]
#0 C:\\Users\\camar\\Bureau\\mindful-journey-ui\\back-mindful-journey-iu\\mindful-journey-back\\vendor\\laravel\\framework\\src\\Illuminate\\Database\\Connection.php(778): Illuminate\\Database\\Connection->runQueryCallback()
#1 C:\\Users\\camar\\Bureau\\mindful-journey-ui\\back-mindful-journey-iu\\mindful-journey-back\\vendor\\laravel\\framework\\src\\Illuminate\\Database\\Connection.php(559): Illuminate\\Database\\Connection->run()
#2 C:\\Users\\camar\\Bureau\\mindful-journey-ui\\back-mindful-journey-iu\\mindful-journey-back\\vendor\\laravel\\framework\\src\\Illuminate\\Database\\Connection.php(523): Illuminate\\Database\\Connection->statement()
#3 C:\\Users\\camar\\Bureau\\mindful-journey-ui\\back-mindful-journey-iu\\mindful-journey-back\\vendor\\laravel\\framework\\src\\Illuminate\\Database\\Query\\Processors\\Processor.php(32): Illuminate\\Database\\Connection->insert()
#4 C:\\Users\\camar\\Bureau\\mindful-journey-ui\\back-mindful-journey-iu\\mindful-journey-back\\vendor\\laravel\\framework\\src\\Illuminate\\Database\\Query\\Builder.php(3853): Illuminate\\Database\\Query\\Processors\\Processor->processInsertGetId()
#5 C:\\Users\\camar\\Bureau\\mindful-journey-ui\\back-mindful-journey-iu\\mindful-journey-back\\vendor\\laravel\\framework\\src\\Illuminate\\Database\\Eloquent\\Builder.php(2205): Illuminate\\Database\\Query\\Builder->insertGetId()
#6 C:\\Users\\camar\\Bureau\\mindful-journey-ui\\back-mindful-journey-iu\\mindful-journey-back\\vendor\\laravel\\framework\\src\\Illuminate\\Database\\Eloquent\\Model.php(1427): Illuminate\\Database\\Eloquent\\Builder->__call()
#7 C:\\Users\\camar\\Bureau\\mindful-journey-ui\\back-mindful-journey-iu\\mindful-journey-back\\vendor\\laravel\\framework\\src\\Illuminate\\Database\\Eloquent\\Model.php(1392): Illuminate\\Database\\Eloquent\\Model->insertAndSetId()
#8 C:\\Users\\camar\\Bureau\\mindful-journey-ui\\back-mindful-journey-iu\\mindful-journey-back\\vendor\\laravel\\framework\\src\\Illuminate\\Database\\Eloquent\\Model.php(1231): Illuminate\\Database\\Eloquent\\Model->performInsert()
#9 C:\\Users\\camar\\Bureau\\mindful-journey-ui\\back-mindful-journey-iu\\mindful-journey-back\\vendor\\laravel\\framework\\src\\Illuminate\\Database\\Eloquent\\Builder.php(1189): Illuminate\\Database\\Eloquent\\Model->save()
#10 C:\\Users\\camar\\Bureau\\mindful-journey-ui\\back-mindful-journey-iu\\mindful-journey-back\\vendor\\laravel\\framework\\src\\Illuminate\\Support\\helpers.php(399): Illuminate\\Database\\Eloquent\\Builder->Illuminate\\Database\\Eloquent\\{closure}()
#11 C:\\Users\\camar\\Bureau\\mindful-journey-ui\\back-mindful-journey-iu\\mindful-journey-back\\vendor\\laravel\\framework\\src\\Illuminate\\Database\\Eloquent\\Builder.php(1188): tap()
#12 C:\\Users\\camar\\Bureau\\mindful-journey-ui\\back-mindful-journey-iu\\mindful-journey-back\\vendor\\laravel\\framework\\src\\Illuminate\\Support\\Traits\\ForwardsCalls.php(23): Illuminate\\Database\\Eloquent\\Builder->create()
#13 C:\\Users\\camar\\Bureau\\mindful-journey-ui\\back-mindful-journey-iu\\mindful-journey-back\\vendor\\laravel\\framework\\src\\Illuminate\\Database\\Eloquent\\Model.php(2518): Illuminate\\Database\\Eloquent\\Model->forwardCallTo()
#14 C:\\Users\\camar\\Bureau\\mindful-journey-ui\\back-mindful-journey-iu\\mindful-journey-back\\vendor\\laravel\\framework\\src\\Illuminate\\Database\\Eloquent\\Model.php(2534): Illuminate\\Database\\Eloquent\\Model->__call()
#15 C:\\Users\\camar\\Bureau\\mindful-journey-ui\\back-mindful-journey-iu\\mindful-journey-back\\app\\Http\\Controllers\\Api\\MoodController.php(102): Illuminate\\Database\\Eloquent\\Model::__callStatic()
#16 C:\\Users\\camar\\Bureau\\mindful-journey-ui\\back-mindful-journey-iu\\mindful-journey-back\\vendor\\laravel\\framework\\src\\Illuminate\\Routing\\ControllerDispatcher.php(46): App\\Http\\Controllers\\Api\\MoodController->store()
#17 C:\\Users\\camar\\Bureau\\mindful-journey-ui\\back-mindful-journey-iu\\mindful-journey-back\\vendor\\laravel\\framework\\src\\Illuminate\\Routing\\Route.php(265): Illuminate\\Routing\\ControllerDispatcher->dispatch()
#18 C:\\Users\\camar\\Bureau\\mindful-journey-ui\\back-mindful-journey-iu\\mindful-journey-back\\vendor\\laravel\\framework\\src\\Illuminate\\Routing\\Route.php(211): Illuminate\\Routing\\Route->runController()
#19 C:\\Users\\camar\\Bureau\\mindful-journey-ui\\back-mindful-journey-iu\\mindful-journey-back\\vendor\\laravel\\framework\\src\\Illuminate\\Routing\\Router.php(808): Illuminate\\Routing\\Route->run()
#20 C:\\Users\\camar\\Bureau\\mindful-journey-ui\\back-mindful-journey-iu\\mindful-journey-back\\vendor\\laravel\\framework\\src\\Illuminate\\Pipeline\\Pipeline.php(169): Illuminate\\Routing\\Router->Illuminate\\Routing\\{closure}()
#21 C:\\Users\\camar\\Bureau\\mindful-journey-ui\\back-mindful-journey-iu\\mindful-journey-back\\vendor\\laravel\\framework\\src\\Illuminate\\Routing\\Middleware\\SubstituteBindings.php(50): Illuminate\\Pipeline\\Pipeline->Illuminate\\Pipeline\\{closure}()
#22 C:\\Users\\camar\\Bureau\\mindful-journey-ui\\back-mindful-journey-iu\\mindful-journey-back\\vendor\\laravel\\framework\\src\\Illuminate\\Pipeline\\Pipeline.php(208): Illuminate\\Routing\\Middleware\\SubstituteBindings->handle()
#23 C:\\Users\\camar\\Bureau\\mindful-journey-ui\\back-mindful-journey-iu\\mindful-journey-back\\vendor\\laravel\\framework\\src\\Illuminate\\Auth\\Middleware\\Authenticate.php(63): Illuminate\\Pipeline\\Pipeline->Illuminate\\Pipeline\\{closure}()
#24 C:\\Users\\camar\\Bureau\\mindful-journey-ui\\back-mindful-journey-iu\\mindful-journey-back\\vendor\\laravel\\framework\\src\\Illuminate\\Pipeline\\Pipeline.php(208): Illuminate\\Auth\\Middleware\\Authenticate->handle()
#25 C:\\Users\\camar\\Bureau\\mindful-journey-ui\\back-mindful-journey-iu\\mindful-journey-back\\vendor\\laravel\\framework\\src\\Illuminate\\Pipeline\\Pipeline.php(126): Illuminate\\Pipeline\\Pipeline->Illuminate\\Pipeline\\{closure}()
#26 C:\\Users\\camar\\Bureau\\mindful-journey-ui\\back-mindful-journey-iu\\mindful-journey-back\\vendor\\laravel\\framework\\src\\Illuminate\\Routing\\Router.php(807): Illuminate\\Pipeline\\Pipeline->then()
#27 C:\\Users\\camar\\Bureau\\mindful-journey-ui\\back-mindful-journey-iu\\mindful-journey-back\\vendor\\laravel\\framework\\src\\Illuminate\\Routing\\Router.php(786): Illuminate\\Routing\\Router->runRouteWithinStack()
#28 C:\\Users\\camar\\Bureau\\mindful-journey-ui\\back-mindful-journey-iu\\mindful-journey-back\\vendor\\laravel\\framework\\src\\Illuminate\\Routing\\Router.php(750): Illuminate\\Routing\\Router->runRoute()
#29 C:\\Users\\camar\\Bureau\\mindful-journey-ui\\back-mindful-journey-iu\\mindful-journey-back\\vendor\\laravel\\framework\\src\\Illuminate\\Routing\\Router.php(739): Illuminate\\Routing\\Router->dispatchToRoute()
#30 C:\\Users\\camar\\Bureau\\mindful-journey-ui\\back-mindful-journey-iu\\mindful-journey-back\\vendor\\laravel\\framework\\src\\Illuminate\\Foundation\\Http\\Kernel.php(200): Illuminate\\Routing\\Router->dispatch()
#31 C:\\Users\\camar\\Bureau\\mindful-journey-ui\\back-mindful-journey-iu\\mindful-journey-back\\vendor\\laravel\\framework\\src\\Illuminate\\Pipeline\\Pipeline.php(169): Illuminate\\Foundation\\Http\\Kernel->Illuminate\\Foundation\\Http\\{closure}()
#32 C:\\Users\\camar\\Bureau\\mindful-journey-ui\\back-mindful-journey-iu\\mindful-journey-back\\vendor\\laravel\\framework\\src\\Illuminate\\Foundation\\Http\\Middleware\\TransformsRequest.php(21): Illuminate\\Pipeline\\Pipeline->Illuminate\\Pipeline\\{closure}()
#33 C:\\Users\\camar\\Bureau\\mindful-journey-ui\\back-mindful-journey-iu\\mindful-journey-back\\vendor\\laravel\\framework\\src\\Illuminate\\Foundation\\Http\\Middleware\\ConvertEmptyStringsToNull.php(31): Illuminate\\Foundation\\Http\\Middleware\\TransformsRequest->handle()
#34 C:\\Users\\camar\\Bureau\\mindful-journey-ui\\back-mindful-journey-iu\\mindful-journey-back\\vendor\\laravel\\framework\\src\\Illuminate\\Pipeline\\Pipeline.php(208): Illuminate\\Foundation\\Http\\Middleware\\ConvertEmptyStringsToNull->handle()
#35 C:\\Users\\camar\\Bureau\\mindful-journey-ui\\back-mindful-journey-iu\\mindful-journey-back\\vendor\\laravel\\framework\\src\\Illuminate\\Foundation\\Http\\Middleware\\TransformsRequest.php(21): Illuminate\\Pipeline\\Pipeline->Illuminate\\Pipeline\\{closure}()
#36 C:\\Users\\camar\\Bureau\\mindful-journey-ui\\back-mindful-journey-iu\\mindful-journey-back\\vendor\\laravel\\framework\\src\\Illuminate\\Foundation\\Http\\Middleware\\TrimStrings.php(51): Illuminate\\Foundation\\Http\\Middleware\\TransformsRequest->handle()
#37 C:\\Users\\camar\\Bureau\\mindful-journey-ui\\back-mindful-journey-iu\\mindful-journey-back\\vendor\\laravel\\framework\\src\\Illuminate\\Pipeline\\Pipeline.php(208): Illuminate\\Foundation\\Http\\Middleware\\TrimStrings->handle()
#38 C:\\Users\\camar\\Bureau\\mindful-journey-ui\\back-mindful-journey-iu\\mindful-journey-back\\vendor\\laravel\\framework\\src\\Illuminate\\Http\\Middleware\\ValidatePostSize.php(27): Illuminate\\Pipeline\\Pipeline->Illuminate\\Pipeline\\{closure}()
#39 C:\\Users\\camar\\Bureau\\mindful-journey-ui\\back-mindful-journey-iu\\mindful-journey-back\\vendor\\laravel\\framework\\src\\Illuminate\\Pipeline\\Pipeline.php(208): Illuminate\\Http\\Middleware\\ValidatePostSize->handle()
#40 C:\\Users\\camar\\Bureau\\mindful-journey-ui\\back-mindful-journey-iu\\mindful-journey-back\\vendor\\laravel\\framework\\src\\Illuminate\\Foundation\\Http\\Middleware\\PreventRequestsDuringMaintenance.php(109): Illuminate\\Pipeline\\Pipeline->Illuminate\\Pipeline\\{closure}()
#41 C:\\Users\\camar\\Bureau\\mindful-journey-ui\\back-mindful-journey-iu\\mindful-journey-back\\vendor\\laravel\\framework\\src\\Illuminate\\Pipeline\\Pipeline.php(208): Illuminate\\Foundation\\Http\\Middleware\\PreventRequestsDuringMaintenance->handle()
#42 C:\\Users\\camar\\Bureau\\mindful-journey-ui\\back-mindful-journey-iu\\mindful-journey-back\\vendor\\laravel\\framework\\src\\Illuminate\\Http\\Middleware\\HandleCors.php(61): Illuminate\\Pipeline\\Pipeline->Illuminate\\Pipeline\\{closure}()
#43 C:\\Users\\camar\\Bureau\\mindful-journey-ui\\back-mindful-journey-iu\\mindful-journey-back\\vendor\\laravel\\framework\\src\\Illuminate\\Pipeline\\Pipeline.php(208): Illuminate\\Http\\Middleware\\HandleCors->handle()
#44 C:\\Users\\camar\\Bureau\\mindful-journey-ui\\back-mindful-journey-iu\\mindful-journey-back\\vendor\\laravel\\framework\\src\\Illuminate\\Http\\Middleware\\TrustProxies.php(58): Illuminate\\Pipeline\\Pipeline->Illuminate\\Pipeline\\{closure}()
#45 C:\\Users\\camar\\Bureau\\mindful-journey-ui\\back-mindful-journey-iu\\mindful-journey-back\\vendor\\laravel\\framework\\src\\Illuminate\\Pipeline\\Pipeline.php(208): Illuminate\\Http\\Middleware\\TrustProxies->handle()
#46 C:\\Users\\camar\\Bureau\\mindful-journey-ui\\back-mindful-journey-iu\\mindful-journey-back\\vendor\\laravel\\framework\\src\\Illuminate\\Foundation\\Http\\Middleware\\InvokeDeferredCallbacks.php(22): Illuminate\\Pipeline\\Pipeline->Illuminate\\Pipeline\\{closure}()
#47 C:\\Users\\camar\\Bureau\\mindful-journey-ui\\back-mindful-journey-iu\\mindful-journey-back\\vendor\\laravel\\framework\\src\\Illuminate\\Pipeline\\Pipeline.php(208): Illuminate\\Foundation\\Http\\Middleware\\InvokeDeferredCallbacks->handle()
#48 C:\\Users\\camar\\Bureau\\mindful-journey-ui\\back-mindful-journey-iu\\mindful-journey-back\\vendor\\laravel\\framework\\src\\Illuminate\\Http\\Middleware\\ValidatePathEncoding.php(26): Illuminate\\Pipeline\\Pipeline->Illuminate\\Pipeline\\{closure}()
#49 C:\\Users\\camar\\Bureau\\mindful-journey-ui\\back-mindful-journey-iu\\mindful-journey-back\\vendor\\laravel\\framework\\src\\Illuminate\\Pipeline\\Pipeline.php(208): Illuminate\\Http\\Middleware\\ValidatePathEncoding->handle()
#50 C:\\Users\\camar\\Bureau\\mindful-journey-ui\\back-mindful-journey-iu\\mindful-journey-back\\vendor\\laravel\\framework\\src\\Illuminate\\Pipeline\\Pipeline.php(126): Illuminate\\Pipeline\\Pipeline->Illuminate\\Pipeline\\{closure}()
#51 C:\\Users\\camar\\Bureau\\mindful-journey-ui\\back-mindful-journey-iu\\mindful-journey-back\\vendor\\laravel\\framework\\src\\Illuminate\\Foundation\\Http\\Kernel.php(175): Illuminate\\Pipeline\\Pipeline->then()
#52 C:\\Users\\camar\\Bureau\\mindful-journey-ui\\back-mindful-journey-iu\\mindful-journey-back\\vendor\\laravel\\framework\\src\\Illuminate\\Foundation\\Http\\Kernel.php(144): Illuminate\\Foundation\\Http\\Kernel->sendRequestThroughRouter()
#53 C:\\Users\\camar\\Bureau\\mindful-journey-ui\\back-mindful-journey-iu\\mindful-journey-back\\vendor\\laravel\\framework\\src\\Illuminate\\Foundation\\Application.php(1219): Illuminate\\Foundation\\Http\\Kernel->handle()
#54 C:\\Users\\camar\\Bureau\\mindful-journey-ui\\back-mindful-journey-iu\\mindful-journey-back\\public\\index.php(20): Illuminate\\Foundation\\Application->handleRequest()
#55 C:\\Users\\camar\\Bureau\\mindful-journey-ui\\back-mindful-journey-iu\\mindful-journey-back\\vendor\\laravel\\framework\\src\\Illuminate\\Foundation\\resources\\server.php(23): require_once('...')
#56 {main}

[previous exception] [object] (PDOException(code: 23000): SQLSTATE[23000]: Integrity constraint violation: 19 UNIQUE constraint failed: mood_entries.user_id, mood_entries.date at C:\\Users\\camar\\Bureau\\mindful-journey-ui\\back-mindful-journey-iu\\mindful-journey-back\\vendor\\laravel\\framework\\src\\Illuminate\\Database\\Connection.php:570)
[stacktrace]
#0 C:\\Users\\camar\\Bureau\\mindful-journey-ui\\back-mindful-journey-iu\\mindful-journey-back\\vendor\\laravel\\framework\\src\\Illuminate\\Database\\Connection.php(570): PDOStatement->execute()
#1 C:\\Users\\camar\\Bureau\\mindful-journey-ui\\back-mindful-journey-iu\\mindful-journey-back\\vendor\\laravel\\framework\\src\\Illuminate\\Database\\Connection.php(811): Illuminate\\Database\\Connection->Illuminate\\Database\\{closure}()
#2 C:\\Users\\camar\\Bureau\\mindful-journey-ui\\back-mindful-journey-iu\\mindful-journey-back\\vendor\\laravel\\framework\\src\\Illuminate\\Database\\Connection.php(778): Illuminate\\Database\\Connection->runQueryCallback()
#3 C:\\Users\\camar\\Bureau\\mindful-journey-ui\\back-mindful-journey-iu\\mindful-journey-back\\vendor\\laravel\\framework\\src\\Illuminate\\Database\\Connection.php(559): Illuminate\\Database\\Connection->run()
#4 C:\\Users\\camar\\Bureau\\mindful-journey-ui\\back-mindful-journey-iu\\mindful-journey-back\\vendor\\laravel\\framework\\src\\Illuminate\\Database\\Connection.php(523): Illuminate\\Database\\Connection->statement()
#5 C:\\Users\\camar\\Bureau\\mindful-journey-ui\\back-mindful-journey-iu\\mindful-journey-back\\vendor\\laravel\\framework\\src\\Illuminate\\Database\\Query\\Processors\\Processor.php(32): Illuminate\\Database\\Connection->insert()
#6 C:\\Users\\camar\\Bureau\\mindful-journey-ui\\back-mindful-journey-iu\\mindful-journey-back\\vendor\\laravel\\framework\\src\\Illuminate\\Database\\Query\\Builder.php(3853): Illuminate\\Database\\Query\\Processors\\Processor->processInsertGetId()
#7 C:\\Users\\camar\\Bureau\\mindful-journey-ui\\back-mindful-journey-iu\\mindful-journey-back\\vendor\\laravel\\framework\\src\\Illuminate\\Database\\Eloquent\\Builder.php(2205): Illuminate\\Database\\Query\\Builder->insertGetId()
#8 C:\\Users\\camar\\Bureau\\mindful-journey-ui\\back-mindful-journey-iu\\mindful-journey-back\\vendor\\laravel\\framework\\src\\Illuminate\\Database\\Eloquent\\Model.php(1427): Illuminate\\Database\\Eloquent\\Builder->__call()
#9 C:\\Users\\camar\\Bureau\\mindful-journey-ui\\back-mindful-journey-iu\\mindful-journey-back\\vendor\\laravel\\framework\\src\\Illuminate\\Database\\Eloquent\\Model.php(1392): Illuminate\\Database\\Eloquent\\Model->insertAndSetId()
#10 C:\\Users\\camar\\Bureau\\mindful-journey-ui\\back-mindful-journey-iu\\mindful-journey-back\\vendor\\laravel\\framework\\src\\Illuminate\\Database\\Eloquent\\Model.php(1231): Illuminate\\Database\\Eloquent\\Model->performInsert()
#11 C:\\Users\\camar\\Bureau\\mindful-journey-ui\\back-mindful-journey-iu\\mindful-journey-back\\vendor\\laravel\\framework\\src\\Illuminate\\Database\\Eloquent\\Builder.php(1189): Illuminate\\Database\\Eloquent\\Model->save()
#12 C:\\Users\\camar\\Bureau\\mindful-journey-ui\\back-mindful-journey-iu\\mindful-journey-back\\vendor\\laravel\\framework\\src\\Illuminate\\Support\\helpers.php(399): Illuminate\\Database\\Eloquent\\Builder->Illuminate\\Database\\Eloquent\\{closure}()
#13 C:\\Users\\camar\\Bureau\\mindful-journey-ui\\back-mindful-journey-iu\\mindful-journey-back\\vendor\\laravel\\framework\\src\\Illuminate\\Database\\Eloquent\\Builder.php(1188): tap()
#14 C:\\Users\\camar\\Bureau\\mindful-journey-ui\\back-mindful-journey-iu\\mindful-journey-back\\vendor\\laravel\\framework\\src\\Illuminate\\Support\\Traits\\ForwardsCalls.php(23): Illuminate\\Database\\Eloquent\\Builder->create()
#15 C:\\Users\\camar\\Bureau\\mindful-journey-ui\\back-mindful-journey-iu\\mindful-journey-back\\vendor\\laravel\\framework\\src\\Illuminate\\Database\\Eloquent\\Model.php(2518): Illuminate\\Database\\Eloquent\\Model->forwardCallTo()
#16 C:\\Users\\camar\\Bureau\\mindful-journey-ui\\back-mindful-journey-iu\\mindful-journey-back\\vendor\\laravel\\framework\\src\\Illuminate\\Database\\Eloquent\\Model.php(2534): Illuminate\\Database\\Eloquent\\Model->__call()
#17 C:\\Users\\camar\\Bureau\\mindful-journey-ui\\back-mindful-journey-iu\\mindful-journey-back\\app\\Http\\Controllers\\Api\\MoodController.php(102): Illuminate\\Database\\Eloquent\\Model::__callStatic()
#18 C:\\Users\\camar\\Bureau\\mindful-journey-ui\\back-mindful-journey-iu\\mindful-journey-back\\vendor\\laravel\\framework\\src\\Illuminate\\Routing\\ControllerDispatcher.php(46): App\\Http\\Controllers\\Api\\MoodController->store()
#19 C:\\Users\\camar\\Bureau\\mindful-journey-ui\\back-mindful-journey-iu\\mindful-journey-back\\vendor\\laravel\\framework\\src\\Illuminate\\Routing\\Route.php(265): Illuminate\\Routing\\ControllerDispatcher->dispatch()
#20 C:\\Users\\camar\\Bureau\\mindful-journey-ui\\back-mindful-journey-iu\\mindful-journey-back\\vendor\\laravel\\framework\\src\\Illuminate\\Routing\\Route.php(211): Illuminate\\Routing\\Route->runController()
#21 C:\\Users\\camar\\Bureau\\mindful-journey-ui\\back-mindful-journey-iu\\mindful-journey-back\\vendor\\laravel\\framework\\src\\Illuminate\\Routing\\Router.php(808): Illuminate\\Routing\\Route->run()
#22 C:\\Users\\camar\\Bureau\\mindful-journey-ui\\back-mindful-journey-iu\\mindful-journey-back\\vendor\\laravel\\framework\\src\\Illuminate\\Pipeline\\Pipeline.php(169): Illuminate\\Routing\\Router->Illuminate\\Routing\\{closure}()
#23 C:\\Users\\camar\\Bureau\\mindful-journey-ui\\back-mindful-journey-iu\\mindful-journey-back\\vendor\\laravel\\framework\\src\\Illuminate\\Routing\\Middleware\\SubstituteBindings.php(50): Illuminate\\Pipeline\\Pipeline->Illuminate\\Pipeline\\{closure}()
#24 C:\\Users\\camar\\Bureau\\mindful-journey-ui\\back-mindful-journey-iu\\mindful-journey-back\\vendor\\laravel\\framework\\src\\Illuminate\\Pipeline\\Pipeline.php(208): Illuminate\\Routing\\Middleware\\SubstituteBindings->handle()
#25 C:\\Users\\camar\\Bureau\\mindful-journey-ui\\back-mindful-journey-iu\\mindful-journey-back\\vendor\\laravel\\framework\\src\\Illuminate\\Auth\\Middleware\\Authenticate.php(63): Illuminate\\Pipeline\\Pipeline->Illuminate\\Pipeline\\{closure}()
#26 C:\\Users\\camar\\Bureau\\mindful-journey-ui\\back-mindful-journey-iu\\mindful-journey-back\\vendor\\laravel\\framework\\src\\Illuminate\\Pipeline\\Pipeline.php(208): Illuminate\\Auth\\Middleware\\Authenticate->handle()
#27 C:\\Users\\camar\\Bureau\\mindful-journey-ui\\back-mindful-journey-iu\\mindful-journey-back\\vendor\\laravel\\framework\\src\\Illuminate\\Pipeline\\Pipeline.php(126): Illuminate\\Pipeline\\Pipeline->Illuminate\\Pipeline\\{closure}()
#28 C:\\Users\\camar\\Bureau\\mindful-journey-ui\\back-mindful-journey-iu\\mindful-journey-back\\vendor\\laravel\\framework\\src\\Illuminate\\Routing\\Router.php(807): Illuminate\\Pipeline\\Pipeline->then()
#29 C:\\Users\\camar\\Bureau\\mindful-journey-ui\\back-mindful-journey-iu\\mindful-journey-back\\vendor\\laravel\\framework\\src\\Illuminate\\Routing\\Router.php(786): Illuminate\\Routing\\Router->runRouteWithinStack()
#30 C:\\Users\\camar\\Bureau\\mindful-journey-ui\\back-mindful-journey-iu\\mindful-journey-back\\vendor\\laravel\\framework\\src\\Illuminate\\Routing\\Router.php(750): Illuminate\\Routing\\Router->runRoute()
#31 C:\\Users\\camar\\Bureau\\mindful-journey-ui\\back-mindful-journey-iu\\mindful-journey-back\\vendor\\laravel\\framework\\src\\Illuminate\\Routing\\Router.php(739): Illuminate\\Routing\\Router->dispatchToRoute()
#32 C:\\Users\\camar\\Bureau\\mindful-journey-ui\\back-mindful-journey-iu\\mindful-journey-back\\vendor\\laravel\\framework\\src\\Illuminate\\Foundation\\Http\\Kernel.php(200): Illuminate\\Routing\\Router->dispatch()
#33 C:\\Users\\camar\\Bureau\\mindful-journey-ui\\back-mindful-journey-iu\\mindful-journey-back\\vendor\\laravel\\framework\\src\\Illuminate\\Pipeline\\Pipeline.php(169): Illuminate\\Foundation\\Http\\Kernel->Illuminate\\Foundation\\Http\\{closure}()
#34 C:\\Users\\camar\\Bureau\\mindful-journey-ui\\back-mindful-journey-iu\\mindful-journey-back\\vendor\\laravel\\framework\\src\\Illuminate\\Foundation\\Http\\Middleware\\TransformsRequest.php(21): Illuminate\\Pipeline\\Pipeline->Illuminate\\Pipeline\\{closure}()
#35 C:\\Users\\camar\\Bureau\\mindful-journey-ui\\back-mindful-journey-iu\\mindful-journey-back\\vendor\\laravel\\framework\\src\\Illuminate\\Foundation\\Http\\Middleware\\ConvertEmptyStringsToNull.php(31): Illuminate\\Foundation\\Http\\Middleware\\TransformsRequest->handle()
#36 C:\\Users\\camar\\Bureau\\mindful-journey-ui\\back-mindful-journey-iu\\mindful-journey-back\\vendor\\laravel\\framework\\src\\Illuminate\\Pipeline\\Pipeline.php(208): Illuminate\\Foundation\\Http\\Middleware\\ConvertEmptyStringsToNull->handle()
#37 C:\\Users\\camar\\Bureau\\mindful-journey-ui\\back-mindful-journey-iu\\mindful-journey-back\\vendor\\laravel\\framework\\src\\Illuminate\\Foundation\\Http\\Middleware\\TransformsRequest.php(21): Illuminate\\Pipeline\\Pipeline->Illuminate\\Pipeline\\{closure}()
#38 C:\\Users\\camar\\Bureau\\mindful-journey-ui\\back-mindful-journey-iu\\mindful-journey-back\\vendor\\laravel\\framework\\src\\Illuminate\\Foundation\\Http\\Middleware\\TrimStrings.php(51): Illuminate\\Foundation\\Http\\Middleware\\TransformsRequest->handle()
#39 C:\\Users\\camar\\Bureau\\mindful-journey-ui\\back-mindful-journey-iu\\mindful-journey-back\\vendor\\laravel\\framework\\src\\Illuminate\\Pipeline\\Pipeline.php(208): Illuminate\\Foundation\\Http\\Middleware\\TrimStrings->handle()
#40 C:\\Users\\camar\\Bureau\\mindful-journey-ui\\back-mindful-journey-iu\\mindful-journey-back\\vendor\\laravel\\framework\\src\\Illuminate\\Http\\Middleware\\ValidatePostSize.php(27): Illuminate\\Pipeline\\Pipeline->Illuminate\\Pipeline\\{closure}()
#41 C:\\Users\\camar\\Bureau\\mindful-journey-ui\\back-mindful-journey-iu\\mindful-journey-back\\vendor\\laravel\\framework\\src\\Illuminate\\Pipeline\\Pipeline.php(208): Illuminate\\Http\\Middleware\\ValidatePostSize->handle()
#42 C:\\Users\\camar\\Bureau\\mindful-journey-ui\\back-mindful-journey-iu\\mindful-journey-back\\vendor\\laravel\\framework\\src\\Illuminate\\Foundation\\Http\\Middleware\\PreventRequestsDuringMaintenance.php(109): Illuminate\\Pipeline\\Pipeline->Illuminate\\Pipeline\\{closure}()
#43 C:\\Users\\camar\\Bureau\\mindful-journey-ui\\back-mindful-journey-iu\\mindful-journey-back\\vendor\\laravel\\framework\\src\\Illuminate\\Pipeline\\Pipeline.php(208): Illuminate\\Foundation\\Http\\Middleware\\PreventRequestsDuringMaintenance->handle()
#44 C:\\Users\\camar\\Bureau\\mindful-journey-ui\\back-mindful-journey-iu\\mindful-journey-back\\vendor\\laravel\\framework\\src\\Illuminate\\Http\\Middleware\\HandleCors.php(61): Illuminate\\Pipeline\\Pipeline->Illuminate\\Pipeline\\{closure}()
#45 C:\\Users\\camar\\Bureau\\mindful-journey-ui\\back-mindful-journey-iu\\mindful-journey-back\\vendor\\laravel\\framework\\src\\Illuminate\\Pipeline\\Pipeline.php(208): Illuminate\\Http\\Middleware\\HandleCors->handle()
#46 C:\\Users\\camar\\Bureau\\mindful-journey-ui\\back-mindful-journey-iu\\mindful-journey-back\\vendor\\laravel\\framework\\src\\Illuminate\\Http\\Middleware\\TrustProxies.php(58): Illuminate\\Pipeline\\Pipeline->Illuminate\\Pipeline\\{closure}()
#47 C:\\Users\\camar\\Bureau\\mindful-journey-ui\\back-mindful-journey-iu\\mindful-journey-back\\vendor\\laravel\\framework\\src\\Illuminate\\Pipeline\\Pipeline.php(208): Illuminate\\Http\\Middleware\\TrustProxies->handle()
#48 C:\\Users\\camar\\Bureau\\mindful-journey-ui\\back-mindful-journey-iu\\mindful-journey-back\\vendor\\laravel\\framework\\src\\Illuminate\\Foundation\\Http\\Middleware\\InvokeDeferredCallbacks.php(22): Illuminate\\Pipeline\\Pipeline->Illuminate\\Pipeline\\{closure}()
#49 C:\\Users\\camar\\Bureau\\mindful-journey-ui\\back-mindful-journey-iu\\mindful-journey-back\\vendor\\laravel\\framework\\src\\Illuminate\\Pipeline\\Pipeline.php(208): Illuminate\\Foundation\\Http\\Middleware\\InvokeDeferredCallbacks->handle()
#50 C:\\Users\\camar\\Bureau\\mindful-journey-ui\\back-mindful-journey-iu\\mindful-journey-back\\vendor\\laravel\\framework\\src\\Illuminate\\Http\\Middleware\\ValidatePathEncoding.php(26): Illuminate\\Pipeline\\Pipeline->Illuminate\\Pipeline\\{closure}()
#51 C:\\Users\\camar\\Bureau\\mindful-journey-ui\\back-mindful-journey-iu\\mindful-journey-back\\vendor\\laravel\\framework\\src\\Illuminate\\Pipeline\\Pipeline.php(208): Illuminate\\Http\\Middleware\\ValidatePathEncoding->handle()
#52 C:\\Users\\camar\\Bureau\\mindful-journey-ui\\back-mindful-journey-iu\\mindful-journey-back\\vendor\\laravel\\framework\\src\\Illuminate\\Pipeline\\Pipeline.php(126): Illuminate\\Pipeline\\Pipeline->Illuminate\\Pipeline\\{closure}()
#53 C:\\Users\\camar\\Bureau\\mindful-journey-ui\\back-mindful-journey-iu\\mindful-journey-back\\vendor\\laravel\\framework\\src\\Illuminate\\Foundation\\Http\\Kernel.php(175): Illuminate\\Pipeline\\Pipeline->then()
#54 C:\\Users\\camar\\Bureau\\mindful-journey-ui\\back-mindful-journey-iu\\mindful-journey-back\\vendor\\laravel\\framework\\src\\Illuminate\\Foundation\\Http\\Kernel.php(144): Illuminate\\Foundation\\Http\\Kernel->sendRequestThroughRouter()
#55 C:\\Users\\camar\\Bureau\\mindful-journey-ui\\back-mindful-journey-iu\\mindful-journey-back\\vendor\\laravel\\framework\\src\\Illuminate\\Foundation\\Application.php(1219): Illuminate\\Foundation\\Http\\Kernel->handle()
#56 C:\\Users\\camar\\Bureau\\mindful-journey-ui\\back-mindful-journey-iu\\mindful-journey-back\\public\\index.php(20): Illuminate\\Foundation\\Application->handleRequest()
#57 C:\\Users\\camar\\Bureau\\mindful-journey-ui\\back-mindful-journey-iu\\mindful-journey-back\\vendor\\laravel\\framework\\src\\Illuminate\\Foundation\\resources\\server.php(23): require_once('...')
#58 {main}
","validated":{"date":"2025-08-13","mood_level":5,"mood_emoji":"😁","energy_level":5,"stress_level":3,"sleep_quality":null,"notes":null,"activities":[],"emotions":[]}} 
[2025-08-13 08:15:31] local.ERROR: PHP Parse error: Syntax error, unexpected T_NS_SEPARATOR on line 1 {"exception":"[object] (Psy\\Exception\\ParseErrorException(code: 0): PHP Parse error: Syntax error, unexpected T_NS_SEPARATOR on line 1 at C:\\Users\\camar\\Bureau\\mindful-journey-ui\\back-mindful-journey-iu\\mindful-journey-back\\vendor\\psy\\psysh\\src\\Exception\\ParseErrorException.php:44)
[stacktrace]
#0 C:\\Users\\camar\\Bureau\\mindful-journey-ui\\back-mindful-journey-iu\\mindful-journey-back\\vendor\\psy\\psysh\\src\\CodeCleaner.php(306): Psy\\Exception\\ParseErrorException::fromParseError()
#1 C:\\Users\\camar\\Bureau\\mindful-journey-ui\\back-mindful-journey-iu\\mindful-journey-back\\vendor\\psy\\psysh\\src\\CodeCleaner.php(240): Psy\\CodeCleaner->parse()
#2 C:\\Users\\camar\\Bureau\\mindful-journey-ui\\back-mindful-journey-iu\\mindful-journey-back\\vendor\\psy\\psysh\\src\\Shell.php(852): Psy\\CodeCleaner->clean()
#3 C:\\Users\\camar\\Bureau\\mindful-journey-ui\\back-mindful-journey-iu\\mindful-journey-back\\vendor\\psy\\psysh\\src\\Shell.php(881): Psy\\Shell->addCode()
#4 C:\\Users\\camar\\Bureau\\mindful-journey-ui\\back-mindful-journey-iu\\mindful-journey-back\\vendor\\psy\\psysh\\src\\Shell.php(1390): Psy\\Shell->setCode()
#5 C:\\Users\\camar\\Bureau\\mindful-journey-ui\\back-mindful-journey-iu\\mindful-journey-back\\vendor\\laravel\\tinker\\src\\Console\\TinkerCommand.php(76): Psy\\Shell->execute()
#6 C:\\Users\\camar\\Bureau\\mindful-journey-ui\\back-mindful-journey-iu\\mindful-journey-back\\vendor\\laravel\\framework\\src\\Illuminate\\Container\\BoundMethod.php(36): Laravel\\Tinker\\Console\\TinkerCommand->handle()
#7 C:\\Users\\camar\\Bureau\\mindful-journey-ui\\back-mindful-journey-iu\\mindful-journey-back\\vendor\\laravel\\framework\\src\\Illuminate\\Container\\Util.php(43): Illuminate\\Container\\BoundMethod::Illuminate\\Container\\{closure}()
#8 C:\\Users\\camar\\Bureau\\mindful-journey-ui\\back-mindful-journey-iu\\mindful-journey-back\\vendor\\laravel\\framework\\src\\Illuminate\\Container\\BoundMethod.php(96): Illuminate\\Container\\Util::unwrapIfClosure()
#9 C:\\Users\\camar\\Bureau\\mindful-journey-ui\\back-mindful-journey-iu\\mindful-journey-back\\vendor\\laravel\\framework\\src\\Illuminate\\Container\\BoundMethod.php(35): Illuminate\\Container\\BoundMethod::callBoundMethod()
#10 C:\\Users\\camar\\Bureau\\mindful-journey-ui\\back-mindful-journey-iu\\mindful-journey-back\\vendor\\laravel\\framework\\src\\Illuminate\\Container\\Container.php(780): Illuminate\\Container\\BoundMethod::call()
#11 C:\\Users\\camar\\Bureau\\mindful-journey-ui\\back-mindful-journey-iu\\mindful-journey-back\\vendor\\laravel\\framework\\src\\Illuminate\\Console\\Command.php(211): Illuminate\\Container\\Container->call()
#12 C:\\Users\\camar\\Bureau\\mindful-journey-ui\\back-mindful-journey-iu\\mindful-journey-back\\vendor\\symfony\\console\\Command\\Command.php(318): Illuminate\\Console\\Command->execute()
#13 C:\\Users\\camar\\Bureau\\mindful-journey-ui\\back-mindful-journey-iu\\mindful-journey-back\\vendor\\laravel\\framework\\src\\Illuminate\\Console\\Command.php(180): Symfony\\Component\\Console\\Command\\Command->run()
#14 C:\\Users\\camar\\Bureau\\mindful-journey-ui\\back-mindful-journey-iu\\mindful-journey-back\\vendor\\symfony\\console\\Application.php(1092): Illuminate\\Console\\Command->run()
#15 C:\\Users\\camar\\Bureau\\mindful-journey-ui\\back-mindful-journey-iu\\mindful-journey-back\\vendor\\symfony\\console\\Application.php(341): Symfony\\Component\\Console\\Application->doRunCommand()
#16 C:\\Users\\camar\\Bureau\\mindful-journey-ui\\back-mindful-journey-iu\\mindful-journey-back\\vendor\\symfony\\console\\Application.php(192): Symfony\\Component\\Console\\Application->doRun()
#17 C:\\Users\\camar\\Bureau\\mindful-journey-ui\\back-mindful-journey-iu\\mindful-journey-back\\vendor\\laravel\\framework\\src\\Illuminate\\Foundation\\Console\\Kernel.php(197): Symfony\\Component\\Console\\Application->run()
#18 C:\\Users\\camar\\Bureau\\mindful-journey-ui\\back-mindful-journey-iu\\mindful-journey-back\\vendor\\laravel\\framework\\src\\Illuminate\\Foundation\\Application.php(1234): Illuminate\\Foundation\\Console\\Kernel->handle()
#19 C:\\Users\\camar\\Bureau\\mindful-journey-ui\\back-mindful-journey-iu\\mindful-journey-back\\artisan(16): Illuminate\\Foundation\\Application->handleCommand()
#20 {main}
"} 
[2025-08-13 08:15:39] local.ERROR: PHP Parse error: Syntax error, unexpected T_NS_SEPARATOR on line 1 {"exception":"[object] (Psy\\Exception\\ParseErrorException(code: 0): PHP Parse error: Syntax error, unexpected T_NS_SEPARATOR on line 1 at C:\\Users\\camar\\Bureau\\mindful-journey-ui\\back-mindful-journey-iu\\mindful-journey-back\\vendor\\psy\\psysh\\src\\Exception\\ParseErrorException.php:44)
[stacktrace]
#0 C:\\Users\\camar\\Bureau\\mindful-journey-ui\\back-mindful-journey-iu\\mindful-journey-back\\vendor\\psy\\psysh\\src\\CodeCleaner.php(306): Psy\\Exception\\ParseErrorException::fromParseError()
#1 C:\\Users\\camar\\Bureau\\mindful-journey-ui\\back-mindful-journey-iu\\mindful-journey-back\\vendor\\psy\\psysh\\src\\CodeCleaner.php(240): Psy\\CodeCleaner->parse()
#2 C:\\Users\\camar\\Bureau\\mindful-journey-ui\\back-mindful-journey-iu\\mindful-journey-back\\vendor\\psy\\psysh\\src\\Shell.php(852): Psy\\CodeCleaner->clean()
#3 C:\\Users\\camar\\Bureau\\mindful-journey-ui\\back-mindful-journey-iu\\mindful-journey-back\\vendor\\psy\\psysh\\src\\Shell.php(881): Psy\\Shell->addCode()
#4 C:\\Users\\camar\\Bureau\\mindful-journey-ui\\back-mindful-journey-iu\\mindful-journey-back\\vendor\\psy\\psysh\\src\\Shell.php(1390): Psy\\Shell->setCode()
#5 C:\\Users\\camar\\Bureau\\mindful-journey-ui\\back-mindful-journey-iu\\mindful-journey-back\\vendor\\laravel\\tinker\\src\\Console\\TinkerCommand.php(76): Psy\\Shell->execute()
#6 C:\\Users\\camar\\Bureau\\mindful-journey-ui\\back-mindful-journey-iu\\mindful-journey-back\\vendor\\laravel\\framework\\src\\Illuminate\\Container\\BoundMethod.php(36): Laravel\\Tinker\\Console\\TinkerCommand->handle()
#7 C:\\Users\\camar\\Bureau\\mindful-journey-ui\\back-mindful-journey-iu\\mindful-journey-back\\vendor\\laravel\\framework\\src\\Illuminate\\Container\\Util.php(43): Illuminate\\Container\\BoundMethod::Illuminate\\Container\\{closure}()
#8 C:\\Users\\camar\\Bureau\\mindful-journey-ui\\back-mindful-journey-iu\\mindful-journey-back\\vendor\\laravel\\framework\\src\\Illuminate\\Container\\BoundMethod.php(96): Illuminate\\Container\\Util::unwrapIfClosure()
#9 C:\\Users\\camar\\Bureau\\mindful-journey-ui\\back-mindful-journey-iu\\mindful-journey-back\\vendor\\laravel\\framework\\src\\Illuminate\\Container\\BoundMethod.php(35): Illuminate\\Container\\BoundMethod::callBoundMethod()
#10 C:\\Users\\camar\\Bureau\\mindful-journey-ui\\back-mindful-journey-iu\\mindful-journey-back\\vendor\\laravel\\framework\\src\\Illuminate\\Container\\Container.php(780): Illuminate\\Container\\BoundMethod::call()
#11 C:\\Users\\camar\\Bureau\\mindful-journey-ui\\back-mindful-journey-iu\\mindful-journey-back\\vendor\\laravel\\framework\\src\\Illuminate\\Console\\Command.php(211): Illuminate\\Container\\Container->call()
#12 C:\\Users\\camar\\Bureau\\mindful-journey-ui\\back-mindful-journey-iu\\mindful-journey-back\\vendor\\symfony\\console\\Command\\Command.php(318): Illuminate\\Console\\Command->execute()
#13 C:\\Users\\camar\\Bureau\\mindful-journey-ui\\back-mindful-journey-iu\\mindful-journey-back\\vendor\\laravel\\framework\\src\\Illuminate\\Console\\Command.php(180): Symfony\\Component\\Console\\Command\\Command->run()
#14 C:\\Users\\camar\\Bureau\\mindful-journey-ui\\back-mindful-journey-iu\\mindful-journey-back\\vendor\\symfony\\console\\Application.php(1092): Illuminate\\Console\\Command->run()
#15 C:\\Users\\camar\\Bureau\\mindful-journey-ui\\back-mindful-journey-iu\\mindful-journey-back\\vendor\\symfony\\console\\Application.php(341): Symfony\\Component\\Console\\Application->doRunCommand()
#16 C:\\Users\\camar\\Bureau\\mindful-journey-ui\\back-mindful-journey-iu\\mindful-journey-back\\vendor\\symfony\\console\\Application.php(192): Symfony\\Component\\Console\\Application->doRun()
#17 C:\\Users\\camar\\Bureau\\mindful-journey-ui\\back-mindful-journey-iu\\mindful-journey-back\\vendor\\laravel\\framework\\src\\Illuminate\\Foundation\\Console\\Kernel.php(197): Symfony\\Component\\Console\\Application->run()
#18 C:\\Users\\camar\\Bureau\\mindful-journey-ui\\back-mindful-journey-iu\\mindful-journey-back\\vendor\\laravel\\framework\\src\\Illuminate\\Foundation\\Application.php(1234): Illuminate\\Foundation\\Console\\Kernel->handle()
#19 C:\\Users\\camar\\Bureau\\mindful-journey-ui\\back-mindful-journey-iu\\mindful-journey-back\\artisan(16): Illuminate\\Foundation\\Application->handleCommand()
#20 {main}
"} 
[2025-08-13 08:18:40] local.ERROR: PHP Parse error: Syntax error, unexpected T_NS_SEPARATOR on line 1 {"exception":"[object] (Psy\\Exception\\ParseErrorException(code: 0): PHP Parse error: Syntax error, unexpected T_NS_SEPARATOR on line 1 at C:\\Users\\camar\\Bureau\\mindful-journey-ui\\back-mindful-journey-iu\\mindful-journey-back\\vendor\\psy\\psysh\\src\\Exception\\ParseErrorException.php:44)
[stacktrace]
#0 C:\\Users\\camar\\Bureau\\mindful-journey-ui\\back-mindful-journey-iu\\mindful-journey-back\\vendor\\psy\\psysh\\src\\CodeCleaner.php(306): Psy\\Exception\\ParseErrorException::fromParseError()
#1 C:\\Users\\camar\\Bureau\\mindful-journey-ui\\back-mindful-journey-iu\\mindful-journey-back\\vendor\\psy\\psysh\\src\\CodeCleaner.php(240): Psy\\CodeCleaner->parse()
#2 C:\\Users\\camar\\Bureau\\mindful-journey-ui\\back-mindful-journey-iu\\mindful-journey-back\\vendor\\psy\\psysh\\src\\Shell.php(852): Psy\\CodeCleaner->clean()
#3 C:\\Users\\camar\\Bureau\\mindful-journey-ui\\back-mindful-journey-iu\\mindful-journey-back\\vendor\\psy\\psysh\\src\\Shell.php(881): Psy\\Shell->addCode()
#4 C:\\Users\\camar\\Bureau\\mindful-journey-ui\\back-mindful-journey-iu\\mindful-journey-back\\vendor\\psy\\psysh\\src\\Shell.php(1390): Psy\\Shell->setCode()
#5 C:\\Users\\camar\\Bureau\\mindful-journey-ui\\back-mindful-journey-iu\\mindful-journey-back\\vendor\\laravel\\tinker\\src\\Console\\TinkerCommand.php(76): Psy\\Shell->execute()
#6 C:\\Users\\camar\\Bureau\\mindful-journey-ui\\back-mindful-journey-iu\\mindful-journey-back\\vendor\\laravel\\framework\\src\\Illuminate\\Container\\BoundMethod.php(36): Laravel\\Tinker\\Console\\TinkerCommand->handle()
#7 C:\\Users\\camar\\Bureau\\mindful-journey-ui\\back-mindful-journey-iu\\mindful-journey-back\\vendor\\laravel\\framework\\src\\Illuminate\\Container\\Util.php(43): Illuminate\\Container\\BoundMethod::Illuminate\\Container\\{closure}()
#8 C:\\Users\\camar\\Bureau\\mindful-journey-ui\\back-mindful-journey-iu\\mindful-journey-back\\vendor\\laravel\\framework\\src\\Illuminate\\Container\\BoundMethod.php(96): Illuminate\\Container\\Util::unwrapIfClosure()
#9 C:\\Users\\camar\\Bureau\\mindful-journey-ui\\back-mindful-journey-iu\\mindful-journey-back\\vendor\\laravel\\framework\\src\\Illuminate\\Container\\BoundMethod.php(35): Illuminate\\Container\\BoundMethod::callBoundMethod()
#10 C:\\Users\\camar\\Bureau\\mindful-journey-ui\\back-mindful-journey-iu\\mindful-journey-back\\vendor\\laravel\\framework\\src\\Illuminate\\Container\\Container.php(780): Illuminate\\Container\\BoundMethod::call()
#11 C:\\Users\\camar\\Bureau\\mindful-journey-ui\\back-mindful-journey-iu\\mindful-journey-back\\vendor\\laravel\\framework\\src\\Illuminate\\Console\\Command.php(211): Illuminate\\Container\\Container->call()
#12 C:\\Users\\camar\\Bureau\\mindful-journey-ui\\back-mindful-journey-iu\\mindful-journey-back\\vendor\\symfony\\console\\Command\\Command.php(318): Illuminate\\Console\\Command->execute()
#13 C:\\Users\\camar\\Bureau\\mindful-journey-ui\\back-mindful-journey-iu\\mindful-journey-back\\vendor\\laravel\\framework\\src\\Illuminate\\Console\\Command.php(180): Symfony\\Component\\Console\\Command\\Command->run()
#14 C:\\Users\\camar\\Bureau\\mindful-journey-ui\\back-mindful-journey-iu\\mindful-journey-back\\vendor\\symfony\\console\\Application.php(1092): Illuminate\\Console\\Command->run()
#15 C:\\Users\\camar\\Bureau\\mindful-journey-ui\\back-mindful-journey-iu\\mindful-journey-back\\vendor\\symfony\\console\\Application.php(341): Symfony\\Component\\Console\\Application->doRunCommand()
#16 C:\\Users\\camar\\Bureau\\mindful-journey-ui\\back-mindful-journey-iu\\mindful-journey-back\\vendor\\symfony\\console\\Application.php(192): Symfony\\Component\\Console\\Application->doRun()
#17 C:\\Users\\camar\\Bureau\\mindful-journey-ui\\back-mindful-journey-iu\\mindful-journey-back\\vendor\\laravel\\framework\\src\\Illuminate\\Foundation\\Console\\Kernel.php(197): Symfony\\Component\\Console\\Application->run()
#18 C:\\Users\\camar\\Bureau\\mindful-journey-ui\\back-mindful-journey-iu\\mindful-journey-back\\vendor\\laravel\\framework\\src\\Illuminate\\Foundation\\Application.php(1234): Illuminate\\Foundation\\Console\\Kernel->handle()
#19 C:\\Users\\camar\\Bureau\\mindful-journey-ui\\back-mindful-journey-iu\\mindful-journey-back\\artisan(16): Illuminate\\Foundation\\Application->handleCommand()
#20 {main}
"} 
[2025-08-14 09:05:31] local.ERROR: Vite manifest not found at: C:\Users\camar\Bureau\mindful-journey-ui\back-mindful-journey-iu\mindful-journey-back\public\build/manifest.json (View: C:\Users\camar\Bureau\mindful-journey-ui\back-mindful-journey-iu\mindful-journey-back\resources\views\app.blade.php) {"exception":"[object] (Illuminate\\View\\ViewException(code: 0): Vite manifest not found at: C:\\Users\\camar\\Bureau\\mindful-journey-ui\\back-mindful-journey-iu\\mindful-journey-back\\public\\build/manifest.json (View: C:\\Users\\camar\\Bureau\\mindful-journey-ui\\back-mindful-journey-iu\\mindful-journey-back\\resources\\views\\app.blade.php) at C:\\Users\\camar\\Bureau\\mindful-journey-ui\\back-mindful-journey-iu\\mindful-journey-back\\vendor\\laravel\\framework\\src\\Illuminate\\Foundation\\Vite.php:935)
[stacktrace]
#0 C:\\Users\\camar\\Bureau\\mindful-journey-ui\\back-mindful-journey-iu\\mindful-journey-back\\vendor\\laravel\\framework\\src\\Illuminate\\View\\Engines\\PhpEngine.php(59): Illuminate\\View\\Engines\\CompilerEngine->handleViewException()
#1 C:\\Users\\camar\\Bureau\\mindful-journey-ui\\back-mindful-journey-iu\\mindful-journey-back\\vendor\\laravel\\framework\\src\\Illuminate\\View\\Engines\\CompilerEngine.php(76): Illuminate\\View\\Engines\\PhpEngine->evaluatePath()
#2 C:\\Users\\camar\\Bureau\\mindful-journey-ui\\back-mindful-journey-iu\\mindful-journey-back\\vendor\\laravel\\framework\\src\\Illuminate\\View\\View.php(208): Illuminate\\View\\Engines\\CompilerEngine->get()
#3 C:\\Users\\camar\\Bureau\\mindful-journey-ui\\back-mindful-journey-iu\\mindful-journey-back\\vendor\\laravel\\framework\\src\\Illuminate\\View\\View.php(191): Illuminate\\View\\View->getContents()
#4 C:\\Users\\camar\\Bureau\\mindful-journey-ui\\back-mindful-journey-iu\\mindful-journey-back\\vendor\\laravel\\framework\\src\\Illuminate\\View\\View.php(160): Illuminate\\View\\View->renderContents()
#5 C:\\Users\\camar\\Bureau\\mindful-journey-ui\\back-mindful-journey-iu\\mindful-journey-back\\vendor\\laravel\\framework\\src\\Illuminate\\Http\\Response.php(78): Illuminate\\View\\View->render()
#6 C:\\Users\\camar\\Bureau\\mindful-journey-ui\\back-mindful-journey-iu\\mindful-journey-back\\vendor\\laravel\\framework\\src\\Illuminate\\Http\\Response.php(34): Illuminate\\Http\\Response->setContent()
#7 C:\\Users\\camar\\Bureau\\mindful-journey-ui\\back-mindful-journey-iu\\mindful-journey-back\\vendor\\laravel\\framework\\src\\Illuminate\\Routing\\ResponseFactory.php(61): Illuminate\\Http\\Response->__construct()
#8 C:\\Users\\camar\\Bureau\\mindful-journey-ui\\back-mindful-journey-iu\\mindful-journey-back\\vendor\\laravel\\framework\\src\\Illuminate\\Routing\\ResponseFactory.php(91): Illuminate\\Routing\\ResponseFactory->make()
#9 C:\\Users\\camar\\Bureau\\mindful-journey-ui\\back-mindful-journey-iu\\mindful-journey-back\\vendor\\laravel\\framework\\src\\Illuminate\\Support\\Facades\\Facade.php(361): Illuminate\\Routing\\ResponseFactory->view()
#10 C:\\Users\\camar\\Bureau\\mindful-journey-ui\\back-mindful-journey-iu\\mindful-journey-back\\vendor\\inertiajs\\inertia-laravel\\src\\Response.php(135): Illuminate\\Support\\Facades\\Facade::__callStatic()
#11 C:\\Users\\camar\\Bureau\\mindful-journey-ui\\back-mindful-journey-iu\\mindful-journey-back\\vendor\\laravel\\framework\\src\\Illuminate\\Routing\\Router.php(907): Inertia\\Response->toResponse()
#12 C:\\Users\\camar\\Bureau\\mindful-journey-ui\\back-mindful-journey-iu\\mindful-journey-back\\vendor\\laravel\\framework\\src\\Illuminate\\Routing\\Router.php(892): Illuminate\\Routing\\Router::toResponse()
#13 C:\\Users\\camar\\Bureau\\mindful-journey-ui\\back-mindful-journey-iu\\mindful-journey-back\\vendor\\laravel\\framework\\src\\Illuminate\\Routing\\Router.php(807): Illuminate\\Routing\\Router->prepareResponse()
#14 C:\\Users\\camar\\Bureau\\mindful-journey-ui\\back-mindful-journey-iu\\mindful-journey-back\\vendor\\laravel\\framework\\src\\Illuminate\\Pipeline\\Pipeline.php(169): Illuminate\\Routing\\Router->Illuminate\\Routing\\{closure}()
#15 C:\\Users\\camar\\Bureau\\mindful-journey-ui\\back-mindful-journey-iu\\mindful-journey-back\\vendor\\laravel\\framework\\src\\Illuminate\\Http\\Middleware\\AddLinkHeadersForPreloadedAssets.php(32): Illuminate\\Pipeline\\Pipeline->Illuminate\\Pipeline\\{closure}()
#16 C:\\Users\\camar\\Bureau\\mindful-journey-ui\\back-mindful-journey-iu\\mindful-journey-back\\vendor\\laravel\\framework\\src\\Illuminate\\Pipeline\\Pipeline.php(208): Illuminate\\Http\\Middleware\\AddLinkHeadersForPreloadedAssets->handle()
#17 C:\\Users\\camar\\Bureau\\mindful-journey-ui\\back-mindful-journey-iu\\mindful-journey-back\\vendor\\inertiajs\\inertia-laravel\\src\\Middleware.php(100): Illuminate\\Pipeline\\Pipeline->Illuminate\\Pipeline\\{closure}()
#18 C:\\Users\\camar\\Bureau\\mindful-journey-ui\\back-mindful-journey-iu\\mindful-journey-back\\vendor\\laravel\\framework\\src\\Illuminate\\Pipeline\\Pipeline.php(208): Inertia\\Middleware->handle()
#19 C:\\Users\\camar\\Bureau\\mindful-journey-ui\\back-mindful-journey-iu\\mindful-journey-back\\app\\Http\\Middleware\\HandleAppearance.php(21): Illuminate\\Pipeline\\Pipeline->Illuminate\\Pipeline\\{closure}()
#20 C:\\Users\\camar\\Bureau\\mindful-journey-ui\\back-mindful-journey-iu\\mindful-journey-back\\vendor\\laravel\\framework\\src\\Illuminate\\Pipeline\\Pipeline.php(208): App\\Http\\Middleware\\HandleAppearance->handle()
#21 C:\\Users\\camar\\Bureau\\mindful-journey-ui\\back-mindful-journey-iu\\mindful-journey-back\\vendor\\laravel\\framework\\src\\Illuminate\\Routing\\Middleware\\SubstituteBindings.php(50): Illuminate\\Pipeline\\Pipeline->Illuminate\\Pipeline\\{closure}()
#22 C:\\Users\\camar\\Bureau\\mindful-journey-ui\\back-mindful-journey-iu\\mindful-journey-back\\vendor\\laravel\\framework\\src\\Illuminate\\Pipeline\\Pipeline.php(208): Illuminate\\Routing\\Middleware\\SubstituteBindings->handle()
#23 C:\\Users\\camar\\Bureau\\mindful-journey-ui\\back-mindful-journey-iu\\mindful-journey-back\\vendor\\laravel\\framework\\src\\Illuminate\\Foundation\\Http\\Middleware\\VerifyCsrfToken.php(87): Illuminate\\Pipeline\\Pipeline->Illuminate\\Pipeline\\{closure}()
#24 C:\\Users\\camar\\Bureau\\mindful-journey-ui\\back-mindful-journey-iu\\mindful-journey-back\\vendor\\laravel\\framework\\src\\Illuminate\\Pipeline\\Pipeline.php(208): Illuminate\\Foundation\\Http\\Middleware\\VerifyCsrfToken->handle()
#25 C:\\Users\\camar\\Bureau\\mindful-journey-ui\\back-mindful-journey-iu\\mindful-journey-back\\vendor\\laravel\\framework\\src\\Illuminate\\View\\Middleware\\ShareErrorsFromSession.php(48): Illuminate\\Pipeline\\Pipeline->Illuminate\\Pipeline\\{closure}()
#26 C:\\Users\\camar\\Bureau\\mindful-journey-ui\\back-mindful-journey-iu\\mindful-journey-back\\vendor\\laravel\\framework\\src\\Illuminate\\Pipeline\\Pipeline.php(208): Illuminate\\View\\Middleware\\ShareErrorsFromSession->handle()
#27 C:\\Users\\camar\\Bureau\\mindful-journey-ui\\back-mindful-journey-iu\\mindful-journey-back\\vendor\\laravel\\framework\\src\\Illuminate\\Session\\Middleware\\StartSession.php(120): Illuminate\\Pipeline\\Pipeline->Illuminate\\Pipeline\\{closure}()
#28 C:\\Users\\camar\\Bureau\\mindful-journey-ui\\back-mindful-journey-iu\\mindful-journey-back\\vendor\\laravel\\framework\\src\\Illuminate\\Session\\Middleware\\StartSession.php(63): Illuminate\\Session\\Middleware\\StartSession->handleStatefulRequest()
#29 C:\\Users\\camar\\Bureau\\mindful-journey-ui\\back-mindful-journey-iu\\mindful-journey-back\\vendor\\laravel\\framework\\src\\Illuminate\\Pipeline\\Pipeline.php(208): Illuminate\\Session\\Middleware\\StartSession->handle()
#30 C:\\Users\\camar\\Bureau\\mindful-journey-ui\\back-mindful-journey-iu\\mindful-journey-back\\vendor\\laravel\\framework\\src\\Illuminate\\Cookie\\Middleware\\AddQueuedCookiesToResponse.php(36): Illuminate\\Pipeline\\Pipeline->Illuminate\\Pipeline\\{closure}()
#31 C:\\Users\\camar\\Bureau\\mindful-journey-ui\\back-mindful-journey-iu\\mindful-journey-back\\vendor\\laravel\\framework\\src\\Illuminate\\Pipeline\\Pipeline.php(208): Illuminate\\Cookie\\Middleware\\AddQueuedCookiesToResponse->handle()
#32 C:\\Users\\camar\\Bureau\\mindful-journey-ui\\back-mindful-journey-iu\\mindful-journey-back\\vendor\\laravel\\framework\\src\\Illuminate\\Cookie\\Middleware\\EncryptCookies.php(74): Illuminate\\Pipeline\\Pipeline->Illuminate\\Pipeline\\{closure}()
#33 C:\\Users\\camar\\Bureau\\mindful-journey-ui\\back-mindful-journey-iu\\mindful-journey-back\\vendor\\laravel\\framework\\src\\Illuminate\\Pipeline\\Pipeline.php(208): Illuminate\\Cookie\\Middleware\\EncryptCookies->handle()
#34 C:\\Users\\camar\\Bureau\\mindful-journey-ui\\back-mindful-journey-iu\\mindful-journey-back\\vendor\\laravel\\framework\\src\\Illuminate\\Pipeline\\Pipeline.php(126): Illuminate\\Pipeline\\Pipeline->Illuminate\\Pipeline\\{closure}()
#35 C:\\Users\\camar\\Bureau\\mindful-journey-ui\\back-mindful-journey-iu\\mindful-journey-back\\vendor\\laravel\\framework\\src\\Illuminate\\Routing\\Router.php(807): Illuminate\\Pipeline\\Pipeline->then()
#36 C:\\Users\\camar\\Bureau\\mindful-journey-ui\\back-mindful-journey-iu\\mindful-journey-back\\vendor\\laravel\\framework\\src\\Illuminate\\Routing\\Router.php(786): Illuminate\\Routing\\Router->runRouteWithinStack()
#37 C:\\Users\\camar\\Bureau\\mindful-journey-ui\\back-mindful-journey-iu\\mindful-journey-back\\vendor\\laravel\\framework\\src\\Illuminate\\Routing\\Router.php(750): Illuminate\\Routing\\Router->runRoute()
#38 C:\\Users\\camar\\Bureau\\mindful-journey-ui\\back-mindful-journey-iu\\mindful-journey-back\\vendor\\laravel\\framework\\src\\Illuminate\\Routing\\Router.php(739): Illuminate\\Routing\\Router->dispatchToRoute()
#39 C:\\Users\\camar\\Bureau\\mindful-journey-ui\\back-mindful-journey-iu\\mindful-journey-back\\vendor\\laravel\\framework\\src\\Illuminate\\Foundation\\Http\\Kernel.php(200): Illuminate\\Routing\\Router->dispatch()
#40 C:\\Users\\camar\\Bureau\\mindful-journey-ui\\back-mindful-journey-iu\\mindful-journey-back\\vendor\\laravel\\framework\\src\\Illuminate\\Pipeline\\Pipeline.php(169): Illuminate\\Foundation\\Http\\Kernel->Illuminate\\Foundation\\Http\\{closure}()
#41 C:\\Users\\camar\\Bureau\\mindful-journey-ui\\back-mindful-journey-iu\\mindful-journey-back\\vendor\\laravel\\framework\\src\\Illuminate\\Foundation\\Http\\Middleware\\TransformsRequest.php(21): Illuminate\\Pipeline\\Pipeline->Illuminate\\Pipeline\\{closure}()
#42 C:\\Users\\camar\\Bureau\\mindful-journey-ui\\back-mindful-journey-iu\\mindful-journey-back\\vendor\\laravel\\framework\\src\\Illuminate\\Foundation\\Http\\Middleware\\ConvertEmptyStringsToNull.php(31): Illuminate\\Foundation\\Http\\Middleware\\TransformsRequest->handle()
#43 C:\\Users\\camar\\Bureau\\mindful-journey-ui\\back-mindful-journey-iu\\mindful-journey-back\\vendor\\laravel\\framework\\src\\Illuminate\\Pipeline\\Pipeline.php(208): Illuminate\\Foundation\\Http\\Middleware\\ConvertEmptyStringsToNull->handle()
#44 C:\\Users\\camar\\Bureau\\mindful-journey-ui\\back-mindful-journey-iu\\mindful-journey-back\\vendor\\laravel\\framework\\src\\Illuminate\\Foundation\\Http\\Middleware\\TransformsRequest.php(21): Illuminate\\Pipeline\\Pipeline->Illuminate\\Pipeline\\{closure}()
#45 C:\\Users\\camar\\Bureau\\mindful-journey-ui\\back-mindful-journey-iu\\mindful-journey-back\\vendor\\laravel\\framework\\src\\Illuminate\\Foundation\\Http\\Middleware\\TrimStrings.php(51): Illuminate\\Foundation\\Http\\Middleware\\TransformsRequest->handle()
#46 C:\\Users\\camar\\Bureau\\mindful-journey-ui\\back-mindful-journey-iu\\mindful-journey-back\\vendor\\laravel\\framework\\src\\Illuminate\\Pipeline\\Pipeline.php(208): Illuminate\\Foundation\\Http\\Middleware\\TrimStrings->handle()
#47 C:\\Users\\camar\\Bureau\\mindful-journey-ui\\back-mindful-journey-iu\\mindful-journey-back\\vendor\\laravel\\framework\\src\\Illuminate\\Http\\Middleware\\ValidatePostSize.php(27): Illuminate\\Pipeline\\Pipeline->Illuminate\\Pipeline\\{closure}()
#48 C:\\Users\\camar\\Bureau\\mindful-journey-ui\\back-mindful-journey-iu\\mindful-journey-back\\vendor\\laravel\\framework\\src\\Illuminate\\Pipeline\\Pipeline.php(208): Illuminate\\Http\\Middleware\\ValidatePostSize->handle()
#49 C:\\Users\\camar\\Bureau\\mindful-journey-ui\\back-mindful-journey-iu\\mindful-journey-back\\vendor\\laravel\\framework\\src\\Illuminate\\Foundation\\Http\\Middleware\\PreventRequestsDuringMaintenance.php(109): Illuminate\\Pipeline\\Pipeline->Illuminate\\Pipeline\\{closure}()
#50 C:\\Users\\camar\\Bureau\\mindful-journey-ui\\back-mindful-journey-iu\\mindful-journey-back\\vendor\\laravel\\framework\\src\\Illuminate\\Pipeline\\Pipeline.php(208): Illuminate\\Foundation\\Http\\Middleware\\PreventRequestsDuringMaintenance->handle()
#51 C:\\Users\\camar\\Bureau\\mindful-journey-ui\\back-mindful-journey-iu\\mindful-journey-back\\vendor\\laravel\\framework\\src\\Illuminate\\Http\\Middleware\\HandleCors.php(48): Illuminate\\Pipeline\\Pipeline->Illuminate\\Pipeline\\{closure}()
#52 C:\\Users\\camar\\Bureau\\mindful-journey-ui\\back-mindful-journey-iu\\mindful-journey-back\\vendor\\laravel\\framework\\src\\Illuminate\\Pipeline\\Pipeline.php(208): Illuminate\\Http\\Middleware\\HandleCors->handle()
#53 C:\\Users\\camar\\Bureau\\mindful-journey-ui\\back-mindful-journey-iu\\mindful-journey-back\\vendor\\laravel\\framework\\src\\Illuminate\\Http\\Middleware\\TrustProxies.php(58): Illuminate\\Pipeline\\Pipeline->Illuminate\\Pipeline\\{closure}()
#54 C:\\Users\\camar\\Bureau\\mindful-journey-ui\\back-mindful-journey-iu\\mindful-journey-back\\vendor\\laravel\\framework\\src\\Illuminate\\Pipeline\\Pipeline.php(208): Illuminate\\Http\\Middleware\\TrustProxies->handle()
#55 C:\\Users\\camar\\Bureau\\mindful-journey-ui\\back-mindful-journey-iu\\mindful-journey-back\\vendor\\laravel\\framework\\src\\Illuminate\\Foundation\\Http\\Middleware\\InvokeDeferredCallbacks.php(22): Illuminate\\Pipeline\\Pipeline->Illuminate\\Pipeline\\{closure}()
#56 C:\\Users\\camar\\Bureau\\mindful-journey-ui\\back-mindful-journey-iu\\mindful-journey-back\\vendor\\laravel\\framework\\src\\Illuminate\\Pipeline\\Pipeline.php(208): Illuminate\\Foundation\\Http\\Middleware\\InvokeDeferredCallbacks->handle()
#57 C:\\Users\\camar\\Bureau\\mindful-journey-ui\\back-mindful-journey-iu\\mindful-journey-back\\vendor\\laravel\\framework\\src\\Illuminate\\Http\\Middleware\\ValidatePathEncoding.php(26): Illuminate\\Pipeline\\Pipeline->Illuminate\\Pipeline\\{closure}()
#58 C:\\Users\\camar\\Bureau\\mindful-journey-ui\\back-mindful-journey-iu\\mindful-journey-back\\vendor\\laravel\\framework\\src\\Illuminate\\Pipeline\\Pipeline.php(208): Illuminate\\Http\\Middleware\\ValidatePathEncoding->handle()
#59 C:\\Users\\camar\\Bureau\\mindful-journey-ui\\back-mindful-journey-iu\\mindful-journey-back\\vendor\\laravel\\framework\\src\\Illuminate\\Pipeline\\Pipeline.php(126): Illuminate\\Pipeline\\Pipeline->Illuminate\\Pipeline\\{closure}()
#60 C:\\Users\\camar\\Bureau\\mindful-journey-ui\\back-mindful-journey-iu\\mindful-journey-back\\vendor\\laravel\\framework\\src\\Illuminate\\Foundation\\Http\\Kernel.php(175): Illuminate\\Pipeline\\Pipeline->then()
#61 C:\\Users\\camar\\Bureau\\mindful-journey-ui\\back-mindful-journey-iu\\mindful-journey-back\\vendor\\laravel\\framework\\src\\Illuminate\\Foundation\\Http\\Kernel.php(144): Illuminate\\Foundation\\Http\\Kernel->sendRequestThroughRouter()
#62 C:\\Users\\camar\\Bureau\\mindful-journey-ui\\back-mindful-journey-iu\\mindful-journey-back\\vendor\\laravel\\framework\\src\\Illuminate\\Foundation\\Application.php(1219): Illuminate\\Foundation\\Http\\Kernel->handle()
#63 C:\\Users\\camar\\Bureau\\mindful-journey-ui\\back-mindful-journey-iu\\mindful-journey-back\\public\\index.php(20): Illuminate\\Foundation\\Application->handleRequest()
#64 C:\\Users\\camar\\Bureau\\mindful-journey-ui\\back-mindful-journey-iu\\mindful-journey-back\\vendor\\laravel\\framework\\src\\Illuminate\\Foundation\\resources\\server.php(23): require_once('...')
#65 {main}

[previous exception] [object] (Illuminate\\Foundation\\ViteManifestNotFoundException(code: 0): Vite manifest not found at: C:\\Users\\camar\\Bureau\\mindful-journey-ui\\back-mindful-journey-iu\\mindful-journey-back\\public\\build/manifest.json at C:\\Users\\camar\\Bureau\\mindful-journey-ui\\back-mindful-journey-iu\\mindful-journey-back\\vendor\\laravel\\framework\\src\\Illuminate\\Foundation\\Vite.php:935)
[stacktrace]
#0 C:\\Users\\camar\\Bureau\\mindful-journey-ui\\back-mindful-journey-iu\\mindful-journey-back\\vendor\\laravel\\framework\\src\\Illuminate\\Foundation\\Vite.php(384): Illuminate\\Foundation\\Vite->manifest()
#1 C:\\Users\\camar\\Bureau\\mindful-journey-ui\\back-mindful-journey-iu\\mindful-journey-back\\storage\\framework\\views\\aaeaa50ddce0c97df925cc85c14d4cec.php(44): Illuminate\\Foundation\\Vite->__invoke()
#2 C:\\Users\\camar\\Bureau\\mindful-journey-ui\\back-mindful-journey-iu\\mindful-journey-back\\vendor\\laravel\\framework\\src\\Illuminate\\Filesystem\\Filesystem.php(123): require('...')
#3 C:\\Users\\camar\\Bureau\\mindful-journey-ui\\back-mindful-journey-iu\\mindful-journey-back\\vendor\\laravel\\framework\\src\\Illuminate\\Filesystem\\Filesystem.php(124): Illuminate\\Filesystem\\Filesystem::Illuminate\\Filesystem\\{closure}()
#4 C:\\Users\\camar\\Bureau\\mindful-journey-ui\\back-mindful-journey-iu\\mindful-journey-back\\vendor\\laravel\\framework\\src\\Illuminate\\View\\Engines\\PhpEngine.php(57): Illuminate\\Filesystem\\Filesystem->getRequire()
#5 C:\\Users\\camar\\Bureau\\mindful-journey-ui\\back-mindful-journey-iu\\mindful-journey-back\\vendor\\laravel\\framework\\src\\Illuminate\\View\\Engines\\CompilerEngine.php(76): Illuminate\\View\\Engines\\PhpEngine->evaluatePath()
#6 C:\\Users\\camar\\Bureau\\mindful-journey-ui\\back-mindful-journey-iu\\mindful-journey-back\\vendor\\laravel\\framework\\src\\Illuminate\\View\\View.php(208): Illuminate\\View\\Engines\\CompilerEngine->get()
#7 C:\\Users\\camar\\Bureau\\mindful-journey-ui\\back-mindful-journey-iu\\mindful-journey-back\\vendor\\laravel\\framework\\src\\Illuminate\\View\\View.php(191): Illuminate\\View\\View->getContents()
#8 C:\\Users\\camar\\Bureau\\mindful-journey-ui\\back-mindful-journey-iu\\mindful-journey-back\\vendor\\laravel\\framework\\src\\Illuminate\\View\\View.php(160): Illuminate\\View\\View->renderContents()
#9 C:\\Users\\camar\\Bureau\\mindful-journey-ui\\back-mindful-journey-iu\\mindful-journey-back\\vendor\\laravel\\framework\\src\\Illuminate\\Http\\Response.php(78): Illuminate\\View\\View->render()
#10 C:\\Users\\camar\\Bureau\\mindful-journey-ui\\back-mindful-journey-iu\\mindful-journey-back\\vendor\\laravel\\framework\\src\\Illuminate\\Http\\Response.php(34): Illuminate\\Http\\Response->setContent()
#11 C:\\Users\\camar\\Bureau\\mindful-journey-ui\\back-mindful-journey-iu\\mindful-journey-back\\vendor\\laravel\\framework\\src\\Illuminate\\Routing\\ResponseFactory.php(61): Illuminate\\Http\\Response->__construct()
#12 C:\\Users\\camar\\Bureau\\mindful-journey-ui\\back-mindful-journey-iu\\mindful-journey-back\\vendor\\laravel\\framework\\src\\Illuminate\\Routing\\ResponseFactory.php(91): Illuminate\\Routing\\ResponseFactory->make()
#13 C:\\Users\\camar\\Bureau\\mindful-journey-ui\\back-mindful-journey-iu\\mindful-journey-back\\vendor\\laravel\\framework\\src\\Illuminate\\Support\\Facades\\Facade.php(361): Illuminate\\Routing\\ResponseFactory->view()
#14 C:\\Users\\camar\\Bureau\\mindful-journey-ui\\back-mindful-journey-iu\\mindful-journey-back\\vendor\\inertiajs\\inertia-laravel\\src\\Response.php(135): Illuminate\\Support\\Facades\\Facade::__callStatic()
#15 C:\\Users\\camar\\Bureau\\mindful-journey-ui\\back-mindful-journey-iu\\mindful-journey-back\\vendor\\laravel\\framework\\src\\Illuminate\\Routing\\Router.php(907): Inertia\\Response->toResponse()
#16 C:\\Users\\camar\\Bureau\\mindful-journey-ui\\back-mindful-journey-iu\\mindful-journey-back\\vendor\\laravel\\framework\\src\\Illuminate\\Routing\\Router.php(892): Illuminate\\Routing\\Router::toResponse()
#17 C:\\Users\\camar\\Bureau\\mindful-journey-ui\\back-mindful-journey-iu\\mindful-journey-back\\vendor\\laravel\\framework\\src\\Illuminate\\Routing\\Router.php(807): Illuminate\\Routing\\Router->prepareResponse()
#18 C:\\Users\\camar\\Bureau\\mindful-journey-ui\\back-mindful-journey-iu\\mindful-journey-back\\vendor\\laravel\\framework\\src\\Illuminate\\Pipeline\\Pipeline.php(169): Illuminate\\Routing\\Router->Illuminate\\Routing\\{closure}()
#19 C:\\Users\\camar\\Bureau\\mindful-journey-ui\\back-mindful-journey-iu\\mindful-journey-back\\vendor\\laravel\\framework\\src\\Illuminate\\Http\\Middleware\\AddLinkHeadersForPreloadedAssets.php(32): Illuminate\\Pipeline\\Pipeline->Illuminate\\Pipeline\\{closure}()
#20 C:\\Users\\camar\\Bureau\\mindful-journey-ui\\back-mindful-journey-iu\\mindful-journey-back\\vendor\\laravel\\framework\\src\\Illuminate\\Pipeline\\Pipeline.php(208): Illuminate\\Http\\Middleware\\AddLinkHeadersForPreloadedAssets->handle()
#21 C:\\Users\\camar\\Bureau\\mindful-journey-ui\\back-mindful-journey-iu\\mindful-journey-back\\vendor\\inertiajs\\inertia-laravel\\src\\Middleware.php(100): Illuminate\\Pipeline\\Pipeline->Illuminate\\Pipeline\\{closure}()
#22 C:\\Users\\camar\\Bureau\\mindful-journey-ui\\back-mindful-journey-iu\\mindful-journey-back\\vendor\\laravel\\framework\\src\\Illuminate\\Pipeline\\Pipeline.php(208): Inertia\\Middleware->handle()
#23 C:\\Users\\camar\\Bureau\\mindful-journey-ui\\back-mindful-journey-iu\\mindful-journey-back\\app\\Http\\Middleware\\HandleAppearance.php(21): Illuminate\\Pipeline\\Pipeline->Illuminate\\Pipeline\\{closure}()
#24 C:\\Users\\camar\\Bureau\\mindful-journey-ui\\back-mindful-journey-iu\\mindful-journey-back\\vendor\\laravel\\framework\\src\\Illuminate\\Pipeline\\Pipeline.php(208): App\\Http\\Middleware\\HandleAppearance->handle()
#25 C:\\Users\\camar\\Bureau\\mindful-journey-ui\\back-mindful-journey-iu\\mindful-journey-back\\vendor\\laravel\\framework\\src\\Illuminate\\Routing\\Middleware\\SubstituteBindings.php(50): Illuminate\\Pipeline\\Pipeline->Illuminate\\Pipeline\\{closure}()
#26 C:\\Users\\camar\\Bureau\\mindful-journey-ui\\back-mindful-journey-iu\\mindful-journey-back\\vendor\\laravel\\framework\\src\\Illuminate\\Pipeline\\Pipeline.php(208): Illuminate\\Routing\\Middleware\\SubstituteBindings->handle()
#27 C:\\Users\\camar\\Bureau\\mindful-journey-ui\\back-mindful-journey-iu\\mindful-journey-back\\vendor\\laravel\\framework\\src\\Illuminate\\Foundation\\Http\\Middleware\\VerifyCsrfToken.php(87): Illuminate\\Pipeline\\Pipeline->Illuminate\\Pipeline\\{closure}()
#28 C:\\Users\\camar\\Bureau\\mindful-journey-ui\\back-mindful-journey-iu\\mindful-journey-back\\vendor\\laravel\\framework\\src\\Illuminate\\Pipeline\\Pipeline.php(208): Illuminate\\Foundation\\Http\\Middleware\\VerifyCsrfToken->handle()
#29 C:\\Users\\camar\\Bureau\\mindful-journey-ui\\back-mindful-journey-iu\\mindful-journey-back\\vendor\\laravel\\framework\\src\\Illuminate\\View\\Middleware\\ShareErrorsFromSession.php(48): Illuminate\\Pipeline\\Pipeline->Illuminate\\Pipeline\\{closure}()
#30 C:\\Users\\camar\\Bureau\\mindful-journey-ui\\back-mindful-journey-iu\\mindful-journey-back\\vendor\\laravel\\framework\\src\\Illuminate\\Pipeline\\Pipeline.php(208): Illuminate\\View\\Middleware\\ShareErrorsFromSession->handle()
#31 C:\\Users\\camar\\Bureau\\mindful-journey-ui\\back-mindful-journey-iu\\mindful-journey-back\\vendor\\laravel\\framework\\src\\Illuminate\\Session\\Middleware\\StartSession.php(120): Illuminate\\Pipeline\\Pipeline->Illuminate\\Pipeline\\{closure}()
#32 C:\\Users\\camar\\Bureau\\mindful-journey-ui\\back-mindful-journey-iu\\mindful-journey-back\\vendor\\laravel\\framework\\src\\Illuminate\\Session\\Middleware\\StartSession.php(63): Illuminate\\Session\\Middleware\\StartSession->handleStatefulRequest()
#33 C:\\Users\\camar\\Bureau\\mindful-journey-ui\\back-mindful-journey-iu\\mindful-journey-back\\vendor\\laravel\\framework\\src\\Illuminate\\Pipeline\\Pipeline.php(208): Illuminate\\Session\\Middleware\\StartSession->handle()
#34 C:\\Users\\camar\\Bureau\\mindful-journey-ui\\back-mindful-journey-iu\\mindful-journey-back\\vendor\\laravel\\framework\\src\\Illuminate\\Cookie\\Middleware\\AddQueuedCookiesToResponse.php(36): Illuminate\\Pipeline\\Pipeline->Illuminate\\Pipeline\\{closure}()
#35 C:\\Users\\camar\\Bureau\\mindful-journey-ui\\back-mindful-journey-iu\\mindful-journey-back\\vendor\\laravel\\framework\\src\\Illuminate\\Pipeline\\Pipeline.php(208): Illuminate\\Cookie\\Middleware\\AddQueuedCookiesToResponse->handle()
#36 C:\\Users\\camar\\Bureau\\mindful-journey-ui\\back-mindful-journey-iu\\mindful-journey-back\\vendor\\laravel\\framework\\src\\Illuminate\\Cookie\\Middleware\\EncryptCookies.php(74): Illuminate\\Pipeline\\Pipeline->Illuminate\\Pipeline\\{closure}()
#37 C:\\Users\\camar\\Bureau\\mindful-journey-ui\\back-mindful-journey-iu\\mindful-journey-back\\vendor\\laravel\\framework\\src\\Illuminate\\Pipeline\\Pipeline.php(208): Illuminate\\Cookie\\Middleware\\EncryptCookies->handle()
#38 C:\\Users\\camar\\Bureau\\mindful-journey-ui\\back-mindful-journey-iu\\mindful-journey-back\\vendor\\laravel\\framework\\src\\Illuminate\\Pipeline\\Pipeline.php(126): Illuminate\\Pipeline\\Pipeline->Illuminate\\Pipeline\\{closure}()
#39 C:\\Users\\camar\\Bureau\\mindful-journey-ui\\back-mindful-journey-iu\\mindful-journey-back\\vendor\\laravel\\framework\\src\\Illuminate\\Routing\\Router.php(807): Illuminate\\Pipeline\\Pipeline->then()
#40 C:\\Users\\camar\\Bureau\\mindful-journey-ui\\back-mindful-journey-iu\\mindful-journey-back\\vendor\\laravel\\framework\\src\\Illuminate\\Routing\\Router.php(786): Illuminate\\Routing\\Router->runRouteWithinStack()
#41 C:\\Users\\camar\\Bureau\\mindful-journey-ui\\back-mindful-journey-iu\\mindful-journey-back\\vendor\\laravel\\framework\\src\\Illuminate\\Routing\\Router.php(750): Illuminate\\Routing\\Router->runRoute()
#42 C:\\Users\\camar\\Bureau\\mindful-journey-ui\\back-mindful-journey-iu\\mindful-journey-back\\vendor\\laravel\\framework\\src\\Illuminate\\Routing\\Router.php(739): Illuminate\\Routing\\Router->dispatchToRoute()
#43 C:\\Users\\camar\\Bureau\\mindful-journey-ui\\back-mindful-journey-iu\\mindful-journey-back\\vendor\\laravel\\framework\\src\\Illuminate\\Foundation\\Http\\Kernel.php(200): Illuminate\\Routing\\Router->dispatch()
#44 C:\\Users\\camar\\Bureau\\mindful-journey-ui\\back-mindful-journey-iu\\mindful-journey-back\\vendor\\laravel\\framework\\src\\Illuminate\\Pipeline\\Pipeline.php(169): Illuminate\\Foundation\\Http\\Kernel->Illuminate\\Foundation\\Http\\{closure}()
#45 C:\\Users\\camar\\Bureau\\mindful-journey-ui\\back-mindful-journey-iu\\mindful-journey-back\\vendor\\laravel\\framework\\src\\Illuminate\\Foundation\\Http\\Middleware\\TransformsRequest.php(21): Illuminate\\Pipeline\\Pipeline->Illuminate\\Pipeline\\{closure}()
#46 C:\\Users\\camar\\Bureau\\mindful-journey-ui\\back-mindful-journey-iu\\mindful-journey-back\\vendor\\laravel\\framework\\src\\Illuminate\\Foundation\\Http\\Middleware\\ConvertEmptyStringsToNull.php(31): Illuminate\\Foundation\\Http\\Middleware\\TransformsRequest->handle()
#47 C:\\Users\\camar\\Bureau\\mindful-journey-ui\\back-mindful-journey-iu\\mindful-journey-back\\vendor\\laravel\\framework\\src\\Illuminate\\Pipeline\\Pipeline.php(208): Illuminate\\Foundation\\Http\\Middleware\\ConvertEmptyStringsToNull->handle()
#48 C:\\Users\\camar\\Bureau\\mindful-journey-ui\\back-mindful-journey-iu\\mindful-journey-back\\vendor\\laravel\\framework\\src\\Illuminate\\Foundation\\Http\\Middleware\\TransformsRequest.php(21): Illuminate\\Pipeline\\Pipeline->Illuminate\\Pipeline\\{closure}()
#49 C:\\Users\\camar\\Bureau\\mindful-journey-ui\\back-mindful-journey-iu\\mindful-journey-back\\vendor\\laravel\\framework\\src\\Illuminate\\Foundation\\Http\\Middleware\\TrimStrings.php(51): Illuminate\\Foundation\\Http\\Middleware\\TransformsRequest->handle()
#50 C:\\Users\\camar\\Bureau\\mindful-journey-ui\\back-mindful-journey-iu\\mindful-journey-back\\vendor\\laravel\\framework\\src\\Illuminate\\Pipeline\\Pipeline.php(208): Illuminate\\Foundation\\Http\\Middleware\\TrimStrings->handle()
#51 C:\\Users\\camar\\Bureau\\mindful-journey-ui\\back-mindful-journey-iu\\mindful-journey-back\\vendor\\laravel\\framework\\src\\Illuminate\\Http\\Middleware\\ValidatePostSize.php(27): Illuminate\\Pipeline\\Pipeline->Illuminate\\Pipeline\\{closure}()
#52 C:\\Users\\camar\\Bureau\\mindful-journey-ui\\back-mindful-journey-iu\\mindful-journey-back\\vendor\\laravel\\framework\\src\\Illuminate\\Pipeline\\Pipeline.php(208): Illuminate\\Http\\Middleware\\ValidatePostSize->handle()
#53 C:\\Users\\camar\\Bureau\\mindful-journey-ui\\back-mindful-journey-iu\\mindful-journey-back\\vendor\\laravel\\framework\\src\\Illuminate\\Foundation\\Http\\Middleware\\PreventRequestsDuringMaintenance.php(109): Illuminate\\Pipeline\\Pipeline->Illuminate\\Pipeline\\{closure}()
#54 C:\\Users\\camar\\Bureau\\mindful-journey-ui\\back-mindful-journey-iu\\mindful-journey-back\\vendor\\laravel\\framework\\src\\Illuminate\\Pipeline\\Pipeline.php(208): Illuminate\\Foundation\\Http\\Middleware\\PreventRequestsDuringMaintenance->handle()
#55 C:\\Users\\camar\\Bureau\\mindful-journey-ui\\back-mindful-journey-iu\\mindful-journey-back\\vendor\\laravel\\framework\\src\\Illuminate\\Http\\Middleware\\HandleCors.php(48): Illuminate\\Pipeline\\Pipeline->Illuminate\\Pipeline\\{closure}()
#56 C:\\Users\\camar\\Bureau\\mindful-journey-ui\\back-mindful-journey-iu\\mindful-journey-back\\vendor\\laravel\\framework\\src\\Illuminate\\Pipeline\\Pipeline.php(208): Illuminate\\Http\\Middleware\\HandleCors->handle()
#57 C:\\Users\\camar\\Bureau\\mindful-journey-ui\\back-mindful-journey-iu\\mindful-journey-back\\vendor\\laravel\\framework\\src\\Illuminate\\Http\\Middleware\\TrustProxies.php(58): Illuminate\\Pipeline\\Pipeline->Illuminate\\Pipeline\\{closure}()
#58 C:\\Users\\camar\\Bureau\\mindful-journey-ui\\back-mindful-journey-iu\\mindful-journey-back\\vendor\\laravel\\framework\\src\\Illuminate\\Pipeline\\Pipeline.php(208): Illuminate\\Http\\Middleware\\TrustProxies->handle()
#59 C:\\Users\\camar\\Bureau\\mindful-journey-ui\\back-mindful-journey-iu\\mindful-journey-back\\vendor\\laravel\\framework\\src\\Illuminate\\Foundation\\Http\\Middleware\\InvokeDeferredCallbacks.php(22): Illuminate\\Pipeline\\Pipeline->Illuminate\\Pipeline\\{closure}()
#60 C:\\Users\\camar\\Bureau\\mindful-journey-ui\\back-mindful-journey-iu\\mindful-journey-back\\vendor\\laravel\\framework\\src\\Illuminate\\Pipeline\\Pipeline.php(208): Illuminate\\Foundation\\Http\\Middleware\\InvokeDeferredCallbacks->handle()
#61 C:\\Users\\camar\\Bureau\\mindful-journey-ui\\back-mindful-journey-iu\\mindful-journey-back\\vendor\\laravel\\framework\\src\\Illuminate\\Http\\Middleware\\ValidatePathEncoding.php(26): Illuminate\\Pipeline\\Pipeline->Illuminate\\Pipeline\\{closure}()
#62 C:\\Users\\camar\\Bureau\\mindful-journey-ui\\back-mindful-journey-iu\\mindful-journey-back\\vendor\\laravel\\framework\\src\\Illuminate\\Pipeline\\Pipeline.php(208): Illuminate\\Http\\Middleware\\ValidatePathEncoding->handle()
#63 C:\\Users\\camar\\Bureau\\mindful-journey-ui\\back-mindful-journey-iu\\mindful-journey-back\\vendor\\laravel\\framework\\src\\Illuminate\\Pipeline\\Pipeline.php(126): Illuminate\\Pipeline\\Pipeline->Illuminate\\Pipeline\\{closure}()
#64 C:\\Users\\camar\\Bureau\\mindful-journey-ui\\back-mindful-journey-iu\\mindful-journey-back\\vendor\\laravel\\framework\\src\\Illuminate\\Foundation\\Http\\Kernel.php(175): Illuminate\\Pipeline\\Pipeline->then()
#65 C:\\Users\\camar\\Bureau\\mindful-journey-ui\\back-mindful-journey-iu\\mindful-journey-back\\vendor\\laravel\\framework\\src\\Illuminate\\Foundation\\Http\\Kernel.php(144): Illuminate\\Foundation\\Http\\Kernel->sendRequestThroughRouter()
#66 C:\\Users\\camar\\Bureau\\mindful-journey-ui\\back-mindful-journey-iu\\mindful-journey-back\\vendor\\laravel\\framework\\src\\Illuminate\\Foundation\\Application.php(1219): Illuminate\\Foundation\\Http\\Kernel->handle()
#67 C:\\Users\\camar\\Bureau\\mindful-journey-ui\\back-mindful-journey-iu\\mindful-journey-back\\public\\index.php(20): Illuminate\\Foundation\\Application->handleRequest()
#68 C:\\Users\\camar\\Bureau\\mindful-journey-ui\\back-mindful-journey-iu\\mindful-journey-back\\vendor\\laravel\\framework\\src\\Illuminate\\Foundation\\resources\\server.php(23): require_once('...')
#69 {main}
"} 
[2025-08-14 10:09:00] local.INFO: === DÉBUT UPDATE PROFILE ===  
[2025-08-14 10:09:00] local.INFO: Données reçues: {"name":"test12","email":"camara291@gmail.com","phone":"+33753484040","location":"Paris, Île-de-France","birthDate":"2025-08-15T00:00:00.000000Z","jobPosition":"Non spécifié","company":"Non spécifiée","bio":null,"goals":null} 
[2025-08-14 10:09:01] local.INFO: Utilisateur avant modification: {"id":1,"name":"test1","email":"camara291@gmail.com","email_verified_at":null,"created_at":"2025-08-13T06:39:59.000000Z","updated_at":"2025-08-13T06:42:03.000000Z","birth_date":"2025-08-15T00:00:00.000000Z","gender":null,"phone":"+33753484040","bio":null,"avatar":null,"preferences":"{\"location\":\"Paris, \\u00cele-de-France\",\"job_position\":\"Non sp\\u00e9cifi\\u00e9\",\"company\":\"Non sp\\u00e9cifi\\u00e9e\",\"goals\":null}","health_goals":null,"status":"active","last_login_at":null,"google_id":null,"provider":null,"avatar_url":null,"role_id":null} 
[2025-08-14 10:09:01] local.INFO: Utilisateur après modification (avant save): {"id":1,"name":"test12","email":"camara291@gmail.com","email_verified_at":null,"created_at":"2025-08-13T06:39:59.000000Z","updated_at":"2025-08-13T06:42:03.000000Z","birth_date":"2025-08-15T00:00:00.000000Z","gender":null,"phone":"+33753484040","bio":null,"avatar":null,"preferences":"{\"location\":\"Paris, \\u00cele-de-France\",\"job_position\":\"Non sp\\u00e9cifi\\u00e9\",\"company\":\"Non sp\\u00e9cifi\\u00e9e\",\"goals\":null}","health_goals":null,"status":"active","last_login_at":null,"google_id":null,"provider":null,"avatar_url":null,"role_id":null} 
[2025-08-14 10:09:01] local.INFO: Résultat save(): {"result":"SUCCESS"} 
[2025-08-14 10:09:01] local.INFO: Utilisateur après save: {"id":1,"name":"test12","email":"camara291@gmail.com","email_verified_at":null,"created_at":"2025-08-13T06:39:59.000000Z","updated_at":"2025-08-14T10:09:01.000000Z","birth_date":"2025-08-15T00:00:00.000000Z","gender":null,"phone":"+33753484040","bio":null,"avatar":null,"preferences":"{\"location\":\"Paris, \\u00cele-de-France\",\"job_position\":\"Non sp\\u00e9cifi\\u00e9\",\"company\":\"Non sp\\u00e9cifi\\u00e9e\",\"goals\":null}","health_goals":null,"status":"active","last_login_at":null,"google_id":null,"provider":null,"avatar_url":null,"role_id":null} 
[2025-08-14 10:14:04] local.INFO: === DÉBUT UPDATE PROFILE ===  
[2025-08-14 10:14:04] local.INFO: Données reçues: {"name":"test123","email":"camara291@gmail.com","phone":"+33753484040","location":"Paris, Île-de-France","birthDate":"2025-08-14","jobPosition":"Non spécifié","company":"Non spécifiée","bio":null,"goals":null} 
[2025-08-14 10:14:04] local.INFO: Utilisateur avant modification: {"id":1,"name":"test12","email":"camara291@gmail.com","email_verified_at":null,"created_at":"2025-08-13T06:39:59.000000Z","updated_at":"2025-08-14T10:09:01.000000Z","birth_date":"2025-08-15T00:00:00.000000Z","gender":null,"phone":"+33753484040","bio":null,"avatar":null,"preferences":"{\"location\":\"Paris, \\u00cele-de-France\",\"job_position\":\"Non sp\\u00e9cifi\\u00e9\",\"company\":\"Non sp\\u00e9cifi\\u00e9e\",\"goals\":null}","health_goals":null,"status":"active","last_login_at":null,"google_id":null,"provider":null,"avatar_url":null,"role_id":null} 
[2025-08-14 10:14:04] local.INFO: Utilisateur après modification (avant save): {"id":1,"name":"test123","email":"camara291@gmail.com","email_verified_at":null,"created_at":"2025-08-13T06:39:59.000000Z","updated_at":"2025-08-14T10:09:01.000000Z","birth_date":"2025-08-14T00:00:00.000000Z","gender":null,"phone":"+33753484040","bio":null,"avatar":null,"preferences":"{\"location\":\"Paris, \\u00cele-de-France\",\"job_position\":\"Non sp\\u00e9cifi\\u00e9\",\"company\":\"Non sp\\u00e9cifi\\u00e9e\",\"goals\":null}","health_goals":null,"status":"active","last_login_at":null,"google_id":null,"provider":null,"avatar_url":null,"role_id":null} 
[2025-08-14 10:14:04] local.INFO: Résultat save(): {"result":"SUCCESS"} 
[2025-08-14 10:14:04] local.INFO: Utilisateur après save: {"id":1,"name":"test123","email":"camara291@gmail.com","email_verified_at":null,"created_at":"2025-08-13T06:39:59.000000Z","updated_at":"2025-08-14T10:14:04.000000Z","birth_date":"2025-08-14T00:00:00.000000Z","gender":null,"phone":"+33753484040","bio":null,"avatar":null,"preferences":"{\"location\":\"Paris, \\u00cele-de-France\",\"job_position\":\"Non sp\\u00e9cifi\\u00e9\",\"company\":\"Non sp\\u00e9cifi\\u00e9e\",\"goals\":null}","health_goals":null,"status":"active","last_login_at":null,"google_id":null,"provider":null,"avatar_url":null,"role_id":null} 
[2025-08-14 14:09:44] local.ERROR: syntax error, unexpected identifier "UserChallengeController", expecting "}" {"exception":"[object] (ParseError(code: 0): syntax error, unexpected identifier \"UserChallengeController\", expecting \"}\" at C:\\Users\\camar\\Bureau\\mindful-journey-ui\\back-mindful-journey-iu\\mindful-journey-back\\routes\\api.php:19)
[stacktrace]
#0 C:\\Users\\camar\\Bureau\\mindful-journey-ui\\back-mindful-journey-iu\\mindful-journey-back\\vendor\\laravel\\framework\\src\\Illuminate\\Routing\\Router.php(512): Illuminate\\Routing\\RouteFileRegistrar->register()
#1 C:\\Users\\camar\\Bureau\\mindful-journey-ui\\back-mindful-journey-iu\\mindful-journey-back\\vendor\\laravel\\framework\\src\\Illuminate\\Routing\\Router.php(466): Illuminate\\Routing\\Router->loadRoutes()
#2 C:\\Users\\camar\\Bureau\\mindful-journey-ui\\back-mindful-journey-iu\\mindful-journey-back\\vendor\\laravel\\framework\\src\\Illuminate\\Routing\\RouteRegistrar.php(206): Illuminate\\Routing\\Router->group()
#3 C:\\Users\\camar\\Bureau\\mindful-journey-ui\\back-mindful-journey-iu\\mindful-journey-back\\vendor\\laravel\\framework\\src\\Illuminate\\Foundation\\Configuration\\ApplicationBuilder.php(214): Illuminate\\Routing\\RouteRegistrar->group()
#4 C:\\Users\\camar\\Bureau\\mindful-journey-ui\\back-mindful-journey-iu\\mindful-journey-back\\vendor\\laravel\\framework\\src\\Illuminate\\Container\\BoundMethod.php(36): Illuminate\\Foundation\\Configuration\\ApplicationBuilder->Illuminate\\Foundation\\Configuration\\{closure}()
#5 C:\\Users\\camar\\Bureau\\mindful-journey-ui\\back-mindful-journey-iu\\mindful-journey-back\\vendor\\laravel\\framework\\src\\Illuminate\\Container\\Util.php(43): Illuminate\\Container\\BoundMethod::Illuminate\\Container\\{closure}()
#6 C:\\Users\\camar\\Bureau\\mindful-journey-ui\\back-mindful-journey-iu\\mindful-journey-back\\vendor\\laravel\\framework\\src\\Illuminate\\Container\\BoundMethod.php(84): Illuminate\\Container\\Util::unwrapIfClosure()
#7 C:\\Users\\camar\\Bureau\\mindful-journey-ui\\back-mindful-journey-iu\\mindful-journey-back\\vendor\\laravel\\framework\\src\\Illuminate\\Container\\BoundMethod.php(35): Illuminate\\Container\\BoundMethod::callBoundMethod()
#8 C:\\Users\\camar\\Bureau\\mindful-journey-ui\\back-mindful-journey-iu\\mindful-journey-back\\vendor\\laravel\\framework\\src\\Illuminate\\Container\\Container.php(780): Illuminate\\Container\\BoundMethod::call()
#9 C:\\Users\\camar\\Bureau\\mindful-journey-ui\\back-mindful-journey-iu\\mindful-journey-back\\vendor\\laravel\\framework\\src\\Illuminate\\Foundation\\Support\\Providers\\RouteServiceProvider.php(162): Illuminate\\Container\\Container->call()
#10 C:\\Users\\camar\\Bureau\\mindful-journey-ui\\back-mindful-journey-iu\\mindful-journey-back\\vendor\\laravel\\framework\\src\\Illuminate\\Foundation\\Support\\Providers\\RouteServiceProvider.php(59): Illuminate\\Foundation\\Support\\Providers\\RouteServiceProvider->loadRoutes()
#11 C:\\Users\\camar\\Bureau\\mindful-journey-ui\\back-mindful-journey-iu\\mindful-journey-back\\vendor\\laravel\\framework\\src\\Illuminate\\Container\\BoundMethod.php(36): Illuminate\\Foundation\\Support\\Providers\\RouteServiceProvider->Illuminate\\Foundation\\Support\\Providers\\{closure}()
#12 C:\\Users\\camar\\Bureau\\mindful-journey-ui\\back-mindful-journey-iu\\mindful-journey-back\\vendor\\laravel\\framework\\src\\Illuminate\\Container\\Util.php(43): Illuminate\\Container\\BoundMethod::Illuminate\\Container\\{closure}()
#13 C:\\Users\\camar\\Bureau\\mindful-journey-ui\\back-mindful-journey-iu\\mindful-journey-back\\vendor\\laravel\\framework\\src\\Illuminate\\Container\\BoundMethod.php(84): Illuminate\\Container\\Util::unwrapIfClosure()
#14 C:\\Users\\camar\\Bureau\\mindful-journey-ui\\back-mindful-journey-iu\\mindful-journey-back\\vendor\\laravel\\framework\\src\\Illuminate\\Container\\BoundMethod.php(35): Illuminate\\Container\\BoundMethod::callBoundMethod()
#15 C:\\Users\\camar\\Bureau\\mindful-journey-ui\\back-mindful-journey-iu\\mindful-journey-back\\vendor\\laravel\\framework\\src\\Illuminate\\Container\\Container.php(780): Illuminate\\Container\\BoundMethod::call()
#16 C:\\Users\\camar\\Bureau\\mindful-journey-ui\\back-mindful-journey-iu\\mindful-journey-back\\vendor\\laravel\\framework\\src\\Illuminate\\Support\\ServiceProvider.php(143): Illuminate\\Container\\Container->call()
#17 C:\\Users\\camar\\Bureau\\mindful-journey-ui\\back-mindful-journey-iu\\mindful-journey-back\\vendor\\laravel\\framework\\src\\Illuminate\\Foundation\\Application.php(1153): Illuminate\\Support\\ServiceProvider->callBootedCallbacks()
#18 C:\\Users\\camar\\Bureau\\mindful-journey-ui\\back-mindful-journey-iu\\mindful-journey-back\\vendor\\laravel\\framework\\src\\Illuminate\\Foundation\\Application.php(1131): Illuminate\\Foundation\\Application->bootProvider()
#19 [internal function]: Illuminate\\Foundation\\Application->Illuminate\\Foundation\\{closure}()
#20 C:\\Users\\camar\\Bureau\\mindful-journey-ui\\back-mindful-journey-iu\\mindful-journey-back\\vendor\\laravel\\framework\\src\\Illuminate\\Foundation\\Application.php(1130): array_walk()
#21 C:\\Users\\camar\\Bureau\\mindful-journey-ui\\back-mindful-journey-iu\\mindful-journey-back\\vendor\\laravel\\framework\\src\\Illuminate\\Foundation\\Bootstrap\\BootProviders.php(17): Illuminate\\Foundation\\Application->boot()
#22 C:\\Users\\camar\\Bureau\\mindful-journey-ui\\back-mindful-journey-iu\\mindful-journey-back\\vendor\\laravel\\framework\\src\\Illuminate\\Foundation\\Application.php(341): Illuminate\\Foundation\\Bootstrap\\BootProviders->bootstrap()
#23 C:\\Users\\camar\\Bureau\\mindful-journey-ui\\back-mindful-journey-iu\\mindful-journey-back\\vendor\\laravel\\framework\\src\\Illuminate\\Foundation\\Console\\Kernel.php(473): Illuminate\\Foundation\\Application->bootstrapWith()
#24 C:\\Users\\camar\\Bureau\\mindful-journey-ui\\back-mindful-journey-iu\\mindful-journey-back\\vendor\\laravel\\framework\\src\\Illuminate\\Foundation\\Console\\Kernel.php(195): Illuminate\\Foundation\\Console\\Kernel->bootstrap()
#25 C:\\Users\\camar\\Bureau\\mindful-journey-ui\\back-mindful-journey-iu\\mindful-journey-back\\vendor\\laravel\\framework\\src\\Illuminate\\Foundation\\Application.php(1234): Illuminate\\Foundation\\Console\\Kernel->handle()
#26 C:\\Users\\camar\\Bureau\\mindful-journey-ui\\back-mindful-journey-iu\\mindful-journey-back\\artisan(16): Illuminate\\Foundation\\Application->handleCommand()
#27 {main}
"} 
[2025-08-14 14:10:27] local.ERROR: syntax error, unexpected identifier "UserChallengeController", expecting "}" {"exception":"[object] (ParseError(code: 0): syntax error, unexpected identifier \"UserChallengeController\", expecting \"}\" at C:\\Users\\camar\\Bureau\\mindful-journey-ui\\back-mindful-journey-iu\\mindful-journey-back\\routes\\api.php:19)
[stacktrace]
#0 C:\\Users\\camar\\Bureau\\mindful-journey-ui\\back-mindful-journey-iu\\mindful-journey-back\\vendor\\laravel\\framework\\src\\Illuminate\\Routing\\Router.php(512): Illuminate\\Routing\\RouteFileRegistrar->register()
#1 C:\\Users\\camar\\Bureau\\mindful-journey-ui\\back-mindful-journey-iu\\mindful-journey-back\\vendor\\laravel\\framework\\src\\Illuminate\\Routing\\Router.php(466): Illuminate\\Routing\\Router->loadRoutes()
#2 C:\\Users\\camar\\Bureau\\mindful-journey-ui\\back-mindful-journey-iu\\mindful-journey-back\\vendor\\laravel\\framework\\src\\Illuminate\\Routing\\RouteRegistrar.php(206): Illuminate\\Routing\\Router->group()
#3 C:\\Users\\camar\\Bureau\\mindful-journey-ui\\back-mindful-journey-iu\\mindful-journey-back\\vendor\\laravel\\framework\\src\\Illuminate\\Foundation\\Configuration\\ApplicationBuilder.php(214): Illuminate\\Routing\\RouteRegistrar->group()
#4 C:\\Users\\camar\\Bureau\\mindful-journey-ui\\back-mindful-journey-iu\\mindful-journey-back\\vendor\\laravel\\framework\\src\\Illuminate\\Container\\BoundMethod.php(36): Illuminate\\Foundation\\Configuration\\ApplicationBuilder->Illuminate\\Foundation\\Configuration\\{closure}()
#5 C:\\Users\\camar\\Bureau\\mindful-journey-ui\\back-mindful-journey-iu\\mindful-journey-back\\vendor\\laravel\\framework\\src\\Illuminate\\Container\\Util.php(43): Illuminate\\Container\\BoundMethod::Illuminate\\Container\\{closure}()
#6 C:\\Users\\camar\\Bureau\\mindful-journey-ui\\back-mindful-journey-iu\\mindful-journey-back\\vendor\\laravel\\framework\\src\\Illuminate\\Container\\BoundMethod.php(84): Illuminate\\Container\\Util::unwrapIfClosure()
#7 C:\\Users\\camar\\Bureau\\mindful-journey-ui\\back-mindful-journey-iu\\mindful-journey-back\\vendor\\laravel\\framework\\src\\Illuminate\\Container\\BoundMethod.php(35): Illuminate\\Container\\BoundMethod::callBoundMethod()
#8 C:\\Users\\camar\\Bureau\\mindful-journey-ui\\back-mindful-journey-iu\\mindful-journey-back\\vendor\\laravel\\framework\\src\\Illuminate\\Container\\Container.php(780): Illuminate\\Container\\BoundMethod::call()
#9 C:\\Users\\camar\\Bureau\\mindful-journey-ui\\back-mindful-journey-iu\\mindful-journey-back\\vendor\\laravel\\framework\\src\\Illuminate\\Foundation\\Support\\Providers\\RouteServiceProvider.php(162): Illuminate\\Container\\Container->call()
#10 C:\\Users\\camar\\Bureau\\mindful-journey-ui\\back-mindful-journey-iu\\mindful-journey-back\\vendor\\laravel\\framework\\src\\Illuminate\\Foundation\\Support\\Providers\\RouteServiceProvider.php(59): Illuminate\\Foundation\\Support\\Providers\\RouteServiceProvider->loadRoutes()
#11 C:\\Users\\camar\\Bureau\\mindful-journey-ui\\back-mindful-journey-iu\\mindful-journey-back\\vendor\\laravel\\framework\\src\\Illuminate\\Container\\BoundMethod.php(36): Illuminate\\Foundation\\Support\\Providers\\RouteServiceProvider->Illuminate\\Foundation\\Support\\Providers\\{closure}()
#12 C:\\Users\\camar\\Bureau\\mindful-journey-ui\\back-mindful-journey-iu\\mindful-journey-back\\vendor\\laravel\\framework\\src\\Illuminate\\Container\\Util.php(43): Illuminate\\Container\\BoundMethod::Illuminate\\Container\\{closure}()
#13 C:\\Users\\camar\\Bureau\\mindful-journey-ui\\back-mindful-journey-iu\\mindful-journey-back\\vendor\\laravel\\framework\\src\\Illuminate\\Container\\BoundMethod.php(84): Illuminate\\Container\\Util::unwrapIfClosure()
#14 C:\\Users\\camar\\Bureau\\mindful-journey-ui\\back-mindful-journey-iu\\mindful-journey-back\\vendor\\laravel\\framework\\src\\Illuminate\\Container\\BoundMethod.php(35): Illuminate\\Container\\BoundMethod::callBoundMethod()
#15 C:\\Users\\camar\\Bureau\\mindful-journey-ui\\back-mindful-journey-iu\\mindful-journey-back\\vendor\\laravel\\framework\\src\\Illuminate\\Container\\Container.php(780): Illuminate\\Container\\BoundMethod::call()
#16 C:\\Users\\camar\\Bureau\\mindful-journey-ui\\back-mindful-journey-iu\\mindful-journey-back\\vendor\\laravel\\framework\\src\\Illuminate\\Support\\ServiceProvider.php(143): Illuminate\\Container\\Container->call()
#17 C:\\Users\\camar\\Bureau\\mindful-journey-ui\\back-mindful-journey-iu\\mindful-journey-back\\vendor\\laravel\\framework\\src\\Illuminate\\Foundation\\Application.php(1153): Illuminate\\Support\\ServiceProvider->callBootedCallbacks()
#18 C:\\Users\\camar\\Bureau\\mindful-journey-ui\\back-mindful-journey-iu\\mindful-journey-back\\vendor\\laravel\\framework\\src\\Illuminate\\Foundation\\Application.php(1131): Illuminate\\Foundation\\Application->bootProvider()
#19 [internal function]: Illuminate\\Foundation\\Application->Illuminate\\Foundation\\{closure}()
#20 C:\\Users\\camar\\Bureau\\mindful-journey-ui\\back-mindful-journey-iu\\mindful-journey-back\\vendor\\laravel\\framework\\src\\Illuminate\\Foundation\\Application.php(1130): array_walk()
#21 C:\\Users\\camar\\Bureau\\mindful-journey-ui\\back-mindful-journey-iu\\mindful-journey-back\\vendor\\laravel\\framework\\src\\Illuminate\\Foundation\\Bootstrap\\BootProviders.php(17): Illuminate\\Foundation\\Application->boot()
#22 C:\\Users\\camar\\Bureau\\mindful-journey-ui\\back-mindful-journey-iu\\mindful-journey-back\\vendor\\laravel\\framework\\src\\Illuminate\\Foundation\\Application.php(341): Illuminate\\Foundation\\Bootstrap\\BootProviders->bootstrap()
#23 C:\\Users\\camar\\Bureau\\mindful-journey-ui\\back-mindful-journey-iu\\mindful-journey-back\\vendor\\laravel\\framework\\src\\Illuminate\\Foundation\\Http\\Kernel.php(186): Illuminate\\Foundation\\Application->bootstrapWith()
#24 C:\\Users\\camar\\Bureau\\mindful-journey-ui\\back-mindful-journey-iu\\mindful-journey-back\\vendor\\laravel\\framework\\src\\Illuminate\\Foundation\\Http\\Kernel.php(170): Illuminate\\Foundation\\Http\\Kernel->bootstrap()
#25 C:\\Users\\camar\\Bureau\\mindful-journey-ui\\back-mindful-journey-iu\\mindful-journey-back\\vendor\\laravel\\framework\\src\\Illuminate\\Foundation\\Http\\Kernel.php(144): Illuminate\\Foundation\\Http\\Kernel->sendRequestThroughRouter()
#26 C:\\Users\\camar\\Bureau\\mindful-journey-ui\\back-mindful-journey-iu\\mindful-journey-back\\vendor\\laravel\\framework\\src\\Illuminate\\Foundation\\Application.php(1219): Illuminate\\Foundation\\Http\\Kernel->handle()
#27 C:\\Users\\camar\\Bureau\\mindful-journey-ui\\back-mindful-journey-iu\\mindful-journey-back\\public\\index.php(20): Illuminate\\Foundation\\Application->handleRequest()
#28 C:\\Users\\camar\\Bureau\\mindful-journey-ui\\back-mindful-journey-iu\\mindful-journey-back\\vendor\\laravel\\framework\\src\\Illuminate\\Foundation\\resources\\server.php(23): require_once('...')
#29 {main}
"} 
[2025-08-14 14:10:40] local.ERROR: syntax error, unexpected identifier "UserChallengeController", expecting "}" {"exception":"[object] (ParseError(code: 0): syntax error, unexpected identifier \"UserChallengeController\", expecting \"}\" at C:\\Users\\camar\\Bureau\\mindful-journey-ui\\back-mindful-journey-iu\\mindful-journey-back\\routes\\api.php:19)
[stacktrace]
#0 C:\\Users\\camar\\Bureau\\mindful-journey-ui\\back-mindful-journey-iu\\mindful-journey-back\\vendor\\laravel\\framework\\src\\Illuminate\\Routing\\Router.php(512): Illuminate\\Routing\\RouteFileRegistrar->register()
#1 C:\\Users\\camar\\Bureau\\mindful-journey-ui\\back-mindful-journey-iu\\mindful-journey-back\\vendor\\laravel\\framework\\src\\Illuminate\\Routing\\Router.php(466): Illuminate\\Routing\\Router->loadRoutes()
#2 C:\\Users\\camar\\Bureau\\mindful-journey-ui\\back-mindful-journey-iu\\mindful-journey-back\\vendor\\laravel\\framework\\src\\Illuminate\\Routing\\RouteRegistrar.php(206): Illuminate\\Routing\\Router->group()
#3 C:\\Users\\camar\\Bureau\\mindful-journey-ui\\back-mindful-journey-iu\\mindful-journey-back\\vendor\\laravel\\framework\\src\\Illuminate\\Foundation\\Configuration\\ApplicationBuilder.php(214): Illuminate\\Routing\\RouteRegistrar->group()
#4 C:\\Users\\camar\\Bureau\\mindful-journey-ui\\back-mindful-journey-iu\\mindful-journey-back\\vendor\\laravel\\framework\\src\\Illuminate\\Container\\BoundMethod.php(36): Illuminate\\Foundation\\Configuration\\ApplicationBuilder->Illuminate\\Foundation\\Configuration\\{closure}()
#5 C:\\Users\\camar\\Bureau\\mindful-journey-ui\\back-mindful-journey-iu\\mindful-journey-back\\vendor\\laravel\\framework\\src\\Illuminate\\Container\\Util.php(43): Illuminate\\Container\\BoundMethod::Illuminate\\Container\\{closure}()
#6 C:\\Users\\camar\\Bureau\\mindful-journey-ui\\back-mindful-journey-iu\\mindful-journey-back\\vendor\\laravel\\framework\\src\\Illuminate\\Container\\BoundMethod.php(84): Illuminate\\Container\\Util::unwrapIfClosure()
#7 C:\\Users\\camar\\Bureau\\mindful-journey-ui\\back-mindful-journey-iu\\mindful-journey-back\\vendor\\laravel\\framework\\src\\Illuminate\\Container\\BoundMethod.php(35): Illuminate\\Container\\BoundMethod::callBoundMethod()
#8 C:\\Users\\camar\\Bureau\\mindful-journey-ui\\back-mindful-journey-iu\\mindful-journey-back\\vendor\\laravel\\framework\\src\\Illuminate\\Container\\Container.php(780): Illuminate\\Container\\BoundMethod::call()
#9 C:\\Users\\camar\\Bureau\\mindful-journey-ui\\back-mindful-journey-iu\\mindful-journey-back\\vendor\\laravel\\framework\\src\\Illuminate\\Foundation\\Support\\Providers\\RouteServiceProvider.php(162): Illuminate\\Container\\Container->call()
#10 C:\\Users\\camar\\Bureau\\mindful-journey-ui\\back-mindful-journey-iu\\mindful-journey-back\\vendor\\laravel\\framework\\src\\Illuminate\\Foundation\\Support\\Providers\\RouteServiceProvider.php(59): Illuminate\\Foundation\\Support\\Providers\\RouteServiceProvider->loadRoutes()
#11 C:\\Users\\camar\\Bureau\\mindful-journey-ui\\back-mindful-journey-iu\\mindful-journey-back\\vendor\\laravel\\framework\\src\\Illuminate\\Container\\BoundMethod.php(36): Illuminate\\Foundation\\Support\\Providers\\RouteServiceProvider->Illuminate\\Foundation\\Support\\Providers\\{closure}()
#12 C:\\Users\\camar\\Bureau\\mindful-journey-ui\\back-mindful-journey-iu\\mindful-journey-back\\vendor\\laravel\\framework\\src\\Illuminate\\Container\\Util.php(43): Illuminate\\Container\\BoundMethod::Illuminate\\Container\\{closure}()
#13 C:\\Users\\camar\\Bureau\\mindful-journey-ui\\back-mindful-journey-iu\\mindful-journey-back\\vendor\\laravel\\framework\\src\\Illuminate\\Container\\BoundMethod.php(84): Illuminate\\Container\\Util::unwrapIfClosure()
#14 C:\\Users\\camar\\Bureau\\mindful-journey-ui\\back-mindful-journey-iu\\mindful-journey-back\\vendor\\laravel\\framework\\src\\Illuminate\\Container\\BoundMethod.php(35): Illuminate\\Container\\BoundMethod::callBoundMethod()
#15 C:\\Users\\camar\\Bureau\\mindful-journey-ui\\back-mindful-journey-iu\\mindful-journey-back\\vendor\\laravel\\framework\\src\\Illuminate\\Container\\Container.php(780): Illuminate\\Container\\BoundMethod::call()
#16 C:\\Users\\camar\\Bureau\\mindful-journey-ui\\back-mindful-journey-iu\\mindful-journey-back\\vendor\\laravel\\framework\\src\\Illuminate\\Support\\ServiceProvider.php(143): Illuminate\\Container\\Container->call()
#17 C:\\Users\\camar\\Bureau\\mindful-journey-ui\\back-mindful-journey-iu\\mindful-journey-back\\vendor\\laravel\\framework\\src\\Illuminate\\Foundation\\Application.php(1153): Illuminate\\Support\\ServiceProvider->callBootedCallbacks()
#18 C:\\Users\\camar\\Bureau\\mindful-journey-ui\\back-mindful-journey-iu\\mindful-journey-back\\vendor\\laravel\\framework\\src\\Illuminate\\Foundation\\Application.php(1131): Illuminate\\Foundation\\Application->bootProvider()
#19 [internal function]: Illuminate\\Foundation\\Application->Illuminate\\Foundation\\{closure}()
#20 C:\\Users\\camar\\Bureau\\mindful-journey-ui\\back-mindful-journey-iu\\mindful-journey-back\\vendor\\laravel\\framework\\src\\Illuminate\\Foundation\\Application.php(1130): array_walk()
#21 C:\\Users\\camar\\Bureau\\mindful-journey-ui\\back-mindful-journey-iu\\mindful-journey-back\\vendor\\laravel\\framework\\src\\Illuminate\\Foundation\\Bootstrap\\BootProviders.php(17): Illuminate\\Foundation\\Application->boot()
#22 C:\\Users\\camar\\Bureau\\mindful-journey-ui\\back-mindful-journey-iu\\mindful-journey-back\\vendor\\laravel\\framework\\src\\Illuminate\\Foundation\\Application.php(341): Illuminate\\Foundation\\Bootstrap\\BootProviders->bootstrap()
#23 C:\\Users\\camar\\Bureau\\mindful-journey-ui\\back-mindful-journey-iu\\mindful-journey-back\\vendor\\laravel\\framework\\src\\Illuminate\\Foundation\\Http\\Kernel.php(186): Illuminate\\Foundation\\Application->bootstrapWith()
#24 C:\\Users\\camar\\Bureau\\mindful-journey-ui\\back-mindful-journey-iu\\mindful-journey-back\\vendor\\laravel\\framework\\src\\Illuminate\\Foundation\\Http\\Kernel.php(170): Illuminate\\Foundation\\Http\\Kernel->bootstrap()
#25 C:\\Users\\camar\\Bureau\\mindful-journey-ui\\back-mindful-journey-iu\\mindful-journey-back\\vendor\\laravel\\framework\\src\\Illuminate\\Foundation\\Http\\Kernel.php(144): Illuminate\\Foundation\\Http\\Kernel->sendRequestThroughRouter()
#26 C:\\Users\\camar\\Bureau\\mindful-journey-ui\\back-mindful-journey-iu\\mindful-journey-back\\vendor\\laravel\\framework\\src\\Illuminate\\Foundation\\Application.php(1219): Illuminate\\Foundation\\Http\\Kernel->handle()
#27 C:\\Users\\camar\\Bureau\\mindful-journey-ui\\back-mindful-journey-iu\\mindful-journey-back\\public\\index.php(20): Illuminate\\Foundation\\Application->handleRequest()
#28 C:\\Users\\camar\\Bureau\\mindful-journey-ui\\back-mindful-journey-iu\\mindful-journey-back\\vendor\\laravel\\framework\\src\\Illuminate\\Foundation\\resources\\server.php(23): require_once('...')
#29 {main}
"} 
[2025-08-14 14:13:24] local.ERROR: syntax error, unexpected identifier "UserChallengeController", expecting "}" {"exception":"[object] (ParseError(code: 0): syntax error, unexpected identifier \"UserChallengeController\", expecting \"}\" at C:\\Users\\camar\\Bureau\\mindful-journey-ui\\back-mindful-journey-iu\\mindful-journey-back\\routes\\api.php:19)
[stacktrace]
#0 C:\\Users\\camar\\Bureau\\mindful-journey-ui\\back-mindful-journey-iu\\mindful-journey-back\\vendor\\laravel\\framework\\src\\Illuminate\\Routing\\Router.php(512): Illuminate\\Routing\\RouteFileRegistrar->register()
#1 C:\\Users\\camar\\Bureau\\mindful-journey-ui\\back-mindful-journey-iu\\mindful-journey-back\\vendor\\laravel\\framework\\src\\Illuminate\\Routing\\Router.php(466): Illuminate\\Routing\\Router->loadRoutes()
#2 C:\\Users\\camar\\Bureau\\mindful-journey-ui\\back-mindful-journey-iu\\mindful-journey-back\\vendor\\laravel\\framework\\src\\Illuminate\\Routing\\RouteRegistrar.php(206): Illuminate\\Routing\\Router->group()
#3 C:\\Users\\camar\\Bureau\\mindful-journey-ui\\back-mindful-journey-iu\\mindful-journey-back\\vendor\\laravel\\framework\\src\\Illuminate\\Foundation\\Configuration\\ApplicationBuilder.php(214): Illuminate\\Routing\\RouteRegistrar->group()
#4 C:\\Users\\camar\\Bureau\\mindful-journey-ui\\back-mindful-journey-iu\\mindful-journey-back\\vendor\\laravel\\framework\\src\\Illuminate\\Container\\BoundMethod.php(36): Illuminate\\Foundation\\Configuration\\ApplicationBuilder->Illuminate\\Foundation\\Configuration\\{closure}()
#5 C:\\Users\\camar\\Bureau\\mindful-journey-ui\\back-mindful-journey-iu\\mindful-journey-back\\vendor\\laravel\\framework\\src\\Illuminate\\Container\\Util.php(43): Illuminate\\Container\\BoundMethod::Illuminate\\Container\\{closure}()
#6 C:\\Users\\camar\\Bureau\\mindful-journey-ui\\back-mindful-journey-iu\\mindful-journey-back\\vendor\\laravel\\framework\\src\\Illuminate\\Container\\BoundMethod.php(84): Illuminate\\Container\\Util::unwrapIfClosure()
#7 C:\\Users\\camar\\Bureau\\mindful-journey-ui\\back-mindful-journey-iu\\mindful-journey-back\\vendor\\laravel\\framework\\src\\Illuminate\\Container\\BoundMethod.php(35): Illuminate\\Container\\BoundMethod::callBoundMethod()
#8 C:\\Users\\camar\\Bureau\\mindful-journey-ui\\back-mindful-journey-iu\\mindful-journey-back\\vendor\\laravel\\framework\\src\\Illuminate\\Container\\Container.php(780): Illuminate\\Container\\BoundMethod::call()
#9 C:\\Users\\camar\\Bureau\\mindful-journey-ui\\back-mindful-journey-iu\\mindful-journey-back\\vendor\\laravel\\framework\\src\\Illuminate\\Foundation\\Support\\Providers\\RouteServiceProvider.php(162): Illuminate\\Container\\Container->call()
#10 C:\\Users\\camar\\Bureau\\mindful-journey-ui\\back-mindful-journey-iu\\mindful-journey-back\\vendor\\laravel\\framework\\src\\Illuminate\\Foundation\\Support\\Providers\\RouteServiceProvider.php(59): Illuminate\\Foundation\\Support\\Providers\\RouteServiceProvider->loadRoutes()
#11 C:\\Users\\camar\\Bureau\\mindful-journey-ui\\back-mindful-journey-iu\\mindful-journey-back\\vendor\\laravel\\framework\\src\\Illuminate\\Container\\BoundMethod.php(36): Illuminate\\Foundation\\Support\\Providers\\RouteServiceProvider->Illuminate\\Foundation\\Support\\Providers\\{closure}()
#12 C:\\Users\\camar\\Bureau\\mindful-journey-ui\\back-mindful-journey-iu\\mindful-journey-back\\vendor\\laravel\\framework\\src\\Illuminate\\Container\\Util.php(43): Illuminate\\Container\\BoundMethod::Illuminate\\Container\\{closure}()
#13 C:\\Users\\camar\\Bureau\\mindful-journey-ui\\back-mindful-journey-iu\\mindful-journey-back\\vendor\\laravel\\framework\\src\\Illuminate\\Container\\BoundMethod.php(84): Illuminate\\Container\\Util::unwrapIfClosure()
#14 C:\\Users\\camar\\Bureau\\mindful-journey-ui\\back-mindful-journey-iu\\mindful-journey-back\\vendor\\laravel\\framework\\src\\Illuminate\\Container\\BoundMethod.php(35): Illuminate\\Container\\BoundMethod::callBoundMethod()
#15 C:\\Users\\camar\\Bureau\\mindful-journey-ui\\back-mindful-journey-iu\\mindful-journey-back\\vendor\\laravel\\framework\\src\\Illuminate\\Container\\Container.php(780): Illuminate\\Container\\BoundMethod::call()
#16 C:\\Users\\camar\\Bureau\\mindful-journey-ui\\back-mindful-journey-iu\\mindful-journey-back\\vendor\\laravel\\framework\\src\\Illuminate\\Support\\ServiceProvider.php(143): Illuminate\\Container\\Container->call()
#17 C:\\Users\\camar\\Bureau\\mindful-journey-ui\\back-mindful-journey-iu\\mindful-journey-back\\vendor\\laravel\\framework\\src\\Illuminate\\Foundation\\Application.php(1153): Illuminate\\Support\\ServiceProvider->callBootedCallbacks()
#18 C:\\Users\\camar\\Bureau\\mindful-journey-ui\\back-mindful-journey-iu\\mindful-journey-back\\vendor\\laravel\\framework\\src\\Illuminate\\Foundation\\Application.php(1131): Illuminate\\Foundation\\Application->bootProvider()
#19 [internal function]: Illuminate\\Foundation\\Application->Illuminate\\Foundation\\{closure}()
#20 C:\\Users\\camar\\Bureau\\mindful-journey-ui\\back-mindful-journey-iu\\mindful-journey-back\\vendor\\laravel\\framework\\src\\Illuminate\\Foundation\\Application.php(1130): array_walk()
#21 C:\\Users\\camar\\Bureau\\mindful-journey-ui\\back-mindful-journey-iu\\mindful-journey-back\\vendor\\laravel\\framework\\src\\Illuminate\\Foundation\\Bootstrap\\BootProviders.php(17): Illuminate\\Foundation\\Application->boot()
#22 C:\\Users\\camar\\Bureau\\mindful-journey-ui\\back-mindful-journey-iu\\mindful-journey-back\\vendor\\laravel\\framework\\src\\Illuminate\\Foundation\\Application.php(341): Illuminate\\Foundation\\Bootstrap\\BootProviders->bootstrap()
#23 C:\\Users\\camar\\Bureau\\mindful-journey-ui\\back-mindful-journey-iu\\mindful-journey-back\\vendor\\laravel\\framework\\src\\Illuminate\\Foundation\\Http\\Kernel.php(186): Illuminate\\Foundation\\Application->bootstrapWith()
#24 C:\\Users\\camar\\Bureau\\mindful-journey-ui\\back-mindful-journey-iu\\mindful-journey-back\\vendor\\laravel\\framework\\src\\Illuminate\\Foundation\\Http\\Kernel.php(170): Illuminate\\Foundation\\Http\\Kernel->bootstrap()
#25 C:\\Users\\camar\\Bureau\\mindful-journey-ui\\back-mindful-journey-iu\\mindful-journey-back\\vendor\\laravel\\framework\\src\\Illuminate\\Foundation\\Http\\Kernel.php(144): Illuminate\\Foundation\\Http\\Kernel->sendRequestThroughRouter()
#26 C:\\Users\\camar\\Bureau\\mindful-journey-ui\\back-mindful-journey-iu\\mindful-journey-back\\vendor\\laravel\\framework\\src\\Illuminate\\Foundation\\Application.php(1219): Illuminate\\Foundation\\Http\\Kernel->handle()
#27 C:\\Users\\camar\\Bureau\\mindful-journey-ui\\back-mindful-journey-iu\\mindful-journey-back\\public\\index.php(20): Illuminate\\Foundation\\Application->handleRequest()
#28 C:\\Users\\camar\\Bureau\\mindful-journey-ui\\back-mindful-journey-iu\\mindful-journey-back\\vendor\\laravel\\framework\\src\\Illuminate\\Foundation\\resources\\server.php(23): require_once('...')
#29 {main}
"} 
[2025-08-14 14:13:29] local.ERROR: syntax error, unexpected identifier "UserChallengeController", expecting "}" {"exception":"[object] (ParseError(code: 0): syntax error, unexpected identifier \"UserChallengeController\", expecting \"}\" at C:\\Users\\camar\\Bureau\\mindful-journey-ui\\back-mindful-journey-iu\\mindful-journey-back\\routes\\api.php:19)
[stacktrace]
#0 C:\\Users\\camar\\Bureau\\mindful-journey-ui\\back-mindful-journey-iu\\mindful-journey-back\\vendor\\laravel\\framework\\src\\Illuminate\\Routing\\Router.php(512): Illuminate\\Routing\\RouteFileRegistrar->register()
#1 C:\\Users\\camar\\Bureau\\mindful-journey-ui\\back-mindful-journey-iu\\mindful-journey-back\\vendor\\laravel\\framework\\src\\Illuminate\\Routing\\Router.php(466): Illuminate\\Routing\\Router->loadRoutes()
#2 C:\\Users\\camar\\Bureau\\mindful-journey-ui\\back-mindful-journey-iu\\mindful-journey-back\\vendor\\laravel\\framework\\src\\Illuminate\\Routing\\RouteRegistrar.php(206): Illuminate\\Routing\\Router->group()
#3 C:\\Users\\camar\\Bureau\\mindful-journey-ui\\back-mindful-journey-iu\\mindful-journey-back\\vendor\\laravel\\framework\\src\\Illuminate\\Foundation\\Configuration\\ApplicationBuilder.php(214): Illuminate\\Routing\\RouteRegistrar->group()
#4 C:\\Users\\camar\\Bureau\\mindful-journey-ui\\back-mindful-journey-iu\\mindful-journey-back\\vendor\\laravel\\framework\\src\\Illuminate\\Container\\BoundMethod.php(36): Illuminate\\Foundation\\Configuration\\ApplicationBuilder->Illuminate\\Foundation\\Configuration\\{closure}()
#5 C:\\Users\\camar\\Bureau\\mindful-journey-ui\\back-mindful-journey-iu\\mindful-journey-back\\vendor\\laravel\\framework\\src\\Illuminate\\Container\\Util.php(43): Illuminate\\Container\\BoundMethod::Illuminate\\Container\\{closure}()
#6 C:\\Users\\camar\\Bureau\\mindful-journey-ui\\back-mindful-journey-iu\\mindful-journey-back\\vendor\\laravel\\framework\\src\\Illuminate\\Container\\BoundMethod.php(84): Illuminate\\Container\\Util::unwrapIfClosure()
#7 C:\\Users\\camar\\Bureau\\mindful-journey-ui\\back-mindful-journey-iu\\mindful-journey-back\\vendor\\laravel\\framework\\src\\Illuminate\\Container\\BoundMethod.php(35): Illuminate\\Container\\BoundMethod::callBoundMethod()
#8 C:\\Users\\camar\\Bureau\\mindful-journey-ui\\back-mindful-journey-iu\\mindful-journey-back\\vendor\\laravel\\framework\\src\\Illuminate\\Container\\Container.php(780): Illuminate\\Container\\BoundMethod::call()
#9 C:\\Users\\camar\\Bureau\\mindful-journey-ui\\back-mindful-journey-iu\\mindful-journey-back\\vendor\\laravel\\framework\\src\\Illuminate\\Foundation\\Support\\Providers\\RouteServiceProvider.php(162): Illuminate\\Container\\Container->call()
#10 C:\\Users\\camar\\Bureau\\mindful-journey-ui\\back-mindful-journey-iu\\mindful-journey-back\\vendor\\laravel\\framework\\src\\Illuminate\\Foundation\\Support\\Providers\\RouteServiceProvider.php(59): Illuminate\\Foundation\\Support\\Providers\\RouteServiceProvider->loadRoutes()
#11 C:\\Users\\camar\\Bureau\\mindful-journey-ui\\back-mindful-journey-iu\\mindful-journey-back\\vendor\\laravel\\framework\\src\\Illuminate\\Container\\BoundMethod.php(36): Illuminate\\Foundation\\Support\\Providers\\RouteServiceProvider->Illuminate\\Foundation\\Support\\Providers\\{closure}()
#12 C:\\Users\\camar\\Bureau\\mindful-journey-ui\\back-mindful-journey-iu\\mindful-journey-back\\vendor\\laravel\\framework\\src\\Illuminate\\Container\\Util.php(43): Illuminate\\Container\\BoundMethod::Illuminate\\Container\\{closure}()
#13 C:\\Users\\camar\\Bureau\\mindful-journey-ui\\back-mindful-journey-iu\\mindful-journey-back\\vendor\\laravel\\framework\\src\\Illuminate\\Container\\BoundMethod.php(84): Illuminate\\Container\\Util::unwrapIfClosure()
#14 C:\\Users\\camar\\Bureau\\mindful-journey-ui\\back-mindful-journey-iu\\mindful-journey-back\\vendor\\laravel\\framework\\src\\Illuminate\\Container\\BoundMethod.php(35): Illuminate\\Container\\BoundMethod::callBoundMethod()
#15 C:\\Users\\camar\\Bureau\\mindful-journey-ui\\back-mindful-journey-iu\\mindful-journey-back\\vendor\\laravel\\framework\\src\\Illuminate\\Container\\Container.php(780): Illuminate\\Container\\BoundMethod::call()
#16 C:\\Users\\camar\\Bureau\\mindful-journey-ui\\back-mindful-journey-iu\\mindful-journey-back\\vendor\\laravel\\framework\\src\\Illuminate\\Support\\ServiceProvider.php(143): Illuminate\\Container\\Container->call()
#17 C:\\Users\\camar\\Bureau\\mindful-journey-ui\\back-mindful-journey-iu\\mindful-journey-back\\vendor\\laravel\\framework\\src\\Illuminate\\Foundation\\Application.php(1153): Illuminate\\Support\\ServiceProvider->callBootedCallbacks()
#18 C:\\Users\\camar\\Bureau\\mindful-journey-ui\\back-mindful-journey-iu\\mindful-journey-back\\vendor\\laravel\\framework\\src\\Illuminate\\Foundation\\Application.php(1131): Illuminate\\Foundation\\Application->bootProvider()
#19 [internal function]: Illuminate\\Foundation\\Application->Illuminate\\Foundation\\{closure}()
#20 C:\\Users\\camar\\Bureau\\mindful-journey-ui\\back-mindful-journey-iu\\mindful-journey-back\\vendor\\laravel\\framework\\src\\Illuminate\\Foundation\\Application.php(1130): array_walk()
#21 C:\\Users\\camar\\Bureau\\mindful-journey-ui\\back-mindful-journey-iu\\mindful-journey-back\\vendor\\laravel\\framework\\src\\Illuminate\\Foundation\\Bootstrap\\BootProviders.php(17): Illuminate\\Foundation\\Application->boot()
#22 C:\\Users\\camar\\Bureau\\mindful-journey-ui\\back-mindful-journey-iu\\mindful-journey-back\\vendor\\laravel\\framework\\src\\Illuminate\\Foundation\\Application.php(341): Illuminate\\Foundation\\Bootstrap\\BootProviders->bootstrap()
#23 C:\\Users\\camar\\Bureau\\mindful-journey-ui\\back-mindful-journey-iu\\mindful-journey-back\\vendor\\laravel\\framework\\src\\Illuminate\\Foundation\\Http\\Kernel.php(186): Illuminate\\Foundation\\Application->bootstrapWith()
#24 C:\\Users\\camar\\Bureau\\mindful-journey-ui\\back-mindful-journey-iu\\mindful-journey-back\\vendor\\laravel\\framework\\src\\Illuminate\\Foundation\\Http\\Kernel.php(170): Illuminate\\Foundation\\Http\\Kernel->bootstrap()
#25 C:\\Users\\camar\\Bureau\\mindful-journey-ui\\back-mindful-journey-iu\\mindful-journey-back\\vendor\\laravel\\framework\\src\\Illuminate\\Foundation\\Http\\Kernel.php(144): Illuminate\\Foundation\\Http\\Kernel->sendRequestThroughRouter()
#26 C:\\Users\\camar\\Bureau\\mindful-journey-ui\\back-mindful-journey-iu\\mindful-journey-back\\vendor\\laravel\\framework\\src\\Illuminate\\Foundation\\Application.php(1219): Illuminate\\Foundation\\Http\\Kernel->handle()
#27 C:\\Users\\camar\\Bureau\\mindful-journey-ui\\back-mindful-journey-iu\\mindful-journey-back\\public\\index.php(20): Illuminate\\Foundation\\Application->handleRequest()
#28 C:\\Users\\camar\\Bureau\\mindful-journey-ui\\back-mindful-journey-iu\\mindful-journey-back\\vendor\\laravel\\framework\\src\\Illuminate\\Foundation\\resources\\server.php(23): require_once('...')
#29 {main}
"} 
[2025-08-14 14:21:15] local.ERROR: syntax error, unexpected identifier "UserChallengeController", expecting "}" {"exception":"[object] (ParseError(code: 0): syntax error, unexpected identifier \"UserChallengeController\", expecting \"}\" at C:\\Users\\camar\\Bureau\\mindful-journey-ui\\back-mindful-journey-iu\\mindful-journey-back\\routes\\api.php:19)
[stacktrace]
#0 C:\\Users\\camar\\Bureau\\mindful-journey-ui\\back-mindful-journey-iu\\mindful-journey-back\\vendor\\laravel\\framework\\src\\Illuminate\\Routing\\Router.php(512): Illuminate\\Routing\\RouteFileRegistrar->register()
#1 C:\\Users\\camar\\Bureau\\mindful-journey-ui\\back-mindful-journey-iu\\mindful-journey-back\\vendor\\laravel\\framework\\src\\Illuminate\\Routing\\Router.php(466): Illuminate\\Routing\\Router->loadRoutes()
#2 C:\\Users\\camar\\Bureau\\mindful-journey-ui\\back-mindful-journey-iu\\mindful-journey-back\\vendor\\laravel\\framework\\src\\Illuminate\\Routing\\RouteRegistrar.php(206): Illuminate\\Routing\\Router->group()
#3 C:\\Users\\camar\\Bureau\\mindful-journey-ui\\back-mindful-journey-iu\\mindful-journey-back\\vendor\\laravel\\framework\\src\\Illuminate\\Foundation\\Configuration\\ApplicationBuilder.php(214): Illuminate\\Routing\\RouteRegistrar->group()
#4 C:\\Users\\camar\\Bureau\\mindful-journey-ui\\back-mindful-journey-iu\\mindful-journey-back\\vendor\\laravel\\framework\\src\\Illuminate\\Container\\BoundMethod.php(36): Illuminate\\Foundation\\Configuration\\ApplicationBuilder->Illuminate\\Foundation\\Configuration\\{closure}()
#5 C:\\Users\\camar\\Bureau\\mindful-journey-ui\\back-mindful-journey-iu\\mindful-journey-back\\vendor\\laravel\\framework\\src\\Illuminate\\Container\\Util.php(43): Illuminate\\Container\\BoundMethod::Illuminate\\Container\\{closure}()
#6 C:\\Users\\camar\\Bureau\\mindful-journey-ui\\back-mindful-journey-iu\\mindful-journey-back\\vendor\\laravel\\framework\\src\\Illuminate\\Container\\BoundMethod.php(84): Illuminate\\Container\\Util::unwrapIfClosure()
#7 C:\\Users\\camar\\Bureau\\mindful-journey-ui\\back-mindful-journey-iu\\mindful-journey-back\\vendor\\laravel\\framework\\src\\Illuminate\\Container\\BoundMethod.php(35): Illuminate\\Container\\BoundMethod::callBoundMethod()
#8 C:\\Users\\camar\\Bureau\\mindful-journey-ui\\back-mindful-journey-iu\\mindful-journey-back\\vendor\\laravel\\framework\\src\\Illuminate\\Container\\Container.php(780): Illuminate\\Container\\BoundMethod::call()
#9 C:\\Users\\camar\\Bureau\\mindful-journey-ui\\back-mindful-journey-iu\\mindful-journey-back\\vendor\\laravel\\framework\\src\\Illuminate\\Foundation\\Support\\Providers\\RouteServiceProvider.php(162): Illuminate\\Container\\Container->call()
#10 C:\\Users\\camar\\Bureau\\mindful-journey-ui\\back-mindful-journey-iu\\mindful-journey-back\\vendor\\laravel\\framework\\src\\Illuminate\\Foundation\\Support\\Providers\\RouteServiceProvider.php(59): Illuminate\\Foundation\\Support\\Providers\\RouteServiceProvider->loadRoutes()
#11 C:\\Users\\camar\\Bureau\\mindful-journey-ui\\back-mindful-journey-iu\\mindful-journey-back\\vendor\\laravel\\framework\\src\\Illuminate\\Container\\BoundMethod.php(36): Illuminate\\Foundation\\Support\\Providers\\RouteServiceProvider->Illuminate\\Foundation\\Support\\Providers\\{closure}()
#12 C:\\Users\\camar\\Bureau\\mindful-journey-ui\\back-mindful-journey-iu\\mindful-journey-back\\vendor\\laravel\\framework\\src\\Illuminate\\Container\\Util.php(43): Illuminate\\Container\\BoundMethod::Illuminate\\Container\\{closure}()
#13 C:\\Users\\camar\\Bureau\\mindful-journey-ui\\back-mindful-journey-iu\\mindful-journey-back\\vendor\\laravel\\framework\\src\\Illuminate\\Container\\BoundMethod.php(84): Illuminate\\Container\\Util::unwrapIfClosure()
#14 C:\\Users\\camar\\Bureau\\mindful-journey-ui\\back-mindful-journey-iu\\mindful-journey-back\\vendor\\laravel\\framework\\src\\Illuminate\\Container\\BoundMethod.php(35): Illuminate\\Container\\BoundMethod::callBoundMethod()
#15 C:\\Users\\camar\\Bureau\\mindful-journey-ui\\back-mindful-journey-iu\\mindful-journey-back\\vendor\\laravel\\framework\\src\\Illuminate\\Container\\Container.php(780): Illuminate\\Container\\BoundMethod::call()
#16 C:\\Users\\camar\\Bureau\\mindful-journey-ui\\back-mindful-journey-iu\\mindful-journey-back\\vendor\\laravel\\framework\\src\\Illuminate\\Support\\ServiceProvider.php(143): Illuminate\\Container\\Container->call()
#17 C:\\Users\\camar\\Bureau\\mindful-journey-ui\\back-mindful-journey-iu\\mindful-journey-back\\vendor\\laravel\\framework\\src\\Illuminate\\Foundation\\Application.php(1153): Illuminate\\Support\\ServiceProvider->callBootedCallbacks()
#18 C:\\Users\\camar\\Bureau\\mindful-journey-ui\\back-mindful-journey-iu\\mindful-journey-back\\vendor\\laravel\\framework\\src\\Illuminate\\Foundation\\Application.php(1131): Illuminate\\Foundation\\Application->bootProvider()
#19 [internal function]: Illuminate\\Foundation\\Application->Illuminate\\Foundation\\{closure}()
#20 C:\\Users\\camar\\Bureau\\mindful-journey-ui\\back-mindful-journey-iu\\mindful-journey-back\\vendor\\laravel\\framework\\src\\Illuminate\\Foundation\\Application.php(1130): array_walk()
#21 C:\\Users\\camar\\Bureau\\mindful-journey-ui\\back-mindful-journey-iu\\mindful-journey-back\\vendor\\laravel\\framework\\src\\Illuminate\\Foundation\\Bootstrap\\BootProviders.php(17): Illuminate\\Foundation\\Application->boot()
#22 C:\\Users\\camar\\Bureau\\mindful-journey-ui\\back-mindful-journey-iu\\mindful-journey-back\\vendor\\laravel\\framework\\src\\Illuminate\\Foundation\\Application.php(341): Illuminate\\Foundation\\Bootstrap\\BootProviders->bootstrap()
#23 C:\\Users\\camar\\Bureau\\mindful-journey-ui\\back-mindful-journey-iu\\mindful-journey-back\\vendor\\laravel\\framework\\src\\Illuminate\\Foundation\\Console\\Kernel.php(473): Illuminate\\Foundation\\Application->bootstrapWith()
#24 C:\\Users\\camar\\Bureau\\mindful-journey-ui\\back-mindful-journey-iu\\mindful-journey-back\\vendor\\laravel\\framework\\src\\Illuminate\\Foundation\\Console\\Kernel.php(195): Illuminate\\Foundation\\Console\\Kernel->bootstrap()
#25 C:\\Users\\camar\\Bureau\\mindful-journey-ui\\back-mindful-journey-iu\\mindful-journey-back\\vendor\\laravel\\framework\\src\\Illuminate\\Foundation\\Application.php(1234): Illuminate\\Foundation\\Console\\Kernel->handle()
#26 C:\\Users\\camar\\Bureau\\mindful-journey-ui\\back-mindful-journey-iu\\mindful-journey-back\\artisan(16): Illuminate\\Foundation\\Application->handleCommand()
#27 {main}
"} 
[2025-08-14 14:22:16] local.ERROR: syntax error, unexpected identifier "UserChallengeController", expecting "}" {"exception":"[object] (ParseError(code: 0): syntax error, unexpected identifier \"UserChallengeController\", expecting \"}\" at C:\\Users\\camar\\Bureau\\mindful-journey-ui\\back-mindful-journey-iu\\mindful-journey-back\\routes\\api.php:19)
[stacktrace]
#0 C:\\Users\\camar\\Bureau\\mindful-journey-ui\\back-mindful-journey-iu\\mindful-journey-back\\vendor\\laravel\\framework\\src\\Illuminate\\Routing\\Router.php(512): Illuminate\\Routing\\RouteFileRegistrar->register()
#1 C:\\Users\\camar\\Bureau\\mindful-journey-ui\\back-mindful-journey-iu\\mindful-journey-back\\vendor\\laravel\\framework\\src\\Illuminate\\Routing\\Router.php(466): Illuminate\\Routing\\Router->loadRoutes()
#2 C:\\Users\\camar\\Bureau\\mindful-journey-ui\\back-mindful-journey-iu\\mindful-journey-back\\vendor\\laravel\\framework\\src\\Illuminate\\Routing\\RouteRegistrar.php(206): Illuminate\\Routing\\Router->group()
#3 C:\\Users\\camar\\Bureau\\mindful-journey-ui\\back-mindful-journey-iu\\mindful-journey-back\\vendor\\laravel\\framework\\src\\Illuminate\\Foundation\\Configuration\\ApplicationBuilder.php(214): Illuminate\\Routing\\RouteRegistrar->group()
#4 C:\\Users\\camar\\Bureau\\mindful-journey-ui\\back-mindful-journey-iu\\mindful-journey-back\\vendor\\laravel\\framework\\src\\Illuminate\\Container\\BoundMethod.php(36): Illuminate\\Foundation\\Configuration\\ApplicationBuilder->Illuminate\\Foundation\\Configuration\\{closure}()
#5 C:\\Users\\camar\\Bureau\\mindful-journey-ui\\back-mindful-journey-iu\\mindful-journey-back\\vendor\\laravel\\framework\\src\\Illuminate\\Container\\Util.php(43): Illuminate\\Container\\BoundMethod::Illuminate\\Container\\{closure}()
#6 C:\\Users\\camar\\Bureau\\mindful-journey-ui\\back-mindful-journey-iu\\mindful-journey-back\\vendor\\laravel\\framework\\src\\Illuminate\\Container\\BoundMethod.php(84): Illuminate\\Container\\Util::unwrapIfClosure()
#7 C:\\Users\\camar\\Bureau\\mindful-journey-ui\\back-mindful-journey-iu\\mindful-journey-back\\vendor\\laravel\\framework\\src\\Illuminate\\Container\\BoundMethod.php(35): Illuminate\\Container\\BoundMethod::callBoundMethod()
#8 C:\\Users\\camar\\Bureau\\mindful-journey-ui\\back-mindful-journey-iu\\mindful-journey-back\\vendor\\laravel\\framework\\src\\Illuminate\\Container\\Container.php(780): Illuminate\\Container\\BoundMethod::call()
#9 C:\\Users\\camar\\Bureau\\mindful-journey-ui\\back-mindful-journey-iu\\mindful-journey-back\\vendor\\laravel\\framework\\src\\Illuminate\\Foundation\\Support\\Providers\\RouteServiceProvider.php(162): Illuminate\\Container\\Container->call()
#10 C:\\Users\\camar\\Bureau\\mindful-journey-ui\\back-mindful-journey-iu\\mindful-journey-back\\vendor\\laravel\\framework\\src\\Illuminate\\Foundation\\Support\\Providers\\RouteServiceProvider.php(59): Illuminate\\Foundation\\Support\\Providers\\RouteServiceProvider->loadRoutes()
#11 C:\\Users\\camar\\Bureau\\mindful-journey-ui\\back-mindful-journey-iu\\mindful-journey-back\\vendor\\laravel\\framework\\src\\Illuminate\\Container\\BoundMethod.php(36): Illuminate\\Foundation\\Support\\Providers\\RouteServiceProvider->Illuminate\\Foundation\\Support\\Providers\\{closure}()
#12 C:\\Users\\camar\\Bureau\\mindful-journey-ui\\back-mindful-journey-iu\\mindful-journey-back\\vendor\\laravel\\framework\\src\\Illuminate\\Container\\Util.php(43): Illuminate\\Container\\BoundMethod::Illuminate\\Container\\{closure}()
#13 C:\\Users\\camar\\Bureau\\mindful-journey-ui\\back-mindful-journey-iu\\mindful-journey-back\\vendor\\laravel\\framework\\src\\Illuminate\\Container\\BoundMethod.php(84): Illuminate\\Container\\Util::unwrapIfClosure()
#14 C:\\Users\\camar\\Bureau\\mindful-journey-ui\\back-mindful-journey-iu\\mindful-journey-back\\vendor\\laravel\\framework\\src\\Illuminate\\Container\\BoundMethod.php(35): Illuminate\\Container\\BoundMethod::callBoundMethod()
#15 C:\\Users\\camar\\Bureau\\mindful-journey-ui\\back-mindful-journey-iu\\mindful-journey-back\\vendor\\laravel\\framework\\src\\Illuminate\\Container\\Container.php(780): Illuminate\\Container\\BoundMethod::call()
#16 C:\\Users\\camar\\Bureau\\mindful-journey-ui\\back-mindful-journey-iu\\mindful-journey-back\\vendor\\laravel\\framework\\src\\Illuminate\\Support\\ServiceProvider.php(143): Illuminate\\Container\\Container->call()
#17 C:\\Users\\camar\\Bureau\\mindful-journey-ui\\back-mindful-journey-iu\\mindful-journey-back\\vendor\\laravel\\framework\\src\\Illuminate\\Foundation\\Application.php(1153): Illuminate\\Support\\ServiceProvider->callBootedCallbacks()
#18 C:\\Users\\camar\\Bureau\\mindful-journey-ui\\back-mindful-journey-iu\\mindful-journey-back\\vendor\\laravel\\framework\\src\\Illuminate\\Foundation\\Application.php(1131): Illuminate\\Foundation\\Application->bootProvider()
#19 [internal function]: Illuminate\\Foundation\\Application->Illuminate\\Foundation\\{closure}()
#20 C:\\Users\\camar\\Bureau\\mindful-journey-ui\\back-mindful-journey-iu\\mindful-journey-back\\vendor\\laravel\\framework\\src\\Illuminate\\Foundation\\Application.php(1130): array_walk()
#21 C:\\Users\\camar\\Bureau\\mindful-journey-ui\\back-mindful-journey-iu\\mindful-journey-back\\vendor\\laravel\\framework\\src\\Illuminate\\Foundation\\Bootstrap\\BootProviders.php(17): Illuminate\\Foundation\\Application->boot()
#22 C:\\Users\\camar\\Bureau\\mindful-journey-ui\\back-mindful-journey-iu\\mindful-journey-back\\vendor\\laravel\\framework\\src\\Illuminate\\Foundation\\Application.php(341): Illuminate\\Foundation\\Bootstrap\\BootProviders->bootstrap()
#23 C:\\Users\\camar\\Bureau\\mindful-journey-ui\\back-mindful-journey-iu\\mindful-journey-back\\vendor\\laravel\\framework\\src\\Illuminate\\Foundation\\Console\\Kernel.php(473): Illuminate\\Foundation\\Application->bootstrapWith()
#24 C:\\Users\\camar\\Bureau\\mindful-journey-ui\\back-mindful-journey-iu\\mindful-journey-back\\vendor\\laravel\\framework\\src\\Illuminate\\Foundation\\Console\\Kernel.php(195): Illuminate\\Foundation\\Console\\Kernel->bootstrap()
#25 C:\\Users\\camar\\Bureau\\mindful-journey-ui\\back-mindful-journey-iu\\mindful-journey-back\\vendor\\laravel\\framework\\src\\Illuminate\\Foundation\\Application.php(1234): Illuminate\\Foundation\\Console\\Kernel->handle()
#26 C:\\Users\\camar\\Bureau\\mindful-journey-ui\\back-mindful-journey-iu\\mindful-journey-back\\artisan(16): Illuminate\\Foundation\\Application->handleCommand()
#27 {main}
"} 
[2025-08-14 14:37:37] local.ERROR: Vite manifest not found at: C:\Users\camar\Bureau\mindful-journey-ui\back-mindful-journey-iu\mindful-journey-back\public\build/manifest.json (View: C:\Users\camar\Bureau\mindful-journey-ui\back-mindful-journey-iu\mindful-journey-back\resources\views\app.blade.php) {"exception":"[object] (Illuminate\\View\\ViewException(code: 0): Vite manifest not found at: C:\\Users\\camar\\Bureau\\mindful-journey-ui\\back-mindful-journey-iu\\mindful-journey-back\\public\\build/manifest.json (View: C:\\Users\\camar\\Bureau\\mindful-journey-ui\\back-mindful-journey-iu\\mindful-journey-back\\resources\\views\\app.blade.php) at C:\\Users\\camar\\Bureau\\mindful-journey-ui\\back-mindful-journey-iu\\mindful-journey-back\\vendor\\laravel\\framework\\src\\Illuminate\\Foundation\\Vite.php:935)
[stacktrace]
#0 C:\\Users\\camar\\Bureau\\mindful-journey-ui\\back-mindful-journey-iu\\mindful-journey-back\\vendor\\laravel\\framework\\src\\Illuminate\\View\\Engines\\PhpEngine.php(59): Illuminate\\View\\Engines\\CompilerEngine->handleViewException()
#1 C:\\Users\\camar\\Bureau\\mindful-journey-ui\\back-mindful-journey-iu\\mindful-journey-back\\vendor\\laravel\\framework\\src\\Illuminate\\View\\Engines\\CompilerEngine.php(76): Illuminate\\View\\Engines\\PhpEngine->evaluatePath()
#2 C:\\Users\\camar\\Bureau\\mindful-journey-ui\\back-mindful-journey-iu\\mindful-journey-back\\vendor\\laravel\\framework\\src\\Illuminate\\View\\View.php(208): Illuminate\\View\\Engines\\CompilerEngine->get()
#3 C:\\Users\\camar\\Bureau\\mindful-journey-ui\\back-mindful-journey-iu\\mindful-journey-back\\vendor\\laravel\\framework\\src\\Illuminate\\View\\View.php(191): Illuminate\\View\\View->getContents()
#4 C:\\Users\\camar\\Bureau\\mindful-journey-ui\\back-mindful-journey-iu\\mindful-journey-back\\vendor\\laravel\\framework\\src\\Illuminate\\View\\View.php(160): Illuminate\\View\\View->renderContents()
#5 C:\\Users\\camar\\Bureau\\mindful-journey-ui\\back-mindful-journey-iu\\mindful-journey-back\\vendor\\laravel\\framework\\src\\Illuminate\\Http\\Response.php(78): Illuminate\\View\\View->render()
#6 C:\\Users\\camar\\Bureau\\mindful-journey-ui\\back-mindful-journey-iu\\mindful-journey-back\\vendor\\laravel\\framework\\src\\Illuminate\\Http\\Response.php(34): Illuminate\\Http\\Response->setContent()
#7 C:\\Users\\camar\\Bureau\\mindful-journey-ui\\back-mindful-journey-iu\\mindful-journey-back\\vendor\\laravel\\framework\\src\\Illuminate\\Routing\\ResponseFactory.php(61): Illuminate\\Http\\Response->__construct()
#8 C:\\Users\\camar\\Bureau\\mindful-journey-ui\\back-mindful-journey-iu\\mindful-journey-back\\vendor\\laravel\\framework\\src\\Illuminate\\Routing\\ResponseFactory.php(91): Illuminate\\Routing\\ResponseFactory->make()
#9 C:\\Users\\camar\\Bureau\\mindful-journey-ui\\back-mindful-journey-iu\\mindful-journey-back\\vendor\\laravel\\framework\\src\\Illuminate\\Support\\Facades\\Facade.php(361): Illuminate\\Routing\\ResponseFactory->view()
#10 C:\\Users\\camar\\Bureau\\mindful-journey-ui\\back-mindful-journey-iu\\mindful-journey-back\\vendor\\inertiajs\\inertia-laravel\\src\\Response.php(135): Illuminate\\Support\\Facades\\Facade::__callStatic()
#11 C:\\Users\\camar\\Bureau\\mindful-journey-ui\\back-mindful-journey-iu\\mindful-journey-back\\vendor\\laravel\\framework\\src\\Illuminate\\Routing\\Router.php(907): Inertia\\Response->toResponse()
#12 C:\\Users\\camar\\Bureau\\mindful-journey-ui\\back-mindful-journey-iu\\mindful-journey-back\\vendor\\laravel\\framework\\src\\Illuminate\\Routing\\Router.php(892): Illuminate\\Routing\\Router::toResponse()
#13 C:\\Users\\camar\\Bureau\\mindful-journey-ui\\back-mindful-journey-iu\\mindful-journey-back\\vendor\\laravel\\framework\\src\\Illuminate\\Routing\\Router.php(807): Illuminate\\Routing\\Router->prepareResponse()
#14 C:\\Users\\camar\\Bureau\\mindful-journey-ui\\back-mindful-journey-iu\\mindful-journey-back\\vendor\\laravel\\framework\\src\\Illuminate\\Pipeline\\Pipeline.php(169): Illuminate\\Routing\\Router->Illuminate\\Routing\\{closure}()
#15 C:\\Users\\camar\\Bureau\\mindful-journey-ui\\back-mindful-journey-iu\\mindful-journey-back\\vendor\\laravel\\framework\\src\\Illuminate\\Auth\\Middleware\\RedirectIfAuthenticated.php(35): Illuminate\\Pipeline\\Pipeline->Illuminate\\Pipeline\\{closure}()
#16 C:\\Users\\camar\\Bureau\\mindful-journey-ui\\back-mindful-journey-iu\\mindful-journey-back\\vendor\\laravel\\framework\\src\\Illuminate\\Pipeline\\Pipeline.php(208): Illuminate\\Auth\\Middleware\\RedirectIfAuthenticated->handle()
#17 C:\\Users\\camar\\Bureau\\mindful-journey-ui\\back-mindful-journey-iu\\mindful-journey-back\\vendor\\laravel\\framework\\src\\Illuminate\\Http\\Middleware\\AddLinkHeadersForPreloadedAssets.php(32): Illuminate\\Pipeline\\Pipeline->Illuminate\\Pipeline\\{closure}()
#18 C:\\Users\\camar\\Bureau\\mindful-journey-ui\\back-mindful-journey-iu\\mindful-journey-back\\vendor\\laravel\\framework\\src\\Illuminate\\Pipeline\\Pipeline.php(208): Illuminate\\Http\\Middleware\\AddLinkHeadersForPreloadedAssets->handle()
#19 C:\\Users\\camar\\Bureau\\mindful-journey-ui\\back-mindful-journey-iu\\mindful-journey-back\\vendor\\inertiajs\\inertia-laravel\\src\\Middleware.php(100): Illuminate\\Pipeline\\Pipeline->Illuminate\\Pipeline\\{closure}()
#20 C:\\Users\\camar\\Bureau\\mindful-journey-ui\\back-mindful-journey-iu\\mindful-journey-back\\vendor\\laravel\\framework\\src\\Illuminate\\Pipeline\\Pipeline.php(208): Inertia\\Middleware->handle()
#21 C:\\Users\\camar\\Bureau\\mindful-journey-ui\\back-mindful-journey-iu\\mindful-journey-back\\app\\Http\\Middleware\\HandleAppearance.php(21): Illuminate\\Pipeline\\Pipeline->Illuminate\\Pipeline\\{closure}()
#22 C:\\Users\\camar\\Bureau\\mindful-journey-ui\\back-mindful-journey-iu\\mindful-journey-back\\vendor\\laravel\\framework\\src\\Illuminate\\Pipeline\\Pipeline.php(208): App\\Http\\Middleware\\HandleAppearance->handle()
#23 C:\\Users\\camar\\Bureau\\mindful-journey-ui\\back-mindful-journey-iu\\mindful-journey-back\\vendor\\laravel\\framework\\src\\Illuminate\\Routing\\Middleware\\SubstituteBindings.php(50): Illuminate\\Pipeline\\Pipeline->Illuminate\\Pipeline\\{closure}()
#24 C:\\Users\\camar\\Bureau\\mindful-journey-ui\\back-mindful-journey-iu\\mindful-journey-back\\vendor\\laravel\\framework\\src\\Illuminate\\Pipeline\\Pipeline.php(208): Illuminate\\Routing\\Middleware\\SubstituteBindings->handle()
#25 C:\\Users\\camar\\Bureau\\mindful-journey-ui\\back-mindful-journey-iu\\mindful-journey-back\\vendor\\laravel\\framework\\src\\Illuminate\\Foundation\\Http\\Middleware\\VerifyCsrfToken.php(87): Illuminate\\Pipeline\\Pipeline->Illuminate\\Pipeline\\{closure}()
#26 C:\\Users\\camar\\Bureau\\mindful-journey-ui\\back-mindful-journey-iu\\mindful-journey-back\\vendor\\laravel\\framework\\src\\Illuminate\\Pipeline\\Pipeline.php(208): Illuminate\\Foundation\\Http\\Middleware\\VerifyCsrfToken->handle()
#27 C:\\Users\\camar\\Bureau\\mindful-journey-ui\\back-mindful-journey-iu\\mindful-journey-back\\vendor\\laravel\\framework\\src\\Illuminate\\View\\Middleware\\ShareErrorsFromSession.php(48): Illuminate\\Pipeline\\Pipeline->Illuminate\\Pipeline\\{closure}()
#28 C:\\Users\\camar\\Bureau\\mindful-journey-ui\\back-mindful-journey-iu\\mindful-journey-back\\vendor\\laravel\\framework\\src\\Illuminate\\Pipeline\\Pipeline.php(208): Illuminate\\View\\Middleware\\ShareErrorsFromSession->handle()
#29 C:\\Users\\camar\\Bureau\\mindful-journey-ui\\back-mindful-journey-iu\\mindful-journey-back\\vendor\\laravel\\framework\\src\\Illuminate\\Session\\Middleware\\StartSession.php(120): Illuminate\\Pipeline\\Pipeline->Illuminate\\Pipeline\\{closure}()
#30 C:\\Users\\camar\\Bureau\\mindful-journey-ui\\back-mindful-journey-iu\\mindful-journey-back\\vendor\\laravel\\framework\\src\\Illuminate\\Session\\Middleware\\StartSession.php(63): Illuminate\\Session\\Middleware\\StartSession->handleStatefulRequest()
#31 C:\\Users\\camar\\Bureau\\mindful-journey-ui\\back-mindful-journey-iu\\mindful-journey-back\\vendor\\laravel\\framework\\src\\Illuminate\\Pipeline\\Pipeline.php(208): Illuminate\\Session\\Middleware\\StartSession->handle()
#32 C:\\Users\\camar\\Bureau\\mindful-journey-ui\\back-mindful-journey-iu\\mindful-journey-back\\vendor\\laravel\\framework\\src\\Illuminate\\Cookie\\Middleware\\AddQueuedCookiesToResponse.php(36): Illuminate\\Pipeline\\Pipeline->Illuminate\\Pipeline\\{closure}()
#33 C:\\Users\\camar\\Bureau\\mindful-journey-ui\\back-mindful-journey-iu\\mindful-journey-back\\vendor\\laravel\\framework\\src\\Illuminate\\Pipeline\\Pipeline.php(208): Illuminate\\Cookie\\Middleware\\AddQueuedCookiesToResponse->handle()
#34 C:\\Users\\camar\\Bureau\\mindful-journey-ui\\back-mindful-journey-iu\\mindful-journey-back\\vendor\\laravel\\framework\\src\\Illuminate\\Cookie\\Middleware\\EncryptCookies.php(74): Illuminate\\Pipeline\\Pipeline->Illuminate\\Pipeline\\{closure}()
#35 C:\\Users\\camar\\Bureau\\mindful-journey-ui\\back-mindful-journey-iu\\mindful-journey-back\\vendor\\laravel\\framework\\src\\Illuminate\\Pipeline\\Pipeline.php(208): Illuminate\\Cookie\\Middleware\\EncryptCookies->handle()
#36 C:\\Users\\camar\\Bureau\\mindful-journey-ui\\back-mindful-journey-iu\\mindful-journey-back\\vendor\\laravel\\framework\\src\\Illuminate\\Pipeline\\Pipeline.php(126): Illuminate\\Pipeline\\Pipeline->Illuminate\\Pipeline\\{closure}()
#37 C:\\Users\\camar\\Bureau\\mindful-journey-ui\\back-mindful-journey-iu\\mindful-journey-back\\vendor\\laravel\\framework\\src\\Illuminate\\Routing\\Router.php(807): Illuminate\\Pipeline\\Pipeline->then()
#38 C:\\Users\\camar\\Bureau\\mindful-journey-ui\\back-mindful-journey-iu\\mindful-journey-back\\vendor\\laravel\\framework\\src\\Illuminate\\Routing\\Router.php(786): Illuminate\\Routing\\Router->runRouteWithinStack()
#39 C:\\Users\\camar\\Bureau\\mindful-journey-ui\\back-mindful-journey-iu\\mindful-journey-back\\vendor\\laravel\\framework\\src\\Illuminate\\Routing\\Router.php(750): Illuminate\\Routing\\Router->runRoute()
#40 C:\\Users\\camar\\Bureau\\mindful-journey-ui\\back-mindful-journey-iu\\mindful-journey-back\\vendor\\laravel\\framework\\src\\Illuminate\\Routing\\Router.php(739): Illuminate\\Routing\\Router->dispatchToRoute()
#41 C:\\Users\\camar\\Bureau\\mindful-journey-ui\\back-mindful-journey-iu\\mindful-journey-back\\vendor\\laravel\\framework\\src\\Illuminate\\Foundation\\Http\\Kernel.php(200): Illuminate\\Routing\\Router->dispatch()
#42 C:\\Users\\camar\\Bureau\\mindful-journey-ui\\back-mindful-journey-iu\\mindful-journey-back\\vendor\\laravel\\framework\\src\\Illuminate\\Pipeline\\Pipeline.php(169): Illuminate\\Foundation\\Http\\Kernel->Illuminate\\Foundation\\Http\\{closure}()
#43 C:\\Users\\camar\\Bureau\\mindful-journey-ui\\back-mindful-journey-iu\\mindful-journey-back\\vendor\\laravel\\framework\\src\\Illuminate\\Foundation\\Http\\Middleware\\TransformsRequest.php(21): Illuminate\\Pipeline\\Pipeline->Illuminate\\Pipeline\\{closure}()
#44 C:\\Users\\camar\\Bureau\\mindful-journey-ui\\back-mindful-journey-iu\\mindful-journey-back\\vendor\\laravel\\framework\\src\\Illuminate\\Foundation\\Http\\Middleware\\ConvertEmptyStringsToNull.php(31): Illuminate\\Foundation\\Http\\Middleware\\TransformsRequest->handle()
#45 C:\\Users\\camar\\Bureau\\mindful-journey-ui\\back-mindful-journey-iu\\mindful-journey-back\\vendor\\laravel\\framework\\src\\Illuminate\\Pipeline\\Pipeline.php(208): Illuminate\\Foundation\\Http\\Middleware\\ConvertEmptyStringsToNull->handle()
#46 C:\\Users\\camar\\Bureau\\mindful-journey-ui\\back-mindful-journey-iu\\mindful-journey-back\\vendor\\laravel\\framework\\src\\Illuminate\\Foundation\\Http\\Middleware\\TransformsRequest.php(21): Illuminate\\Pipeline\\Pipeline->Illuminate\\Pipeline\\{closure}()
#47 C:\\Users\\camar\\Bureau\\mindful-journey-ui\\back-mindful-journey-iu\\mindful-journey-back\\vendor\\laravel\\framework\\src\\Illuminate\\Foundation\\Http\\Middleware\\TrimStrings.php(51): Illuminate\\Foundation\\Http\\Middleware\\TransformsRequest->handle()
#48 C:\\Users\\camar\\Bureau\\mindful-journey-ui\\back-mindful-journey-iu\\mindful-journey-back\\vendor\\laravel\\framework\\src\\Illuminate\\Pipeline\\Pipeline.php(208): Illuminate\\Foundation\\Http\\Middleware\\TrimStrings->handle()
#49 C:\\Users\\camar\\Bureau\\mindful-journey-ui\\back-mindful-journey-iu\\mindful-journey-back\\vendor\\laravel\\framework\\src\\Illuminate\\Http\\Middleware\\ValidatePostSize.php(27): Illuminate\\Pipeline\\Pipeline->Illuminate\\Pipeline\\{closure}()
#50 C:\\Users\\camar\\Bureau\\mindful-journey-ui\\back-mindful-journey-iu\\mindful-journey-back\\vendor\\laravel\\framework\\src\\Illuminate\\Pipeline\\Pipeline.php(208): Illuminate\\Http\\Middleware\\ValidatePostSize->handle()
#51 C:\\Users\\camar\\Bureau\\mindful-journey-ui\\back-mindful-journey-iu\\mindful-journey-back\\vendor\\laravel\\framework\\src\\Illuminate\\Foundation\\Http\\Middleware\\PreventRequestsDuringMaintenance.php(109): Illuminate\\Pipeline\\Pipeline->Illuminate\\Pipeline\\{closure}()
#52 C:\\Users\\camar\\Bureau\\mindful-journey-ui\\back-mindful-journey-iu\\mindful-journey-back\\vendor\\laravel\\framework\\src\\Illuminate\\Pipeline\\Pipeline.php(208): Illuminate\\Foundation\\Http\\Middleware\\PreventRequestsDuringMaintenance->handle()
#53 C:\\Users\\camar\\Bureau\\mindful-journey-ui\\back-mindful-journey-iu\\mindful-journey-back\\vendor\\laravel\\framework\\src\\Illuminate\\Http\\Middleware\\HandleCors.php(48): Illuminate\\Pipeline\\Pipeline->Illuminate\\Pipeline\\{closure}()
#54 C:\\Users\\camar\\Bureau\\mindful-journey-ui\\back-mindful-journey-iu\\mindful-journey-back\\vendor\\laravel\\framework\\src\\Illuminate\\Pipeline\\Pipeline.php(208): Illuminate\\Http\\Middleware\\HandleCors->handle()
#55 C:\\Users\\camar\\Bureau\\mindful-journey-ui\\back-mindful-journey-iu\\mindful-journey-back\\vendor\\laravel\\framework\\src\\Illuminate\\Http\\Middleware\\TrustProxies.php(58): Illuminate\\Pipeline\\Pipeline->Illuminate\\Pipeline\\{closure}()
#56 C:\\Users\\camar\\Bureau\\mindful-journey-ui\\back-mindful-journey-iu\\mindful-journey-back\\vendor\\laravel\\framework\\src\\Illuminate\\Pipeline\\Pipeline.php(208): Illuminate\\Http\\Middleware\\TrustProxies->handle()
#57 C:\\Users\\camar\\Bureau\\mindful-journey-ui\\back-mindful-journey-iu\\mindful-journey-back\\vendor\\laravel\\framework\\src\\Illuminate\\Foundation\\Http\\Middleware\\InvokeDeferredCallbacks.php(22): Illuminate\\Pipeline\\Pipeline->Illuminate\\Pipeline\\{closure}()
#58 C:\\Users\\camar\\Bureau\\mindful-journey-ui\\back-mindful-journey-iu\\mindful-journey-back\\vendor\\laravel\\framework\\src\\Illuminate\\Pipeline\\Pipeline.php(208): Illuminate\\Foundation\\Http\\Middleware\\InvokeDeferredCallbacks->handle()
#59 C:\\Users\\camar\\Bureau\\mindful-journey-ui\\back-mindful-journey-iu\\mindful-journey-back\\vendor\\laravel\\framework\\src\\Illuminate\\Http\\Middleware\\ValidatePathEncoding.php(26): Illuminate\\Pipeline\\Pipeline->Illuminate\\Pipeline\\{closure}()
#60 C:\\Users\\camar\\Bureau\\mindful-journey-ui\\back-mindful-journey-iu\\mindful-journey-back\\vendor\\laravel\\framework\\src\\Illuminate\\Pipeline\\Pipeline.php(208): Illuminate\\Http\\Middleware\\ValidatePathEncoding->handle()
#61 C:\\Users\\camar\\Bureau\\mindful-journey-ui\\back-mindful-journey-iu\\mindful-journey-back\\vendor\\laravel\\framework\\src\\Illuminate\\Pipeline\\Pipeline.php(126): Illuminate\\Pipeline\\Pipeline->Illuminate\\Pipeline\\{closure}()
#62 C:\\Users\\camar\\Bureau\\mindful-journey-ui\\back-mindful-journey-iu\\mindful-journey-back\\vendor\\laravel\\framework\\src\\Illuminate\\Foundation\\Http\\Kernel.php(175): Illuminate\\Pipeline\\Pipeline->then()
#63 C:\\Users\\camar\\Bureau\\mindful-journey-ui\\back-mindful-journey-iu\\mindful-journey-back\\vendor\\laravel\\framework\\src\\Illuminate\\Foundation\\Http\\Kernel.php(144): Illuminate\\Foundation\\Http\\Kernel->sendRequestThroughRouter()
#64 C:\\Users\\camar\\Bureau\\mindful-journey-ui\\back-mindful-journey-iu\\mindful-journey-back\\vendor\\laravel\\framework\\src\\Illuminate\\Foundation\\Application.php(1219): Illuminate\\Foundation\\Http\\Kernel->handle()
#65 C:\\Users\\camar\\Bureau\\mindful-journey-ui\\back-mindful-journey-iu\\mindful-journey-back\\public\\index.php(20): Illuminate\\Foundation\\Application->handleRequest()
#66 C:\\Users\\camar\\Bureau\\mindful-journey-ui\\back-mindful-journey-iu\\mindful-journey-back\\vendor\\laravel\\framework\\src\\Illuminate\\Foundation\\resources\\server.php(23): require_once('...')
#67 {main}

[previous exception] [object] (Illuminate\\Foundation\\ViteManifestNotFoundException(code: 0): Vite manifest not found at: C:\\Users\\camar\\Bureau\\mindful-journey-ui\\back-mindful-journey-iu\\mindful-journey-back\\public\\build/manifest.json at C:\\Users\\camar\\Bureau\\mindful-journey-ui\\back-mindful-journey-iu\\mindful-journey-back\\vendor\\laravel\\framework\\src\\Illuminate\\Foundation\\Vite.php:935)
[stacktrace]
#0 C:\\Users\\camar\\Bureau\\mindful-journey-ui\\back-mindful-journey-iu\\mindful-journey-back\\vendor\\laravel\\framework\\src\\Illuminate\\Foundation\\Vite.php(384): Illuminate\\Foundation\\Vite->manifest()
#1 C:\\Users\\camar\\Bureau\\mindful-journey-ui\\back-mindful-journey-iu\\mindful-journey-back\\storage\\framework\\views\\aaeaa50ddce0c97df925cc85c14d4cec.php(44): Illuminate\\Foundation\\Vite->__invoke()
#2 C:\\Users\\camar\\Bureau\\mindful-journey-ui\\back-mindful-journey-iu\\mindful-journey-back\\vendor\\laravel\\framework\\src\\Illuminate\\Filesystem\\Filesystem.php(123): require('...')
#3 C:\\Users\\camar\\Bureau\\mindful-journey-ui\\back-mindful-journey-iu\\mindful-journey-back\\vendor\\laravel\\framework\\src\\Illuminate\\Filesystem\\Filesystem.php(124): Illuminate\\Filesystem\\Filesystem::Illuminate\\Filesystem\\{closure}()
#4 C:\\Users\\camar\\Bureau\\mindful-journey-ui\\back-mindful-journey-iu\\mindful-journey-back\\vendor\\laravel\\framework\\src\\Illuminate\\View\\Engines\\PhpEngine.php(57): Illuminate\\Filesystem\\Filesystem->getRequire()
#5 C:\\Users\\camar\\Bureau\\mindful-journey-ui\\back-mindful-journey-iu\\mindful-journey-back\\vendor\\laravel\\framework\\src\\Illuminate\\View\\Engines\\CompilerEngine.php(76): Illuminate\\View\\Engines\\PhpEngine->evaluatePath()
#6 C:\\Users\\camar\\Bureau\\mindful-journey-ui\\back-mindful-journey-iu\\mindful-journey-back\\vendor\\laravel\\framework\\src\\Illuminate\\View\\View.php(208): Illuminate\\View\\Engines\\CompilerEngine->get()
#7 C:\\Users\\camar\\Bureau\\mindful-journey-ui\\back-mindful-journey-iu\\mindful-journey-back\\vendor\\laravel\\framework\\src\\Illuminate\\View\\View.php(191): Illuminate\\View\\View->getContents()
#8 C:\\Users\\camar\\Bureau\\mindful-journey-ui\\back-mindful-journey-iu\\mindful-journey-back\\vendor\\laravel\\framework\\src\\Illuminate\\View\\View.php(160): Illuminate\\View\\View->renderContents()
#9 C:\\Users\\camar\\Bureau\\mindful-journey-ui\\back-mindful-journey-iu\\mindful-journey-back\\vendor\\laravel\\framework\\src\\Illuminate\\Http\\Response.php(78): Illuminate\\View\\View->render()
#10 C:\\Users\\camar\\Bureau\\mindful-journey-ui\\back-mindful-journey-iu\\mindful-journey-back\\vendor\\laravel\\framework\\src\\Illuminate\\Http\\Response.php(34): Illuminate\\Http\\Response->setContent()
#11 C:\\Users\\camar\\Bureau\\mindful-journey-ui\\back-mindful-journey-iu\\mindful-journey-back\\vendor\\laravel\\framework\\src\\Illuminate\\Routing\\ResponseFactory.php(61): Illuminate\\Http\\Response->__construct()
#12 C:\\Users\\camar\\Bureau\\mindful-journey-ui\\back-mindful-journey-iu\\mindful-journey-back\\vendor\\laravel\\framework\\src\\Illuminate\\Routing\\ResponseFactory.php(91): Illuminate\\Routing\\ResponseFactory->make()
#13 C:\\Users\\camar\\Bureau\\mindful-journey-ui\\back-mindful-journey-iu\\mindful-journey-back\\vendor\\laravel\\framework\\src\\Illuminate\\Support\\Facades\\Facade.php(361): Illuminate\\Routing\\ResponseFactory->view()
#14 C:\\Users\\camar\\Bureau\\mindful-journey-ui\\back-mindful-journey-iu\\mindful-journey-back\\vendor\\inertiajs\\inertia-laravel\\src\\Response.php(135): Illuminate\\Support\\Facades\\Facade::__callStatic()
#15 C:\\Users\\camar\\Bureau\\mindful-journey-ui\\back-mindful-journey-iu\\mindful-journey-back\\vendor\\laravel\\framework\\src\\Illuminate\\Routing\\Router.php(907): Inertia\\Response->toResponse()
#16 C:\\Users\\camar\\Bureau\\mindful-journey-ui\\back-mindful-journey-iu\\mindful-journey-back\\vendor\\laravel\\framework\\src\\Illuminate\\Routing\\Router.php(892): Illuminate\\Routing\\Router::toResponse()
#17 C:\\Users\\camar\\Bureau\\mindful-journey-ui\\back-mindful-journey-iu\\mindful-journey-back\\vendor\\laravel\\framework\\src\\Illuminate\\Routing\\Router.php(807): Illuminate\\Routing\\Router->prepareResponse()
#18 C:\\Users\\camar\\Bureau\\mindful-journey-ui\\back-mindful-journey-iu\\mindful-journey-back\\vendor\\laravel\\framework\\src\\Illuminate\\Pipeline\\Pipeline.php(169): Illuminate\\Routing\\Router->Illuminate\\Routing\\{closure}()
#19 C:\\Users\\camar\\Bureau\\mindful-journey-ui\\back-mindful-journey-iu\\mindful-journey-back\\vendor\\laravel\\framework\\src\\Illuminate\\Auth\\Middleware\\RedirectIfAuthenticated.php(35): Illuminate\\Pipeline\\Pipeline->Illuminate\\Pipeline\\{closure}()
#20 C:\\Users\\camar\\Bureau\\mindful-journey-ui\\back-mindful-journey-iu\\mindful-journey-back\\vendor\\laravel\\framework\\src\\Illuminate\\Pipeline\\Pipeline.php(208): Illuminate\\Auth\\Middleware\\RedirectIfAuthenticated->handle()
#21 C:\\Users\\camar\\Bureau\\mindful-journey-ui\\back-mindful-journey-iu\\mindful-journey-back\\vendor\\laravel\\framework\\src\\Illuminate\\Http\\Middleware\\AddLinkHeadersForPreloadedAssets.php(32): Illuminate\\Pipeline\\Pipeline->Illuminate\\Pipeline\\{closure}()
#22 C:\\Users\\camar\\Bureau\\mindful-journey-ui\\back-mindful-journey-iu\\mindful-journey-back\\vendor\\laravel\\framework\\src\\Illuminate\\Pipeline\\Pipeline.php(208): Illuminate\\Http\\Middleware\\AddLinkHeadersForPreloadedAssets->handle()
#23 C:\\Users\\camar\\Bureau\\mindful-journey-ui\\back-mindful-journey-iu\\mindful-journey-back\\vendor\\inertiajs\\inertia-laravel\\src\\Middleware.php(100): Illuminate\\Pipeline\\Pipeline->Illuminate\\Pipeline\\{closure}()
#24 C:\\Users\\camar\\Bureau\\mindful-journey-ui\\back-mindful-journey-iu\\mindful-journey-back\\vendor\\laravel\\framework\\src\\Illuminate\\Pipeline\\Pipeline.php(208): Inertia\\Middleware->handle()
#25 C:\\Users\\camar\\Bureau\\mindful-journey-ui\\back-mindful-journey-iu\\mindful-journey-back\\app\\Http\\Middleware\\HandleAppearance.php(21): Illuminate\\Pipeline\\Pipeline->Illuminate\\Pipeline\\{closure}()
#26 C:\\Users\\camar\\Bureau\\mindful-journey-ui\\back-mindful-journey-iu\\mindful-journey-back\\vendor\\laravel\\framework\\src\\Illuminate\\Pipeline\\Pipeline.php(208): App\\Http\\Middleware\\HandleAppearance->handle()
#27 C:\\Users\\camar\\Bureau\\mindful-journey-ui\\back-mindful-journey-iu\\mindful-journey-back\\vendor\\laravel\\framework\\src\\Illuminate\\Routing\\Middleware\\SubstituteBindings.php(50): Illuminate\\Pipeline\\Pipeline->Illuminate\\Pipeline\\{closure}()
#28 C:\\Users\\camar\\Bureau\\mindful-journey-ui\\back-mindful-journey-iu\\mindful-journey-back\\vendor\\laravel\\framework\\src\\Illuminate\\Pipeline\\Pipeline.php(208): Illuminate\\Routing\\Middleware\\SubstituteBindings->handle()
#29 C:\\Users\\camar\\Bureau\\mindful-journey-ui\\back-mindful-journey-iu\\mindful-journey-back\\vendor\\laravel\\framework\\src\\Illuminate\\Foundation\\Http\\Middleware\\VerifyCsrfToken.php(87): Illuminate\\Pipeline\\Pipeline->Illuminate\\Pipeline\\{closure}()
#30 C:\\Users\\camar\\Bureau\\mindful-journey-ui\\back-mindful-journey-iu\\mindful-journey-back\\vendor\\laravel\\framework\\src\\Illuminate\\Pipeline\\Pipeline.php(208): Illuminate\\Foundation\\Http\\Middleware\\VerifyCsrfToken->handle()
#31 C:\\Users\\camar\\Bureau\\mindful-journey-ui\\back-mindful-journey-iu\\mindful-journey-back\\vendor\\laravel\\framework\\src\\Illuminate\\View\\Middleware\\ShareErrorsFromSession.php(48): Illuminate\\Pipeline\\Pipeline->Illuminate\\Pipeline\\{closure}()
#32 C:\\Users\\camar\\Bureau\\mindful-journey-ui\\back-mindful-journey-iu\\mindful-journey-back\\vendor\\laravel\\framework\\src\\Illuminate\\Pipeline\\Pipeline.php(208): Illuminate\\View\\Middleware\\ShareErrorsFromSession->handle()
#33 C:\\Users\\camar\\Bureau\\mindful-journey-ui\\back-mindful-journey-iu\\mindful-journey-back\\vendor\\laravel\\framework\\src\\Illuminate\\Session\\Middleware\\StartSession.php(120): Illuminate\\Pipeline\\Pipeline->Illuminate\\Pipeline\\{closure}()
#34 C:\\Users\\camar\\Bureau\\mindful-journey-ui\\back-mindful-journey-iu\\mindful-journey-back\\vendor\\laravel\\framework\\src\\Illuminate\\Session\\Middleware\\StartSession.php(63): Illuminate\\Session\\Middleware\\StartSession->handleStatefulRequest()
#35 C:\\Users\\camar\\Bureau\\mindful-journey-ui\\back-mindful-journey-iu\\mindful-journey-back\\vendor\\laravel\\framework\\src\\Illuminate\\Pipeline\\Pipeline.php(208): Illuminate\\Session\\Middleware\\StartSession->handle()
#36 C:\\Users\\camar\\Bureau\\mindful-journey-ui\\back-mindful-journey-iu\\mindful-journey-back\\vendor\\laravel\\framework\\src\\Illuminate\\Cookie\\Middleware\\AddQueuedCookiesToResponse.php(36): Illuminate\\Pipeline\\Pipeline->Illuminate\\Pipeline\\{closure}()
#37 C:\\Users\\camar\\Bureau\\mindful-journey-ui\\back-mindful-journey-iu\\mindful-journey-back\\vendor\\laravel\\framework\\src\\Illuminate\\Pipeline\\Pipeline.php(208): Illuminate\\Cookie\\Middleware\\AddQueuedCookiesToResponse->handle()
#38 C:\\Users\\camar\\Bureau\\mindful-journey-ui\\back-mindful-journey-iu\\mindful-journey-back\\vendor\\laravel\\framework\\src\\Illuminate\\Cookie\\Middleware\\EncryptCookies.php(74): Illuminate\\Pipeline\\Pipeline->Illuminate\\Pipeline\\{closure}()
#39 C:\\Users\\camar\\Bureau\\mindful-journey-ui\\back-mindful-journey-iu\\mindful-journey-back\\vendor\\laravel\\framework\\src\\Illuminate\\Pipeline\\Pipeline.php(208): Illuminate\\Cookie\\Middleware\\EncryptCookies->handle()
#40 C:\\Users\\camar\\Bureau\\mindful-journey-ui\\back-mindful-journey-iu\\mindful-journey-back\\vendor\\laravel\\framework\\src\\Illuminate\\Pipeline\\Pipeline.php(126): Illuminate\\Pipeline\\Pipeline->Illuminate\\Pipeline\\{closure}()
#41 C:\\Users\\camar\\Bureau\\mindful-journey-ui\\back-mindful-journey-iu\\mindful-journey-back\\vendor\\laravel\\framework\\src\\Illuminate\\Routing\\Router.php(807): Illuminate\\Pipeline\\Pipeline->then()
#42 C:\\Users\\camar\\Bureau\\mindful-journey-ui\\back-mindful-journey-iu\\mindful-journey-back\\vendor\\laravel\\framework\\src\\Illuminate\\Routing\\Router.php(786): Illuminate\\Routing\\Router->runRouteWithinStack()
#43 C:\\Users\\camar\\Bureau\\mindful-journey-ui\\back-mindful-journey-iu\\mindful-journey-back\\vendor\\laravel\\framework\\src\\Illuminate\\Routing\\Router.php(750): Illuminate\\Routing\\Router->runRoute()
#44 C:\\Users\\camar\\Bureau\\mindful-journey-ui\\back-mindful-journey-iu\\mindful-journey-back\\vendor\\laravel\\framework\\src\\Illuminate\\Routing\\Router.php(739): Illuminate\\Routing\\Router->dispatchToRoute()
#45 C:\\Users\\camar\\Bureau\\mindful-journey-ui\\back-mindful-journey-iu\\mindful-journey-back\\vendor\\laravel\\framework\\src\\Illuminate\\Foundation\\Http\\Kernel.php(200): Illuminate\\Routing\\Router->dispatch()
#46 C:\\Users\\camar\\Bureau\\mindful-journey-ui\\back-mindful-journey-iu\\mindful-journey-back\\vendor\\laravel\\framework\\src\\Illuminate\\Pipeline\\Pipeline.php(169): Illuminate\\Foundation\\Http\\Kernel->Illuminate\\Foundation\\Http\\{closure}()
#47 C:\\Users\\camar\\Bureau\\mindful-journey-ui\\back-mindful-journey-iu\\mindful-journey-back\\vendor\\laravel\\framework\\src\\Illuminate\\Foundation\\Http\\Middleware\\TransformsRequest.php(21): Illuminate\\Pipeline\\Pipeline->Illuminate\\Pipeline\\{closure}()
#48 C:\\Users\\camar\\Bureau\\mindful-journey-ui\\back-mindful-journey-iu\\mindful-journey-back\\vendor\\laravel\\framework\\src\\Illuminate\\Foundation\\Http\\Middleware\\ConvertEmptyStringsToNull.php(31): Illuminate\\Foundation\\Http\\Middleware\\TransformsRequest->handle()
#49 C:\\Users\\camar\\Bureau\\mindful-journey-ui\\back-mindful-journey-iu\\mindful-journey-back\\vendor\\laravel\\framework\\src\\Illuminate\\Pipeline\\Pipeline.php(208): Illuminate\\Foundation\\Http\\Middleware\\ConvertEmptyStringsToNull->handle()
#50 C:\\Users\\camar\\Bureau\\mindful-journey-ui\\back-mindful-journey-iu\\mindful-journey-back\\vendor\\laravel\\framework\\src\\Illuminate\\Foundation\\Http\\Middleware\\TransformsRequest.php(21): Illuminate\\Pipeline\\Pipeline->Illuminate\\Pipeline\\{closure}()
#51 C:\\Users\\camar\\Bureau\\mindful-journey-ui\\back-mindful-journey-iu\\mindful-journey-back\\vendor\\laravel\\framework\\src\\Illuminate\\Foundation\\Http\\Middleware\\TrimStrings.php(51): Illuminate\\Foundation\\Http\\Middleware\\TransformsRequest->handle()
#52 C:\\Users\\camar\\Bureau\\mindful-journey-ui\\back-mindful-journey-iu\\mindful-journey-back\\vendor\\laravel\\framework\\src\\Illuminate\\Pipeline\\Pipeline.php(208): Illuminate\\Foundation\\Http\\Middleware\\TrimStrings->handle()
#53 C:\\Users\\camar\\Bureau\\mindful-journey-ui\\back-mindful-journey-iu\\mindful-journey-back\\vendor\\laravel\\framework\\src\\Illuminate\\Http\\Middleware\\ValidatePostSize.php(27): Illuminate\\Pipeline\\Pipeline->Illuminate\\Pipeline\\{closure}()
#54 C:\\Users\\camar\\Bureau\\mindful-journey-ui\\back-mindful-journey-iu\\mindful-journey-back\\vendor\\laravel\\framework\\src\\Illuminate\\Pipeline\\Pipeline.php(208): Illuminate\\Http\\Middleware\\ValidatePostSize->handle()
#55 C:\\Users\\camar\\Bureau\\mindful-journey-ui\\back-mindful-journey-iu\\mindful-journey-back\\vendor\\laravel\\framework\\src\\Illuminate\\Foundation\\Http\\Middleware\\PreventRequestsDuringMaintenance.php(109): Illuminate\\Pipeline\\Pipeline->Illuminate\\Pipeline\\{closure}()
#56 C:\\Users\\camar\\Bureau\\mindful-journey-ui\\back-mindful-journey-iu\\mindful-journey-back\\vendor\\laravel\\framework\\src\\Illuminate\\Pipeline\\Pipeline.php(208): Illuminate\\Foundation\\Http\\Middleware\\PreventRequestsDuringMaintenance->handle()
#57 C:\\Users\\camar\\Bureau\\mindful-journey-ui\\back-mindful-journey-iu\\mindful-journey-back\\vendor\\laravel\\framework\\src\\Illuminate\\Http\\Middleware\\HandleCors.php(48): Illuminate\\Pipeline\\Pipeline->Illuminate\\Pipeline\\{closure}()
#58 C:\\Users\\camar\\Bureau\\mindful-journey-ui\\back-mindful-journey-iu\\mindful-journey-back\\vendor\\laravel\\framework\\src\\Illuminate\\Pipeline\\Pipeline.php(208): Illuminate\\Http\\Middleware\\HandleCors->handle()
#59 C:\\Users\\camar\\Bureau\\mindful-journey-ui\\back-mindful-journey-iu\\mindful-journey-back\\vendor\\laravel\\framework\\src\\Illuminate\\Http\\Middleware\\TrustProxies.php(58): Illuminate\\Pipeline\\Pipeline->Illuminate\\Pipeline\\{closure}()
#60 C:\\Users\\camar\\Bureau\\mindful-journey-ui\\back-mindful-journey-iu\\mindful-journey-back\\vendor\\laravel\\framework\\src\\Illuminate\\Pipeline\\Pipeline.php(208): Illuminate\\Http\\Middleware\\TrustProxies->handle()
#61 C:\\Users\\camar\\Bureau\\mindful-journey-ui\\back-mindful-journey-iu\\mindful-journey-back\\vendor\\laravel\\framework\\src\\Illuminate\\Foundation\\Http\\Middleware\\InvokeDeferredCallbacks.php(22): Illuminate\\Pipeline\\Pipeline->Illuminate\\Pipeline\\{closure}()
#62 C:\\Users\\camar\\Bureau\\mindful-journey-ui\\back-mindful-journey-iu\\mindful-journey-back\\vendor\\laravel\\framework\\src\\Illuminate\\Pipeline\\Pipeline.php(208): Illuminate\\Foundation\\Http\\Middleware\\InvokeDeferredCallbacks->handle()
#63 C:\\Users\\camar\\Bureau\\mindful-journey-ui\\back-mindful-journey-iu\\mindful-journey-back\\vendor\\laravel\\framework\\src\\Illuminate\\Http\\Middleware\\ValidatePathEncoding.php(26): Illuminate\\Pipeline\\Pipeline->Illuminate\\Pipeline\\{closure}()
#64 C:\\Users\\camar\\Bureau\\mindful-journey-ui\\back-mindful-journey-iu\\mindful-journey-back\\vendor\\laravel\\framework\\src\\Illuminate\\Pipeline\\Pipeline.php(208): Illuminate\\Http\\Middleware\\ValidatePathEncoding->handle()
#65 C:\\Users\\camar\\Bureau\\mindful-journey-ui\\back-mindful-journey-iu\\mindful-journey-back\\vendor\\laravel\\framework\\src\\Illuminate\\Pipeline\\Pipeline.php(126): Illuminate\\Pipeline\\Pipeline->Illuminate\\Pipeline\\{closure}()
#66 C:\\Users\\camar\\Bureau\\mindful-journey-ui\\back-mindful-journey-iu\\mindful-journey-back\\vendor\\laravel\\framework\\src\\Illuminate\\Foundation\\Http\\Kernel.php(175): Illuminate\\Pipeline\\Pipeline->then()
#67 C:\\Users\\camar\\Bureau\\mindful-journey-ui\\back-mindful-journey-iu\\mindful-journey-back\\vendor\\laravel\\framework\\src\\Illuminate\\Foundation\\Http\\Kernel.php(144): Illuminate\\Foundation\\Http\\Kernel->sendRequestThroughRouter()
#68 C:\\Users\\camar\\Bureau\\mindful-journey-ui\\back-mindful-journey-iu\\mindful-journey-back\\vendor\\laravel\\framework\\src\\Illuminate\\Foundation\\Application.php(1219): Illuminate\\Foundation\\Http\\Kernel->handle()
#69 C:\\Users\\camar\\Bureau\\mindful-journey-ui\\back-mindful-journey-iu\\mindful-journey-back\\public\\index.php(20): Illuminate\\Foundation\\Application->handleRequest()
#70 C:\\Users\\camar\\Bureau\\mindful-journey-ui\\back-mindful-journey-iu\\mindful-journey-back\\vendor\\laravel\\framework\\src\\Illuminate\\Foundation\\resources\\server.php(23): require_once('...')
#71 {main}
"} 
[2025-08-14 14:40:06] local.ERROR: Vite manifest not found at: C:\Users\camar\Bureau\mindful-journey-ui\back-mindful-journey-iu\mindful-journey-back\public\build/manifest.json (View: C:\Users\camar\Bureau\mindful-journey-ui\back-mindful-journey-iu\mindful-journey-back\resources\views\app.blade.php) {"exception":"[object] (Illuminate\\View\\ViewException(code: 0): Vite manifest not found at: C:\\Users\\camar\\Bureau\\mindful-journey-ui\\back-mindful-journey-iu\\mindful-journey-back\\public\\build/manifest.json (View: C:\\Users\\camar\\Bureau\\mindful-journey-ui\\back-mindful-journey-iu\\mindful-journey-back\\resources\\views\\app.blade.php) at C:\\Users\\camar\\Bureau\\mindful-journey-ui\\back-mindful-journey-iu\\mindful-journey-back\\vendor\\laravel\\framework\\src\\Illuminate\\Foundation\\Vite.php:935)
[stacktrace]
#0 C:\\Users\\camar\\Bureau\\mindful-journey-ui\\back-mindful-journey-iu\\mindful-journey-back\\vendor\\laravel\\framework\\src\\Illuminate\\View\\Engines\\PhpEngine.php(59): Illuminate\\View\\Engines\\CompilerEngine->handleViewException()
#1 C:\\Users\\camar\\Bureau\\mindful-journey-ui\\back-mindful-journey-iu\\mindful-journey-back\\vendor\\laravel\\framework\\src\\Illuminate\\View\\Engines\\CompilerEngine.php(76): Illuminate\\View\\Engines\\PhpEngine->evaluatePath()
#2 C:\\Users\\camar\\Bureau\\mindful-journey-ui\\back-mindful-journey-iu\\mindful-journey-back\\vendor\\laravel\\framework\\src\\Illuminate\\View\\View.php(208): Illuminate\\View\\Engines\\CompilerEngine->get()
#3 C:\\Users\\camar\\Bureau\\mindful-journey-ui\\back-mindful-journey-iu\\mindful-journey-back\\vendor\\laravel\\framework\\src\\Illuminate\\View\\View.php(191): Illuminate\\View\\View->getContents()
#4 C:\\Users\\camar\\Bureau\\mindful-journey-ui\\back-mindful-journey-iu\\mindful-journey-back\\vendor\\laravel\\framework\\src\\Illuminate\\View\\View.php(160): Illuminate\\View\\View->renderContents()
#5 C:\\Users\\camar\\Bureau\\mindful-journey-ui\\back-mindful-journey-iu\\mindful-journey-back\\vendor\\laravel\\framework\\src\\Illuminate\\Http\\Response.php(78): Illuminate\\View\\View->render()
#6 C:\\Users\\camar\\Bureau\\mindful-journey-ui\\back-mindful-journey-iu\\mindful-journey-back\\vendor\\laravel\\framework\\src\\Illuminate\\Http\\Response.php(34): Illuminate\\Http\\Response->setContent()
#7 C:\\Users\\camar\\Bureau\\mindful-journey-ui\\back-mindful-journey-iu\\mindful-journey-back\\vendor\\laravel\\framework\\src\\Illuminate\\Routing\\ResponseFactory.php(61): Illuminate\\Http\\Response->__construct()
#8 C:\\Users\\camar\\Bureau\\mindful-journey-ui\\back-mindful-journey-iu\\mindful-journey-back\\vendor\\laravel\\framework\\src\\Illuminate\\Routing\\ResponseFactory.php(91): Illuminate\\Routing\\ResponseFactory->make()
#9 C:\\Users\\camar\\Bureau\\mindful-journey-ui\\back-mindful-journey-iu\\mindful-journey-back\\vendor\\laravel\\framework\\src\\Illuminate\\Support\\Facades\\Facade.php(361): Illuminate\\Routing\\ResponseFactory->view()
#10 C:\\Users\\camar\\Bureau\\mindful-journey-ui\\back-mindful-journey-iu\\mindful-journey-back\\vendor\\inertiajs\\inertia-laravel\\src\\Response.php(135): Illuminate\\Support\\Facades\\Facade::__callStatic()
#11 C:\\Users\\camar\\Bureau\\mindful-journey-ui\\back-mindful-journey-iu\\mindful-journey-back\\vendor\\laravel\\framework\\src\\Illuminate\\Routing\\Router.php(907): Inertia\\Response->toResponse()
#12 C:\\Users\\camar\\Bureau\\mindful-journey-ui\\back-mindful-journey-iu\\mindful-journey-back\\vendor\\laravel\\framework\\src\\Illuminate\\Routing\\Router.php(892): Illuminate\\Routing\\Router::toResponse()
#13 C:\\Users\\camar\\Bureau\\mindful-journey-ui\\back-mindful-journey-iu\\mindful-journey-back\\vendor\\laravel\\framework\\src\\Illuminate\\Routing\\Router.php(807): Illuminate\\Routing\\Router->prepareResponse()
#14 C:\\Users\\camar\\Bureau\\mindful-journey-ui\\back-mindful-journey-iu\\mindful-journey-back\\vendor\\laravel\\framework\\src\\Illuminate\\Pipeline\\Pipeline.php(169): Illuminate\\Routing\\Router->Illuminate\\Routing\\{closure}()
#15 C:\\Users\\camar\\Bureau\\mindful-journey-ui\\back-mindful-journey-iu\\mindful-journey-back\\vendor\\laravel\\framework\\src\\Illuminate\\Auth\\Middleware\\RedirectIfAuthenticated.php(35): Illuminate\\Pipeline\\Pipeline->Illuminate\\Pipeline\\{closure}()
#16 C:\\Users\\camar\\Bureau\\mindful-journey-ui\\back-mindful-journey-iu\\mindful-journey-back\\vendor\\laravel\\framework\\src\\Illuminate\\Pipeline\\Pipeline.php(208): Illuminate\\Auth\\Middleware\\RedirectIfAuthenticated->handle()
#17 C:\\Users\\camar\\Bureau\\mindful-journey-ui\\back-mindful-journey-iu\\mindful-journey-back\\vendor\\laravel\\framework\\src\\Illuminate\\Http\\Middleware\\AddLinkHeadersForPreloadedAssets.php(32): Illuminate\\Pipeline\\Pipeline->Illuminate\\Pipeline\\{closure}()
#18 C:\\Users\\camar\\Bureau\\mindful-journey-ui\\back-mindful-journey-iu\\mindful-journey-back\\vendor\\laravel\\framework\\src\\Illuminate\\Pipeline\\Pipeline.php(208): Illuminate\\Http\\Middleware\\AddLinkHeadersForPreloadedAssets->handle()
#19 C:\\Users\\camar\\Bureau\\mindful-journey-ui\\back-mindful-journey-iu\\mindful-journey-back\\vendor\\inertiajs\\inertia-laravel\\src\\Middleware.php(100): Illuminate\\Pipeline\\Pipeline->Illuminate\\Pipeline\\{closure}()
#20 C:\\Users\\camar\\Bureau\\mindful-journey-ui\\back-mindful-journey-iu\\mindful-journey-back\\vendor\\laravel\\framework\\src\\Illuminate\\Pipeline\\Pipeline.php(208): Inertia\\Middleware->handle()
#21 C:\\Users\\camar\\Bureau\\mindful-journey-ui\\back-mindful-journey-iu\\mindful-journey-back\\app\\Http\\Middleware\\HandleAppearance.php(21): Illuminate\\Pipeline\\Pipeline->Illuminate\\Pipeline\\{closure}()
#22 C:\\Users\\camar\\Bureau\\mindful-journey-ui\\back-mindful-journey-iu\\mindful-journey-back\\vendor\\laravel\\framework\\src\\Illuminate\\Pipeline\\Pipeline.php(208): App\\Http\\Middleware\\HandleAppearance->handle()
#23 C:\\Users\\camar\\Bureau\\mindful-journey-ui\\back-mindful-journey-iu\\mindful-journey-back\\vendor\\laravel\\framework\\src\\Illuminate\\Routing\\Middleware\\SubstituteBindings.php(50): Illuminate\\Pipeline\\Pipeline->Illuminate\\Pipeline\\{closure}()
#24 C:\\Users\\camar\\Bureau\\mindful-journey-ui\\back-mindful-journey-iu\\mindful-journey-back\\vendor\\laravel\\framework\\src\\Illuminate\\Pipeline\\Pipeline.php(208): Illuminate\\Routing\\Middleware\\SubstituteBindings->handle()
#25 C:\\Users\\camar\\Bureau\\mindful-journey-ui\\back-mindful-journey-iu\\mindful-journey-back\\vendor\\laravel\\framework\\src\\Illuminate\\Foundation\\Http\\Middleware\\VerifyCsrfToken.php(87): Illuminate\\Pipeline\\Pipeline->Illuminate\\Pipeline\\{closure}()
#26 C:\\Users\\camar\\Bureau\\mindful-journey-ui\\back-mindful-journey-iu\\mindful-journey-back\\vendor\\laravel\\framework\\src\\Illuminate\\Pipeline\\Pipeline.php(208): Illuminate\\Foundation\\Http\\Middleware\\VerifyCsrfToken->handle()
#27 C:\\Users\\camar\\Bureau\\mindful-journey-ui\\back-mindful-journey-iu\\mindful-journey-back\\vendor\\laravel\\framework\\src\\Illuminate\\View\\Middleware\\ShareErrorsFromSession.php(48): Illuminate\\Pipeline\\Pipeline->Illuminate\\Pipeline\\{closure}()
#28 C:\\Users\\camar\\Bureau\\mindful-journey-ui\\back-mindful-journey-iu\\mindful-journey-back\\vendor\\laravel\\framework\\src\\Illuminate\\Pipeline\\Pipeline.php(208): Illuminate\\View\\Middleware\\ShareErrorsFromSession->handle()
#29 C:\\Users\\camar\\Bureau\\mindful-journey-ui\\back-mindful-journey-iu\\mindful-journey-back\\vendor\\laravel\\framework\\src\\Illuminate\\Session\\Middleware\\StartSession.php(120): Illuminate\\Pipeline\\Pipeline->Illuminate\\Pipeline\\{closure}()
#30 C:\\Users\\camar\\Bureau\\mindful-journey-ui\\back-mindful-journey-iu\\mindful-journey-back\\vendor\\laravel\\framework\\src\\Illuminate\\Session\\Middleware\\StartSession.php(63): Illuminate\\Session\\Middleware\\StartSession->handleStatefulRequest()
#31 C:\\Users\\camar\\Bureau\\mindful-journey-ui\\back-mindful-journey-iu\\mindful-journey-back\\vendor\\laravel\\framework\\src\\Illuminate\\Pipeline\\Pipeline.php(208): Illuminate\\Session\\Middleware\\StartSession->handle()
#32 C:\\Users\\camar\\Bureau\\mindful-journey-ui\\back-mindful-journey-iu\\mindful-journey-back\\vendor\\laravel\\framework\\src\\Illuminate\\Cookie\\Middleware\\AddQueuedCookiesToResponse.php(36): Illuminate\\Pipeline\\Pipeline->Illuminate\\Pipeline\\{closure}()
#33 C:\\Users\\camar\\Bureau\\mindful-journey-ui\\back-mindful-journey-iu\\mindful-journey-back\\vendor\\laravel\\framework\\src\\Illuminate\\Pipeline\\Pipeline.php(208): Illuminate\\Cookie\\Middleware\\AddQueuedCookiesToResponse->handle()
#34 C:\\Users\\camar\\Bureau\\mindful-journey-ui\\back-mindful-journey-iu\\mindful-journey-back\\vendor\\laravel\\framework\\src\\Illuminate\\Cookie\\Middleware\\EncryptCookies.php(74): Illuminate\\Pipeline\\Pipeline->Illuminate\\Pipeline\\{closure}()
#35 C:\\Users\\camar\\Bureau\\mindful-journey-ui\\back-mindful-journey-iu\\mindful-journey-back\\vendor\\laravel\\framework\\src\\Illuminate\\Pipeline\\Pipeline.php(208): Illuminate\\Cookie\\Middleware\\EncryptCookies->handle()
#36 C:\\Users\\camar\\Bureau\\mindful-journey-ui\\back-mindful-journey-iu\\mindful-journey-back\\vendor\\laravel\\framework\\src\\Illuminate\\Pipeline\\Pipeline.php(126): Illuminate\\Pipeline\\Pipeline->Illuminate\\Pipeline\\{closure}()
#37 C:\\Users\\camar\\Bureau\\mindful-journey-ui\\back-mindful-journey-iu\\mindful-journey-back\\vendor\\laravel\\framework\\src\\Illuminate\\Routing\\Router.php(807): Illuminate\\Pipeline\\Pipeline->then()
#38 C:\\Users\\camar\\Bureau\\mindful-journey-ui\\back-mindful-journey-iu\\mindful-journey-back\\vendor\\laravel\\framework\\src\\Illuminate\\Routing\\Router.php(786): Illuminate\\Routing\\Router->runRouteWithinStack()
#39 C:\\Users\\camar\\Bureau\\mindful-journey-ui\\back-mindful-journey-iu\\mindful-journey-back\\vendor\\laravel\\framework\\src\\Illuminate\\Routing\\Router.php(750): Illuminate\\Routing\\Router->runRoute()
#40 C:\\Users\\camar\\Bureau\\mindful-journey-ui\\back-mindful-journey-iu\\mindful-journey-back\\vendor\\laravel\\framework\\src\\Illuminate\\Routing\\Router.php(739): Illuminate\\Routing\\Router->dispatchToRoute()
#41 C:\\Users\\camar\\Bureau\\mindful-journey-ui\\back-mindful-journey-iu\\mindful-journey-back\\vendor\\laravel\\framework\\src\\Illuminate\\Foundation\\Http\\Kernel.php(200): Illuminate\\Routing\\Router->dispatch()
#42 C:\\Users\\camar\\Bureau\\mindful-journey-ui\\back-mindful-journey-iu\\mindful-journey-back\\vendor\\laravel\\framework\\src\\Illuminate\\Pipeline\\Pipeline.php(169): Illuminate\\Foundation\\Http\\Kernel->Illuminate\\Foundation\\Http\\{closure}()
#43 C:\\Users\\camar\\Bureau\\mindful-journey-ui\\back-mindful-journey-iu\\mindful-journey-back\\vendor\\laravel\\framework\\src\\Illuminate\\Foundation\\Http\\Middleware\\TransformsRequest.php(21): Illuminate\\Pipeline\\Pipeline->Illuminate\\Pipeline\\{closure}()
#44 C:\\Users\\camar\\Bureau\\mindful-journey-ui\\back-mindful-journey-iu\\mindful-journey-back\\vendor\\laravel\\framework\\src\\Illuminate\\Foundation\\Http\\Middleware\\ConvertEmptyStringsToNull.php(31): Illuminate\\Foundation\\Http\\Middleware\\TransformsRequest->handle()
#45 C:\\Users\\camar\\Bureau\\mindful-journey-ui\\back-mindful-journey-iu\\mindful-journey-back\\vendor\\laravel\\framework\\src\\Illuminate\\Pipeline\\Pipeline.php(208): Illuminate\\Foundation\\Http\\Middleware\\ConvertEmptyStringsToNull->handle()
#46 C:\\Users\\camar\\Bureau\\mindful-journey-ui\\back-mindful-journey-iu\\mindful-journey-back\\vendor\\laravel\\framework\\src\\Illuminate\\Foundation\\Http\\Middleware\\TransformsRequest.php(21): Illuminate\\Pipeline\\Pipeline->Illuminate\\Pipeline\\{closure}()
#47 C:\\Users\\camar\\Bureau\\mindful-journey-ui\\back-mindful-journey-iu\\mindful-journey-back\\vendor\\laravel\\framework\\src\\Illuminate\\Foundation\\Http\\Middleware\\TrimStrings.php(51): Illuminate\\Foundation\\Http\\Middleware\\TransformsRequest->handle()
#48 C:\\Users\\camar\\Bureau\\mindful-journey-ui\\back-mindful-journey-iu\\mindful-journey-back\\vendor\\laravel\\framework\\src\\Illuminate\\Pipeline\\Pipeline.php(208): Illuminate\\Foundation\\Http\\Middleware\\TrimStrings->handle()
#49 C:\\Users\\camar\\Bureau\\mindful-journey-ui\\back-mindful-journey-iu\\mindful-journey-back\\vendor\\laravel\\framework\\src\\Illuminate\\Http\\Middleware\\ValidatePostSize.php(27): Illuminate\\Pipeline\\Pipeline->Illuminate\\Pipeline\\{closure}()
#50 C:\\Users\\camar\\Bureau\\mindful-journey-ui\\back-mindful-journey-iu\\mindful-journey-back\\vendor\\laravel\\framework\\src\\Illuminate\\Pipeline\\Pipeline.php(208): Illuminate\\Http\\Middleware\\ValidatePostSize->handle()
#51 C:\\Users\\camar\\Bureau\\mindful-journey-ui\\back-mindful-journey-iu\\mindful-journey-back\\vendor\\laravel\\framework\\src\\Illuminate\\Foundation\\Http\\Middleware\\PreventRequestsDuringMaintenance.php(109): Illuminate\\Pipeline\\Pipeline->Illuminate\\Pipeline\\{closure}()
#52 C:\\Users\\camar\\Bureau\\mindful-journey-ui\\back-mindful-journey-iu\\mindful-journey-back\\vendor\\laravel\\framework\\src\\Illuminate\\Pipeline\\Pipeline.php(208): Illuminate\\Foundation\\Http\\Middleware\\PreventRequestsDuringMaintenance->handle()
#53 C:\\Users\\camar\\Bureau\\mindful-journey-ui\\back-mindful-journey-iu\\mindful-journey-back\\vendor\\laravel\\framework\\src\\Illuminate\\Http\\Middleware\\HandleCors.php(48): Illuminate\\Pipeline\\Pipeline->Illuminate\\Pipeline\\{closure}()
#54 C:\\Users\\camar\\Bureau\\mindful-journey-ui\\back-mindful-journey-iu\\mindful-journey-back\\vendor\\laravel\\framework\\src\\Illuminate\\Pipeline\\Pipeline.php(208): Illuminate\\Http\\Middleware\\HandleCors->handle()
#55 C:\\Users\\camar\\Bureau\\mindful-journey-ui\\back-mindful-journey-iu\\mindful-journey-back\\vendor\\laravel\\framework\\src\\Illuminate\\Http\\Middleware\\TrustProxies.php(58): Illuminate\\Pipeline\\Pipeline->Illuminate\\Pipeline\\{closure}()
#56 C:\\Users\\camar\\Bureau\\mindful-journey-ui\\back-mindful-journey-iu\\mindful-journey-back\\vendor\\laravel\\framework\\src\\Illuminate\\Pipeline\\Pipeline.php(208): Illuminate\\Http\\Middleware\\TrustProxies->handle()
#57 C:\\Users\\camar\\Bureau\\mindful-journey-ui\\back-mindful-journey-iu\\mindful-journey-back\\vendor\\laravel\\framework\\src\\Illuminate\\Foundation\\Http\\Middleware\\InvokeDeferredCallbacks.php(22): Illuminate\\Pipeline\\Pipeline->Illuminate\\Pipeline\\{closure}()
#58 C:\\Users\\camar\\Bureau\\mindful-journey-ui\\back-mindful-journey-iu\\mindful-journey-back\\vendor\\laravel\\framework\\src\\Illuminate\\Pipeline\\Pipeline.php(208): Illuminate\\Foundation\\Http\\Middleware\\InvokeDeferredCallbacks->handle()
#59 C:\\Users\\camar\\Bureau\\mindful-journey-ui\\back-mindful-journey-iu\\mindful-journey-back\\vendor\\laravel\\framework\\src\\Illuminate\\Http\\Middleware\\ValidatePathEncoding.php(26): Illuminate\\Pipeline\\Pipeline->Illuminate\\Pipeline\\{closure}()
#60 C:\\Users\\camar\\Bureau\\mindful-journey-ui\\back-mindful-journey-iu\\mindful-journey-back\\vendor\\laravel\\framework\\src\\Illuminate\\Pipeline\\Pipeline.php(208): Illuminate\\Http\\Middleware\\ValidatePathEncoding->handle()
#61 C:\\Users\\camar\\Bureau\\mindful-journey-ui\\back-mindful-journey-iu\\mindful-journey-back\\vendor\\laravel\\framework\\src\\Illuminate\\Pipeline\\Pipeline.php(126): Illuminate\\Pipeline\\Pipeline->Illuminate\\Pipeline\\{closure}()
#62 C:\\Users\\camar\\Bureau\\mindful-journey-ui\\back-mindful-journey-iu\\mindful-journey-back\\vendor\\laravel\\framework\\src\\Illuminate\\Foundation\\Http\\Kernel.php(175): Illuminate\\Pipeline\\Pipeline->then()
#63 C:\\Users\\camar\\Bureau\\mindful-journey-ui\\back-mindful-journey-iu\\mindful-journey-back\\vendor\\laravel\\framework\\src\\Illuminate\\Foundation\\Http\\Kernel.php(144): Illuminate\\Foundation\\Http\\Kernel->sendRequestThroughRouter()
#64 C:\\Users\\camar\\Bureau\\mindful-journey-ui\\back-mindful-journey-iu\\mindful-journey-back\\vendor\\laravel\\framework\\src\\Illuminate\\Foundation\\Application.php(1219): Illuminate\\Foundation\\Http\\Kernel->handle()
#65 C:\\Users\\camar\\Bureau\\mindful-journey-ui\\back-mindful-journey-iu\\mindful-journey-back\\public\\index.php(20): Illuminate\\Foundation\\Application->handleRequest()
#66 C:\\Users\\camar\\Bureau\\mindful-journey-ui\\back-mindful-journey-iu\\mindful-journey-back\\vendor\\laravel\\framework\\src\\Illuminate\\Foundation\\resources\\server.php(23): require_once('...')
#67 {main}

[previous exception] [object] (Illuminate\\Foundation\\ViteManifestNotFoundException(code: 0): Vite manifest not found at: C:\\Users\\camar\\Bureau\\mindful-journey-ui\\back-mindful-journey-iu\\mindful-journey-back\\public\\build/manifest.json at C:\\Users\\camar\\Bureau\\mindful-journey-ui\\back-mindful-journey-iu\\mindful-journey-back\\vendor\\laravel\\framework\\src\\Illuminate\\Foundation\\Vite.php:935)
[stacktrace]
#0 C:\\Users\\camar\\Bureau\\mindful-journey-ui\\back-mindful-journey-iu\\mindful-journey-back\\vendor\\laravel\\framework\\src\\Illuminate\\Foundation\\Vite.php(384): Illuminate\\Foundation\\Vite->manifest()
#1 C:\\Users\\camar\\Bureau\\mindful-journey-ui\\back-mindful-journey-iu\\mindful-journey-back\\storage\\framework\\views\\aaeaa50ddce0c97df925cc85c14d4cec.php(44): Illuminate\\Foundation\\Vite->__invoke()
#2 C:\\Users\\camar\\Bureau\\mindful-journey-ui\\back-mindful-journey-iu\\mindful-journey-back\\vendor\\laravel\\framework\\src\\Illuminate\\Filesystem\\Filesystem.php(123): require('...')
#3 C:\\Users\\camar\\Bureau\\mindful-journey-ui\\back-mindful-journey-iu\\mindful-journey-back\\vendor\\laravel\\framework\\src\\Illuminate\\Filesystem\\Filesystem.php(124): Illuminate\\Filesystem\\Filesystem::Illuminate\\Filesystem\\{closure}()
#4 C:\\Users\\camar\\Bureau\\mindful-journey-ui\\back-mindful-journey-iu\\mindful-journey-back\\vendor\\laravel\\framework\\src\\Illuminate\\View\\Engines\\PhpEngine.php(57): Illuminate\\Filesystem\\Filesystem->getRequire()
#5 C:\\Users\\camar\\Bureau\\mindful-journey-ui\\back-mindful-journey-iu\\mindful-journey-back\\vendor\\laravel\\framework\\src\\Illuminate\\View\\Engines\\CompilerEngine.php(76): Illuminate\\View\\Engines\\PhpEngine->evaluatePath()
#6 C:\\Users\\camar\\Bureau\\mindful-journey-ui\\back-mindful-journey-iu\\mindful-journey-back\\vendor\\laravel\\framework\\src\\Illuminate\\View\\View.php(208): Illuminate\\View\\Engines\\CompilerEngine->get()
#7 C:\\Users\\camar\\Bureau\\mindful-journey-ui\\back-mindful-journey-iu\\mindful-journey-back\\vendor\\laravel\\framework\\src\\Illuminate\\View\\View.php(191): Illuminate\\View\\View->getContents()
#8 C:\\Users\\camar\\Bureau\\mindful-journey-ui\\back-mindful-journey-iu\\mindful-journey-back\\vendor\\laravel\\framework\\src\\Illuminate\\View\\View.php(160): Illuminate\\View\\View->renderContents()
#9 C:\\Users\\camar\\Bureau\\mindful-journey-ui\\back-mindful-journey-iu\\mindful-journey-back\\vendor\\laravel\\framework\\src\\Illuminate\\Http\\Response.php(78): Illuminate\\View\\View->render()
#10 C:\\Users\\camar\\Bureau\\mindful-journey-ui\\back-mindful-journey-iu\\mindful-journey-back\\vendor\\laravel\\framework\\src\\Illuminate\\Http\\Response.php(34): Illuminate\\Http\\Response->setContent()
#11 C:\\Users\\camar\\Bureau\\mindful-journey-ui\\back-mindful-journey-iu\\mindful-journey-back\\vendor\\laravel\\framework\\src\\Illuminate\\Routing\\ResponseFactory.php(61): Illuminate\\Http\\Response->__construct()
#12 C:\\Users\\camar\\Bureau\\mindful-journey-ui\\back-mindful-journey-iu\\mindful-journey-back\\vendor\\laravel\\framework\\src\\Illuminate\\Routing\\ResponseFactory.php(91): Illuminate\\Routing\\ResponseFactory->make()
#13 C:\\Users\\camar\\Bureau\\mindful-journey-ui\\back-mindful-journey-iu\\mindful-journey-back\\vendor\\laravel\\framework\\src\\Illuminate\\Support\\Facades\\Facade.php(361): Illuminate\\Routing\\ResponseFactory->view()
#14 C:\\Users\\camar\\Bureau\\mindful-journey-ui\\back-mindful-journey-iu\\mindful-journey-back\\vendor\\inertiajs\\inertia-laravel\\src\\Response.php(135): Illuminate\\Support\\Facades\\Facade::__callStatic()
#15 C:\\Users\\camar\\Bureau\\mindful-journey-ui\\back-mindful-journey-iu\\mindful-journey-back\\vendor\\laravel\\framework\\src\\Illuminate\\Routing\\Router.php(907): Inertia\\Response->toResponse()
#16 C:\\Users\\camar\\Bureau\\mindful-journey-ui\\back-mindful-journey-iu\\mindful-journey-back\\vendor\\laravel\\framework\\src\\Illuminate\\Routing\\Router.php(892): Illuminate\\Routing\\Router::toResponse()
#17 C:\\Users\\camar\\Bureau\\mindful-journey-ui\\back-mindful-journey-iu\\mindful-journey-back\\vendor\\laravel\\framework\\src\\Illuminate\\Routing\\Router.php(807): Illuminate\\Routing\\Router->prepareResponse()
#18 C:\\Users\\camar\\Bureau\\mindful-journey-ui\\back-mindful-journey-iu\\mindful-journey-back\\vendor\\laravel\\framework\\src\\Illuminate\\Pipeline\\Pipeline.php(169): Illuminate\\Routing\\Router->Illuminate\\Routing\\{closure}()
#19 C:\\Users\\camar\\Bureau\\mindful-journey-ui\\back-mindful-journey-iu\\mindful-journey-back\\vendor\\laravel\\framework\\src\\Illuminate\\Auth\\Middleware\\RedirectIfAuthenticated.php(35): Illuminate\\Pipeline\\Pipeline->Illuminate\\Pipeline\\{closure}()
#20 C:\\Users\\camar\\Bureau\\mindful-journey-ui\\back-mindful-journey-iu\\mindful-journey-back\\vendor\\laravel\\framework\\src\\Illuminate\\Pipeline\\Pipeline.php(208): Illuminate\\Auth\\Middleware\\RedirectIfAuthenticated->handle()
#21 C:\\Users\\camar\\Bureau\\mindful-journey-ui\\back-mindful-journey-iu\\mindful-journey-back\\vendor\\laravel\\framework\\src\\Illuminate\\Http\\Middleware\\AddLinkHeadersForPreloadedAssets.php(32): Illuminate\\Pipeline\\Pipeline->Illuminate\\Pipeline\\{closure}()
#22 C:\\Users\\camar\\Bureau\\mindful-journey-ui\\back-mindful-journey-iu\\mindful-journey-back\\vendor\\laravel\\framework\\src\\Illuminate\\Pipeline\\Pipeline.php(208): Illuminate\\Http\\Middleware\\AddLinkHeadersForPreloadedAssets->handle()
#23 C:\\Users\\camar\\Bureau\\mindful-journey-ui\\back-mindful-journey-iu\\mindful-journey-back\\vendor\\inertiajs\\inertia-laravel\\src\\Middleware.php(100): Illuminate\\Pipeline\\Pipeline->Illuminate\\Pipeline\\{closure}()
#24 C:\\Users\\camar\\Bureau\\mindful-journey-ui\\back-mindful-journey-iu\\mindful-journey-back\\vendor\\laravel\\framework\\src\\Illuminate\\Pipeline\\Pipeline.php(208): Inertia\\Middleware->handle()
#25 C:\\Users\\camar\\Bureau\\mindful-journey-ui\\back-mindful-journey-iu\\mindful-journey-back\\app\\Http\\Middleware\\HandleAppearance.php(21): Illuminate\\Pipeline\\Pipeline->Illuminate\\Pipeline\\{closure}()
#26 C:\\Users\\camar\\Bureau\\mindful-journey-ui\\back-mindful-journey-iu\\mindful-journey-back\\vendor\\laravel\\framework\\src\\Illuminate\\Pipeline\\Pipeline.php(208): App\\Http\\Middleware\\HandleAppearance->handle()
#27 C:\\Users\\camar\\Bureau\\mindful-journey-ui\\back-mindful-journey-iu\\mindful-journey-back\\vendor\\laravel\\framework\\src\\Illuminate\\Routing\\Middleware\\SubstituteBindings.php(50): Illuminate\\Pipeline\\Pipeline->Illuminate\\Pipeline\\{closure}()
#28 C:\\Users\\camar\\Bureau\\mindful-journey-ui\\back-mindful-journey-iu\\mindful-journey-back\\vendor\\laravel\\framework\\src\\Illuminate\\Pipeline\\Pipeline.php(208): Illuminate\\Routing\\Middleware\\SubstituteBindings->handle()
#29 C:\\Users\\camar\\Bureau\\mindful-journey-ui\\back-mindful-journey-iu\\mindful-journey-back\\vendor\\laravel\\framework\\src\\Illuminate\\Foundation\\Http\\Middleware\\VerifyCsrfToken.php(87): Illuminate\\Pipeline\\Pipeline->Illuminate\\Pipeline\\{closure}()
#30 C:\\Users\\camar\\Bureau\\mindful-journey-ui\\back-mindful-journey-iu\\mindful-journey-back\\vendor\\laravel\\framework\\src\\Illuminate\\Pipeline\\Pipeline.php(208): Illuminate\\Foundation\\Http\\Middleware\\VerifyCsrfToken->handle()
#31 C:\\Users\\camar\\Bureau\\mindful-journey-ui\\back-mindful-journey-iu\\mindful-journey-back\\vendor\\laravel\\framework\\src\\Illuminate\\View\\Middleware\\ShareErrorsFromSession.php(48): Illuminate\\Pipeline\\Pipeline->Illuminate\\Pipeline\\{closure}()
#32 C:\\Users\\camar\\Bureau\\mindful-journey-ui\\back-mindful-journey-iu\\mindful-journey-back\\vendor\\laravel\\framework\\src\\Illuminate\\Pipeline\\Pipeline.php(208): Illuminate\\View\\Middleware\\ShareErrorsFromSession->handle()
#33 C:\\Users\\camar\\Bureau\\mindful-journey-ui\\back-mindful-journey-iu\\mindful-journey-back\\vendor\\laravel\\framework\\src\\Illuminate\\Session\\Middleware\\StartSession.php(120): Illuminate\\Pipeline\\Pipeline->Illuminate\\Pipeline\\{closure}()
#34 C:\\Users\\camar\\Bureau\\mindful-journey-ui\\back-mindful-journey-iu\\mindful-journey-back\\vendor\\laravel\\framework\\src\\Illuminate\\Session\\Middleware\\StartSession.php(63): Illuminate\\Session\\Middleware\\StartSession->handleStatefulRequest()
#35 C:\\Users\\camar\\Bureau\\mindful-journey-ui\\back-mindful-journey-iu\\mindful-journey-back\\vendor\\laravel\\framework\\src\\Illuminate\\Pipeline\\Pipeline.php(208): Illuminate\\Session\\Middleware\\StartSession->handle()
#36 C:\\Users\\camar\\Bureau\\mindful-journey-ui\\back-mindful-journey-iu\\mindful-journey-back\\vendor\\laravel\\framework\\src\\Illuminate\\Cookie\\Middleware\\AddQueuedCookiesToResponse.php(36): Illuminate\\Pipeline\\Pipeline->Illuminate\\Pipeline\\{closure}()
#37 C:\\Users\\camar\\Bureau\\mindful-journey-ui\\back-mindful-journey-iu\\mindful-journey-back\\vendor\\laravel\\framework\\src\\Illuminate\\Pipeline\\Pipeline.php(208): Illuminate\\Cookie\\Middleware\\AddQueuedCookiesToResponse->handle()
#38 C:\\Users\\camar\\Bureau\\mindful-journey-ui\\back-mindful-journey-iu\\mindful-journey-back\\vendor\\laravel\\framework\\src\\Illuminate\\Cookie\\Middleware\\EncryptCookies.php(74): Illuminate\\Pipeline\\Pipeline->Illuminate\\Pipeline\\{closure}()
#39 C:\\Users\\camar\\Bureau\\mindful-journey-ui\\back-mindful-journey-iu\\mindful-journey-back\\vendor\\laravel\\framework\\src\\Illuminate\\Pipeline\\Pipeline.php(208): Illuminate\\Cookie\\Middleware\\EncryptCookies->handle()
#40 C:\\Users\\camar\\Bureau\\mindful-journey-ui\\back-mindful-journey-iu\\mindful-journey-back\\vendor\\laravel\\framework\\src\\Illuminate\\Pipeline\\Pipeline.php(126): Illuminate\\Pipeline\\Pipeline->Illuminate\\Pipeline\\{closure}()
#41 C:\\Users\\camar\\Bureau\\mindful-journey-ui\\back-mindful-journey-iu\\mindful-journey-back\\vendor\\laravel\\framework\\src\\Illuminate\\Routing\\Router.php(807): Illuminate\\Pipeline\\Pipeline->then()
#42 C:\\Users\\camar\\Bureau\\mindful-journey-ui\\back-mindful-journey-iu\\mindful-journey-back\\vendor\\laravel\\framework\\src\\Illuminate\\Routing\\Router.php(786): Illuminate\\Routing\\Router->runRouteWithinStack()
#43 C:\\Users\\camar\\Bureau\\mindful-journey-ui\\back-mindful-journey-iu\\mindful-journey-back\\vendor\\laravel\\framework\\src\\Illuminate\\Routing\\Router.php(750): Illuminate\\Routing\\Router->runRoute()
#44 C:\\Users\\camar\\Bureau\\mindful-journey-ui\\back-mindful-journey-iu\\mindful-journey-back\\vendor\\laravel\\framework\\src\\Illuminate\\Routing\\Router.php(739): Illuminate\\Routing\\Router->dispatchToRoute()
#45 C:\\Users\\camar\\Bureau\\mindful-journey-ui\\back-mindful-journey-iu\\mindful-journey-back\\vendor\\laravel\\framework\\src\\Illuminate\\Foundation\\Http\\Kernel.php(200): Illuminate\\Routing\\Router->dispatch()
#46 C:\\Users\\camar\\Bureau\\mindful-journey-ui\\back-mindful-journey-iu\\mindful-journey-back\\vendor\\laravel\\framework\\src\\Illuminate\\Pipeline\\Pipeline.php(169): Illuminate\\Foundation\\Http\\Kernel->Illuminate\\Foundation\\Http\\{closure}()
#47 C:\\Users\\camar\\Bureau\\mindful-journey-ui\\back-mindful-journey-iu\\mindful-journey-back\\vendor\\laravel\\framework\\src\\Illuminate\\Foundation\\Http\\Middleware\\TransformsRequest.php(21): Illuminate\\Pipeline\\Pipeline->Illuminate\\Pipeline\\{closure}()
#48 C:\\Users\\camar\\Bureau\\mindful-journey-ui\\back-mindful-journey-iu\\mindful-journey-back\\vendor\\laravel\\framework\\src\\Illuminate\\Foundation\\Http\\Middleware\\ConvertEmptyStringsToNull.php(31): Illuminate\\Foundation\\Http\\Middleware\\TransformsRequest->handle()
#49 C:\\Users\\camar\\Bureau\\mindful-journey-ui\\back-mindful-journey-iu\\mindful-journey-back\\vendor\\laravel\\framework\\src\\Illuminate\\Pipeline\\Pipeline.php(208): Illuminate\\Foundation\\Http\\Middleware\\ConvertEmptyStringsToNull->handle()
#50 C:\\Users\\camar\\Bureau\\mindful-journey-ui\\back-mindful-journey-iu\\mindful-journey-back\\vendor\\laravel\\framework\\src\\Illuminate\\Foundation\\Http\\Middleware\\TransformsRequest.php(21): Illuminate\\Pipeline\\Pipeline->Illuminate\\Pipeline\\{closure}()
#51 C:\\Users\\camar\\Bureau\\mindful-journey-ui\\back-mindful-journey-iu\\mindful-journey-back\\vendor\\laravel\\framework\\src\\Illuminate\\Foundation\\Http\\Middleware\\TrimStrings.php(51): Illuminate\\Foundation\\Http\\Middleware\\TransformsRequest->handle()
#52 C:\\Users\\camar\\Bureau\\mindful-journey-ui\\back-mindful-journey-iu\\mindful-journey-back\\vendor\\laravel\\framework\\src\\Illuminate\\Pipeline\\Pipeline.php(208): Illuminate\\Foundation\\Http\\Middleware\\TrimStrings->handle()
#53 C:\\Users\\camar\\Bureau\\mindful-journey-ui\\back-mindful-journey-iu\\mindful-journey-back\\vendor\\laravel\\framework\\src\\Illuminate\\Http\\Middleware\\ValidatePostSize.php(27): Illuminate\\Pipeline\\Pipeline->Illuminate\\Pipeline\\{closure}()
#54 C:\\Users\\camar\\Bureau\\mindful-journey-ui\\back-mindful-journey-iu\\mindful-journey-back\\vendor\\laravel\\framework\\src\\Illuminate\\Pipeline\\Pipeline.php(208): Illuminate\\Http\\Middleware\\ValidatePostSize->handle()
#55 C:\\Users\\camar\\Bureau\\mindful-journey-ui\\back-mindful-journey-iu\\mindful-journey-back\\vendor\\laravel\\framework\\src\\Illuminate\\Foundation\\Http\\Middleware\\PreventRequestsDuringMaintenance.php(109): Illuminate\\Pipeline\\Pipeline->Illuminate\\Pipeline\\{closure}()
#56 C:\\Users\\camar\\Bureau\\mindful-journey-ui\\back-mindful-journey-iu\\mindful-journey-back\\vendor\\laravel\\framework\\src\\Illuminate\\Pipeline\\Pipeline.php(208): Illuminate\\Foundation\\Http\\Middleware\\PreventRequestsDuringMaintenance->handle()
#57 C:\\Users\\camar\\Bureau\\mindful-journey-ui\\back-mindful-journey-iu\\mindful-journey-back\\vendor\\laravel\\framework\\src\\Illuminate\\Http\\Middleware\\HandleCors.php(48): Illuminate\\Pipeline\\Pipeline->Illuminate\\Pipeline\\{closure}()
#58 C:\\Users\\camar\\Bureau\\mindful-journey-ui\\back-mindful-journey-iu\\mindful-journey-back\\vendor\\laravel\\framework\\src\\Illuminate\\Pipeline\\Pipeline.php(208): Illuminate\\Http\\Middleware\\HandleCors->handle()
#59 C:\\Users\\camar\\Bureau\\mindful-journey-ui\\back-mindful-journey-iu\\mindful-journey-back\\vendor\\laravel\\framework\\src\\Illuminate\\Http\\Middleware\\TrustProxies.php(58): Illuminate\\Pipeline\\Pipeline->Illuminate\\Pipeline\\{closure}()
#60 C:\\Users\\camar\\Bureau\\mindful-journey-ui\\back-mindful-journey-iu\\mindful-journey-back\\vendor\\laravel\\framework\\src\\Illuminate\\Pipeline\\Pipeline.php(208): Illuminate\\Http\\Middleware\\TrustProxies->handle()
#61 C:\\Users\\camar\\Bureau\\mindful-journey-ui\\back-mindful-journey-iu\\mindful-journey-back\\vendor\\laravel\\framework\\src\\Illuminate\\Foundation\\Http\\Middleware\\InvokeDeferredCallbacks.php(22): Illuminate\\Pipeline\\Pipeline->Illuminate\\Pipeline\\{closure}()
#62 C:\\Users\\camar\\Bureau\\mindful-journey-ui\\back-mindful-journey-iu\\mindful-journey-back\\vendor\\laravel\\framework\\src\\Illuminate\\Pipeline\\Pipeline.php(208): Illuminate\\Foundation\\Http\\Middleware\\InvokeDeferredCallbacks->handle()
#63 C:\\Users\\camar\\Bureau\\mindful-journey-ui\\back-mindful-journey-iu\\mindful-journey-back\\vendor\\laravel\\framework\\src\\Illuminate\\Http\\Middleware\\ValidatePathEncoding.php(26): Illuminate\\Pipeline\\Pipeline->Illuminate\\Pipeline\\{closure}()
#64 C:\\Users\\camar\\Bureau\\mindful-journey-ui\\back-mindful-journey-iu\\mindful-journey-back\\vendor\\laravel\\framework\\src\\Illuminate\\Pipeline\\Pipeline.php(208): Illuminate\\Http\\Middleware\\ValidatePathEncoding->handle()
#65 C:\\Users\\camar\\Bureau\\mindful-journey-ui\\back-mindful-journey-iu\\mindful-journey-back\\vendor\\laravel\\framework\\src\\Illuminate\\Pipeline\\Pipeline.php(126): Illuminate\\Pipeline\\Pipeline->Illuminate\\Pipeline\\{closure}()
#66 C:\\Users\\camar\\Bureau\\mindful-journey-ui\\back-mindful-journey-iu\\mindful-journey-back\\vendor\\laravel\\framework\\src\\Illuminate\\Foundation\\Http\\Kernel.php(175): Illuminate\\Pipeline\\Pipeline->then()
#67 C:\\Users\\camar\\Bureau\\mindful-journey-ui\\back-mindful-journey-iu\\mindful-journey-back\\vendor\\laravel\\framework\\src\\Illuminate\\Foundation\\Http\\Kernel.php(144): Illuminate\\Foundation\\Http\\Kernel->sendRequestThroughRouter()
#68 C:\\Users\\camar\\Bureau\\mindful-journey-ui\\back-mindful-journey-iu\\mindful-journey-back\\vendor\\laravel\\framework\\src\\Illuminate\\Foundation\\Application.php(1219): Illuminate\\Foundation\\Http\\Kernel->handle()
#69 C:\\Users\\camar\\Bureau\\mindful-journey-ui\\back-mindful-journey-iu\\mindful-journey-back\\public\\index.php(20): Illuminate\\Foundation\\Application->handleRequest()
#70 C:\\Users\\camar\\Bureau\\mindful-journey-ui\\back-mindful-journey-iu\\mindful-journey-back\\vendor\\laravel\\framework\\src\\Illuminate\\Foundation\\resources\\server.php(23): require_once('...')
#71 {main}
"} 
[2025-08-14 14:44:31] local.ERROR: Vite manifest not found at: C:\Users\camar\Bureau\mindful-journey-ui\back-mindful-journey-iu\mindful-journey-back\public\build/manifest.json (View: C:\Users\camar\Bureau\mindful-journey-ui\back-mindful-journey-iu\mindful-journey-back\resources\views\app.blade.php) {"exception":"[object] (Illuminate\\View\\ViewException(code: 0): Vite manifest not found at: C:\\Users\\camar\\Bureau\\mindful-journey-ui\\back-mindful-journey-iu\\mindful-journey-back\\public\\build/manifest.json (View: C:\\Users\\camar\\Bureau\\mindful-journey-ui\\back-mindful-journey-iu\\mindful-journey-back\\resources\\views\\app.blade.php) at C:\\Users\\camar\\Bureau\\mindful-journey-ui\\back-mindful-journey-iu\\mindful-journey-back\\vendor\\laravel\\framework\\src\\Illuminate\\Foundation\\Vite.php:935)
[stacktrace]
#0 C:\\Users\\camar\\Bureau\\mindful-journey-ui\\back-mindful-journey-iu\\mindful-journey-back\\vendor\\laravel\\framework\\src\\Illuminate\\View\\Engines\\PhpEngine.php(59): Illuminate\\View\\Engines\\CompilerEngine->handleViewException()
#1 C:\\Users\\camar\\Bureau\\mindful-journey-ui\\back-mindful-journey-iu\\mindful-journey-back\\vendor\\laravel\\framework\\src\\Illuminate\\View\\Engines\\CompilerEngine.php(76): Illuminate\\View\\Engines\\PhpEngine->evaluatePath()
#2 C:\\Users\\camar\\Bureau\\mindful-journey-ui\\back-mindful-journey-iu\\mindful-journey-back\\vendor\\laravel\\framework\\src\\Illuminate\\View\\View.php(208): Illuminate\\View\\Engines\\CompilerEngine->get()
#3 C:\\Users\\camar\\Bureau\\mindful-journey-ui\\back-mindful-journey-iu\\mindful-journey-back\\vendor\\laravel\\framework\\src\\Illuminate\\View\\View.php(191): Illuminate\\View\\View->getContents()
#4 C:\\Users\\camar\\Bureau\\mindful-journey-ui\\back-mindful-journey-iu\\mindful-journey-back\\vendor\\laravel\\framework\\src\\Illuminate\\View\\View.php(160): Illuminate\\View\\View->renderContents()
#5 C:\\Users\\camar\\Bureau\\mindful-journey-ui\\back-mindful-journey-iu\\mindful-journey-back\\vendor\\laravel\\framework\\src\\Illuminate\\Http\\Response.php(78): Illuminate\\View\\View->render()
#6 C:\\Users\\camar\\Bureau\\mindful-journey-ui\\back-mindful-journey-iu\\mindful-journey-back\\vendor\\laravel\\framework\\src\\Illuminate\\Http\\Response.php(34): Illuminate\\Http\\Response->setContent()
#7 C:\\Users\\camar\\Bureau\\mindful-journey-ui\\back-mindful-journey-iu\\mindful-journey-back\\vendor\\laravel\\framework\\src\\Illuminate\\Routing\\ResponseFactory.php(61): Illuminate\\Http\\Response->__construct()
#8 C:\\Users\\camar\\Bureau\\mindful-journey-ui\\back-mindful-journey-iu\\mindful-journey-back\\vendor\\laravel\\framework\\src\\Illuminate\\Routing\\ResponseFactory.php(91): Illuminate\\Routing\\ResponseFactory->make()
#9 C:\\Users\\camar\\Bureau\\mindful-journey-ui\\back-mindful-journey-iu\\mindful-journey-back\\vendor\\laravel\\framework\\src\\Illuminate\\Support\\Facades\\Facade.php(361): Illuminate\\Routing\\ResponseFactory->view()
#10 C:\\Users\\camar\\Bureau\\mindful-journey-ui\\back-mindful-journey-iu\\mindful-journey-back\\vendor\\inertiajs\\inertia-laravel\\src\\Response.php(135): Illuminate\\Support\\Facades\\Facade::__callStatic()
#11 C:\\Users\\camar\\Bureau\\mindful-journey-ui\\back-mindful-journey-iu\\mindful-journey-back\\vendor\\laravel\\framework\\src\\Illuminate\\Routing\\Router.php(907): Inertia\\Response->toResponse()
#12 C:\\Users\\camar\\Bureau\\mindful-journey-ui\\back-mindful-journey-iu\\mindful-journey-back\\vendor\\laravel\\framework\\src\\Illuminate\\Routing\\Router.php(892): Illuminate\\Routing\\Router::toResponse()
#13 C:\\Users\\camar\\Bureau\\mindful-journey-ui\\back-mindful-journey-iu\\mindful-journey-back\\vendor\\laravel\\framework\\src\\Illuminate\\Routing\\Router.php(807): Illuminate\\Routing\\Router->prepareResponse()
#14 C:\\Users\\camar\\Bureau\\mindful-journey-ui\\back-mindful-journey-iu\\mindful-journey-back\\vendor\\laravel\\framework\\src\\Illuminate\\Pipeline\\Pipeline.php(169): Illuminate\\Routing\\Router->Illuminate\\Routing\\{closure}()
#15 C:\\Users\\camar\\Bureau\\mindful-journey-ui\\back-mindful-journey-iu\\mindful-journey-back\\vendor\\laravel\\framework\\src\\Illuminate\\Auth\\Middleware\\RedirectIfAuthenticated.php(35): Illuminate\\Pipeline\\Pipeline->Illuminate\\Pipeline\\{closure}()
#16 C:\\Users\\camar\\Bureau\\mindful-journey-ui\\back-mindful-journey-iu\\mindful-journey-back\\vendor\\laravel\\framework\\src\\Illuminate\\Pipeline\\Pipeline.php(208): Illuminate\\Auth\\Middleware\\RedirectIfAuthenticated->handle()
#17 C:\\Users\\camar\\Bureau\\mindful-journey-ui\\back-mindful-journey-iu\\mindful-journey-back\\vendor\\laravel\\framework\\src\\Illuminate\\Http\\Middleware\\AddLinkHeadersForPreloadedAssets.php(32): Illuminate\\Pipeline\\Pipeline->Illuminate\\Pipeline\\{closure}()
#18 C:\\Users\\camar\\Bureau\\mindful-journey-ui\\back-mindful-journey-iu\\mindful-journey-back\\vendor\\laravel\\framework\\src\\Illuminate\\Pipeline\\Pipeline.php(208): Illuminate\\Http\\Middleware\\AddLinkHeadersForPreloadedAssets->handle()
#19 C:\\Users\\camar\\Bureau\\mindful-journey-ui\\back-mindful-journey-iu\\mindful-journey-back\\vendor\\inertiajs\\inertia-laravel\\src\\Middleware.php(100): Illuminate\\Pipeline\\Pipeline->Illuminate\\Pipeline\\{closure}()
#20 C:\\Users\\camar\\Bureau\\mindful-journey-ui\\back-mindful-journey-iu\\mindful-journey-back\\vendor\\laravel\\framework\\src\\Illuminate\\Pipeline\\Pipeline.php(208): Inertia\\Middleware->handle()
#21 C:\\Users\\camar\\Bureau\\mindful-journey-ui\\back-mindful-journey-iu\\mindful-journey-back\\app\\Http\\Middleware\\HandleAppearance.php(21): Illuminate\\Pipeline\\Pipeline->Illuminate\\Pipeline\\{closure}()
#22 C:\\Users\\camar\\Bureau\\mindful-journey-ui\\back-mindful-journey-iu\\mindful-journey-back\\vendor\\laravel\\framework\\src\\Illuminate\\Pipeline\\Pipeline.php(208): App\\Http\\Middleware\\HandleAppearance->handle()
#23 C:\\Users\\camar\\Bureau\\mindful-journey-ui\\back-mindful-journey-iu\\mindful-journey-back\\vendor\\laravel\\framework\\src\\Illuminate\\Routing\\Middleware\\SubstituteBindings.php(50): Illuminate\\Pipeline\\Pipeline->Illuminate\\Pipeline\\{closure}()
#24 C:\\Users\\camar\\Bureau\\mindful-journey-ui\\back-mindful-journey-iu\\mindful-journey-back\\vendor\\laravel\\framework\\src\\Illuminate\\Pipeline\\Pipeline.php(208): Illuminate\\Routing\\Middleware\\SubstituteBindings->handle()
#25 C:\\Users\\camar\\Bureau\\mindful-journey-ui\\back-mindful-journey-iu\\mindful-journey-back\\vendor\\laravel\\framework\\src\\Illuminate\\Foundation\\Http\\Middleware\\VerifyCsrfToken.php(87): Illuminate\\Pipeline\\Pipeline->Illuminate\\Pipeline\\{closure}()
#26 C:\\Users\\camar\\Bureau\\mindful-journey-ui\\back-mindful-journey-iu\\mindful-journey-back\\vendor\\laravel\\framework\\src\\Illuminate\\Pipeline\\Pipeline.php(208): Illuminate\\Foundation\\Http\\Middleware\\VerifyCsrfToken->handle()
#27 C:\\Users\\camar\\Bureau\\mindful-journey-ui\\back-mindful-journey-iu\\mindful-journey-back\\vendor\\laravel\\framework\\src\\Illuminate\\View\\Middleware\\ShareErrorsFromSession.php(48): Illuminate\\Pipeline\\Pipeline->Illuminate\\Pipeline\\{closure}()
#28 C:\\Users\\camar\\Bureau\\mindful-journey-ui\\back-mindful-journey-iu\\mindful-journey-back\\vendor\\laravel\\framework\\src\\Illuminate\\Pipeline\\Pipeline.php(208): Illuminate\\View\\Middleware\\ShareErrorsFromSession->handle()
#29 C:\\Users\\camar\\Bureau\\mindful-journey-ui\\back-mindful-journey-iu\\mindful-journey-back\\vendor\\laravel\\framework\\src\\Illuminate\\Session\\Middleware\\StartSession.php(120): Illuminate\\Pipeline\\Pipeline->Illuminate\\Pipeline\\{closure}()
#30 C:\\Users\\camar\\Bureau\\mindful-journey-ui\\back-mindful-journey-iu\\mindful-journey-back\\vendor\\laravel\\framework\\src\\Illuminate\\Session\\Middleware\\StartSession.php(63): Illuminate\\Session\\Middleware\\StartSession->handleStatefulRequest()
#31 C:\\Users\\camar\\Bureau\\mindful-journey-ui\\back-mindful-journey-iu\\mindful-journey-back\\vendor\\laravel\\framework\\src\\Illuminate\\Pipeline\\Pipeline.php(208): Illuminate\\Session\\Middleware\\StartSession->handle()
#32 C:\\Users\\camar\\Bureau\\mindful-journey-ui\\back-mindful-journey-iu\\mindful-journey-back\\vendor\\laravel\\framework\\src\\Illuminate\\Cookie\\Middleware\\AddQueuedCookiesToResponse.php(36): Illuminate\\Pipeline\\Pipeline->Illuminate\\Pipeline\\{closure}()
#33 C:\\Users\\camar\\Bureau\\mindful-journey-ui\\back-mindful-journey-iu\\mindful-journey-back\\vendor\\laravel\\framework\\src\\Illuminate\\Pipeline\\Pipeline.php(208): Illuminate\\Cookie\\Middleware\\AddQueuedCookiesToResponse->handle()
#34 C:\\Users\\camar\\Bureau\\mindful-journey-ui\\back-mindful-journey-iu\\mindful-journey-back\\vendor\\laravel\\framework\\src\\Illuminate\\Cookie\\Middleware\\EncryptCookies.php(74): Illuminate\\Pipeline\\Pipeline->Illuminate\\Pipeline\\{closure}()
#35 C:\\Users\\camar\\Bureau\\mindful-journey-ui\\back-mindful-journey-iu\\mindful-journey-back\\vendor\\laravel\\framework\\src\\Illuminate\\Pipeline\\Pipeline.php(208): Illuminate\\Cookie\\Middleware\\EncryptCookies->handle()
#36 C:\\Users\\camar\\Bureau\\mindful-journey-ui\\back-mindful-journey-iu\\mindful-journey-back\\vendor\\laravel\\framework\\src\\Illuminate\\Pipeline\\Pipeline.php(126): Illuminate\\Pipeline\\Pipeline->Illuminate\\Pipeline\\{closure}()
#37 C:\\Users\\camar\\Bureau\\mindful-journey-ui\\back-mindful-journey-iu\\mindful-journey-back\\vendor\\laravel\\framework\\src\\Illuminate\\Routing\\Router.php(807): Illuminate\\Pipeline\\Pipeline->then()
#38 C:\\Users\\camar\\Bureau\\mindful-journey-ui\\back-mindful-journey-iu\\mindful-journey-back\\vendor\\laravel\\framework\\src\\Illuminate\\Routing\\Router.php(786): Illuminate\\Routing\\Router->runRouteWithinStack()
#39 C:\\Users\\camar\\Bureau\\mindful-journey-ui\\back-mindful-journey-iu\\mindful-journey-back\\vendor\\laravel\\framework\\src\\Illuminate\\Routing\\Router.php(750): Illuminate\\Routing\\Router->runRoute()
#40 C:\\Users\\camar\\Bureau\\mindful-journey-ui\\back-mindful-journey-iu\\mindful-journey-back\\vendor\\laravel\\framework\\src\\Illuminate\\Routing\\Router.php(739): Illuminate\\Routing\\Router->dispatchToRoute()
#41 C:\\Users\\camar\\Bureau\\mindful-journey-ui\\back-mindful-journey-iu\\mindful-journey-back\\vendor\\laravel\\framework\\src\\Illuminate\\Foundation\\Http\\Kernel.php(200): Illuminate\\Routing\\Router->dispatch()
#42 C:\\Users\\camar\\Bureau\\mindful-journey-ui\\back-mindful-journey-iu\\mindful-journey-back\\vendor\\laravel\\framework\\src\\Illuminate\\Pipeline\\Pipeline.php(169): Illuminate\\Foundation\\Http\\Kernel->Illuminate\\Foundation\\Http\\{closure}()
#43 C:\\Users\\camar\\Bureau\\mindful-journey-ui\\back-mindful-journey-iu\\mindful-journey-back\\vendor\\laravel\\framework\\src\\Illuminate\\Foundation\\Http\\Middleware\\TransformsRequest.php(21): Illuminate\\Pipeline\\Pipeline->Illuminate\\Pipeline\\{closure}()
#44 C:\\Users\\camar\\Bureau\\mindful-journey-ui\\back-mindful-journey-iu\\mindful-journey-back\\vendor\\laravel\\framework\\src\\Illuminate\\Foundation\\Http\\Middleware\\ConvertEmptyStringsToNull.php(31): Illuminate\\Foundation\\Http\\Middleware\\TransformsRequest->handle()
#45 C:\\Users\\camar\\Bureau\\mindful-journey-ui\\back-mindful-journey-iu\\mindful-journey-back\\vendor\\laravel\\framework\\src\\Illuminate\\Pipeline\\Pipeline.php(208): Illuminate\\Foundation\\Http\\Middleware\\ConvertEmptyStringsToNull->handle()
#46 C:\\Users\\camar\\Bureau\\mindful-journey-ui\\back-mindful-journey-iu\\mindful-journey-back\\vendor\\laravel\\framework\\src\\Illuminate\\Foundation\\Http\\Middleware\\TransformsRequest.php(21): Illuminate\\Pipeline\\Pipeline->Illuminate\\Pipeline\\{closure}()
#47 C:\\Users\\camar\\Bureau\\mindful-journey-ui\\back-mindful-journey-iu\\mindful-journey-back\\vendor\\laravel\\framework\\src\\Illuminate\\Foundation\\Http\\Middleware\\TrimStrings.php(51): Illuminate\\Foundation\\Http\\Middleware\\TransformsRequest->handle()
#48 C:\\Users\\camar\\Bureau\\mindful-journey-ui\\back-mindful-journey-iu\\mindful-journey-back\\vendor\\laravel\\framework\\src\\Illuminate\\Pipeline\\Pipeline.php(208): Illuminate\\Foundation\\Http\\Middleware\\TrimStrings->handle()
#49 C:\\Users\\camar\\Bureau\\mindful-journey-ui\\back-mindful-journey-iu\\mindful-journey-back\\vendor\\laravel\\framework\\src\\Illuminate\\Http\\Middleware\\ValidatePostSize.php(27): Illuminate\\Pipeline\\Pipeline->Illuminate\\Pipeline\\{closure}()
#50 C:\\Users\\camar\\Bureau\\mindful-journey-ui\\back-mindful-journey-iu\\mindful-journey-back\\vendor\\laravel\\framework\\src\\Illuminate\\Pipeline\\Pipeline.php(208): Illuminate\\Http\\Middleware\\ValidatePostSize->handle()
#51 C:\\Users\\camar\\Bureau\\mindful-journey-ui\\back-mindful-journey-iu\\mindful-journey-back\\vendor\\laravel\\framework\\src\\Illuminate\\Foundation\\Http\\Middleware\\PreventRequestsDuringMaintenance.php(109): Illuminate\\Pipeline\\Pipeline->Illuminate\\Pipeline\\{closure}()
#52 C:\\Users\\camar\\Bureau\\mindful-journey-ui\\back-mindful-journey-iu\\mindful-journey-back\\vendor\\laravel\\framework\\src\\Illuminate\\Pipeline\\Pipeline.php(208): Illuminate\\Foundation\\Http\\Middleware\\PreventRequestsDuringMaintenance->handle()
#53 C:\\Users\\camar\\Bureau\\mindful-journey-ui\\back-mindful-journey-iu\\mindful-journey-back\\vendor\\laravel\\framework\\src\\Illuminate\\Http\\Middleware\\HandleCors.php(48): Illuminate\\Pipeline\\Pipeline->Illuminate\\Pipeline\\{closure}()
#54 C:\\Users\\camar\\Bureau\\mindful-journey-ui\\back-mindful-journey-iu\\mindful-journey-back\\vendor\\laravel\\framework\\src\\Illuminate\\Pipeline\\Pipeline.php(208): Illuminate\\Http\\Middleware\\HandleCors->handle()
#55 C:\\Users\\camar\\Bureau\\mindful-journey-ui\\back-mindful-journey-iu\\mindful-journey-back\\vendor\\laravel\\framework\\src\\Illuminate\\Http\\Middleware\\TrustProxies.php(58): Illuminate\\Pipeline\\Pipeline->Illuminate\\Pipeline\\{closure}()
#56 C:\\Users\\camar\\Bureau\\mindful-journey-ui\\back-mindful-journey-iu\\mindful-journey-back\\vendor\\laravel\\framework\\src\\Illuminate\\Pipeline\\Pipeline.php(208): Illuminate\\Http\\Middleware\\TrustProxies->handle()
#57 C:\\Users\\camar\\Bureau\\mindful-journey-ui\\back-mindful-journey-iu\\mindful-journey-back\\vendor\\laravel\\framework\\src\\Illuminate\\Foundation\\Http\\Middleware\\InvokeDeferredCallbacks.php(22): Illuminate\\Pipeline\\Pipeline->Illuminate\\Pipeline\\{closure}()
#58 C:\\Users\\camar\\Bureau\\mindful-journey-ui\\back-mindful-journey-iu\\mindful-journey-back\\vendor\\laravel\\framework\\src\\Illuminate\\Pipeline\\Pipeline.php(208): Illuminate\\Foundation\\Http\\Middleware\\InvokeDeferredCallbacks->handle()
#59 C:\\Users\\camar\\Bureau\\mindful-journey-ui\\back-mindful-journey-iu\\mindful-journey-back\\vendor\\laravel\\framework\\src\\Illuminate\\Http\\Middleware\\ValidatePathEncoding.php(26): Illuminate\\Pipeline\\Pipeline->Illuminate\\Pipeline\\{closure}()
#60 C:\\Users\\camar\\Bureau\\mindful-journey-ui\\back-mindful-journey-iu\\mindful-journey-back\\vendor\\laravel\\framework\\src\\Illuminate\\Pipeline\\Pipeline.php(208): Illuminate\\Http\\Middleware\\ValidatePathEncoding->handle()
#61 C:\\Users\\camar\\Bureau\\mindful-journey-ui\\back-mindful-journey-iu\\mindful-journey-back\\vendor\\laravel\\framework\\src\\Illuminate\\Pipeline\\Pipeline.php(126): Illuminate\\Pipeline\\Pipeline->Illuminate\\Pipeline\\{closure}()
#62 C:\\Users\\camar\\Bureau\\mindful-journey-ui\\back-mindful-journey-iu\\mindful-journey-back\\vendor\\laravel\\framework\\src\\Illuminate\\Foundation\\Http\\Kernel.php(175): Illuminate\\Pipeline\\Pipeline->then()
#63 C:\\Users\\camar\\Bureau\\mindful-journey-ui\\back-mindful-journey-iu\\mindful-journey-back\\vendor\\laravel\\framework\\src\\Illuminate\\Foundation\\Http\\Kernel.php(144): Illuminate\\Foundation\\Http\\Kernel->sendRequestThroughRouter()
#64 C:\\Users\\camar\\Bureau\\mindful-journey-ui\\back-mindful-journey-iu\\mindful-journey-back\\vendor\\laravel\\framework\\src\\Illuminate\\Foundation\\Application.php(1219): Illuminate\\Foundation\\Http\\Kernel->handle()
#65 C:\\Users\\camar\\Bureau\\mindful-journey-ui\\back-mindful-journey-iu\\mindful-journey-back\\public\\index.php(20): Illuminate\\Foundation\\Application->handleRequest()
#66 C:\\Users\\camar\\Bureau\\mindful-journey-ui\\back-mindful-journey-iu\\mindful-journey-back\\vendor\\laravel\\framework\\src\\Illuminate\\Foundation\\resources\\server.php(23): require_once('...')
#67 {main}

[previous exception] [object] (Illuminate\\Foundation\\ViteManifestNotFoundException(code: 0): Vite manifest not found at: C:\\Users\\camar\\Bureau\\mindful-journey-ui\\back-mindful-journey-iu\\mindful-journey-back\\public\\build/manifest.json at C:\\Users\\camar\\Bureau\\mindful-journey-ui\\back-mindful-journey-iu\\mindful-journey-back\\vendor\\laravel\\framework\\src\\Illuminate\\Foundation\\Vite.php:935)
[stacktrace]
#0 C:\\Users\\camar\\Bureau\\mindful-journey-ui\\back-mindful-journey-iu\\mindful-journey-back\\vendor\\laravel\\framework\\src\\Illuminate\\Foundation\\Vite.php(384): Illuminate\\Foundation\\Vite->manifest()
#1 C:\\Users\\camar\\Bureau\\mindful-journey-ui\\back-mindful-journey-iu\\mindful-journey-back\\storage\\framework\\views\\aaeaa50ddce0c97df925cc85c14d4cec.php(44): Illuminate\\Foundation\\Vite->__invoke()
#2 C:\\Users\\camar\\Bureau\\mindful-journey-ui\\back-mindful-journey-iu\\mindful-journey-back\\vendor\\laravel\\framework\\src\\Illuminate\\Filesystem\\Filesystem.php(123): require('...')
#3 C:\\Users\\camar\\Bureau\\mindful-journey-ui\\back-mindful-journey-iu\\mindful-journey-back\\vendor\\laravel\\framework\\src\\Illuminate\\Filesystem\\Filesystem.php(124): Illuminate\\Filesystem\\Filesystem::Illuminate\\Filesystem\\{closure}()
#4 C:\\Users\\camar\\Bureau\\mindful-journey-ui\\back-mindful-journey-iu\\mindful-journey-back\\vendor\\laravel\\framework\\src\\Illuminate\\View\\Engines\\PhpEngine.php(57): Illuminate\\Filesystem\\Filesystem->getRequire()
#5 C:\\Users\\camar\\Bureau\\mindful-journey-ui\\back-mindful-journey-iu\\mindful-journey-back\\vendor\\laravel\\framework\\src\\Illuminate\\View\\Engines\\CompilerEngine.php(76): Illuminate\\View\\Engines\\PhpEngine->evaluatePath()
#6 C:\\Users\\camar\\Bureau\\mindful-journey-ui\\back-mindful-journey-iu\\mindful-journey-back\\vendor\\laravel\\framework\\src\\Illuminate\\View\\View.php(208): Illuminate\\View\\Engines\\CompilerEngine->get()
#7 C:\\Users\\camar\\Bureau\\mindful-journey-ui\\back-mindful-journey-iu\\mindful-journey-back\\vendor\\laravel\\framework\\src\\Illuminate\\View\\View.php(191): Illuminate\\View\\View->getContents()
#8 C:\\Users\\camar\\Bureau\\mindful-journey-ui\\back-mindful-journey-iu\\mindful-journey-back\\vendor\\laravel\\framework\\src\\Illuminate\\View\\View.php(160): Illuminate\\View\\View->renderContents()
#9 C:\\Users\\camar\\Bureau\\mindful-journey-ui\\back-mindful-journey-iu\\mindful-journey-back\\vendor\\laravel\\framework\\src\\Illuminate\\Http\\Response.php(78): Illuminate\\View\\View->render()
#10 C:\\Users\\camar\\Bureau\\mindful-journey-ui\\back-mindful-journey-iu\\mindful-journey-back\\vendor\\laravel\\framework\\src\\Illuminate\\Http\\Response.php(34): Illuminate\\Http\\Response->setContent()
#11 C:\\Users\\camar\\Bureau\\mindful-journey-ui\\back-mindful-journey-iu\\mindful-journey-back\\vendor\\laravel\\framework\\src\\Illuminate\\Routing\\ResponseFactory.php(61): Illuminate\\Http\\Response->__construct()
#12 C:\\Users\\camar\\Bureau\\mindful-journey-ui\\back-mindful-journey-iu\\mindful-journey-back\\vendor\\laravel\\framework\\src\\Illuminate\\Routing\\ResponseFactory.php(91): Illuminate\\Routing\\ResponseFactory->make()
#13 C:\\Users\\camar\\Bureau\\mindful-journey-ui\\back-mindful-journey-iu\\mindful-journey-back\\vendor\\laravel\\framework\\src\\Illuminate\\Support\\Facades\\Facade.php(361): Illuminate\\Routing\\ResponseFactory->view()
#14 C:\\Users\\camar\\Bureau\\mindful-journey-ui\\back-mindful-journey-iu\\mindful-journey-back\\vendor\\inertiajs\\inertia-laravel\\src\\Response.php(135): Illuminate\\Support\\Facades\\Facade::__callStatic()
#15 C:\\Users\\camar\\Bureau\\mindful-journey-ui\\back-mindful-journey-iu\\mindful-journey-back\\vendor\\laravel\\framework\\src\\Illuminate\\Routing\\Router.php(907): Inertia\\Response->toResponse()
#16 C:\\Users\\camar\\Bureau\\mindful-journey-ui\\back-mindful-journey-iu\\mindful-journey-back\\vendor\\laravel\\framework\\src\\Illuminate\\Routing\\Router.php(892): Illuminate\\Routing\\Router::toResponse()
#17 C:\\Users\\camar\\Bureau\\mindful-journey-ui\\back-mindful-journey-iu\\mindful-journey-back\\vendor\\laravel\\framework\\src\\Illuminate\\Routing\\Router.php(807): Illuminate\\Routing\\Router->prepareResponse()
#18 C:\\Users\\camar\\Bureau\\mindful-journey-ui\\back-mindful-journey-iu\\mindful-journey-back\\vendor\\laravel\\framework\\src\\Illuminate\\Pipeline\\Pipeline.php(169): Illuminate\\Routing\\Router->Illuminate\\Routing\\{closure}()
#19 C:\\Users\\camar\\Bureau\\mindful-journey-ui\\back-mindful-journey-iu\\mindful-journey-back\\vendor\\laravel\\framework\\src\\Illuminate\\Auth\\Middleware\\RedirectIfAuthenticated.php(35): Illuminate\\Pipeline\\Pipeline->Illuminate\\Pipeline\\{closure}()
#20 C:\\Users\\camar\\Bureau\\mindful-journey-ui\\back-mindful-journey-iu\\mindful-journey-back\\vendor\\laravel\\framework\\src\\Illuminate\\Pipeline\\Pipeline.php(208): Illuminate\\Auth\\Middleware\\RedirectIfAuthenticated->handle()
#21 C:\\Users\\camar\\Bureau\\mindful-journey-ui\\back-mindful-journey-iu\\mindful-journey-back\\vendor\\laravel\\framework\\src\\Illuminate\\Http\\Middleware\\AddLinkHeadersForPreloadedAssets.php(32): Illuminate\\Pipeline\\Pipeline->Illuminate\\Pipeline\\{closure}()
#22 C:\\Users\\camar\\Bureau\\mindful-journey-ui\\back-mindful-journey-iu\\mindful-journey-back\\vendor\\laravel\\framework\\src\\Illuminate\\Pipeline\\Pipeline.php(208): Illuminate\\Http\\Middleware\\AddLinkHeadersForPreloadedAssets->handle()
#23 C:\\Users\\camar\\Bureau\\mindful-journey-ui\\back-mindful-journey-iu\\mindful-journey-back\\vendor\\inertiajs\\inertia-laravel\\src\\Middleware.php(100): Illuminate\\Pipeline\\Pipeline->Illuminate\\Pipeline\\{closure}()
#24 C:\\Users\\camar\\Bureau\\mindful-journey-ui\\back-mindful-journey-iu\\mindful-journey-back\\vendor\\laravel\\framework\\src\\Illuminate\\Pipeline\\Pipeline.php(208): Inertia\\Middleware->handle()
#25 C:\\Users\\camar\\Bureau\\mindful-journey-ui\\back-mindful-journey-iu\\mindful-journey-back\\app\\Http\\Middleware\\HandleAppearance.php(21): Illuminate\\Pipeline\\Pipeline->Illuminate\\Pipeline\\{closure}()
#26 C:\\Users\\camar\\Bureau\\mindful-journey-ui\\back-mindful-journey-iu\\mindful-journey-back\\vendor\\laravel\\framework\\src\\Illuminate\\Pipeline\\Pipeline.php(208): App\\Http\\Middleware\\HandleAppearance->handle()
#27 C:\\Users\\camar\\Bureau\\mindful-journey-ui\\back-mindful-journey-iu\\mindful-journey-back\\vendor\\laravel\\framework\\src\\Illuminate\\Routing\\Middleware\\SubstituteBindings.php(50): Illuminate\\Pipeline\\Pipeline->Illuminate\\Pipeline\\{closure}()
#28 C:\\Users\\camar\\Bureau\\mindful-journey-ui\\back-mindful-journey-iu\\mindful-journey-back\\vendor\\laravel\\framework\\src\\Illuminate\\Pipeline\\Pipeline.php(208): Illuminate\\Routing\\Middleware\\SubstituteBindings->handle()
#29 C:\\Users\\camar\\Bureau\\mindful-journey-ui\\back-mindful-journey-iu\\mindful-journey-back\\vendor\\laravel\\framework\\src\\Illuminate\\Foundation\\Http\\Middleware\\VerifyCsrfToken.php(87): Illuminate\\Pipeline\\Pipeline->Illuminate\\Pipeline\\{closure}()
#30 C:\\Users\\camar\\Bureau\\mindful-journey-ui\\back-mindful-journey-iu\\mindful-journey-back\\vendor\\laravel\\framework\\src\\Illuminate\\Pipeline\\Pipeline.php(208): Illuminate\\Foundation\\Http\\Middleware\\VerifyCsrfToken->handle()
#31 C:\\Users\\camar\\Bureau\\mindful-journey-ui\\back-mindful-journey-iu\\mindful-journey-back\\vendor\\laravel\\framework\\src\\Illuminate\\View\\Middleware\\ShareErrorsFromSession.php(48): Illuminate\\Pipeline\\Pipeline->Illuminate\\Pipeline\\{closure}()
#32 C:\\Users\\camar\\Bureau\\mindful-journey-ui\\back-mindful-journey-iu\\mindful-journey-back\\vendor\\laravel\\framework\\src\\Illuminate\\Pipeline\\Pipeline.php(208): Illuminate\\View\\Middleware\\ShareErrorsFromSession->handle()
#33 C:\\Users\\camar\\Bureau\\mindful-journey-ui\\back-mindful-journey-iu\\mindful-journey-back\\vendor\\laravel\\framework\\src\\Illuminate\\Session\\Middleware\\StartSession.php(120): Illuminate\\Pipeline\\Pipeline->Illuminate\\Pipeline\\{closure}()
#34 C:\\Users\\camar\\Bureau\\mindful-journey-ui\\back-mindful-journey-iu\\mindful-journey-back\\vendor\\laravel\\framework\\src\\Illuminate\\Session\\Middleware\\StartSession.php(63): Illuminate\\Session\\Middleware\\StartSession->handleStatefulRequest()
#35 C:\\Users\\camar\\Bureau\\mindful-journey-ui\\back-mindful-journey-iu\\mindful-journey-back\\vendor\\laravel\\framework\\src\\Illuminate\\Pipeline\\Pipeline.php(208): Illuminate\\Session\\Middleware\\StartSession->handle()
#36 C:\\Users\\camar\\Bureau\\mindful-journey-ui\\back-mindful-journey-iu\\mindful-journey-back\\vendor\\laravel\\framework\\src\\Illuminate\\Cookie\\Middleware\\AddQueuedCookiesToResponse.php(36): Illuminate\\Pipeline\\Pipeline->Illuminate\\Pipeline\\{closure}()
#37 C:\\Users\\camar\\Bureau\\mindful-journey-ui\\back-mindful-journey-iu\\mindful-journey-back\\vendor\\laravel\\framework\\src\\Illuminate\\Pipeline\\Pipeline.php(208): Illuminate\\Cookie\\Middleware\\AddQueuedCookiesToResponse->handle()
#38 C:\\Users\\camar\\Bureau\\mindful-journey-ui\\back-mindful-journey-iu\\mindful-journey-back\\vendor\\laravel\\framework\\src\\Illuminate\\Cookie\\Middleware\\EncryptCookies.php(74): Illuminate\\Pipeline\\Pipeline->Illuminate\\Pipeline\\{closure}()
#39 C:\\Users\\camar\\Bureau\\mindful-journey-ui\\back-mindful-journey-iu\\mindful-journey-back\\vendor\\laravel\\framework\\src\\Illuminate\\Pipeline\\Pipeline.php(208): Illuminate\\Cookie\\Middleware\\EncryptCookies->handle()
#40 C:\\Users\\camar\\Bureau\\mindful-journey-ui\\back-mindful-journey-iu\\mindful-journey-back\\vendor\\laravel\\framework\\src\\Illuminate\\Pipeline\\Pipeline.php(126): Illuminate\\Pipeline\\Pipeline->Illuminate\\Pipeline\\{closure}()
#41 C:\\Users\\camar\\Bureau\\mindful-journey-ui\\back-mindful-journey-iu\\mindful-journey-back\\vendor\\laravel\\framework\\src\\Illuminate\\Routing\\Router.php(807): Illuminate\\Pipeline\\Pipeline->then()
#42 C:\\Users\\camar\\Bureau\\mindful-journey-ui\\back-mindful-journey-iu\\mindful-journey-back\\vendor\\laravel\\framework\\src\\Illuminate\\Routing\\Router.php(786): Illuminate\\Routing\\Router->runRouteWithinStack()
#43 C:\\Users\\camar\\Bureau\\mindful-journey-ui\\back-mindful-journey-iu\\mindful-journey-back\\vendor\\laravel\\framework\\src\\Illuminate\\Routing\\Router.php(750): Illuminate\\Routing\\Router->runRoute()
#44 C:\\Users\\camar\\Bureau\\mindful-journey-ui\\back-mindful-journey-iu\\mindful-journey-back\\vendor\\laravel\\framework\\src\\Illuminate\\Routing\\Router.php(739): Illuminate\\Routing\\Router->dispatchToRoute()
#45 C:\\Users\\camar\\Bureau\\mindful-journey-ui\\back-mindful-journey-iu\\mindful-journey-back\\vendor\\laravel\\framework\\src\\Illuminate\\Foundation\\Http\\Kernel.php(200): Illuminate\\Routing\\Router->dispatch()
#46 C:\\Users\\camar\\Bureau\\mindful-journey-ui\\back-mindful-journey-iu\\mindful-journey-back\\vendor\\laravel\\framework\\src\\Illuminate\\Pipeline\\Pipeline.php(169): Illuminate\\Foundation\\Http\\Kernel->Illuminate\\Foundation\\Http\\{closure}()
#47 C:\\Users\\camar\\Bureau\\mindful-journey-ui\\back-mindful-journey-iu\\mindful-journey-back\\vendor\\laravel\\framework\\src\\Illuminate\\Foundation\\Http\\Middleware\\TransformsRequest.php(21): Illuminate\\Pipeline\\Pipeline->Illuminate\\Pipeline\\{closure}()
#48 C:\\Users\\camar\\Bureau\\mindful-journey-ui\\back-mindful-journey-iu\\mindful-journey-back\\vendor\\laravel\\framework\\src\\Illuminate\\Foundation\\Http\\Middleware\\ConvertEmptyStringsToNull.php(31): Illuminate\\Foundation\\Http\\Middleware\\TransformsRequest->handle()
#49 C:\\Users\\camar\\Bureau\\mindful-journey-ui\\back-mindful-journey-iu\\mindful-journey-back\\vendor\\laravel\\framework\\src\\Illuminate\\Pipeline\\Pipeline.php(208): Illuminate\\Foundation\\Http\\Middleware\\ConvertEmptyStringsToNull->handle()
#50 C:\\Users\\camar\\Bureau\\mindful-journey-ui\\back-mindful-journey-iu\\mindful-journey-back\\vendor\\laravel\\framework\\src\\Illuminate\\Foundation\\Http\\Middleware\\TransformsRequest.php(21): Illuminate\\Pipeline\\Pipeline->Illuminate\\Pipeline\\{closure}()
#51 C:\\Users\\camar\\Bureau\\mindful-journey-ui\\back-mindful-journey-iu\\mindful-journey-back\\vendor\\laravel\\framework\\src\\Illuminate\\Foundation\\Http\\Middleware\\TrimStrings.php(51): Illuminate\\Foundation\\Http\\Middleware\\TransformsRequest->handle()
#52 C:\\Users\\camar\\Bureau\\mindful-journey-ui\\back-mindful-journey-iu\\mindful-journey-back\\vendor\\laravel\\framework\\src\\Illuminate\\Pipeline\\Pipeline.php(208): Illuminate\\Foundation\\Http\\Middleware\\TrimStrings->handle()
#53 C:\\Users\\camar\\Bureau\\mindful-journey-ui\\back-mindful-journey-iu\\mindful-journey-back\\vendor\\laravel\\framework\\src\\Illuminate\\Http\\Middleware\\ValidatePostSize.php(27): Illuminate\\Pipeline\\Pipeline->Illuminate\\Pipeline\\{closure}()
#54 C:\\Users\\camar\\Bureau\\mindful-journey-ui\\back-mindful-journey-iu\\mindful-journey-back\\vendor\\laravel\\framework\\src\\Illuminate\\Pipeline\\Pipeline.php(208): Illuminate\\Http\\Middleware\\ValidatePostSize->handle()
#55 C:\\Users\\camar\\Bureau\\mindful-journey-ui\\back-mindful-journey-iu\\mindful-journey-back\\vendor\\laravel\\framework\\src\\Illuminate\\Foundation\\Http\\Middleware\\PreventRequestsDuringMaintenance.php(109): Illuminate\\Pipeline\\Pipeline->Illuminate\\Pipeline\\{closure}()
#56 C:\\Users\\camar\\Bureau\\mindful-journey-ui\\back-mindful-journey-iu\\mindful-journey-back\\vendor\\laravel\\framework\\src\\Illuminate\\Pipeline\\Pipeline.php(208): Illuminate\\Foundation\\Http\\Middleware\\PreventRequestsDuringMaintenance->handle()
#57 C:\\Users\\camar\\Bureau\\mindful-journey-ui\\back-mindful-journey-iu\\mindful-journey-back\\vendor\\laravel\\framework\\src\\Illuminate\\Http\\Middleware\\HandleCors.php(48): Illuminate\\Pipeline\\Pipeline->Illuminate\\Pipeline\\{closure}()
#58 C:\\Users\\camar\\Bureau\\mindful-journey-ui\\back-mindful-journey-iu\\mindful-journey-back\\vendor\\laravel\\framework\\src\\Illuminate\\Pipeline\\Pipeline.php(208): Illuminate\\Http\\Middleware\\HandleCors->handle()
#59 C:\\Users\\camar\\Bureau\\mindful-journey-ui\\back-mindful-journey-iu\\mindful-journey-back\\vendor\\laravel\\framework\\src\\Illuminate\\Http\\Middleware\\TrustProxies.php(58): Illuminate\\Pipeline\\Pipeline->Illuminate\\Pipeline\\{closure}()
#60 C:\\Users\\camar\\Bureau\\mindful-journey-ui\\back-mindful-journey-iu\\mindful-journey-back\\vendor\\laravel\\framework\\src\\Illuminate\\Pipeline\\Pipeline.php(208): Illuminate\\Http\\Middleware\\TrustProxies->handle()
#61 C:\\Users\\camar\\Bureau\\mindful-journey-ui\\back-mindful-journey-iu\\mindful-journey-back\\vendor\\laravel\\framework\\src\\Illuminate\\Foundation\\Http\\Middleware\\InvokeDeferredCallbacks.php(22): Illuminate\\Pipeline\\Pipeline->Illuminate\\Pipeline\\{closure}()
#62 C:\\Users\\camar\\Bureau\\mindful-journey-ui\\back-mindful-journey-iu\\mindful-journey-back\\vendor\\laravel\\framework\\src\\Illuminate\\Pipeline\\Pipeline.php(208): Illuminate\\Foundation\\Http\\Middleware\\InvokeDeferredCallbacks->handle()
#63 C:\\Users\\camar\\Bureau\\mindful-journey-ui\\back-mindful-journey-iu\\mindful-journey-back\\vendor\\laravel\\framework\\src\\Illuminate\\Http\\Middleware\\ValidatePathEncoding.php(26): Illuminate\\Pipeline\\Pipeline->Illuminate\\Pipeline\\{closure}()
#64 C:\\Users\\camar\\Bureau\\mindful-journey-ui\\back-mindful-journey-iu\\mindful-journey-back\\vendor\\laravel\\framework\\src\\Illuminate\\Pipeline\\Pipeline.php(208): Illuminate\\Http\\Middleware\\ValidatePathEncoding->handle()
#65 C:\\Users\\camar\\Bureau\\mindful-journey-ui\\back-mindful-journey-iu\\mindful-journey-back\\vendor\\laravel\\framework\\src\\Illuminate\\Pipeline\\Pipeline.php(126): Illuminate\\Pipeline\\Pipeline->Illuminate\\Pipeline\\{closure}()
#66 C:\\Users\\camar\\Bureau\\mindful-journey-ui\\back-mindful-journey-iu\\mindful-journey-back\\vendor\\laravel\\framework\\src\\Illuminate\\Foundation\\Http\\Kernel.php(175): Illuminate\\Pipeline\\Pipeline->then()
#67 C:\\Users\\camar\\Bureau\\mindful-journey-ui\\back-mindful-journey-iu\\mindful-journey-back\\vendor\\laravel\\framework\\src\\Illuminate\\Foundation\\Http\\Kernel.php(144): Illuminate\\Foundation\\Http\\Kernel->sendRequestThroughRouter()
#68 C:\\Users\\camar\\Bureau\\mindful-journey-ui\\back-mindful-journey-iu\\mindful-journey-back\\vendor\\laravel\\framework\\src\\Illuminate\\Foundation\\Application.php(1219): Illuminate\\Foundation\\Http\\Kernel->handle()
#69 C:\\Users\\camar\\Bureau\\mindful-journey-ui\\back-mindful-journey-iu\\mindful-journey-back\\public\\index.php(20): Illuminate\\Foundation\\Application->handleRequest()
#70 C:\\Users\\camar\\Bureau\\mindful-journey-ui\\back-mindful-journey-iu\\mindful-journey-back\\vendor\\laravel\\framework\\src\\Illuminate\\Foundation\\resources\\server.php(23): require_once('...')
#71 {main}
"} 
[2025-08-15 13:33:10] local.ERROR: SQLSTATE[HY000]: General error: 1 table "challenges" already exists (Connection: sqlite, SQL: create table "challenges" ("id" integer primary key autoincrement not null, "title" varchar not null, "description" text, "created_at" datetime, "updated_at" datetime)) {"exception":"[object] (Illuminate\\Database\\QueryException(code: HY000): SQLSTATE[HY000]: General error: 1 table \"challenges\" already exists (Connection: sqlite, SQL: create table \"challenges\" (\"id\" integer primary key autoincrement not null, \"title\" varchar not null, \"description\" text, \"created_at\" datetime, \"updated_at\" datetime)) at C:\\Users\\camar\\Bureau\\mindful-journey-ui\\back-mindful-journey-iu\\mindful-journey-back\\vendor\\laravel\\framework\\src\\Illuminate\\Database\\Connection.php:824)
[stacktrace]
#0 C:\\Users\\camar\\Bureau\\mindful-journey-ui\\back-mindful-journey-iu\\mindful-journey-back\\vendor\\laravel\\framework\\src\\Illuminate\\Database\\Connection.php(778): Illuminate\\Database\\Connection->runQueryCallback()
#1 C:\\Users\\camar\\Bureau\\mindful-journey-ui\\back-mindful-journey-iu\\mindful-journey-back\\vendor\\laravel\\framework\\src\\Illuminate\\Database\\Connection.php(559): Illuminate\\Database\\Connection->run()
#2 C:\\Users\\camar\\Bureau\\mindful-journey-ui\\back-mindful-journey-iu\\mindful-journey-back\\vendor\\laravel\\framework\\src\\Illuminate\\Database\\Schema\\Blueprint.php(119): Illuminate\\Database\\Connection->statement()
#3 C:\\Users\\camar\\Bureau\\mindful-journey-ui\\back-mindful-journey-iu\\mindful-journey-back\\vendor\\laravel\\framework\\src\\Illuminate\\Database\\Schema\\Builder.php(618): Illuminate\\Database\\Schema\\Blueprint->build()
#4 C:\\Users\\camar\\Bureau\\mindful-journey-ui\\back-mindful-journey-iu\\mindful-journey-back\\vendor\\laravel\\framework\\src\\Illuminate\\Database\\Schema\\Builder.php(472): Illuminate\\Database\\Schema\\Builder->build()
#5 C:\\Users\\camar\\Bureau\\mindful-journey-ui\\back-mindful-journey-iu\\mindful-journey-back\\vendor\\laravel\\framework\\src\\Illuminate\\Support\\Facades\\Facade.php(361): Illuminate\\Database\\Schema\\Builder->create()
#6 C:\\Users\\camar\\Bureau\\mindful-journey-ui\\back-mindful-journey-iu\\mindful-journey-back\\database\\migrations\\2025_08_15_000001_create_challenges_table.php(9): Illuminate\\Support\\Facades\\Facade::__callStatic()
#7 C:\\Users\\camar\\Bureau\\mindful-journey-ui\\back-mindful-journey-iu\\mindful-journey-back\\vendor\\laravel\\framework\\src\\Illuminate\\Database\\Migrations\\Migrator.php(514): Illuminate\\Database\\Migrations\\Migration@anonymous->up()
#8 C:\\Users\\camar\\Bureau\\mindful-journey-ui\\back-mindful-journey-iu\\mindful-journey-back\\vendor\\laravel\\framework\\src\\Illuminate\\Database\\Migrations\\Migrator.php(439): Illuminate\\Database\\Migrations\\Migrator->runMethod()
#9 C:\\Users\\camar\\Bureau\\mindful-journey-ui\\back-mindful-journey-iu\\mindful-journey-back\\vendor\\laravel\\framework\\src\\Illuminate\\Database\\Migrations\\Migrator.php(448): Illuminate\\Database\\Migrations\\Migrator->Illuminate\\Database\\Migrations\\{closure}()
#10 C:\\Users\\camar\\Bureau\\mindful-journey-ui\\back-mindful-journey-iu\\mindful-journey-back\\vendor\\laravel\\framework\\src\\Illuminate\\Database\\Migrations\\Migrator.php(250): Illuminate\\Database\\Migrations\\Migrator->runMigration()
#11 C:\\Users\\camar\\Bureau\\mindful-journey-ui\\back-mindful-journey-iu\\mindful-journey-back\\vendor\\laravel\\framework\\src\\Illuminate\\Console\\View\\Components\\Task.php(41): Illuminate\\Database\\Migrations\\Migrator->Illuminate\\Database\\Migrations\\{closure}()
#12 C:\\Users\\camar\\Bureau\\mindful-journey-ui\\back-mindful-journey-iu\\mindful-journey-back\\vendor\\laravel\\framework\\src\\Illuminate\\Database\\Migrations\\Migrator.php(809): Illuminate\\Console\\View\\Components\\Task->render()
#13 C:\\Users\\camar\\Bureau\\mindful-journey-ui\\back-mindful-journey-iu\\mindful-journey-back\\vendor\\laravel\\framework\\src\\Illuminate\\Database\\Migrations\\Migrator.php(250): Illuminate\\Database\\Migrations\\Migrator->write()
#14 C:\\Users\\camar\\Bureau\\mindful-journey-ui\\back-mindful-journey-iu\\mindful-journey-back\\vendor\\laravel\\framework\\src\\Illuminate\\Database\\Migrations\\Migrator.php(210): Illuminate\\Database\\Migrations\\Migrator->runUp()
#15 C:\\Users\\camar\\Bureau\\mindful-journey-ui\\back-mindful-journey-iu\\mindful-journey-back\\vendor\\laravel\\framework\\src\\Illuminate\\Database\\Migrations\\Migrator.php(137): Illuminate\\Database\\Migrations\\Migrator->runPending()
#16 C:\\Users\\camar\\Bureau\\mindful-journey-ui\\back-mindful-journey-iu\\mindful-journey-back\\vendor\\laravel\\framework\\src\\Illuminate\\Database\\Console\\Migrations\\MigrateCommand.php(116): Illuminate\\Database\\Migrations\\Migrator->run()
#17 C:\\Users\\camar\\Bureau\\mindful-journey-ui\\back-mindful-journey-iu\\mindful-journey-back\\vendor\\laravel\\framework\\src\\Illuminate\\Database\\Migrations\\Migrator.php(666): Illuminate\\Database\\Console\\Migrations\\MigrateCommand->Illuminate\\Database\\Console\\Migrations\\{closure}()
#18 C:\\Users\\camar\\Bureau\\mindful-journey-ui\\back-mindful-journey-iu\\mindful-journey-back\\vendor\\laravel\\framework\\src\\Illuminate\\Database\\Console\\Migrations\\MigrateCommand.php(109): Illuminate\\Database\\Migrations\\Migrator->usingConnection()
#19 C:\\Users\\camar\\Bureau\\mindful-journey-ui\\back-mindful-journey-iu\\mindful-journey-back\\vendor\\laravel\\framework\\src\\Illuminate\\Database\\Console\\Migrations\\MigrateCommand.php(88): Illuminate\\Database\\Console\\Migrations\\MigrateCommand->runMigrations()
#20 C:\\Users\\camar\\Bureau\\mindful-journey-ui\\back-mindful-journey-iu\\mindful-journey-back\\vendor\\laravel\\framework\\src\\Illuminate\\Container\\BoundMethod.php(36): Illuminate\\Database\\Console\\Migrations\\MigrateCommand->handle()
#21 C:\\Users\\camar\\Bureau\\mindful-journey-ui\\back-mindful-journey-iu\\mindful-journey-back\\vendor\\laravel\\framework\\src\\Illuminate\\Container\\Util.php(43): Illuminate\\Container\\BoundMethod::Illuminate\\Container\\{closure}()
#22 C:\\Users\\camar\\Bureau\\mindful-journey-ui\\back-mindful-journey-iu\\mindful-journey-back\\vendor\\laravel\\framework\\src\\Illuminate\\Container\\BoundMethod.php(96): Illuminate\\Container\\Util::unwrapIfClosure()
#23 C:\\Users\\camar\\Bureau\\mindful-journey-ui\\back-mindful-journey-iu\\mindful-journey-back\\vendor\\laravel\\framework\\src\\Illuminate\\Container\\BoundMethod.php(35): Illuminate\\Container\\BoundMethod::callBoundMethod()
#24 C:\\Users\\camar\\Bureau\\mindful-journey-ui\\back-mindful-journey-iu\\mindful-journey-back\\vendor\\laravel\\framework\\src\\Illuminate\\Container\\Container.php(780): Illuminate\\Container\\BoundMethod::call()
#25 C:\\Users\\camar\\Bureau\\mindful-journey-ui\\back-mindful-journey-iu\\mindful-journey-back\\vendor\\laravel\\framework\\src\\Illuminate\\Console\\Command.php(211): Illuminate\\Container\\Container->call()
#26 C:\\Users\\camar\\Bureau\\mindful-journey-ui\\back-mindful-journey-iu\\mindful-journey-back\\vendor\\symfony\\console\\Command\\Command.php(318): Illuminate\\Console\\Command->execute()
#27 C:\\Users\\camar\\Bureau\\mindful-journey-ui\\back-mindful-journey-iu\\mindful-journey-back\\vendor\\laravel\\framework\\src\\Illuminate\\Console\\Command.php(180): Symfony\\Component\\Console\\Command\\Command->run()
#28 C:\\Users\\camar\\Bureau\\mindful-journey-ui\\back-mindful-journey-iu\\mindful-journey-back\\vendor\\symfony\\console\\Application.php(1092): Illuminate\\Console\\Command->run()
#29 C:\\Users\\camar\\Bureau\\mindful-journey-ui\\back-mindful-journey-iu\\mindful-journey-back\\vendor\\symfony\\console\\Application.php(341): Symfony\\Component\\Console\\Application->doRunCommand()
#30 C:\\Users\\camar\\Bureau\\mindful-journey-ui\\back-mindful-journey-iu\\mindful-journey-back\\vendor\\symfony\\console\\Application.php(192): Symfony\\Component\\Console\\Application->doRun()
#31 C:\\Users\\camar\\Bureau\\mindful-journey-ui\\back-mindful-journey-iu\\mindful-journey-back\\vendor\\laravel\\framework\\src\\Illuminate\\Foundation\\Console\\Kernel.php(197): Symfony\\Component\\Console\\Application->run()
#32 C:\\Users\\camar\\Bureau\\mindful-journey-ui\\back-mindful-journey-iu\\mindful-journey-back\\vendor\\laravel\\framework\\src\\Illuminate\\Foundation\\Application.php(1234): Illuminate\\Foundation\\Console\\Kernel->handle()
#33 C:\\Users\\camar\\Bureau\\mindful-journey-ui\\back-mindful-journey-iu\\mindful-journey-back\\artisan(16): Illuminate\\Foundation\\Application->handleCommand()
#34 {main}

[previous exception] [object] (PDOException(code: HY000): SQLSTATE[HY000]: General error: 1 table \"challenges\" already exists at C:\\Users\\camar\\Bureau\\mindful-journey-ui\\back-mindful-journey-iu\\mindful-journey-back\\vendor\\laravel\\framework\\src\\Illuminate\\Database\\Connection.php:564)
[stacktrace]
#0 C:\\Users\\camar\\Bureau\\mindful-journey-ui\\back-mindful-journey-iu\\mindful-journey-back\\vendor\\laravel\\framework\\src\\Illuminate\\Database\\Connection.php(564): PDO->prepare()
#1 C:\\Users\\camar\\Bureau\\mindful-journey-ui\\back-mindful-journey-iu\\mindful-journey-back\\vendor\\laravel\\framework\\src\\Illuminate\\Database\\Connection.php(811): Illuminate\\Database\\Connection->Illuminate\\Database\\{closure}()
#2 C:\\Users\\camar\\Bureau\\mindful-journey-ui\\back-mindful-journey-iu\\mindful-journey-back\\vendor\\laravel\\framework\\src\\Illuminate\\Database\\Connection.php(778): Illuminate\\Database\\Connection->runQueryCallback()
#3 C:\\Users\\camar\\Bureau\\mindful-journey-ui\\back-mindful-journey-iu\\mindful-journey-back\\vendor\\laravel\\framework\\src\\Illuminate\\Database\\Connection.php(559): Illuminate\\Database\\Connection->run()
#4 C:\\Users\\camar\\Bureau\\mindful-journey-ui\\back-mindful-journey-iu\\mindful-journey-back\\vendor\\laravel\\framework\\src\\Illuminate\\Database\\Schema\\Blueprint.php(119): Illuminate\\Database\\Connection->statement()
#5 C:\\Users\\camar\\Bureau\\mindful-journey-ui\\back-mindful-journey-iu\\mindful-journey-back\\vendor\\laravel\\framework\\src\\Illuminate\\Database\\Schema\\Builder.php(618): Illuminate\\Database\\Schema\\Blueprint->build()
#6 C:\\Users\\camar\\Bureau\\mindful-journey-ui\\back-mindful-journey-iu\\mindful-journey-back\\vendor\\laravel\\framework\\src\\Illuminate\\Database\\Schema\\Builder.php(472): Illuminate\\Database\\Schema\\Builder->build()
#7 C:\\Users\\camar\\Bureau\\mindful-journey-ui\\back-mindful-journey-iu\\mindful-journey-back\\vendor\\laravel\\framework\\src\\Illuminate\\Support\\Facades\\Facade.php(361): Illuminate\\Database\\Schema\\Builder->create()
#8 C:\\Users\\camar\\Bureau\\mindful-journey-ui\\back-mindful-journey-iu\\mindful-journey-back\\database\\migrations\\2025_08_15_000001_create_challenges_table.php(9): Illuminate\\Support\\Facades\\Facade::__callStatic()
#9 C:\\Users\\camar\\Bureau\\mindful-journey-ui\\back-mindful-journey-iu\\mindful-journey-back\\vendor\\laravel\\framework\\src\\Illuminate\\Database\\Migrations\\Migrator.php(514): Illuminate\\Database\\Migrations\\Migration@anonymous->up()
#10 C:\\Users\\camar\\Bureau\\mindful-journey-ui\\back-mindful-journey-iu\\mindful-journey-back\\vendor\\laravel\\framework\\src\\Illuminate\\Database\\Migrations\\Migrator.php(439): Illuminate\\Database\\Migrations\\Migrator->runMethod()
#11 C:\\Users\\camar\\Bureau\\mindful-journey-ui\\back-mindful-journey-iu\\mindful-journey-back\\vendor\\laravel\\framework\\src\\Illuminate\\Database\\Migrations\\Migrator.php(448): Illuminate\\Database\\Migrations\\Migrator->Illuminate\\Database\\Migrations\\{closure}()
#12 C:\\Users\\camar\\Bureau\\mindful-journey-ui\\back-mindful-journey-iu\\mindful-journey-back\\vendor\\laravel\\framework\\src\\Illuminate\\Database\\Migrations\\Migrator.php(250): Illuminate\\Database\\Migrations\\Migrator->runMigration()
#13 C:\\Users\\camar\\Bureau\\mindful-journey-ui\\back-mindful-journey-iu\\mindful-journey-back\\vendor\\laravel\\framework\\src\\Illuminate\\Console\\View\\Components\\Task.php(41): Illuminate\\Database\\Migrations\\Migrator->Illuminate\\Database\\Migrations\\{closure}()
#14 C:\\Users\\camar\\Bureau\\mindful-journey-ui\\back-mindful-journey-iu\\mindful-journey-back\\vendor\\laravel\\framework\\src\\Illuminate\\Database\\Migrations\\Migrator.php(809): Illuminate\\Console\\View\\Components\\Task->render()
#15 C:\\Users\\camar\\Bureau\\mindful-journey-ui\\back-mindful-journey-iu\\mindful-journey-back\\vendor\\laravel\\framework\\src\\Illuminate\\Database\\Migrations\\Migrator.php(250): Illuminate\\Database\\Migrations\\Migrator->write()
#16 C:\\Users\\camar\\Bureau\\mindful-journey-ui\\back-mindful-journey-iu\\mindful-journey-back\\vendor\\laravel\\framework\\src\\Illuminate\\Database\\Migrations\\Migrator.php(210): Illuminate\\Database\\Migrations\\Migrator->runUp()
#17 C:\\Users\\camar\\Bureau\\mindful-journey-ui\\back-mindful-journey-iu\\mindful-journey-back\\vendor\\laravel\\framework\\src\\Illuminate\\Database\\Migrations\\Migrator.php(137): Illuminate\\Database\\Migrations\\Migrator->runPending()
#18 C:\\Users\\camar\\Bureau\\mindful-journey-ui\\back-mindful-journey-iu\\mindful-journey-back\\vendor\\laravel\\framework\\src\\Illuminate\\Database\\Console\\Migrations\\MigrateCommand.php(116): Illuminate\\Database\\Migrations\\Migrator->run()
#19 C:\\Users\\camar\\Bureau\\mindful-journey-ui\\back-mindful-journey-iu\\mindful-journey-back\\vendor\\laravel\\framework\\src\\Illuminate\\Database\\Migrations\\Migrator.php(666): Illuminate\\Database\\Console\\Migrations\\MigrateCommand->Illuminate\\Database\\Console\\Migrations\\{closure}()
#20 C:\\Users\\camar\\Bureau\\mindful-journey-ui\\back-mindful-journey-iu\\mindful-journey-back\\vendor\\laravel\\framework\\src\\Illuminate\\Database\\Console\\Migrations\\MigrateCommand.php(109): Illuminate\\Database\\Migrations\\Migrator->usingConnection()
#21 C:\\Users\\camar\\Bureau\\mindful-journey-ui\\back-mindful-journey-iu\\mindful-journey-back\\vendor\\laravel\\framework\\src\\Illuminate\\Database\\Console\\Migrations\\MigrateCommand.php(88): Illuminate\\Database\\Console\\Migrations\\MigrateCommand->runMigrations()
#22 C:\\Users\\camar\\Bureau\\mindful-journey-ui\\back-mindful-journey-iu\\mindful-journey-back\\vendor\\laravel\\framework\\src\\Illuminate\\Container\\BoundMethod.php(36): Illuminate\\Database\\Console\\Migrations\\MigrateCommand->handle()
#23 C:\\Users\\camar\\Bureau\\mindful-journey-ui\\back-mindful-journey-iu\\mindful-journey-back\\vendor\\laravel\\framework\\src\\Illuminate\\Container\\Util.php(43): Illuminate\\Container\\BoundMethod::Illuminate\\Container\\{closure}()
#24 C:\\Users\\camar\\Bureau\\mindful-journey-ui\\back-mindful-journey-iu\\mindful-journey-back\\vendor\\laravel\\framework\\src\\Illuminate\\Container\\BoundMethod.php(96): Illuminate\\Container\\Util::unwrapIfClosure()
#25 C:\\Users\\camar\\Bureau\\mindful-journey-ui\\back-mindful-journey-iu\\mindful-journey-back\\vendor\\laravel\\framework\\src\\Illuminate\\Container\\BoundMethod.php(35): Illuminate\\Container\\BoundMethod::callBoundMethod()
#26 C:\\Users\\camar\\Bureau\\mindful-journey-ui\\back-mindful-journey-iu\\mindful-journey-back\\vendor\\laravel\\framework\\src\\Illuminate\\Container\\Container.php(780): Illuminate\\Container\\BoundMethod::call()
#27 C:\\Users\\camar\\Bureau\\mindful-journey-ui\\back-mindful-journey-iu\\mindful-journey-back\\vendor\\laravel\\framework\\src\\Illuminate\\Console\\Command.php(211): Illuminate\\Container\\Container->call()
#28 C:\\Users\\camar\\Bureau\\mindful-journey-ui\\back-mindful-journey-iu\\mindful-journey-back\\vendor\\symfony\\console\\Command\\Command.php(318): Illuminate\\Console\\Command->execute()
#29 C:\\Users\\camar\\Bureau\\mindful-journey-ui\\back-mindful-journey-iu\\mindful-journey-back\\vendor\\laravel\\framework\\src\\Illuminate\\Console\\Command.php(180): Symfony\\Component\\Console\\Command\\Command->run()
#30 C:\\Users\\camar\\Bureau\\mindful-journey-ui\\back-mindful-journey-iu\\mindful-journey-back\\vendor\\symfony\\console\\Application.php(1092): Illuminate\\Console\\Command->run()
#31 C:\\Users\\camar\\Bureau\\mindful-journey-ui\\back-mindful-journey-iu\\mindful-journey-back\\vendor\\symfony\\console\\Application.php(341): Symfony\\Component\\Console\\Application->doRunCommand()
#32 C:\\Users\\camar\\Bureau\\mindful-journey-ui\\back-mindful-journey-iu\\mindful-journey-back\\vendor\\symfony\\console\\Application.php(192): Symfony\\Component\\Console\\Application->doRun()
#33 C:\\Users\\camar\\Bureau\\mindful-journey-ui\\back-mindful-journey-iu\\mindful-journey-back\\vendor\\laravel\\framework\\src\\Illuminate\\Foundation\\Console\\Kernel.php(197): Symfony\\Component\\Console\\Application->run()
#34 C:\\Users\\camar\\Bureau\\mindful-journey-ui\\back-mindful-journey-iu\\mindful-journey-back\\vendor\\laravel\\framework\\src\\Illuminate\\Foundation\\Application.php(1234): Illuminate\\Foundation\\Console\\Kernel->handle()
#35 C:\\Users\\camar\\Bureau\\mindful-journey-ui\\back-mindful-journey-iu\\mindful-journey-back\\artisan(16): Illuminate\\Foundation\\Application->handleCommand()
#36 {main}
"} 
[2025-08-15 13:33:19] local.ERROR: SQLSTATE[HY000]: General error: 1 table "challenges" already exists (Connection: sqlite, SQL: create table "challenges" ("id" integer primary key autoincrement not null, "title" varchar not null, "description" text, "created_at" datetime, "updated_at" datetime)) {"exception":"[object] (Illuminate\\Database\\QueryException(code: HY000): SQLSTATE[HY000]: General error: 1 table \"challenges\" already exists (Connection: sqlite, SQL: create table \"challenges\" (\"id\" integer primary key autoincrement not null, \"title\" varchar not null, \"description\" text, \"created_at\" datetime, \"updated_at\" datetime)) at C:\\Users\\camar\\Bureau\\mindful-journey-ui\\back-mindful-journey-iu\\mindful-journey-back\\vendor\\laravel\\framework\\src\\Illuminate\\Database\\Connection.php:824)
[stacktrace]
#0 C:\\Users\\camar\\Bureau\\mindful-journey-ui\\back-mindful-journey-iu\\mindful-journey-back\\vendor\\laravel\\framework\\src\\Illuminate\\Database\\Connection.php(778): Illuminate\\Database\\Connection->runQueryCallback()
#1 C:\\Users\\camar\\Bureau\\mindful-journey-ui\\back-mindful-journey-iu\\mindful-journey-back\\vendor\\laravel\\framework\\src\\Illuminate\\Database\\Connection.php(559): Illuminate\\Database\\Connection->run()
#2 C:\\Users\\camar\\Bureau\\mindful-journey-ui\\back-mindful-journey-iu\\mindful-journey-back\\vendor\\laravel\\framework\\src\\Illuminate\\Database\\Schema\\Blueprint.php(119): Illuminate\\Database\\Connection->statement()
#3 C:\\Users\\camar\\Bureau\\mindful-journey-ui\\back-mindful-journey-iu\\mindful-journey-back\\vendor\\laravel\\framework\\src\\Illuminate\\Database\\Schema\\Builder.php(618): Illuminate\\Database\\Schema\\Blueprint->build()
#4 C:\\Users\\camar\\Bureau\\mindful-journey-ui\\back-mindful-journey-iu\\mindful-journey-back\\vendor\\laravel\\framework\\src\\Illuminate\\Database\\Schema\\Builder.php(472): Illuminate\\Database\\Schema\\Builder->build()
#5 C:\\Users\\camar\\Bureau\\mindful-journey-ui\\back-mindful-journey-iu\\mindful-journey-back\\vendor\\laravel\\framework\\src\\Illuminate\\Support\\Facades\\Facade.php(361): Illuminate\\Database\\Schema\\Builder->create()
#6 C:\\Users\\camar\\Bureau\\mindful-journey-ui\\back-mindful-journey-iu\\mindful-journey-back\\database\\migrations\\2025_08_15_000001_create_challenges_table.php(9): Illuminate\\Support\\Facades\\Facade::__callStatic()
#7 C:\\Users\\camar\\Bureau\\mindful-journey-ui\\back-mindful-journey-iu\\mindful-journey-back\\vendor\\laravel\\framework\\src\\Illuminate\\Database\\Migrations\\Migrator.php(514): Illuminate\\Database\\Migrations\\Migration@anonymous->up()
#8 C:\\Users\\camar\\Bureau\\mindful-journey-ui\\back-mindful-journey-iu\\mindful-journey-back\\vendor\\laravel\\framework\\src\\Illuminate\\Database\\Migrations\\Migrator.php(439): Illuminate\\Database\\Migrations\\Migrator->runMethod()
#9 C:\\Users\\camar\\Bureau\\mindful-journey-ui\\back-mindful-journey-iu\\mindful-journey-back\\vendor\\laravel\\framework\\src\\Illuminate\\Database\\Migrations\\Migrator.php(448): Illuminate\\Database\\Migrations\\Migrator->Illuminate\\Database\\Migrations\\{closure}()
#10 C:\\Users\\camar\\Bureau\\mindful-journey-ui\\back-mindful-journey-iu\\mindful-journey-back\\vendor\\laravel\\framework\\src\\Illuminate\\Database\\Migrations\\Migrator.php(250): Illuminate\\Database\\Migrations\\Migrator->runMigration()
#11 C:\\Users\\camar\\Bureau\\mindful-journey-ui\\back-mindful-journey-iu\\mindful-journey-back\\vendor\\laravel\\framework\\src\\Illuminate\\Console\\View\\Components\\Task.php(41): Illuminate\\Database\\Migrations\\Migrator->Illuminate\\Database\\Migrations\\{closure}()
#12 C:\\Users\\camar\\Bureau\\mindful-journey-ui\\back-mindful-journey-iu\\mindful-journey-back\\vendor\\laravel\\framework\\src\\Illuminate\\Database\\Migrations\\Migrator.php(809): Illuminate\\Console\\View\\Components\\Task->render()
#13 C:\\Users\\camar\\Bureau\\mindful-journey-ui\\back-mindful-journey-iu\\mindful-journey-back\\vendor\\laravel\\framework\\src\\Illuminate\\Database\\Migrations\\Migrator.php(250): Illuminate\\Database\\Migrations\\Migrator->write()
#14 C:\\Users\\camar\\Bureau\\mindful-journey-ui\\back-mindful-journey-iu\\mindful-journey-back\\vendor\\laravel\\framework\\src\\Illuminate\\Database\\Migrations\\Migrator.php(210): Illuminate\\Database\\Migrations\\Migrator->runUp()
#15 C:\\Users\\camar\\Bureau\\mindful-journey-ui\\back-mindful-journey-iu\\mindful-journey-back\\vendor\\laravel\\framework\\src\\Illuminate\\Database\\Migrations\\Migrator.php(137): Illuminate\\Database\\Migrations\\Migrator->runPending()
#16 C:\\Users\\camar\\Bureau\\mindful-journey-ui\\back-mindful-journey-iu\\mindful-journey-back\\vendor\\laravel\\framework\\src\\Illuminate\\Database\\Console\\Migrations\\MigrateCommand.php(116): Illuminate\\Database\\Migrations\\Migrator->run()
#17 C:\\Users\\camar\\Bureau\\mindful-journey-ui\\back-mindful-journey-iu\\mindful-journey-back\\vendor\\laravel\\framework\\src\\Illuminate\\Database\\Migrations\\Migrator.php(666): Illuminate\\Database\\Console\\Migrations\\MigrateCommand->Illuminate\\Database\\Console\\Migrations\\{closure}()
#18 C:\\Users\\camar\\Bureau\\mindful-journey-ui\\back-mindful-journey-iu\\mindful-journey-back\\vendor\\laravel\\framework\\src\\Illuminate\\Database\\Console\\Migrations\\MigrateCommand.php(109): Illuminate\\Database\\Migrations\\Migrator->usingConnection()
#19 C:\\Users\\camar\\Bureau\\mindful-journey-ui\\back-mindful-journey-iu\\mindful-journey-back\\vendor\\laravel\\framework\\src\\Illuminate\\Database\\Console\\Migrations\\MigrateCommand.php(88): Illuminate\\Database\\Console\\Migrations\\MigrateCommand->runMigrations()
#20 C:\\Users\\camar\\Bureau\\mindful-journey-ui\\back-mindful-journey-iu\\mindful-journey-back\\vendor\\laravel\\framework\\src\\Illuminate\\Container\\BoundMethod.php(36): Illuminate\\Database\\Console\\Migrations\\MigrateCommand->handle()
#21 C:\\Users\\camar\\Bureau\\mindful-journey-ui\\back-mindful-journey-iu\\mindful-journey-back\\vendor\\laravel\\framework\\src\\Illuminate\\Container\\Util.php(43): Illuminate\\Container\\BoundMethod::Illuminate\\Container\\{closure}()
#22 C:\\Users\\camar\\Bureau\\mindful-journey-ui\\back-mindful-journey-iu\\mindful-journey-back\\vendor\\laravel\\framework\\src\\Illuminate\\Container\\BoundMethod.php(96): Illuminate\\Container\\Util::unwrapIfClosure()
#23 C:\\Users\\camar\\Bureau\\mindful-journey-ui\\back-mindful-journey-iu\\mindful-journey-back\\vendor\\laravel\\framework\\src\\Illuminate\\Container\\BoundMethod.php(35): Illuminate\\Container\\BoundMethod::callBoundMethod()
#24 C:\\Users\\camar\\Bureau\\mindful-journey-ui\\back-mindful-journey-iu\\mindful-journey-back\\vendor\\laravel\\framework\\src\\Illuminate\\Container\\Container.php(780): Illuminate\\Container\\BoundMethod::call()
#25 C:\\Users\\camar\\Bureau\\mindful-journey-ui\\back-mindful-journey-iu\\mindful-journey-back\\vendor\\laravel\\framework\\src\\Illuminate\\Console\\Command.php(211): Illuminate\\Container\\Container->call()
#26 C:\\Users\\camar\\Bureau\\mindful-journey-ui\\back-mindful-journey-iu\\mindful-journey-back\\vendor\\symfony\\console\\Command\\Command.php(318): Illuminate\\Console\\Command->execute()
#27 C:\\Users\\camar\\Bureau\\mindful-journey-ui\\back-mindful-journey-iu\\mindful-journey-back\\vendor\\laravel\\framework\\src\\Illuminate\\Console\\Command.php(180): Symfony\\Component\\Console\\Command\\Command->run()
#28 C:\\Users\\camar\\Bureau\\mindful-journey-ui\\back-mindful-journey-iu\\mindful-journey-back\\vendor\\symfony\\console\\Application.php(1092): Illuminate\\Console\\Command->run()
#29 C:\\Users\\camar\\Bureau\\mindful-journey-ui\\back-mindful-journey-iu\\mindful-journey-back\\vendor\\symfony\\console\\Application.php(341): Symfony\\Component\\Console\\Application->doRunCommand()
#30 C:\\Users\\camar\\Bureau\\mindful-journey-ui\\back-mindful-journey-iu\\mindful-journey-back\\vendor\\symfony\\console\\Application.php(192): Symfony\\Component\\Console\\Application->doRun()
#31 C:\\Users\\camar\\Bureau\\mindful-journey-ui\\back-mindful-journey-iu\\mindful-journey-back\\vendor\\laravel\\framework\\src\\Illuminate\\Foundation\\Console\\Kernel.php(197): Symfony\\Component\\Console\\Application->run()
#32 C:\\Users\\camar\\Bureau\\mindful-journey-ui\\back-mindful-journey-iu\\mindful-journey-back\\vendor\\laravel\\framework\\src\\Illuminate\\Foundation\\Application.php(1234): Illuminate\\Foundation\\Console\\Kernel->handle()
#33 C:\\Users\\camar\\Bureau\\mindful-journey-ui\\back-mindful-journey-iu\\mindful-journey-back\\artisan(16): Illuminate\\Foundation\\Application->handleCommand()
#34 {main}

[previous exception] [object] (PDOException(code: HY000): SQLSTATE[HY000]: General error: 1 table \"challenges\" already exists at C:\\Users\\camar\\Bureau\\mindful-journey-ui\\back-mindful-journey-iu\\mindful-journey-back\\vendor\\laravel\\framework\\src\\Illuminate\\Database\\Connection.php:564)
[stacktrace]
#0 C:\\Users\\camar\\Bureau\\mindful-journey-ui\\back-mindful-journey-iu\\mindful-journey-back\\vendor\\laravel\\framework\\src\\Illuminate\\Database\\Connection.php(564): PDO->prepare()
#1 C:\\Users\\camar\\Bureau\\mindful-journey-ui\\back-mindful-journey-iu\\mindful-journey-back\\vendor\\laravel\\framework\\src\\Illuminate\\Database\\Connection.php(811): Illuminate\\Database\\Connection->Illuminate\\Database\\{closure}()
#2 C:\\Users\\camar\\Bureau\\mindful-journey-ui\\back-mindful-journey-iu\\mindful-journey-back\\vendor\\laravel\\framework\\src\\Illuminate\\Database\\Connection.php(778): Illuminate\\Database\\Connection->runQueryCallback()
#3 C:\\Users\\camar\\Bureau\\mindful-journey-ui\\back-mindful-journey-iu\\mindful-journey-back\\vendor\\laravel\\framework\\src\\Illuminate\\Database\\Connection.php(559): Illuminate\\Database\\Connection->run()
#4 C:\\Users\\camar\\Bureau\\mindful-journey-ui\\back-mindful-journey-iu\\mindful-journey-back\\vendor\\laravel\\framework\\src\\Illuminate\\Database\\Schema\\Blueprint.php(119): Illuminate\\Database\\Connection->statement()
#5 C:\\Users\\camar\\Bureau\\mindful-journey-ui\\back-mindful-journey-iu\\mindful-journey-back\\vendor\\laravel\\framework\\src\\Illuminate\\Database\\Schema\\Builder.php(618): Illuminate\\Database\\Schema\\Blueprint->build()
#6 C:\\Users\\camar\\Bureau\\mindful-journey-ui\\back-mindful-journey-iu\\mindful-journey-back\\vendor\\laravel\\framework\\src\\Illuminate\\Database\\Schema\\Builder.php(472): Illuminate\\Database\\Schema\\Builder->build()
#7 C:\\Users\\camar\\Bureau\\mindful-journey-ui\\back-mindful-journey-iu\\mindful-journey-back\\vendor\\laravel\\framework\\src\\Illuminate\\Support\\Facades\\Facade.php(361): Illuminate\\Database\\Schema\\Builder->create()
#8 C:\\Users\\camar\\Bureau\\mindful-journey-ui\\back-mindful-journey-iu\\mindful-journey-back\\database\\migrations\\2025_08_15_000001_create_challenges_table.php(9): Illuminate\\Support\\Facades\\Facade::__callStatic()
#9 C:\\Users\\camar\\Bureau\\mindful-journey-ui\\back-mindful-journey-iu\\mindful-journey-back\\vendor\\laravel\\framework\\src\\Illuminate\\Database\\Migrations\\Migrator.php(514): Illuminate\\Database\\Migrations\\Migration@anonymous->up()
#10 C:\\Users\\camar\\Bureau\\mindful-journey-ui\\back-mindful-journey-iu\\mindful-journey-back\\vendor\\laravel\\framework\\src\\Illuminate\\Database\\Migrations\\Migrator.php(439): Illuminate\\Database\\Migrations\\Migrator->runMethod()
#11 C:\\Users\\camar\\Bureau\\mindful-journey-ui\\back-mindful-journey-iu\\mindful-journey-back\\vendor\\laravel\\framework\\src\\Illuminate\\Database\\Migrations\\Migrator.php(448): Illuminate\\Database\\Migrations\\Migrator->Illuminate\\Database\\Migrations\\{closure}()
#12 C:\\Users\\camar\\Bureau\\mindful-journey-ui\\back-mindful-journey-iu\\mindful-journey-back\\vendor\\laravel\\framework\\src\\Illuminate\\Database\\Migrations\\Migrator.php(250): Illuminate\\Database\\Migrations\\Migrator->runMigration()
#13 C:\\Users\\camar\\Bureau\\mindful-journey-ui\\back-mindful-journey-iu\\mindful-journey-back\\vendor\\laravel\\framework\\src\\Illuminate\\Console\\View\\Components\\Task.php(41): Illuminate\\Database\\Migrations\\Migrator->Illuminate\\Database\\Migrations\\{closure}()
#14 C:\\Users\\camar\\Bureau\\mindful-journey-ui\\back-mindful-journey-iu\\mindful-journey-back\\vendor\\laravel\\framework\\src\\Illuminate\\Database\\Migrations\\Migrator.php(809): Illuminate\\Console\\View\\Components\\Task->render()
#15 C:\\Users\\camar\\Bureau\\mindful-journey-ui\\back-mindful-journey-iu\\mindful-journey-back\\vendor\\laravel\\framework\\src\\Illuminate\\Database\\Migrations\\Migrator.php(250): Illuminate\\Database\\Migrations\\Migrator->write()
#16 C:\\Users\\camar\\Bureau\\mindful-journey-ui\\back-mindful-journey-iu\\mindful-journey-back\\vendor\\laravel\\framework\\src\\Illuminate\\Database\\Migrations\\Migrator.php(210): Illuminate\\Database\\Migrations\\Migrator->runUp()
#17 C:\\Users\\camar\\Bureau\\mindful-journey-ui\\back-mindful-journey-iu\\mindful-journey-back\\vendor\\laravel\\framework\\src\\Illuminate\\Database\\Migrations\\Migrator.php(137): Illuminate\\Database\\Migrations\\Migrator->runPending()
#18 C:\\Users\\camar\\Bureau\\mindful-journey-ui\\back-mindful-journey-iu\\mindful-journey-back\\vendor\\laravel\\framework\\src\\Illuminate\\Database\\Console\\Migrations\\MigrateCommand.php(116): Illuminate\\Database\\Migrations\\Migrator->run()
#19 C:\\Users\\camar\\Bureau\\mindful-journey-ui\\back-mindful-journey-iu\\mindful-journey-back\\vendor\\laravel\\framework\\src\\Illuminate\\Database\\Migrations\\Migrator.php(666): Illuminate\\Database\\Console\\Migrations\\MigrateCommand->Illuminate\\Database\\Console\\Migrations\\{closure}()
#20 C:\\Users\\camar\\Bureau\\mindful-journey-ui\\back-mindful-journey-iu\\mindful-journey-back\\vendor\\laravel\\framework\\src\\Illuminate\\Database\\Console\\Migrations\\MigrateCommand.php(109): Illuminate\\Database\\Migrations\\Migrator->usingConnection()
#21 C:\\Users\\camar\\Bureau\\mindful-journey-ui\\back-mindful-journey-iu\\mindful-journey-back\\vendor\\laravel\\framework\\src\\Illuminate\\Database\\Console\\Migrations\\MigrateCommand.php(88): Illuminate\\Database\\Console\\Migrations\\MigrateCommand->runMigrations()
#22 C:\\Users\\camar\\Bureau\\mindful-journey-ui\\back-mindful-journey-iu\\mindful-journey-back\\vendor\\laravel\\framework\\src\\Illuminate\\Container\\BoundMethod.php(36): Illuminate\\Database\\Console\\Migrations\\MigrateCommand->handle()
#23 C:\\Users\\camar\\Bureau\\mindful-journey-ui\\back-mindful-journey-iu\\mindful-journey-back\\vendor\\laravel\\framework\\src\\Illuminate\\Container\\Util.php(43): Illuminate\\Container\\BoundMethod::Illuminate\\Container\\{closure}()
#24 C:\\Users\\camar\\Bureau\\mindful-journey-ui\\back-mindful-journey-iu\\mindful-journey-back\\vendor\\laravel\\framework\\src\\Illuminate\\Container\\BoundMethod.php(96): Illuminate\\Container\\Util::unwrapIfClosure()
#25 C:\\Users\\camar\\Bureau\\mindful-journey-ui\\back-mindful-journey-iu\\mindful-journey-back\\vendor\\laravel\\framework\\src\\Illuminate\\Container\\BoundMethod.php(35): Illuminate\\Container\\BoundMethod::callBoundMethod()
#26 C:\\Users\\camar\\Bureau\\mindful-journey-ui\\back-mindful-journey-iu\\mindful-journey-back\\vendor\\laravel\\framework\\src\\Illuminate\\Container\\Container.php(780): Illuminate\\Container\\BoundMethod::call()
#27 C:\\Users\\camar\\Bureau\\mindful-journey-ui\\back-mindful-journey-iu\\mindful-journey-back\\vendor\\laravel\\framework\\src\\Illuminate\\Console\\Command.php(211): Illuminate\\Container\\Container->call()
#28 C:\\Users\\camar\\Bureau\\mindful-journey-ui\\back-mindful-journey-iu\\mindful-journey-back\\vendor\\symfony\\console\\Command\\Command.php(318): Illuminate\\Console\\Command->execute()
#29 C:\\Users\\camar\\Bureau\\mindful-journey-ui\\back-mindful-journey-iu\\mindful-journey-back\\vendor\\laravel\\framework\\src\\Illuminate\\Console\\Command.php(180): Symfony\\Component\\Console\\Command\\Command->run()
#30 C:\\Users\\camar\\Bureau\\mindful-journey-ui\\back-mindful-journey-iu\\mindful-journey-back\\vendor\\symfony\\console\\Application.php(1092): Illuminate\\Console\\Command->run()
#31 C:\\Users\\camar\\Bureau\\mindful-journey-ui\\back-mindful-journey-iu\\mindful-journey-back\\vendor\\symfony\\console\\Application.php(341): Symfony\\Component\\Console\\Application->doRunCommand()
#32 C:\\Users\\camar\\Bureau\\mindful-journey-ui\\back-mindful-journey-iu\\mindful-journey-back\\vendor\\symfony\\console\\Application.php(192): Symfony\\Component\\Console\\Application->doRun()
#33 C:\\Users\\camar\\Bureau\\mindful-journey-ui\\back-mindful-journey-iu\\mindful-journey-back\\vendor\\laravel\\framework\\src\\Illuminate\\Foundation\\Console\\Kernel.php(197): Symfony\\Component\\Console\\Application->run()
#34 C:\\Users\\camar\\Bureau\\mindful-journey-ui\\back-mindful-journey-iu\\mindful-journey-back\\vendor\\laravel\\framework\\src\\Illuminate\\Foundation\\Application.php(1234): Illuminate\\Foundation\\Console\\Kernel->handle()
#35 C:\\Users\\camar\\Bureau\\mindful-journey-ui\\back-mindful-journey-iu\\mindful-journey-back\\artisan(16): Illuminate\\Foundation\\Application->handleCommand()
#36 {main}
"} 
[2025-08-15 13:33:49] local.ERROR: SQLSTATE[HY000]: General error: 1 error in index users_google_id_unique after drop column: no such column: google_id (Connection: sqlite, SQL: alter table "users" drop column "google_id") {"exception":"[object] (Illuminate\\Database\\QueryException(code: HY000): SQLSTATE[HY000]: General error: 1 error in index users_google_id_unique after drop column: no such column: google_id (Connection: sqlite, SQL: alter table \"users\" drop column \"google_id\") at C:\\Users\\camar\\Bureau\\mindful-journey-ui\\back-mindful-journey-iu\\mindful-journey-back\\vendor\\laravel\\framework\\src\\Illuminate\\Database\\Connection.php:824)
[stacktrace]
#0 C:\\Users\\camar\\Bureau\\mindful-journey-ui\\back-mindful-journey-iu\\mindful-journey-back\\vendor\\laravel\\framework\\src\\Illuminate\\Database\\Connection.php(778): Illuminate\\Database\\Connection->runQueryCallback()
#1 C:\\Users\\camar\\Bureau\\mindful-journey-ui\\back-mindful-journey-iu\\mindful-journey-back\\vendor\\laravel\\framework\\src\\Illuminate\\Database\\Connection.php(559): Illuminate\\Database\\Connection->run()
#2 C:\\Users\\camar\\Bureau\\mindful-journey-ui\\back-mindful-journey-iu\\mindful-journey-back\\vendor\\laravel\\framework\\src\\Illuminate\\Database\\Schema\\Blueprint.php(119): Illuminate\\Database\\Connection->statement()
#3 C:\\Users\\camar\\Bureau\\mindful-journey-ui\\back-mindful-journey-iu\\mindful-journey-back\\vendor\\laravel\\framework\\src\\Illuminate\\Database\\Schema\\Builder.php(618): Illuminate\\Database\\Schema\\Blueprint->build()
#4 C:\\Users\\camar\\Bureau\\mindful-journey-ui\\back-mindful-journey-iu\\mindful-journey-back\\vendor\\laravel\\framework\\src\\Illuminate\\Database\\Schema\\Builder.php(460): Illuminate\\Database\\Schema\\Builder->build()
#5 C:\\Users\\camar\\Bureau\\mindful-journey-ui\\back-mindful-journey-iu\\mindful-journey-back\\vendor\\laravel\\framework\\src\\Illuminate\\Support\\Facades\\Facade.php(361): Illuminate\\Database\\Schema\\Builder->table()
#6 C:\\Users\\camar\\Bureau\\mindful-journey-ui\\back-mindful-journey-iu\\mindful-journey-back\\database\\migrations\\2025_08_04_081339_add_google_oauth_fields_to_users_table.php(27): Illuminate\\Support\\Facades\\Facade::__callStatic()
#7 C:\\Users\\camar\\Bureau\\mindful-journey-ui\\back-mindful-journey-iu\\mindful-journey-back\\vendor\\laravel\\framework\\src\\Illuminate\\Database\\Migrations\\Migrator.php(514): Illuminate\\Database\\Migrations\\Migration@anonymous->down()
#8 C:\\Users\\camar\\Bureau\\mindful-journey-ui\\back-mindful-journey-iu\\mindful-journey-back\\vendor\\laravel\\framework\\src\\Illuminate\\Database\\Migrations\\Migrator.php(439): Illuminate\\Database\\Migrations\\Migrator->runMethod()
#9 C:\\Users\\camar\\Bureau\\mindful-journey-ui\\back-mindful-journey-iu\\mindful-journey-back\\vendor\\laravel\\framework\\src\\Illuminate\\Database\\Migrations\\Migrator.php(448): Illuminate\\Database\\Migrations\\Migrator->Illuminate\\Database\\Migrations\\{closure}()
#10 C:\\Users\\camar\\Bureau\\mindful-journey-ui\\back-mindful-journey-iu\\mindful-journey-back\\vendor\\laravel\\framework\\src\\Illuminate\\Database\\Migrations\\Migrator.php(414): Illuminate\\Database\\Migrations\\Migrator->runMigration()
#11 C:\\Users\\camar\\Bureau\\mindful-journey-ui\\back-mindful-journey-iu\\mindful-journey-back\\vendor\\laravel\\framework\\src\\Illuminate\\Console\\View\\Components\\Task.php(41): Illuminate\\Database\\Migrations\\Migrator->Illuminate\\Database\\Migrations\\{closure}()
#12 C:\\Users\\camar\\Bureau\\mindful-journey-ui\\back-mindful-journey-iu\\mindful-journey-back\\vendor\\laravel\\framework\\src\\Illuminate\\Database\\Migrations\\Migrator.php(809): Illuminate\\Console\\View\\Components\\Task->render()
#13 C:\\Users\\camar\\Bureau\\mindful-journey-ui\\back-mindful-journey-iu\\mindful-journey-back\\vendor\\laravel\\framework\\src\\Illuminate\\Database\\Migrations\\Migrator.php(414): Illuminate\\Database\\Migrations\\Migrator->write()
#14 C:\\Users\\camar\\Bureau\\mindful-journey-ui\\back-mindful-journey-iu\\mindful-journey-back\\vendor\\laravel\\framework\\src\\Illuminate\\Database\\Migrations\\Migrator.php(337): Illuminate\\Database\\Migrations\\Migrator->runDown()
#15 C:\\Users\\camar\\Bureau\\mindful-journey-ui\\back-mindful-journey-iu\\mindful-journey-back\\vendor\\laravel\\framework\\src\\Illuminate\\Database\\Migrations\\Migrator.php(388): Illuminate\\Database\\Migrations\\Migrator->rollbackMigrations()
#16 C:\\Users\\camar\\Bureau\\mindful-journey-ui\\back-mindful-journey-iu\\mindful-journey-back\\vendor\\laravel\\framework\\src\\Illuminate\\Database\\Migrations\\Migrator.php(368): Illuminate\\Database\\Migrations\\Migrator->resetMigrations()
#17 C:\\Users\\camar\\Bureau\\mindful-journey-ui\\back-mindful-journey-iu\\mindful-journey-back\\vendor\\laravel\\framework\\src\\Illuminate\\Database\\Console\\Migrations\\ResetCommand.php(70): Illuminate\\Database\\Migrations\\Migrator->reset()
#18 C:\\Users\\camar\\Bureau\\mindful-journey-ui\\back-mindful-journey-iu\\mindful-journey-back\\vendor\\laravel\\framework\\src\\Illuminate\\Database\\Migrations\\Migrator.php(666): Illuminate\\Database\\Console\\Migrations\\ResetCommand->Illuminate\\Database\\Console\\Migrations\\{closure}()
#19 C:\\Users\\camar\\Bureau\\mindful-journey-ui\\back-mindful-journey-iu\\mindful-journey-back\\vendor\\laravel\\framework\\src\\Illuminate\\Database\\Console\\Migrations\\ResetCommand.php(62): Illuminate\\Database\\Migrations\\Migrator->usingConnection()
#20 C:\\Users\\camar\\Bureau\\mindful-journey-ui\\back-mindful-journey-iu\\mindful-journey-back\\vendor\\laravel\\framework\\src\\Illuminate\\Container\\BoundMethod.php(36): Illuminate\\Database\\Console\\Migrations\\ResetCommand->handle()
#21 C:\\Users\\camar\\Bureau\\mindful-journey-ui\\back-mindful-journey-iu\\mindful-journey-back\\vendor\\laravel\\framework\\src\\Illuminate\\Container\\Util.php(43): Illuminate\\Container\\BoundMethod::Illuminate\\Container\\{closure}()
#22 C:\\Users\\camar\\Bureau\\mindful-journey-ui\\back-mindful-journey-iu\\mindful-journey-back\\vendor\\laravel\\framework\\src\\Illuminate\\Container\\BoundMethod.php(96): Illuminate\\Container\\Util::unwrapIfClosure()
#23 C:\\Users\\camar\\Bureau\\mindful-journey-ui\\back-mindful-journey-iu\\mindful-journey-back\\vendor\\laravel\\framework\\src\\Illuminate\\Container\\BoundMethod.php(35): Illuminate\\Container\\BoundMethod::callBoundMethod()
#24 C:\\Users\\camar\\Bureau\\mindful-journey-ui\\back-mindful-journey-iu\\mindful-journey-back\\vendor\\laravel\\framework\\src\\Illuminate\\Container\\Container.php(780): Illuminate\\Container\\BoundMethod::call()
#25 C:\\Users\\camar\\Bureau\\mindful-journey-ui\\back-mindful-journey-iu\\mindful-journey-back\\vendor\\laravel\\framework\\src\\Illuminate\\Console\\Command.php(211): Illuminate\\Container\\Container->call()
#26 C:\\Users\\camar\\Bureau\\mindful-journey-ui\\back-mindful-journey-iu\\mindful-journey-back\\vendor\\symfony\\console\\Command\\Command.php(318): Illuminate\\Console\\Command->execute()
#27 C:\\Users\\camar\\Bureau\\mindful-journey-ui\\back-mindful-journey-iu\\mindful-journey-back\\vendor\\laravel\\framework\\src\\Illuminate\\Console\\Command.php(180): Symfony\\Component\\Console\\Command\\Command->run()
#28 C:\\Users\\camar\\Bureau\\mindful-journey-ui\\back-mindful-journey-iu\\mindful-journey-back\\vendor\\laravel\\framework\\src\\Illuminate\\Console\\Concerns\\CallsCommands.php(68): Illuminate\\Console\\Command->run()
#29 C:\\Users\\camar\\Bureau\\mindful-journey-ui\\back-mindful-journey-iu\\mindful-journey-back\\vendor\\laravel\\framework\\src\\Illuminate\\Console\\Concerns\\CallsCommands.php(29): Illuminate\\Console\\Command->runCommand()
#30 C:\\Users\\camar\\Bureau\\mindful-journey-ui\\back-mindful-journey-iu\\mindful-journey-back\\vendor\\laravel\\framework\\src\\Illuminate\\Database\\Console\\Migrations\\RefreshCommand.php(113): Illuminate\\Console\\Command->call()
#31 C:\\Users\\camar\\Bureau\\mindful-journey-ui\\back-mindful-journey-iu\\mindful-journey-back\\vendor\\laravel\\framework\\src\\Illuminate\\Database\\Console\\Migrations\\RefreshCommand.php(59): Illuminate\\Database\\Console\\Migrations\\RefreshCommand->runReset()
#32 C:\\Users\\camar\\Bureau\\mindful-journey-ui\\back-mindful-journey-iu\\mindful-journey-back\\vendor\\laravel\\framework\\src\\Illuminate\\Container\\BoundMethod.php(36): Illuminate\\Database\\Console\\Migrations\\RefreshCommand->handle()
#33 C:\\Users\\camar\\Bureau\\mindful-journey-ui\\back-mindful-journey-iu\\mindful-journey-back\\vendor\\laravel\\framework\\src\\Illuminate\\Container\\Util.php(43): Illuminate\\Container\\BoundMethod::Illuminate\\Container\\{closure}()
#34 C:\\Users\\camar\\Bureau\\mindful-journey-ui\\back-mindful-journey-iu\\mindful-journey-back\\vendor\\laravel\\framework\\src\\Illuminate\\Container\\BoundMethod.php(96): Illuminate\\Container\\Util::unwrapIfClosure()
#35 C:\\Users\\camar\\Bureau\\mindful-journey-ui\\back-mindful-journey-iu\\mindful-journey-back\\vendor\\laravel\\framework\\src\\Illuminate\\Container\\BoundMethod.php(35): Illuminate\\Container\\BoundMethod::callBoundMethod()
#36 C:\\Users\\camar\\Bureau\\mindful-journey-ui\\back-mindful-journey-iu\\mindful-journey-back\\vendor\\laravel\\framework\\src\\Illuminate\\Container\\Container.php(780): Illuminate\\Container\\BoundMethod::call()
#37 C:\\Users\\camar\\Bureau\\mindful-journey-ui\\back-mindful-journey-iu\\mindful-journey-back\\vendor\\laravel\\framework\\src\\Illuminate\\Console\\Command.php(211): Illuminate\\Container\\Container->call()
#38 C:\\Users\\camar\\Bureau\\mindful-journey-ui\\back-mindful-journey-iu\\mindful-journey-back\\vendor\\symfony\\console\\Command\\Command.php(318): Illuminate\\Console\\Command->execute()
#39 C:\\Users\\camar\\Bureau\\mindful-journey-ui\\back-mindful-journey-iu\\mindful-journey-back\\vendor\\laravel\\framework\\src\\Illuminate\\Console\\Command.php(180): Symfony\\Component\\Console\\Command\\Command->run()
#40 C:\\Users\\camar\\Bureau\\mindful-journey-ui\\back-mindful-journey-iu\\mindful-journey-back\\vendor\\symfony\\console\\Application.php(1092): Illuminate\\Console\\Command->run()
#41 C:\\Users\\camar\\Bureau\\mindful-journey-ui\\back-mindful-journey-iu\\mindful-journey-back\\vendor\\symfony\\console\\Application.php(341): Symfony\\Component\\Console\\Application->doRunCommand()
#42 C:\\Users\\camar\\Bureau\\mindful-journey-ui\\back-mindful-journey-iu\\mindful-journey-back\\vendor\\symfony\\console\\Application.php(192): Symfony\\Component\\Console\\Application->doRun()
#43 C:\\Users\\camar\\Bureau\\mindful-journey-ui\\back-mindful-journey-iu\\mindful-journey-back\\vendor\\laravel\\framework\\src\\Illuminate\\Foundation\\Console\\Kernel.php(197): Symfony\\Component\\Console\\Application->run()
#44 C:\\Users\\camar\\Bureau\\mindful-journey-ui\\back-mindful-journey-iu\\mindful-journey-back\\vendor\\laravel\\framework\\src\\Illuminate\\Foundation\\Application.php(1234): Illuminate\\Foundation\\Console\\Kernel->handle()
#45 C:\\Users\\camar\\Bureau\\mindful-journey-ui\\back-mindful-journey-iu\\mindful-journey-back\\artisan(16): Illuminate\\Foundation\\Application->handleCommand()
#46 {main}

[previous exception] [object] (PDOException(code: HY000): SQLSTATE[HY000]: General error: 1 error in index users_google_id_unique after drop column: no such column: google_id at C:\\Users\\camar\\Bureau\\mindful-journey-ui\\back-mindful-journey-iu\\mindful-journey-back\\vendor\\laravel\\framework\\src\\Illuminate\\Database\\Connection.php:570)
[stacktrace]
#0 C:\\Users\\camar\\Bureau\\mindful-journey-ui\\back-mindful-journey-iu\\mindful-journey-back\\vendor\\laravel\\framework\\src\\Illuminate\\Database\\Connection.php(570): PDOStatement->execute()
#1 C:\\Users\\camar\\Bureau\\mindful-journey-ui\\back-mindful-journey-iu\\mindful-journey-back\\vendor\\laravel\\framework\\src\\Illuminate\\Database\\Connection.php(811): Illuminate\\Database\\Connection->Illuminate\\Database\\{closure}()
#2 C:\\Users\\camar\\Bureau\\mindful-journey-ui\\back-mindful-journey-iu\\mindful-journey-back\\vendor\\laravel\\framework\\src\\Illuminate\\Database\\Connection.php(778): Illuminate\\Database\\Connection->runQueryCallback()
#3 C:\\Users\\camar\\Bureau\\mindful-journey-ui\\back-mindful-journey-iu\\mindful-journey-back\\vendor\\laravel\\framework\\src\\Illuminate\\Database\\Connection.php(559): Illuminate\\Database\\Connection->run()
#4 C:\\Users\\camar\\Bureau\\mindful-journey-ui\\back-mindful-journey-iu\\mindful-journey-back\\vendor\\laravel\\framework\\src\\Illuminate\\Database\\Schema\\Blueprint.php(119): Illuminate\\Database\\Connection->statement()
#5 C:\\Users\\camar\\Bureau\\mindful-journey-ui\\back-mindful-journey-iu\\mindful-journey-back\\vendor\\laravel\\framework\\src\\Illuminate\\Database\\Schema\\Builder.php(618): Illuminate\\Database\\Schema\\Blueprint->build()
#6 C:\\Users\\camar\\Bureau\\mindful-journey-ui\\back-mindful-journey-iu\\mindful-journey-back\\vendor\\laravel\\framework\\src\\Illuminate\\Database\\Schema\\Builder.php(460): Illuminate\\Database\\Schema\\Builder->build()
#7 C:\\Users\\camar\\Bureau\\mindful-journey-ui\\back-mindful-journey-iu\\mindful-journey-back\\vendor\\laravel\\framework\\src\\Illuminate\\Support\\Facades\\Facade.php(361): Illuminate\\Database\\Schema\\Builder->table()
#8 C:\\Users\\camar\\Bureau\\mindful-journey-ui\\back-mindful-journey-iu\\mindful-journey-back\\database\\migrations\\2025_08_04_081339_add_google_oauth_fields_to_users_table.php(27): Illuminate\\Support\\Facades\\Facade::__callStatic()
#9 C:\\Users\\camar\\Bureau\\mindful-journey-ui\\back-mindful-journey-iu\\mindful-journey-back\\vendor\\laravel\\framework\\src\\Illuminate\\Database\\Migrations\\Migrator.php(514): Illuminate\\Database\\Migrations\\Migration@anonymous->down()
#10 C:\\Users\\camar\\Bureau\\mindful-journey-ui\\back-mindful-journey-iu\\mindful-journey-back\\vendor\\laravel\\framework\\src\\Illuminate\\Database\\Migrations\\Migrator.php(439): Illuminate\\Database\\Migrations\\Migrator->runMethod()
#11 C:\\Users\\camar\\Bureau\\mindful-journey-ui\\back-mindful-journey-iu\\mindful-journey-back\\vendor\\laravel\\framework\\src\\Illuminate\\Database\\Migrations\\Migrator.php(448): Illuminate\\Database\\Migrations\\Migrator->Illuminate\\Database\\Migrations\\{closure}()
#12 C:\\Users\\camar\\Bureau\\mindful-journey-ui\\back-mindful-journey-iu\\mindful-journey-back\\vendor\\laravel\\framework\\src\\Illuminate\\Database\\Migrations\\Migrator.php(414): Illuminate\\Database\\Migrations\\Migrator->runMigration()
#13 C:\\Users\\camar\\Bureau\\mindful-journey-ui\\back-mindful-journey-iu\\mindful-journey-back\\vendor\\laravel\\framework\\src\\Illuminate\\Console\\View\\Components\\Task.php(41): Illuminate\\Database\\Migrations\\Migrator->Illuminate\\Database\\Migrations\\{closure}()
#14 C:\\Users\\camar\\Bureau\\mindful-journey-ui\\back-mindful-journey-iu\\mindful-journey-back\\vendor\\laravel\\framework\\src\\Illuminate\\Database\\Migrations\\Migrator.php(809): Illuminate\\Console\\View\\Components\\Task->render()
#15 C:\\Users\\camar\\Bureau\\mindful-journey-ui\\back-mindful-journey-iu\\mindful-journey-back\\vendor\\laravel\\framework\\src\\Illuminate\\Database\\Migrations\\Migrator.php(414): Illuminate\\Database\\Migrations\\Migrator->write()
#16 C:\\Users\\camar\\Bureau\\mindful-journey-ui\\back-mindful-journey-iu\\mindful-journey-back\\vendor\\laravel\\framework\\src\\Illuminate\\Database\\Migrations\\Migrator.php(337): Illuminate\\Database\\Migrations\\Migrator->runDown()
#17 C:\\Users\\camar\\Bureau\\mindful-journey-ui\\back-mindful-journey-iu\\mindful-journey-back\\vendor\\laravel\\framework\\src\\Illuminate\\Database\\Migrations\\Migrator.php(388): Illuminate\\Database\\Migrations\\Migrator->rollbackMigrations()
#18 C:\\Users\\camar\\Bureau\\mindful-journey-ui\\back-mindful-journey-iu\\mindful-journey-back\\vendor\\laravel\\framework\\src\\Illuminate\\Database\\Migrations\\Migrator.php(368): Illuminate\\Database\\Migrations\\Migrator->resetMigrations()
#19 C:\\Users\\camar\\Bureau\\mindful-journey-ui\\back-mindful-journey-iu\\mindful-journey-back\\vendor\\laravel\\framework\\src\\Illuminate\\Database\\Console\\Migrations\\ResetCommand.php(70): Illuminate\\Database\\Migrations\\Migrator->reset()
#20 C:\\Users\\camar\\Bureau\\mindful-journey-ui\\back-mindful-journey-iu\\mindful-journey-back\\vendor\\laravel\\framework\\src\\Illuminate\\Database\\Migrations\\Migrator.php(666): Illuminate\\Database\\Console\\Migrations\\ResetCommand->Illuminate\\Database\\Console\\Migrations\\{closure}()
#21 C:\\Users\\camar\\Bureau\\mindful-journey-ui\\back-mindful-journey-iu\\mindful-journey-back\\vendor\\laravel\\framework\\src\\Illuminate\\Database\\Console\\Migrations\\ResetCommand.php(62): Illuminate\\Database\\Migrations\\Migrator->usingConnection()
#22 C:\\Users\\camar\\Bureau\\mindful-journey-ui\\back-mindful-journey-iu\\mindful-journey-back\\vendor\\laravel\\framework\\src\\Illuminate\\Container\\BoundMethod.php(36): Illuminate\\Database\\Console\\Migrations\\ResetCommand->handle()
#23 C:\\Users\\camar\\Bureau\\mindful-journey-ui\\back-mindful-journey-iu\\mindful-journey-back\\vendor\\laravel\\framework\\src\\Illuminate\\Container\\Util.php(43): Illuminate\\Container\\BoundMethod::Illuminate\\Container\\{closure}()
#24 C:\\Users\\camar\\Bureau\\mindful-journey-ui\\back-mindful-journey-iu\\mindful-journey-back\\vendor\\laravel\\framework\\src\\Illuminate\\Container\\BoundMethod.php(96): Illuminate\\Container\\Util::unwrapIfClosure()
#25 C:\\Users\\camar\\Bureau\\mindful-journey-ui\\back-mindful-journey-iu\\mindful-journey-back\\vendor\\laravel\\framework\\src\\Illuminate\\Container\\BoundMethod.php(35): Illuminate\\Container\\BoundMethod::callBoundMethod()
#26 C:\\Users\\camar\\Bureau\\mindful-journey-ui\\back-mindful-journey-iu\\mindful-journey-back\\vendor\\laravel\\framework\\src\\Illuminate\\Container\\Container.php(780): Illuminate\\Container\\BoundMethod::call()
#27 C:\\Users\\camar\\Bureau\\mindful-journey-ui\\back-mindful-journey-iu\\mindful-journey-back\\vendor\\laravel\\framework\\src\\Illuminate\\Console\\Command.php(211): Illuminate\\Container\\Container->call()
#28 C:\\Users\\camar\\Bureau\\mindful-journey-ui\\back-mindful-journey-iu\\mindful-journey-back\\vendor\\symfony\\console\\Command\\Command.php(318): Illuminate\\Console\\Command->execute()
#29 C:\\Users\\camar\\Bureau\\mindful-journey-ui\\back-mindful-journey-iu\\mindful-journey-back\\vendor\\laravel\\framework\\src\\Illuminate\\Console\\Command.php(180): Symfony\\Component\\Console\\Command\\Command->run()
#30 C:\\Users\\camar\\Bureau\\mindful-journey-ui\\back-mindful-journey-iu\\mindful-journey-back\\vendor\\laravel\\framework\\src\\Illuminate\\Console\\Concerns\\CallsCommands.php(68): Illuminate\\Console\\Command->run()
#31 C:\\Users\\camar\\Bureau\\mindful-journey-ui\\back-mindful-journey-iu\\mindful-journey-back\\vendor\\laravel\\framework\\src\\Illuminate\\Console\\Concerns\\CallsCommands.php(29): Illuminate\\Console\\Command->runCommand()
#32 C:\\Users\\camar\\Bureau\\mindful-journey-ui\\back-mindful-journey-iu\\mindful-journey-back\\vendor\\laravel\\framework\\src\\Illuminate\\Database\\Console\\Migrations\\RefreshCommand.php(113): Illuminate\\Console\\Command->call()
#33 C:\\Users\\camar\\Bureau\\mindful-journey-ui\\back-mindful-journey-iu\\mindful-journey-back\\vendor\\laravel\\framework\\src\\Illuminate\\Database\\Console\\Migrations\\RefreshCommand.php(59): Illuminate\\Database\\Console\\Migrations\\RefreshCommand->runReset()
#34 C:\\Users\\camar\\Bureau\\mindful-journey-ui\\back-mindful-journey-iu\\mindful-journey-back\\vendor\\laravel\\framework\\src\\Illuminate\\Container\\BoundMethod.php(36): Illuminate\\Database\\Console\\Migrations\\RefreshCommand->handle()
#35 C:\\Users\\camar\\Bureau\\mindful-journey-ui\\back-mindful-journey-iu\\mindful-journey-back\\vendor\\laravel\\framework\\src\\Illuminate\\Container\\Util.php(43): Illuminate\\Container\\BoundMethod::Illuminate\\Container\\{closure}()
#36 C:\\Users\\camar\\Bureau\\mindful-journey-ui\\back-mindful-journey-iu\\mindful-journey-back\\vendor\\laravel\\framework\\src\\Illuminate\\Container\\BoundMethod.php(96): Illuminate\\Container\\Util::unwrapIfClosure()
#37 C:\\Users\\camar\\Bureau\\mindful-journey-ui\\back-mindful-journey-iu\\mindful-journey-back\\vendor\\laravel\\framework\\src\\Illuminate\\Container\\BoundMethod.php(35): Illuminate\\Container\\BoundMethod::callBoundMethod()
#38 C:\\Users\\camar\\Bureau\\mindful-journey-ui\\back-mindful-journey-iu\\mindful-journey-back\\vendor\\laravel\\framework\\src\\Illuminate\\Container\\Container.php(780): Illuminate\\Container\\BoundMethod::call()
#39 C:\\Users\\camar\\Bureau\\mindful-journey-ui\\back-mindful-journey-iu\\mindful-journey-back\\vendor\\laravel\\framework\\src\\Illuminate\\Console\\Command.php(211): Illuminate\\Container\\Container->call()
#40 C:\\Users\\camar\\Bureau\\mindful-journey-ui\\back-mindful-journey-iu\\mindful-journey-back\\vendor\\symfony\\console\\Command\\Command.php(318): Illuminate\\Console\\Command->execute()
#41 C:\\Users\\camar\\Bureau\\mindful-journey-ui\\back-mindful-journey-iu\\mindful-journey-back\\vendor\\laravel\\framework\\src\\Illuminate\\Console\\Command.php(180): Symfony\\Component\\Console\\Command\\Command->run()
#42 C:\\Users\\camar\\Bureau\\mindful-journey-ui\\back-mindful-journey-iu\\mindful-journey-back\\vendor\\symfony\\console\\Application.php(1092): Illuminate\\Console\\Command->run()
#43 C:\\Users\\camar\\Bureau\\mindful-journey-ui\\back-mindful-journey-iu\\mindful-journey-back\\vendor\\symfony\\console\\Application.php(341): Symfony\\Component\\Console\\Application->doRunCommand()
#44 C:\\Users\\camar\\Bureau\\mindful-journey-ui\\back-mindful-journey-iu\\mindful-journey-back\\vendor\\symfony\\console\\Application.php(192): Symfony\\Component\\Console\\Application->doRun()
#45 C:\\Users\\camar\\Bureau\\mindful-journey-ui\\back-mindful-journey-iu\\mindful-journey-back\\vendor\\laravel\\framework\\src\\Illuminate\\Foundation\\Console\\Kernel.php(197): Symfony\\Component\\Console\\Application->run()
#46 C:\\Users\\camar\\Bureau\\mindful-journey-ui\\back-mindful-journey-iu\\mindful-journey-back\\vendor\\laravel\\framework\\src\\Illuminate\\Foundation\\Application.php(1234): Illuminate\\Foundation\\Console\\Kernel->handle()
#47 C:\\Users\\camar\\Bureau\\mindful-journey-ui\\back-mindful-journey-iu\\mindful-journey-back\\artisan(16): Illuminate\\Foundation\\Application->handleCommand()
#48 {main}
"} 
[2025-08-15 13:34:36] local.ERROR: SQLSTATE[HY000]: General error: 1 error in index users_google_id_unique after drop column: no such column: google_id (Connection: sqlite, SQL: alter table "users" drop column "google_id") {"exception":"[object] (Illuminate\\Database\\QueryException(code: HY000): SQLSTATE[HY000]: General error: 1 error in index users_google_id_unique after drop column: no such column: google_id (Connection: sqlite, SQL: alter table \"users\" drop column \"google_id\") at C:\\Users\\camar\\Bureau\\mindful-journey-ui\\back-mindful-journey-iu\\mindful-journey-back\\vendor\\laravel\\framework\\src\\Illuminate\\Database\\Connection.php:824)
[stacktrace]
#0 C:\\Users\\camar\\Bureau\\mindful-journey-ui\\back-mindful-journey-iu\\mindful-journey-back\\vendor\\laravel\\framework\\src\\Illuminate\\Database\\Connection.php(778): Illuminate\\Database\\Connection->runQueryCallback()
#1 C:\\Users\\camar\\Bureau\\mindful-journey-ui\\back-mindful-journey-iu\\mindful-journey-back\\vendor\\laravel\\framework\\src\\Illuminate\\Database\\Connection.php(559): Illuminate\\Database\\Connection->run()
#2 C:\\Users\\camar\\Bureau\\mindful-journey-ui\\back-mindful-journey-iu\\mindful-journey-back\\vendor\\laravel\\framework\\src\\Illuminate\\Database\\Schema\\Blueprint.php(119): Illuminate\\Database\\Connection->statement()
#3 C:\\Users\\camar\\Bureau\\mindful-journey-ui\\back-mindful-journey-iu\\mindful-journey-back\\vendor\\laravel\\framework\\src\\Illuminate\\Database\\Schema\\Builder.php(618): Illuminate\\Database\\Schema\\Blueprint->build()
#4 C:\\Users\\camar\\Bureau\\mindful-journey-ui\\back-mindful-journey-iu\\mindful-journey-back\\vendor\\laravel\\framework\\src\\Illuminate\\Database\\Schema\\Builder.php(460): Illuminate\\Database\\Schema\\Builder->build()
#5 C:\\Users\\camar\\Bureau\\mindful-journey-ui\\back-mindful-journey-iu\\mindful-journey-back\\vendor\\laravel\\framework\\src\\Illuminate\\Support\\Facades\\Facade.php(361): Illuminate\\Database\\Schema\\Builder->table()
#6 C:\\Users\\camar\\Bureau\\mindful-journey-ui\\back-mindful-journey-iu\\mindful-journey-back\\database\\migrations\\2025_08_04_081339_add_google_oauth_fields_to_users_table.php(27): Illuminate\\Support\\Facades\\Facade::__callStatic()
#7 C:\\Users\\camar\\Bureau\\mindful-journey-ui\\back-mindful-journey-iu\\mindful-journey-back\\vendor\\laravel\\framework\\src\\Illuminate\\Database\\Migrations\\Migrator.php(514): Illuminate\\Database\\Migrations\\Migration@anonymous->down()
#8 C:\\Users\\camar\\Bureau\\mindful-journey-ui\\back-mindful-journey-iu\\mindful-journey-back\\vendor\\laravel\\framework\\src\\Illuminate\\Database\\Migrations\\Migrator.php(439): Illuminate\\Database\\Migrations\\Migrator->runMethod()
#9 C:\\Users\\camar\\Bureau\\mindful-journey-ui\\back-mindful-journey-iu\\mindful-journey-back\\vendor\\laravel\\framework\\src\\Illuminate\\Database\\Migrations\\Migrator.php(448): Illuminate\\Database\\Migrations\\Migrator->Illuminate\\Database\\Migrations\\{closure}()
#10 C:\\Users\\camar\\Bureau\\mindful-journey-ui\\back-mindful-journey-iu\\mindful-journey-back\\vendor\\laravel\\framework\\src\\Illuminate\\Database\\Migrations\\Migrator.php(414): Illuminate\\Database\\Migrations\\Migrator->runMigration()
#11 C:\\Users\\camar\\Bureau\\mindful-journey-ui\\back-mindful-journey-iu\\mindful-journey-back\\vendor\\laravel\\framework\\src\\Illuminate\\Console\\View\\Components\\Task.php(41): Illuminate\\Database\\Migrations\\Migrator->Illuminate\\Database\\Migrations\\{closure}()
#12 C:\\Users\\camar\\Bureau\\mindful-journey-ui\\back-mindful-journey-iu\\mindful-journey-back\\vendor\\laravel\\framework\\src\\Illuminate\\Database\\Migrations\\Migrator.php(809): Illuminate\\Console\\View\\Components\\Task->render()
#13 C:\\Users\\camar\\Bureau\\mindful-journey-ui\\back-mindful-journey-iu\\mindful-journey-back\\vendor\\laravel\\framework\\src\\Illuminate\\Database\\Migrations\\Migrator.php(414): Illuminate\\Database\\Migrations\\Migrator->write()
#14 C:\\Users\\camar\\Bureau\\mindful-journey-ui\\back-mindful-journey-iu\\mindful-journey-back\\vendor\\laravel\\framework\\src\\Illuminate\\Database\\Migrations\\Migrator.php(337): Illuminate\\Database\\Migrations\\Migrator->runDown()
#15 C:\\Users\\camar\\Bureau\\mindful-journey-ui\\back-mindful-journey-iu\\mindful-journey-back\\vendor\\laravel\\framework\\src\\Illuminate\\Database\\Migrations\\Migrator.php(388): Illuminate\\Database\\Migrations\\Migrator->rollbackMigrations()
#16 C:\\Users\\camar\\Bureau\\mindful-journey-ui\\back-mindful-journey-iu\\mindful-journey-back\\vendor\\laravel\\framework\\src\\Illuminate\\Database\\Migrations\\Migrator.php(368): Illuminate\\Database\\Migrations\\Migrator->resetMigrations()
#17 C:\\Users\\camar\\Bureau\\mindful-journey-ui\\back-mindful-journey-iu\\mindful-journey-back\\vendor\\laravel\\framework\\src\\Illuminate\\Database\\Console\\Migrations\\ResetCommand.php(70): Illuminate\\Database\\Migrations\\Migrator->reset()
#18 C:\\Users\\camar\\Bureau\\mindful-journey-ui\\back-mindful-journey-iu\\mindful-journey-back\\vendor\\laravel\\framework\\src\\Illuminate\\Database\\Migrations\\Migrator.php(666): Illuminate\\Database\\Console\\Migrations\\ResetCommand->Illuminate\\Database\\Console\\Migrations\\{closure}()
#19 C:\\Users\\camar\\Bureau\\mindful-journey-ui\\back-mindful-journey-iu\\mindful-journey-back\\vendor\\laravel\\framework\\src\\Illuminate\\Database\\Console\\Migrations\\ResetCommand.php(62): Illuminate\\Database\\Migrations\\Migrator->usingConnection()
#20 C:\\Users\\camar\\Bureau\\mindful-journey-ui\\back-mindful-journey-iu\\mindful-journey-back\\vendor\\laravel\\framework\\src\\Illuminate\\Container\\BoundMethod.php(36): Illuminate\\Database\\Console\\Migrations\\ResetCommand->handle()
#21 C:\\Users\\camar\\Bureau\\mindful-journey-ui\\back-mindful-journey-iu\\mindful-journey-back\\vendor\\laravel\\framework\\src\\Illuminate\\Container\\Util.php(43): Illuminate\\Container\\BoundMethod::Illuminate\\Container\\{closure}()
#22 C:\\Users\\camar\\Bureau\\mindful-journey-ui\\back-mindful-journey-iu\\mindful-journey-back\\vendor\\laravel\\framework\\src\\Illuminate\\Container\\BoundMethod.php(96): Illuminate\\Container\\Util::unwrapIfClosure()
#23 C:\\Users\\camar\\Bureau\\mindful-journey-ui\\back-mindful-journey-iu\\mindful-journey-back\\vendor\\laravel\\framework\\src\\Illuminate\\Container\\BoundMethod.php(35): Illuminate\\Container\\BoundMethod::callBoundMethod()
#24 C:\\Users\\camar\\Bureau\\mindful-journey-ui\\back-mindful-journey-iu\\mindful-journey-back\\vendor\\laravel\\framework\\src\\Illuminate\\Container\\Container.php(780): Illuminate\\Container\\BoundMethod::call()
#25 C:\\Users\\camar\\Bureau\\mindful-journey-ui\\back-mindful-journey-iu\\mindful-journey-back\\vendor\\laravel\\framework\\src\\Illuminate\\Console\\Command.php(211): Illuminate\\Container\\Container->call()
#26 C:\\Users\\camar\\Bureau\\mindful-journey-ui\\back-mindful-journey-iu\\mindful-journey-back\\vendor\\symfony\\console\\Command\\Command.php(318): Illuminate\\Console\\Command->execute()
#27 C:\\Users\\camar\\Bureau\\mindful-journey-ui\\back-mindful-journey-iu\\mindful-journey-back\\vendor\\laravel\\framework\\src\\Illuminate\\Console\\Command.php(180): Symfony\\Component\\Console\\Command\\Command->run()
#28 C:\\Users\\camar\\Bureau\\mindful-journey-ui\\back-mindful-journey-iu\\mindful-journey-back\\vendor\\laravel\\framework\\src\\Illuminate\\Console\\Concerns\\CallsCommands.php(68): Illuminate\\Console\\Command->run()
#29 C:\\Users\\camar\\Bureau\\mindful-journey-ui\\back-mindful-journey-iu\\mindful-journey-back\\vendor\\laravel\\framework\\src\\Illuminate\\Console\\Concerns\\CallsCommands.php(29): Illuminate\\Console\\Command->runCommand()
#30 C:\\Users\\camar\\Bureau\\mindful-journey-ui\\back-mindful-journey-iu\\mindful-journey-back\\vendor\\laravel\\framework\\src\\Illuminate\\Database\\Console\\Migrations\\RefreshCommand.php(113): Illuminate\\Console\\Command->call()
#31 C:\\Users\\camar\\Bureau\\mindful-journey-ui\\back-mindful-journey-iu\\mindful-journey-back\\vendor\\laravel\\framework\\src\\Illuminate\\Database\\Console\\Migrations\\RefreshCommand.php(59): Illuminate\\Database\\Console\\Migrations\\RefreshCommand->runReset()
#32 C:\\Users\\camar\\Bureau\\mindful-journey-ui\\back-mindful-journey-iu\\mindful-journey-back\\vendor\\laravel\\framework\\src\\Illuminate\\Container\\BoundMethod.php(36): Illuminate\\Database\\Console\\Migrations\\RefreshCommand->handle()
#33 C:\\Users\\camar\\Bureau\\mindful-journey-ui\\back-mindful-journey-iu\\mindful-journey-back\\vendor\\laravel\\framework\\src\\Illuminate\\Container\\Util.php(43): Illuminate\\Container\\BoundMethod::Illuminate\\Container\\{closure}()
#34 C:\\Users\\camar\\Bureau\\mindful-journey-ui\\back-mindful-journey-iu\\mindful-journey-back\\vendor\\laravel\\framework\\src\\Illuminate\\Container\\BoundMethod.php(96): Illuminate\\Container\\Util::unwrapIfClosure()
#35 C:\\Users\\camar\\Bureau\\mindful-journey-ui\\back-mindful-journey-iu\\mindful-journey-back\\vendor\\laravel\\framework\\src\\Illuminate\\Container\\BoundMethod.php(35): Illuminate\\Container\\BoundMethod::callBoundMethod()
#36 C:\\Users\\camar\\Bureau\\mindful-journey-ui\\back-mindful-journey-iu\\mindful-journey-back\\vendor\\laravel\\framework\\src\\Illuminate\\Container\\Container.php(780): Illuminate\\Container\\BoundMethod::call()
#37 C:\\Users\\camar\\Bureau\\mindful-journey-ui\\back-mindful-journey-iu\\mindful-journey-back\\vendor\\laravel\\framework\\src\\Illuminate\\Console\\Command.php(211): Illuminate\\Container\\Container->call()
#38 C:\\Users\\camar\\Bureau\\mindful-journey-ui\\back-mindful-journey-iu\\mindful-journey-back\\vendor\\symfony\\console\\Command\\Command.php(318): Illuminate\\Console\\Command->execute()
#39 C:\\Users\\camar\\Bureau\\mindful-journey-ui\\back-mindful-journey-iu\\mindful-journey-back\\vendor\\laravel\\framework\\src\\Illuminate\\Console\\Command.php(180): Symfony\\Component\\Console\\Command\\Command->run()
#40 C:\\Users\\camar\\Bureau\\mindful-journey-ui\\back-mindful-journey-iu\\mindful-journey-back\\vendor\\symfony\\console\\Application.php(1092): Illuminate\\Console\\Command->run()
#41 C:\\Users\\camar\\Bureau\\mindful-journey-ui\\back-mindful-journey-iu\\mindful-journey-back\\vendor\\symfony\\console\\Application.php(341): Symfony\\Component\\Console\\Application->doRunCommand()
#42 C:\\Users\\camar\\Bureau\\mindful-journey-ui\\back-mindful-journey-iu\\mindful-journey-back\\vendor\\symfony\\console\\Application.php(192): Symfony\\Component\\Console\\Application->doRun()
#43 C:\\Users\\camar\\Bureau\\mindful-journey-ui\\back-mindful-journey-iu\\mindful-journey-back\\vendor\\laravel\\framework\\src\\Illuminate\\Foundation\\Console\\Kernel.php(197): Symfony\\Component\\Console\\Application->run()
#44 C:\\Users\\camar\\Bureau\\mindful-journey-ui\\back-mindful-journey-iu\\mindful-journey-back\\vendor\\laravel\\framework\\src\\Illuminate\\Foundation\\Application.php(1234): Illuminate\\Foundation\\Console\\Kernel->handle()
#45 C:\\Users\\camar\\Bureau\\mindful-journey-ui\\back-mindful-journey-iu\\mindful-journey-back\\artisan(16): Illuminate\\Foundation\\Application->handleCommand()
#46 {main}

[previous exception] [object] (PDOException(code: HY000): SQLSTATE[HY000]: General error: 1 error in index users_google_id_unique after drop column: no such column: google_id at C:\\Users\\camar\\Bureau\\mindful-journey-ui\\back-mindful-journey-iu\\mindful-journey-back\\vendor\\laravel\\framework\\src\\Illuminate\\Database\\Connection.php:570)
[stacktrace]
#0 C:\\Users\\camar\\Bureau\\mindful-journey-ui\\back-mindful-journey-iu\\mindful-journey-back\\vendor\\laravel\\framework\\src\\Illuminate\\Database\\Connection.php(570): PDOStatement->execute()
#1 C:\\Users\\camar\\Bureau\\mindful-journey-ui\\back-mindful-journey-iu\\mindful-journey-back\\vendor\\laravel\\framework\\src\\Illuminate\\Database\\Connection.php(811): Illuminate\\Database\\Connection->Illuminate\\Database\\{closure}()
#2 C:\\Users\\camar\\Bureau\\mindful-journey-ui\\back-mindful-journey-iu\\mindful-journey-back\\vendor\\laravel\\framework\\src\\Illuminate\\Database\\Connection.php(778): Illuminate\\Database\\Connection->runQueryCallback()
#3 C:\\Users\\camar\\Bureau\\mindful-journey-ui\\back-mindful-journey-iu\\mindful-journey-back\\vendor\\laravel\\framework\\src\\Illuminate\\Database\\Connection.php(559): Illuminate\\Database\\Connection->run()
#4 C:\\Users\\camar\\Bureau\\mindful-journey-ui\\back-mindful-journey-iu\\mindful-journey-back\\vendor\\laravel\\framework\\src\\Illuminate\\Database\\Schema\\Blueprint.php(119): Illuminate\\Database\\Connection->statement()
#5 C:\\Users\\camar\\Bureau\\mindful-journey-ui\\back-mindful-journey-iu\\mindful-journey-back\\vendor\\laravel\\framework\\src\\Illuminate\\Database\\Schema\\Builder.php(618): Illuminate\\Database\\Schema\\Blueprint->build()
#6 C:\\Users\\camar\\Bureau\\mindful-journey-ui\\back-mindful-journey-iu\\mindful-journey-back\\vendor\\laravel\\framework\\src\\Illuminate\\Database\\Schema\\Builder.php(460): Illuminate\\Database\\Schema\\Builder->build()
#7 C:\\Users\\camar\\Bureau\\mindful-journey-ui\\back-mindful-journey-iu\\mindful-journey-back\\vendor\\laravel\\framework\\src\\Illuminate\\Support\\Facades\\Facade.php(361): Illuminate\\Database\\Schema\\Builder->table()
#8 C:\\Users\\camar\\Bureau\\mindful-journey-ui\\back-mindful-journey-iu\\mindful-journey-back\\database\\migrations\\2025_08_04_081339_add_google_oauth_fields_to_users_table.php(27): Illuminate\\Support\\Facades\\Facade::__callStatic()
#9 C:\\Users\\camar\\Bureau\\mindful-journey-ui\\back-mindful-journey-iu\\mindful-journey-back\\vendor\\laravel\\framework\\src\\Illuminate\\Database\\Migrations\\Migrator.php(514): Illuminate\\Database\\Migrations\\Migration@anonymous->down()
#10 C:\\Users\\camar\\Bureau\\mindful-journey-ui\\back-mindful-journey-iu\\mindful-journey-back\\vendor\\laravel\\framework\\src\\Illuminate\\Database\\Migrations\\Migrator.php(439): Illuminate\\Database\\Migrations\\Migrator->runMethod()
#11 C:\\Users\\camar\\Bureau\\mindful-journey-ui\\back-mindful-journey-iu\\mindful-journey-back\\vendor\\laravel\\framework\\src\\Illuminate\\Database\\Migrations\\Migrator.php(448): Illuminate\\Database\\Migrations\\Migrator->Illuminate\\Database\\Migrations\\{closure}()
#12 C:\\Users\\camar\\Bureau\\mindful-journey-ui\\back-mindful-journey-iu\\mindful-journey-back\\vendor\\laravel\\framework\\src\\Illuminate\\Database\\Migrations\\Migrator.php(414): Illuminate\\Database\\Migrations\\Migrator->runMigration()
#13 C:\\Users\\camar\\Bureau\\mindful-journey-ui\\back-mindful-journey-iu\\mindful-journey-back\\vendor\\laravel\\framework\\src\\Illuminate\\Console\\View\\Components\\Task.php(41): Illuminate\\Database\\Migrations\\Migrator->Illuminate\\Database\\Migrations\\{closure}()
#14 C:\\Users\\camar\\Bureau\\mindful-journey-ui\\back-mindful-journey-iu\\mindful-journey-back\\vendor\\laravel\\framework\\src\\Illuminate\\Database\\Migrations\\Migrator.php(809): Illuminate\\Console\\View\\Components\\Task->render()
#15 C:\\Users\\camar\\Bureau\\mindful-journey-ui\\back-mindful-journey-iu\\mindful-journey-back\\vendor\\laravel\\framework\\src\\Illuminate\\Database\\Migrations\\Migrator.php(414): Illuminate\\Database\\Migrations\\Migrator->write()
#16 C:\\Users\\camar\\Bureau\\mindful-journey-ui\\back-mindful-journey-iu\\mindful-journey-back\\vendor\\laravel\\framework\\src\\Illuminate\\Database\\Migrations\\Migrator.php(337): Illuminate\\Database\\Migrations\\Migrator->runDown()
#17 C:\\Users\\camar\\Bureau\\mindful-journey-ui\\back-mindful-journey-iu\\mindful-journey-back\\vendor\\laravel\\framework\\src\\Illuminate\\Database\\Migrations\\Migrator.php(388): Illuminate\\Database\\Migrations\\Migrator->rollbackMigrations()
#18 C:\\Users\\camar\\Bureau\\mindful-journey-ui\\back-mindful-journey-iu\\mindful-journey-back\\vendor\\laravel\\framework\\src\\Illuminate\\Database\\Migrations\\Migrator.php(368): Illuminate\\Database\\Migrations\\Migrator->resetMigrations()
#19 C:\\Users\\camar\\Bureau\\mindful-journey-ui\\back-mindful-journey-iu\\mindful-journey-back\\vendor\\laravel\\framework\\src\\Illuminate\\Database\\Console\\Migrations\\ResetCommand.php(70): Illuminate\\Database\\Migrations\\Migrator->reset()
#20 C:\\Users\\camar\\Bureau\\mindful-journey-ui\\back-mindful-journey-iu\\mindful-journey-back\\vendor\\laravel\\framework\\src\\Illuminate\\Database\\Migrations\\Migrator.php(666): Illuminate\\Database\\Console\\Migrations\\ResetCommand->Illuminate\\Database\\Console\\Migrations\\{closure}()
#21 C:\\Users\\camar\\Bureau\\mindful-journey-ui\\back-mindful-journey-iu\\mindful-journey-back\\vendor\\laravel\\framework\\src\\Illuminate\\Database\\Console\\Migrations\\ResetCommand.php(62): Illuminate\\Database\\Migrations\\Migrator->usingConnection()
#22 C:\\Users\\camar\\Bureau\\mindful-journey-ui\\back-mindful-journey-iu\\mindful-journey-back\\vendor\\laravel\\framework\\src\\Illuminate\\Container\\BoundMethod.php(36): Illuminate\\Database\\Console\\Migrations\\ResetCommand->handle()
#23 C:\\Users\\camar\\Bureau\\mindful-journey-ui\\back-mindful-journey-iu\\mindful-journey-back\\vendor\\laravel\\framework\\src\\Illuminate\\Container\\Util.php(43): Illuminate\\Container\\BoundMethod::Illuminate\\Container\\{closure}()
#24 C:\\Users\\camar\\Bureau\\mindful-journey-ui\\back-mindful-journey-iu\\mindful-journey-back\\vendor\\laravel\\framework\\src\\Illuminate\\Container\\BoundMethod.php(96): Illuminate\\Container\\Util::unwrapIfClosure()
#25 C:\\Users\\camar\\Bureau\\mindful-journey-ui\\back-mindful-journey-iu\\mindful-journey-back\\vendor\\laravel\\framework\\src\\Illuminate\\Container\\BoundMethod.php(35): Illuminate\\Container\\BoundMethod::callBoundMethod()
#26 C:\\Users\\camar\\Bureau\\mindful-journey-ui\\back-mindful-journey-iu\\mindful-journey-back\\vendor\\laravel\\framework\\src\\Illuminate\\Container\\Container.php(780): Illuminate\\Container\\BoundMethod::call()
#27 C:\\Users\\camar\\Bureau\\mindful-journey-ui\\back-mindful-journey-iu\\mindful-journey-back\\vendor\\laravel\\framework\\src\\Illuminate\\Console\\Command.php(211): Illuminate\\Container\\Container->call()
#28 C:\\Users\\camar\\Bureau\\mindful-journey-ui\\back-mindful-journey-iu\\mindful-journey-back\\vendor\\symfony\\console\\Command\\Command.php(318): Illuminate\\Console\\Command->execute()
#29 C:\\Users\\camar\\Bureau\\mindful-journey-ui\\back-mindful-journey-iu\\mindful-journey-back\\vendor\\laravel\\framework\\src\\Illuminate\\Console\\Command.php(180): Symfony\\Component\\Console\\Command\\Command->run()
#30 C:\\Users\\camar\\Bureau\\mindful-journey-ui\\back-mindful-journey-iu\\mindful-journey-back\\vendor\\laravel\\framework\\src\\Illuminate\\Console\\Concerns\\CallsCommands.php(68): Illuminate\\Console\\Command->run()
#31 C:\\Users\\camar\\Bureau\\mindful-journey-ui\\back-mindful-journey-iu\\mindful-journey-back\\vendor\\laravel\\framework\\src\\Illuminate\\Console\\Concerns\\CallsCommands.php(29): Illuminate\\Console\\Command->runCommand()
#32 C:\\Users\\camar\\Bureau\\mindful-journey-ui\\back-mindful-journey-iu\\mindful-journey-back\\vendor\\laravel\\framework\\src\\Illuminate\\Database\\Console\\Migrations\\RefreshCommand.php(113): Illuminate\\Console\\Command->call()
#33 C:\\Users\\camar\\Bureau\\mindful-journey-ui\\back-mindful-journey-iu\\mindful-journey-back\\vendor\\laravel\\framework\\src\\Illuminate\\Database\\Console\\Migrations\\RefreshCommand.php(59): Illuminate\\Database\\Console\\Migrations\\RefreshCommand->runReset()
#34 C:\\Users\\camar\\Bureau\\mindful-journey-ui\\back-mindful-journey-iu\\mindful-journey-back\\vendor\\laravel\\framework\\src\\Illuminate\\Container\\BoundMethod.php(36): Illuminate\\Database\\Console\\Migrations\\RefreshCommand->handle()
#35 C:\\Users\\camar\\Bureau\\mindful-journey-ui\\back-mindful-journey-iu\\mindful-journey-back\\vendor\\laravel\\framework\\src\\Illuminate\\Container\\Util.php(43): Illuminate\\Container\\BoundMethod::Illuminate\\Container\\{closure}()
#36 C:\\Users\\camar\\Bureau\\mindful-journey-ui\\back-mindful-journey-iu\\mindful-journey-back\\vendor\\laravel\\framework\\src\\Illuminate\\Container\\BoundMethod.php(96): Illuminate\\Container\\Util::unwrapIfClosure()
#37 C:\\Users\\camar\\Bureau\\mindful-journey-ui\\back-mindful-journey-iu\\mindful-journey-back\\vendor\\laravel\\framework\\src\\Illuminate\\Container\\BoundMethod.php(35): Illuminate\\Container\\BoundMethod::callBoundMethod()
#38 C:\\Users\\camar\\Bureau\\mindful-journey-ui\\back-mindful-journey-iu\\mindful-journey-back\\vendor\\laravel\\framework\\src\\Illuminate\\Container\\Container.php(780): Illuminate\\Container\\BoundMethod::call()
#39 C:\\Users\\camar\\Bureau\\mindful-journey-ui\\back-mindful-journey-iu\\mindful-journey-back\\vendor\\laravel\\framework\\src\\Illuminate\\Console\\Command.php(211): Illuminate\\Container\\Container->call()
#40 C:\\Users\\camar\\Bureau\\mindful-journey-ui\\back-mindful-journey-iu\\mindful-journey-back\\vendor\\symfony\\console\\Command\\Command.php(318): Illuminate\\Console\\Command->execute()
#41 C:\\Users\\camar\\Bureau\\mindful-journey-ui\\back-mindful-journey-iu\\mindful-journey-back\\vendor\\laravel\\framework\\src\\Illuminate\\Console\\Command.php(180): Symfony\\Component\\Console\\Command\\Command->run()
#42 C:\\Users\\camar\\Bureau\\mindful-journey-ui\\back-mindful-journey-iu\\mindful-journey-back\\vendor\\symfony\\console\\Application.php(1092): Illuminate\\Console\\Command->run()
#43 C:\\Users\\camar\\Bureau\\mindful-journey-ui\\back-mindful-journey-iu\\mindful-journey-back\\vendor\\symfony\\console\\Application.php(341): Symfony\\Component\\Console\\Application->doRunCommand()
#44 C:\\Users\\camar\\Bureau\\mindful-journey-ui\\back-mindful-journey-iu\\mindful-journey-back\\vendor\\symfony\\console\\Application.php(192): Symfony\\Component\\Console\\Application->doRun()
#45 C:\\Users\\camar\\Bureau\\mindful-journey-ui\\back-mindful-journey-iu\\mindful-journey-back\\vendor\\laravel\\framework\\src\\Illuminate\\Foundation\\Console\\Kernel.php(197): Symfony\\Component\\Console\\Application->run()
#46 C:\\Users\\camar\\Bureau\\mindful-journey-ui\\back-mindful-journey-iu\\mindful-journey-back\\vendor\\laravel\\framework\\src\\Illuminate\\Foundation\\Application.php(1234): Illuminate\\Foundation\\Console\\Kernel->handle()
#47 C:\\Users\\camar\\Bureau\\mindful-journey-ui\\back-mindful-journey-iu\\mindful-journey-back\\artisan(16): Illuminate\\Foundation\\Application->handleCommand()
#48 {main}
"} 
[2025-08-15 13:35:27] local.ERROR: SQLSTATE[HY000]: General error: 1 table "challenges" already exists (Connection: sqlite, SQL: create table "challenges" ("id" integer primary key autoincrement not null, "title" varchar not null, "description" text, "created_at" datetime, "updated_at" datetime)) {"exception":"[object] (Illuminate\\Database\\QueryException(code: HY000): SQLSTATE[HY000]: General error: 1 table \"challenges\" already exists (Connection: sqlite, SQL: create table \"challenges\" (\"id\" integer primary key autoincrement not null, \"title\" varchar not null, \"description\" text, \"created_at\" datetime, \"updated_at\" datetime)) at C:\\Users\\camar\\Bureau\\mindful-journey-ui\\back-mindful-journey-iu\\mindful-journey-back\\vendor\\laravel\\framework\\src\\Illuminate\\Database\\Connection.php:824)
[stacktrace]
#0 C:\\Users\\camar\\Bureau\\mindful-journey-ui\\back-mindful-journey-iu\\mindful-journey-back\\vendor\\laravel\\framework\\src\\Illuminate\\Database\\Connection.php(778): Illuminate\\Database\\Connection->runQueryCallback()
#1 C:\\Users\\camar\\Bureau\\mindful-journey-ui\\back-mindful-journey-iu\\mindful-journey-back\\vendor\\laravel\\framework\\src\\Illuminate\\Database\\Connection.php(559): Illuminate\\Database\\Connection->run()
#2 C:\\Users\\camar\\Bureau\\mindful-journey-ui\\back-mindful-journey-iu\\mindful-journey-back\\vendor\\laravel\\framework\\src\\Illuminate\\Database\\Schema\\Blueprint.php(119): Illuminate\\Database\\Connection->statement()
#3 C:\\Users\\camar\\Bureau\\mindful-journey-ui\\back-mindful-journey-iu\\mindful-journey-back\\vendor\\laravel\\framework\\src\\Illuminate\\Database\\Schema\\Builder.php(618): Illuminate\\Database\\Schema\\Blueprint->build()
#4 C:\\Users\\camar\\Bureau\\mindful-journey-ui\\back-mindful-journey-iu\\mindful-journey-back\\vendor\\laravel\\framework\\src\\Illuminate\\Database\\Schema\\Builder.php(472): Illuminate\\Database\\Schema\\Builder->build()
#5 C:\\Users\\camar\\Bureau\\mindful-journey-ui\\back-mindful-journey-iu\\mindful-journey-back\\vendor\\laravel\\framework\\src\\Illuminate\\Support\\Facades\\Facade.php(361): Illuminate\\Database\\Schema\\Builder->create()
#6 C:\\Users\\camar\\Bureau\\mindful-journey-ui\\back-mindful-journey-iu\\mindful-journey-back\\database\\migrations\\2025_08_15_000001_create_challenges_table.php(9): Illuminate\\Support\\Facades\\Facade::__callStatic()
#7 C:\\Users\\camar\\Bureau\\mindful-journey-ui\\back-mindful-journey-iu\\mindful-journey-back\\vendor\\laravel\\framework\\src\\Illuminate\\Database\\Migrations\\Migrator.php(514): Illuminate\\Database\\Migrations\\Migration@anonymous->up()
#8 C:\\Users\\camar\\Bureau\\mindful-journey-ui\\back-mindful-journey-iu\\mindful-journey-back\\vendor\\laravel\\framework\\src\\Illuminate\\Database\\Migrations\\Migrator.php(439): Illuminate\\Database\\Migrations\\Migrator->runMethod()
#9 C:\\Users\\camar\\Bureau\\mindful-journey-ui\\back-mindful-journey-iu\\mindful-journey-back\\vendor\\laravel\\framework\\src\\Illuminate\\Database\\Migrations\\Migrator.php(448): Illuminate\\Database\\Migrations\\Migrator->Illuminate\\Database\\Migrations\\{closure}()
#10 C:\\Users\\camar\\Bureau\\mindful-journey-ui\\back-mindful-journey-iu\\mindful-journey-back\\vendor\\laravel\\framework\\src\\Illuminate\\Database\\Migrations\\Migrator.php(250): Illuminate\\Database\\Migrations\\Migrator->runMigration()
#11 C:\\Users\\camar\\Bureau\\mindful-journey-ui\\back-mindful-journey-iu\\mindful-journey-back\\vendor\\laravel\\framework\\src\\Illuminate\\Console\\View\\Components\\Task.php(41): Illuminate\\Database\\Migrations\\Migrator->Illuminate\\Database\\Migrations\\{closure}()
#12 C:\\Users\\camar\\Bureau\\mindful-journey-ui\\back-mindful-journey-iu\\mindful-journey-back\\vendor\\laravel\\framework\\src\\Illuminate\\Database\\Migrations\\Migrator.php(809): Illuminate\\Console\\View\\Components\\Task->render()
#13 C:\\Users\\camar\\Bureau\\mindful-journey-ui\\back-mindful-journey-iu\\mindful-journey-back\\vendor\\laravel\\framework\\src\\Illuminate\\Database\\Migrations\\Migrator.php(250): Illuminate\\Database\\Migrations\\Migrator->write()
#14 C:\\Users\\camar\\Bureau\\mindful-journey-ui\\back-mindful-journey-iu\\mindful-journey-back\\vendor\\laravel\\framework\\src\\Illuminate\\Database\\Migrations\\Migrator.php(210): Illuminate\\Database\\Migrations\\Migrator->runUp()
#15 C:\\Users\\camar\\Bureau\\mindful-journey-ui\\back-mindful-journey-iu\\mindful-journey-back\\vendor\\laravel\\framework\\src\\Illuminate\\Database\\Migrations\\Migrator.php(137): Illuminate\\Database\\Migrations\\Migrator->runPending()
#16 C:\\Users\\camar\\Bureau\\mindful-journey-ui\\back-mindful-journey-iu\\mindful-journey-back\\vendor\\laravel\\framework\\src\\Illuminate\\Database\\Console\\Migrations\\MigrateCommand.php(116): Illuminate\\Database\\Migrations\\Migrator->run()
#17 C:\\Users\\camar\\Bureau\\mindful-journey-ui\\back-mindful-journey-iu\\mindful-journey-back\\vendor\\laravel\\framework\\src\\Illuminate\\Database\\Migrations\\Migrator.php(666): Illuminate\\Database\\Console\\Migrations\\MigrateCommand->Illuminate\\Database\\Console\\Migrations\\{closure}()
#18 C:\\Users\\camar\\Bureau\\mindful-journey-ui\\back-mindful-journey-iu\\mindful-journey-back\\vendor\\laravel\\framework\\src\\Illuminate\\Database\\Console\\Migrations\\MigrateCommand.php(109): Illuminate\\Database\\Migrations\\Migrator->usingConnection()
#19 C:\\Users\\camar\\Bureau\\mindful-journey-ui\\back-mindful-journey-iu\\mindful-journey-back\\vendor\\laravel\\framework\\src\\Illuminate\\Database\\Console\\Migrations\\MigrateCommand.php(88): Illuminate\\Database\\Console\\Migrations\\MigrateCommand->runMigrations()
#20 C:\\Users\\camar\\Bureau\\mindful-journey-ui\\back-mindful-journey-iu\\mindful-journey-back\\vendor\\laravel\\framework\\src\\Illuminate\\Container\\BoundMethod.php(36): Illuminate\\Database\\Console\\Migrations\\MigrateCommand->handle()
#21 C:\\Users\\camar\\Bureau\\mindful-journey-ui\\back-mindful-journey-iu\\mindful-journey-back\\vendor\\laravel\\framework\\src\\Illuminate\\Container\\Util.php(43): Illuminate\\Container\\BoundMethod::Illuminate\\Container\\{closure}()
#22 C:\\Users\\camar\\Bureau\\mindful-journey-ui\\back-mindful-journey-iu\\mindful-journey-back\\vendor\\laravel\\framework\\src\\Illuminate\\Container\\BoundMethod.php(96): Illuminate\\Container\\Util::unwrapIfClosure()
#23 C:\\Users\\camar\\Bureau\\mindful-journey-ui\\back-mindful-journey-iu\\mindful-journey-back\\vendor\\laravel\\framework\\src\\Illuminate\\Container\\BoundMethod.php(35): Illuminate\\Container\\BoundMethod::callBoundMethod()
#24 C:\\Users\\camar\\Bureau\\mindful-journey-ui\\back-mindful-journey-iu\\mindful-journey-back\\vendor\\laravel\\framework\\src\\Illuminate\\Container\\Container.php(780): Illuminate\\Container\\BoundMethod::call()
#25 C:\\Users\\camar\\Bureau\\mindful-journey-ui\\back-mindful-journey-iu\\mindful-journey-back\\vendor\\laravel\\framework\\src\\Illuminate\\Console\\Command.php(211): Illuminate\\Container\\Container->call()
#26 C:\\Users\\camar\\Bureau\\mindful-journey-ui\\back-mindful-journey-iu\\mindful-journey-back\\vendor\\symfony\\console\\Command\\Command.php(318): Illuminate\\Console\\Command->execute()
#27 C:\\Users\\camar\\Bureau\\mindful-journey-ui\\back-mindful-journey-iu\\mindful-journey-back\\vendor\\laravel\\framework\\src\\Illuminate\\Console\\Command.php(180): Symfony\\Component\\Console\\Command\\Command->run()
#28 C:\\Users\\camar\\Bureau\\mindful-journey-ui\\back-mindful-journey-iu\\mindful-journey-back\\vendor\\laravel\\framework\\src\\Illuminate\\Console\\Concerns\\CallsCommands.php(68): Illuminate\\Console\\Command->run()
#29 C:\\Users\\camar\\Bureau\\mindful-journey-ui\\back-mindful-journey-iu\\mindful-journey-back\\vendor\\laravel\\framework\\src\\Illuminate\\Console\\Concerns\\CallsCommands.php(29): Illuminate\\Console\\Command->runCommand()
#30 C:\\Users\\camar\\Bureau\\mindful-journey-ui\\back-mindful-journey-iu\\mindful-journey-back\\vendor\\laravel\\framework\\src\\Illuminate\\Database\\Console\\Migrations\\RefreshCommand.php(65): Illuminate\\Console\\Command->call()
#31 C:\\Users\\camar\\Bureau\\mindful-journey-ui\\back-mindful-journey-iu\\mindful-journey-back\\vendor\\laravel\\framework\\src\\Illuminate\\Container\\BoundMethod.php(36): Illuminate\\Database\\Console\\Migrations\\RefreshCommand->handle()
#32 C:\\Users\\camar\\Bureau\\mindful-journey-ui\\back-mindful-journey-iu\\mindful-journey-back\\vendor\\laravel\\framework\\src\\Illuminate\\Container\\Util.php(43): Illuminate\\Container\\BoundMethod::Illuminate\\Container\\{closure}()
#33 C:\\Users\\camar\\Bureau\\mindful-journey-ui\\back-mindful-journey-iu\\mindful-journey-back\\vendor\\laravel\\framework\\src\\Illuminate\\Container\\BoundMethod.php(96): Illuminate\\Container\\Util::unwrapIfClosure()
#34 C:\\Users\\camar\\Bureau\\mindful-journey-ui\\back-mindful-journey-iu\\mindful-journey-back\\vendor\\laravel\\framework\\src\\Illuminate\\Container\\BoundMethod.php(35): Illuminate\\Container\\BoundMethod::callBoundMethod()
#35 C:\\Users\\camar\\Bureau\\mindful-journey-ui\\back-mindful-journey-iu\\mindful-journey-back\\vendor\\laravel\\framework\\src\\Illuminate\\Container\\Container.php(780): Illuminate\\Container\\BoundMethod::call()
#36 C:\\Users\\camar\\Bureau\\mindful-journey-ui\\back-mindful-journey-iu\\mindful-journey-back\\vendor\\laravel\\framework\\src\\Illuminate\\Console\\Command.php(211): Illuminate\\Container\\Container->call()
#37 C:\\Users\\camar\\Bureau\\mindful-journey-ui\\back-mindful-journey-iu\\mindful-journey-back\\vendor\\symfony\\console\\Command\\Command.php(318): Illuminate\\Console\\Command->execute()
#38 C:\\Users\\camar\\Bureau\\mindful-journey-ui\\back-mindful-journey-iu\\mindful-journey-back\\vendor\\laravel\\framework\\src\\Illuminate\\Console\\Command.php(180): Symfony\\Component\\Console\\Command\\Command->run()
#39 C:\\Users\\camar\\Bureau\\mindful-journey-ui\\back-mindful-journey-iu\\mindful-journey-back\\vendor\\symfony\\console\\Application.php(1092): Illuminate\\Console\\Command->run()
#40 C:\\Users\\camar\\Bureau\\mindful-journey-ui\\back-mindful-journey-iu\\mindful-journey-back\\vendor\\symfony\\console\\Application.php(341): Symfony\\Component\\Console\\Application->doRunCommand()
#41 C:\\Users\\camar\\Bureau\\mindful-journey-ui\\back-mindful-journey-iu\\mindful-journey-back\\vendor\\symfony\\console\\Application.php(192): Symfony\\Component\\Console\\Application->doRun()
#42 C:\\Users\\camar\\Bureau\\mindful-journey-ui\\back-mindful-journey-iu\\mindful-journey-back\\vendor\\laravel\\framework\\src\\Illuminate\\Foundation\\Console\\Kernel.php(197): Symfony\\Component\\Console\\Application->run()
#43 C:\\Users\\camar\\Bureau\\mindful-journey-ui\\back-mindful-journey-iu\\mindful-journey-back\\vendor\\laravel\\framework\\src\\Illuminate\\Foundation\\Application.php(1234): Illuminate\\Foundation\\Console\\Kernel->handle()
#44 C:\\Users\\camar\\Bureau\\mindful-journey-ui\\back-mindful-journey-iu\\mindful-journey-back\\artisan(16): Illuminate\\Foundation\\Application->handleCommand()
#45 {main}

[previous exception] [object] (PDOException(code: HY000): SQLSTATE[HY000]: General error: 1 table \"challenges\" already exists at C:\\Users\\camar\\Bureau\\mindful-journey-ui\\back-mindful-journey-iu\\mindful-journey-back\\vendor\\laravel\\framework\\src\\Illuminate\\Database\\Connection.php:564)
[stacktrace]
#0 C:\\Users\\camar\\Bureau\\mindful-journey-ui\\back-mindful-journey-iu\\mindful-journey-back\\vendor\\laravel\\framework\\src\\Illuminate\\Database\\Connection.php(564): PDO->prepare()
#1 C:\\Users\\camar\\Bureau\\mindful-journey-ui\\back-mindful-journey-iu\\mindful-journey-back\\vendor\\laravel\\framework\\src\\Illuminate\\Database\\Connection.php(811): Illuminate\\Database\\Connection->Illuminate\\Database\\{closure}()
#2 C:\\Users\\camar\\Bureau\\mindful-journey-ui\\back-mindful-journey-iu\\mindful-journey-back\\vendor\\laravel\\framework\\src\\Illuminate\\Database\\Connection.php(778): Illuminate\\Database\\Connection->runQueryCallback()
#3 C:\\Users\\camar\\Bureau\\mindful-journey-ui\\back-mindful-journey-iu\\mindful-journey-back\\vendor\\laravel\\framework\\src\\Illuminate\\Database\\Connection.php(559): Illuminate\\Database\\Connection->run()
#4 C:\\Users\\camar\\Bureau\\mindful-journey-ui\\back-mindful-journey-iu\\mindful-journey-back\\vendor\\laravel\\framework\\src\\Illuminate\\Database\\Schema\\Blueprint.php(119): Illuminate\\Database\\Connection->statement()
#5 C:\\Users\\camar\\Bureau\\mindful-journey-ui\\back-mindful-journey-iu\\mindful-journey-back\\vendor\\laravel\\framework\\src\\Illuminate\\Database\\Schema\\Builder.php(618): Illuminate\\Database\\Schema\\Blueprint->build()
#6 C:\\Users\\camar\\Bureau\\mindful-journey-ui\\back-mindful-journey-iu\\mindful-journey-back\\vendor\\laravel\\framework\\src\\Illuminate\\Database\\Schema\\Builder.php(472): Illuminate\\Database\\Schema\\Builder->build()
#7 C:\\Users\\camar\\Bureau\\mindful-journey-ui\\back-mindful-journey-iu\\mindful-journey-back\\vendor\\laravel\\framework\\src\\Illuminate\\Support\\Facades\\Facade.php(361): Illuminate\\Database\\Schema\\Builder->create()
#8 C:\\Users\\camar\\Bureau\\mindful-journey-ui\\back-mindful-journey-iu\\mindful-journey-back\\database\\migrations\\2025_08_15_000001_create_challenges_table.php(9): Illuminate\\Support\\Facades\\Facade::__callStatic()
#9 C:\\Users\\camar\\Bureau\\mindful-journey-ui\\back-mindful-journey-iu\\mindful-journey-back\\vendor\\laravel\\framework\\src\\Illuminate\\Database\\Migrations\\Migrator.php(514): Illuminate\\Database\\Migrations\\Migration@anonymous->up()
#10 C:\\Users\\camar\\Bureau\\mindful-journey-ui\\back-mindful-journey-iu\\mindful-journey-back\\vendor\\laravel\\framework\\src\\Illuminate\\Database\\Migrations\\Migrator.php(439): Illuminate\\Database\\Migrations\\Migrator->runMethod()
#11 C:\\Users\\camar\\Bureau\\mindful-journey-ui\\back-mindful-journey-iu\\mindful-journey-back\\vendor\\laravel\\framework\\src\\Illuminate\\Database\\Migrations\\Migrator.php(448): Illuminate\\Database\\Migrations\\Migrator->Illuminate\\Database\\Migrations\\{closure}()
#12 C:\\Users\\camar\\Bureau\\mindful-journey-ui\\back-mindful-journey-iu\\mindful-journey-back\\vendor\\laravel\\framework\\src\\Illuminate\\Database\\Migrations\\Migrator.php(250): Illuminate\\Database\\Migrations\\Migrator->runMigration()
#13 C:\\Users\\camar\\Bureau\\mindful-journey-ui\\back-mindful-journey-iu\\mindful-journey-back\\vendor\\laravel\\framework\\src\\Illuminate\\Console\\View\\Components\\Task.php(41): Illuminate\\Database\\Migrations\\Migrator->Illuminate\\Database\\Migrations\\{closure}()
#14 C:\\Users\\camar\\Bureau\\mindful-journey-ui\\back-mindful-journey-iu\\mindful-journey-back\\vendor\\laravel\\framework\\src\\Illuminate\\Database\\Migrations\\Migrator.php(809): Illuminate\\Console\\View\\Components\\Task->render()
#15 C:\\Users\\camar\\Bureau\\mindful-journey-ui\\back-mindful-journey-iu\\mindful-journey-back\\vendor\\laravel\\framework\\src\\Illuminate\\Database\\Migrations\\Migrator.php(250): Illuminate\\Database\\Migrations\\Migrator->write()
#16 C:\\Users\\camar\\Bureau\\mindful-journey-ui\\back-mindful-journey-iu\\mindful-journey-back\\vendor\\laravel\\framework\\src\\Illuminate\\Database\\Migrations\\Migrator.php(210): Illuminate\\Database\\Migrations\\Migrator->runUp()
#17 C:\\Users\\camar\\Bureau\\mindful-journey-ui\\back-mindful-journey-iu\\mindful-journey-back\\vendor\\laravel\\framework\\src\\Illuminate\\Database\\Migrations\\Migrator.php(137): Illuminate\\Database\\Migrations\\Migrator->runPending()
#18 C:\\Users\\camar\\Bureau\\mindful-journey-ui\\back-mindful-journey-iu\\mindful-journey-back\\vendor\\laravel\\framework\\src\\Illuminate\\Database\\Console\\Migrations\\MigrateCommand.php(116): Illuminate\\Database\\Migrations\\Migrator->run()
#19 C:\\Users\\camar\\Bureau\\mindful-journey-ui\\back-mindful-journey-iu\\mindful-journey-back\\vendor\\laravel\\framework\\src\\Illuminate\\Database\\Migrations\\Migrator.php(666): Illuminate\\Database\\Console\\Migrations\\MigrateCommand->Illuminate\\Database\\Console\\Migrations\\{closure}()
#20 C:\\Users\\camar\\Bureau\\mindful-journey-ui\\back-mindful-journey-iu\\mindful-journey-back\\vendor\\laravel\\framework\\src\\Illuminate\\Database\\Console\\Migrations\\MigrateCommand.php(109): Illuminate\\Database\\Migrations\\Migrator->usingConnection()
#21 C:\\Users\\camar\\Bureau\\mindful-journey-ui\\back-mindful-journey-iu\\mindful-journey-back\\vendor\\laravel\\framework\\src\\Illuminate\\Database\\Console\\Migrations\\MigrateCommand.php(88): Illuminate\\Database\\Console\\Migrations\\MigrateCommand->runMigrations()
#22 C:\\Users\\camar\\Bureau\\mindful-journey-ui\\back-mindful-journey-iu\\mindful-journey-back\\vendor\\laravel\\framework\\src\\Illuminate\\Container\\BoundMethod.php(36): Illuminate\\Database\\Console\\Migrations\\MigrateCommand->handle()
#23 C:\\Users\\camar\\Bureau\\mindful-journey-ui\\back-mindful-journey-iu\\mindful-journey-back\\vendor\\laravel\\framework\\src\\Illuminate\\Container\\Util.php(43): Illuminate\\Container\\BoundMethod::Illuminate\\Container\\{closure}()
#24 C:\\Users\\camar\\Bureau\\mindful-journey-ui\\back-mindful-journey-iu\\mindful-journey-back\\vendor\\laravel\\framework\\src\\Illuminate\\Container\\BoundMethod.php(96): Illuminate\\Container\\Util::unwrapIfClosure()
#25 C:\\Users\\camar\\Bureau\\mindful-journey-ui\\back-mindful-journey-iu\\mindful-journey-back\\vendor\\laravel\\framework\\src\\Illuminate\\Container\\BoundMethod.php(35): Illuminate\\Container\\BoundMethod::callBoundMethod()
#26 C:\\Users\\camar\\Bureau\\mindful-journey-ui\\back-mindful-journey-iu\\mindful-journey-back\\vendor\\laravel\\framework\\src\\Illuminate\\Container\\Container.php(780): Illuminate\\Container\\BoundMethod::call()
#27 C:\\Users\\camar\\Bureau\\mindful-journey-ui\\back-mindful-journey-iu\\mindful-journey-back\\vendor\\laravel\\framework\\src\\Illuminate\\Console\\Command.php(211): Illuminate\\Container\\Container->call()
#28 C:\\Users\\camar\\Bureau\\mindful-journey-ui\\back-mindful-journey-iu\\mindful-journey-back\\vendor\\symfony\\console\\Command\\Command.php(318): Illuminate\\Console\\Command->execute()
#29 C:\\Users\\camar\\Bureau\\mindful-journey-ui\\back-mindful-journey-iu\\mindful-journey-back\\vendor\\laravel\\framework\\src\\Illuminate\\Console\\Command.php(180): Symfony\\Component\\Console\\Command\\Command->run()
#30 C:\\Users\\camar\\Bureau\\mindful-journey-ui\\back-mindful-journey-iu\\mindful-journey-back\\vendor\\laravel\\framework\\src\\Illuminate\\Console\\Concerns\\CallsCommands.php(68): Illuminate\\Console\\Command->run()
#31 C:\\Users\\camar\\Bureau\\mindful-journey-ui\\back-mindful-journey-iu\\mindful-journey-back\\vendor\\laravel\\framework\\src\\Illuminate\\Console\\Concerns\\CallsCommands.php(29): Illuminate\\Console\\Command->runCommand()
#32 C:\\Users\\camar\\Bureau\\mindful-journey-ui\\back-mindful-journey-iu\\mindful-journey-back\\vendor\\laravel\\framework\\src\\Illuminate\\Database\\Console\\Migrations\\RefreshCommand.php(65): Illuminate\\Console\\Command->call()
#33 C:\\Users\\camar\\Bureau\\mindful-journey-ui\\back-mindful-journey-iu\\mindful-journey-back\\vendor\\laravel\\framework\\src\\Illuminate\\Container\\BoundMethod.php(36): Illuminate\\Database\\Console\\Migrations\\RefreshCommand->handle()
#34 C:\\Users\\camar\\Bureau\\mindful-journey-ui\\back-mindful-journey-iu\\mindful-journey-back\\vendor\\laravel\\framework\\src\\Illuminate\\Container\\Util.php(43): Illuminate\\Container\\BoundMethod::Illuminate\\Container\\{closure}()
#35 C:\\Users\\camar\\Bureau\\mindful-journey-ui\\back-mindful-journey-iu\\mindful-journey-back\\vendor\\laravel\\framework\\src\\Illuminate\\Container\\BoundMethod.php(96): Illuminate\\Container\\Util::unwrapIfClosure()
#36 C:\\Users\\camar\\Bureau\\mindful-journey-ui\\back-mindful-journey-iu\\mindful-journey-back\\vendor\\laravel\\framework\\src\\Illuminate\\Container\\BoundMethod.php(35): Illuminate\\Container\\BoundMethod::callBoundMethod()
#37 C:\\Users\\camar\\Bureau\\mindful-journey-ui\\back-mindful-journey-iu\\mindful-journey-back\\vendor\\laravel\\framework\\src\\Illuminate\\Container\\Container.php(780): Illuminate\\Container\\BoundMethod::call()
#38 C:\\Users\\camar\\Bureau\\mindful-journey-ui\\back-mindful-journey-iu\\mindful-journey-back\\vendor\\laravel\\framework\\src\\Illuminate\\Console\\Command.php(211): Illuminate\\Container\\Container->call()
#39 C:\\Users\\camar\\Bureau\\mindful-journey-ui\\back-mindful-journey-iu\\mindful-journey-back\\vendor\\symfony\\console\\Command\\Command.php(318): Illuminate\\Console\\Command->execute()
#40 C:\\Users\\camar\\Bureau\\mindful-journey-ui\\back-mindful-journey-iu\\mindful-journey-back\\vendor\\laravel\\framework\\src\\Illuminate\\Console\\Command.php(180): Symfony\\Component\\Console\\Command\\Command->run()
#41 C:\\Users\\camar\\Bureau\\mindful-journey-ui\\back-mindful-journey-iu\\mindful-journey-back\\vendor\\symfony\\console\\Application.php(1092): Illuminate\\Console\\Command->run()
#42 C:\\Users\\camar\\Bureau\\mindful-journey-ui\\back-mindful-journey-iu\\mindful-journey-back\\vendor\\symfony\\console\\Application.php(341): Symfony\\Component\\Console\\Application->doRunCommand()
#43 C:\\Users\\camar\\Bureau\\mindful-journey-ui\\back-mindful-journey-iu\\mindful-journey-back\\vendor\\symfony\\console\\Application.php(192): Symfony\\Component\\Console\\Application->doRun()
#44 C:\\Users\\camar\\Bureau\\mindful-journey-ui\\back-mindful-journey-iu\\mindful-journey-back\\vendor\\laravel\\framework\\src\\Illuminate\\Foundation\\Console\\Kernel.php(197): Symfony\\Component\\Console\\Application->run()
#45 C:\\Users\\camar\\Bureau\\mindful-journey-ui\\back-mindful-journey-iu\\mindful-journey-back\\vendor\\laravel\\framework\\src\\Illuminate\\Foundation\\Application.php(1234): Illuminate\\Foundation\\Console\\Kernel->handle()
#46 C:\\Users\\camar\\Bureau\\mindful-journey-ui\\back-mindful-journey-iu\\mindful-journey-back\\artisan(16): Illuminate\\Foundation\\Application->handleCommand()
#47 {main}
"} 
[2025-08-15 23:31:39] local.ERROR: Vite manifest not found at: C:\Users\camar\Bureau\mindful-journey-ui\back-mindful-journey-iu\mindful-journey-back\public\build/manifest.json (View: C:\Users\camar\Bureau\mindful-journey-ui\back-mindful-journey-iu\mindful-journey-back\resources\views\app.blade.php) {"exception":"[object] (Illuminate\\View\\ViewException(code: 0): Vite manifest not found at: C:\\Users\\camar\\Bureau\\mindful-journey-ui\\back-mindful-journey-iu\\mindful-journey-back\\public\\build/manifest.json (View: C:\\Users\\camar\\Bureau\\mindful-journey-ui\\back-mindful-journey-iu\\mindful-journey-back\\resources\\views\\app.blade.php) at C:\\Users\\camar\\Bureau\\mindful-journey-ui\\back-mindful-journey-iu\\mindful-journey-back\\vendor\\laravel\\framework\\src\\Illuminate\\Foundation\\Vite.php:935)
[stacktrace]
#0 C:\\Users\\camar\\Bureau\\mindful-journey-ui\\back-mindful-journey-iu\\mindful-journey-back\\vendor\\laravel\\framework\\src\\Illuminate\\View\\Engines\\PhpEngine.php(59): Illuminate\\View\\Engines\\CompilerEngine->handleViewException()
#1 C:\\Users\\camar\\Bureau\\mindful-journey-ui\\back-mindful-journey-iu\\mindful-journey-back\\vendor\\laravel\\framework\\src\\Illuminate\\View\\Engines\\CompilerEngine.php(76): Illuminate\\View\\Engines\\PhpEngine->evaluatePath()
#2 C:\\Users\\camar\\Bureau\\mindful-journey-ui\\back-mindful-journey-iu\\mindful-journey-back\\vendor\\laravel\\framework\\src\\Illuminate\\View\\View.php(208): Illuminate\\View\\Engines\\CompilerEngine->get()
#3 C:\\Users\\camar\\Bureau\\mindful-journey-ui\\back-mindful-journey-iu\\mindful-journey-back\\vendor\\laravel\\framework\\src\\Illuminate\\View\\View.php(191): Illuminate\\View\\View->getContents()
#4 C:\\Users\\camar\\Bureau\\mindful-journey-ui\\back-mindful-journey-iu\\mindful-journey-back\\vendor\\laravel\\framework\\src\\Illuminate\\View\\View.php(160): Illuminate\\View\\View->renderContents()
#5 C:\\Users\\camar\\Bureau\\mindful-journey-ui\\back-mindful-journey-iu\\mindful-journey-back\\vendor\\laravel\\framework\\src\\Illuminate\\Http\\Response.php(78): Illuminate\\View\\View->render()
#6 C:\\Users\\camar\\Bureau\\mindful-journey-ui\\back-mindful-journey-iu\\mindful-journey-back\\vendor\\laravel\\framework\\src\\Illuminate\\Http\\Response.php(34): Illuminate\\Http\\Response->setContent()
#7 C:\\Users\\camar\\Bureau\\mindful-journey-ui\\back-mindful-journey-iu\\mindful-journey-back\\vendor\\laravel\\framework\\src\\Illuminate\\Routing\\ResponseFactory.php(61): Illuminate\\Http\\Response->__construct()
#8 C:\\Users\\camar\\Bureau\\mindful-journey-ui\\back-mindful-journey-iu\\mindful-journey-back\\vendor\\laravel\\framework\\src\\Illuminate\\Routing\\ResponseFactory.php(91): Illuminate\\Routing\\ResponseFactory->make()
#9 C:\\Users\\camar\\Bureau\\mindful-journey-ui\\back-mindful-journey-iu\\mindful-journey-back\\vendor\\laravel\\framework\\src\\Illuminate\\Support\\Facades\\Facade.php(361): Illuminate\\Routing\\ResponseFactory->view()
#10 C:\\Users\\camar\\Bureau\\mindful-journey-ui\\back-mindful-journey-iu\\mindful-journey-back\\vendor\\inertiajs\\inertia-laravel\\src\\Response.php(135): Illuminate\\Support\\Facades\\Facade::__callStatic()
#11 C:\\Users\\camar\\Bureau\\mindful-journey-ui\\back-mindful-journey-iu\\mindful-journey-back\\vendor\\laravel\\framework\\src\\Illuminate\\Routing\\Router.php(907): Inertia\\Response->toResponse()
#12 C:\\Users\\camar\\Bureau\\mindful-journey-ui\\back-mindful-journey-iu\\mindful-journey-back\\vendor\\laravel\\framework\\src\\Illuminate\\Routing\\Router.php(892): Illuminate\\Routing\\Router::toResponse()
#13 C:\\Users\\camar\\Bureau\\mindful-journey-ui\\back-mindful-journey-iu\\mindful-journey-back\\vendor\\laravel\\framework\\src\\Illuminate\\Routing\\Router.php(807): Illuminate\\Routing\\Router->prepareResponse()
#14 C:\\Users\\camar\\Bureau\\mindful-journey-ui\\back-mindful-journey-iu\\mindful-journey-back\\vendor\\laravel\\framework\\src\\Illuminate\\Pipeline\\Pipeline.php(169): Illuminate\\Routing\\Router->Illuminate\\Routing\\{closure}()
#15 C:\\Users\\camar\\Bureau\\mindful-journey-ui\\back-mindful-journey-iu\\mindful-journey-back\\vendor\\laravel\\framework\\src\\Illuminate\\Http\\Middleware\\AddLinkHeadersForPreloadedAssets.php(32): Illuminate\\Pipeline\\Pipeline->Illuminate\\Pipeline\\{closure}()
#16 C:\\Users\\camar\\Bureau\\mindful-journey-ui\\back-mindful-journey-iu\\mindful-journey-back\\vendor\\laravel\\framework\\src\\Illuminate\\Pipeline\\Pipeline.php(208): Illuminate\\Http\\Middleware\\AddLinkHeadersForPreloadedAssets->handle()
#17 C:\\Users\\camar\\Bureau\\mindful-journey-ui\\back-mindful-journey-iu\\mindful-journey-back\\vendor\\inertiajs\\inertia-laravel\\src\\Middleware.php(100): Illuminate\\Pipeline\\Pipeline->Illuminate\\Pipeline\\{closure}()
#18 C:\\Users\\camar\\Bureau\\mindful-journey-ui\\back-mindful-journey-iu\\mindful-journey-back\\vendor\\laravel\\framework\\src\\Illuminate\\Pipeline\\Pipeline.php(208): Inertia\\Middleware->handle()
#19 C:\\Users\\camar\\Bureau\\mindful-journey-ui\\back-mindful-journey-iu\\mindful-journey-back\\app\\Http\\Middleware\\HandleAppearance.php(21): Illuminate\\Pipeline\\Pipeline->Illuminate\\Pipeline\\{closure}()
#20 C:\\Users\\camar\\Bureau\\mindful-journey-ui\\back-mindful-journey-iu\\mindful-journey-back\\vendor\\laravel\\framework\\src\\Illuminate\\Pipeline\\Pipeline.php(208): App\\Http\\Middleware\\HandleAppearance->handle()
#21 C:\\Users\\camar\\Bureau\\mindful-journey-ui\\back-mindful-journey-iu\\mindful-journey-back\\vendor\\laravel\\framework\\src\\Illuminate\\Routing\\Middleware\\SubstituteBindings.php(50): Illuminate\\Pipeline\\Pipeline->Illuminate\\Pipeline\\{closure}()
#22 C:\\Users\\camar\\Bureau\\mindful-journey-ui\\back-mindful-journey-iu\\mindful-journey-back\\vendor\\laravel\\framework\\src\\Illuminate\\Pipeline\\Pipeline.php(208): Illuminate\\Routing\\Middleware\\SubstituteBindings->handle()
#23 C:\\Users\\camar\\Bureau\\mindful-journey-ui\\back-mindful-journey-iu\\mindful-journey-back\\vendor\\laravel\\framework\\src\\Illuminate\\Foundation\\Http\\Middleware\\VerifyCsrfToken.php(87): Illuminate\\Pipeline\\Pipeline->Illuminate\\Pipeline\\{closure}()
#24 C:\\Users\\camar\\Bureau\\mindful-journey-ui\\back-mindful-journey-iu\\mindful-journey-back\\vendor\\laravel\\framework\\src\\Illuminate\\Pipeline\\Pipeline.php(208): Illuminate\\Foundation\\Http\\Middleware\\VerifyCsrfToken->handle()
#25 C:\\Users\\camar\\Bureau\\mindful-journey-ui\\back-mindful-journey-iu\\mindful-journey-back\\vendor\\laravel\\framework\\src\\Illuminate\\View\\Middleware\\ShareErrorsFromSession.php(48): Illuminate\\Pipeline\\Pipeline->Illuminate\\Pipeline\\{closure}()
#26 C:\\Users\\camar\\Bureau\\mindful-journey-ui\\back-mindful-journey-iu\\mindful-journey-back\\vendor\\laravel\\framework\\src\\Illuminate\\Pipeline\\Pipeline.php(208): Illuminate\\View\\Middleware\\ShareErrorsFromSession->handle()
#27 C:\\Users\\camar\\Bureau\\mindful-journey-ui\\back-mindful-journey-iu\\mindful-journey-back\\vendor\\laravel\\framework\\src\\Illuminate\\Session\\Middleware\\StartSession.php(120): Illuminate\\Pipeline\\Pipeline->Illuminate\\Pipeline\\{closure}()
#28 C:\\Users\\camar\\Bureau\\mindful-journey-ui\\back-mindful-journey-iu\\mindful-journey-back\\vendor\\laravel\\framework\\src\\Illuminate\\Session\\Middleware\\StartSession.php(63): Illuminate\\Session\\Middleware\\StartSession->handleStatefulRequest()
#29 C:\\Users\\camar\\Bureau\\mindful-journey-ui\\back-mindful-journey-iu\\mindful-journey-back\\vendor\\laravel\\framework\\src\\Illuminate\\Pipeline\\Pipeline.php(208): Illuminate\\Session\\Middleware\\StartSession->handle()
#30 C:\\Users\\camar\\Bureau\\mindful-journey-ui\\back-mindful-journey-iu\\mindful-journey-back\\vendor\\laravel\\framework\\src\\Illuminate\\Cookie\\Middleware\\AddQueuedCookiesToResponse.php(36): Illuminate\\Pipeline\\Pipeline->Illuminate\\Pipeline\\{closure}()
#31 C:\\Users\\camar\\Bureau\\mindful-journey-ui\\back-mindful-journey-iu\\mindful-journey-back\\vendor\\laravel\\framework\\src\\Illuminate\\Pipeline\\Pipeline.php(208): Illuminate\\Cookie\\Middleware\\AddQueuedCookiesToResponse->handle()
#32 C:\\Users\\camar\\Bureau\\mindful-journey-ui\\back-mindful-journey-iu\\mindful-journey-back\\vendor\\laravel\\framework\\src\\Illuminate\\Cookie\\Middleware\\EncryptCookies.php(74): Illuminate\\Pipeline\\Pipeline->Illuminate\\Pipeline\\{closure}()
#33 C:\\Users\\camar\\Bureau\\mindful-journey-ui\\back-mindful-journey-iu\\mindful-journey-back\\vendor\\laravel\\framework\\src\\Illuminate\\Pipeline\\Pipeline.php(208): Illuminate\\Cookie\\Middleware\\EncryptCookies->handle()
#34 C:\\Users\\camar\\Bureau\\mindful-journey-ui\\back-mindful-journey-iu\\mindful-journey-back\\vendor\\laravel\\framework\\src\\Illuminate\\Pipeline\\Pipeline.php(126): Illuminate\\Pipeline\\Pipeline->Illuminate\\Pipeline\\{closure}()
#35 C:\\Users\\camar\\Bureau\\mindful-journey-ui\\back-mindful-journey-iu\\mindful-journey-back\\vendor\\laravel\\framework\\src\\Illuminate\\Routing\\Router.php(807): Illuminate\\Pipeline\\Pipeline->then()
#36 C:\\Users\\camar\\Bureau\\mindful-journey-ui\\back-mindful-journey-iu\\mindful-journey-back\\vendor\\laravel\\framework\\src\\Illuminate\\Routing\\Router.php(786): Illuminate\\Routing\\Router->runRouteWithinStack()
#37 C:\\Users\\camar\\Bureau\\mindful-journey-ui\\back-mindful-journey-iu\\mindful-journey-back\\vendor\\laravel\\framework\\src\\Illuminate\\Routing\\Router.php(750): Illuminate\\Routing\\Router->runRoute()
#38 C:\\Users\\camar\\Bureau\\mindful-journey-ui\\back-mindful-journey-iu\\mindful-journey-back\\vendor\\laravel\\framework\\src\\Illuminate\\Routing\\Router.php(739): Illuminate\\Routing\\Router->dispatchToRoute()
#39 C:\\Users\\camar\\Bureau\\mindful-journey-ui\\back-mindful-journey-iu\\mindful-journey-back\\vendor\\laravel\\framework\\src\\Illuminate\\Foundation\\Http\\Kernel.php(200): Illuminate\\Routing\\Router->dispatch()
#40 C:\\Users\\camar\\Bureau\\mindful-journey-ui\\back-mindful-journey-iu\\mindful-journey-back\\vendor\\laravel\\framework\\src\\Illuminate\\Pipeline\\Pipeline.php(169): Illuminate\\Foundation\\Http\\Kernel->Illuminate\\Foundation\\Http\\{closure}()
#41 C:\\Users\\camar\\Bureau\\mindful-journey-ui\\back-mindful-journey-iu\\mindful-journey-back\\vendor\\laravel\\framework\\src\\Illuminate\\Foundation\\Http\\Middleware\\TransformsRequest.php(21): Illuminate\\Pipeline\\Pipeline->Illuminate\\Pipeline\\{closure}()
#42 C:\\Users\\camar\\Bureau\\mindful-journey-ui\\back-mindful-journey-iu\\mindful-journey-back\\vendor\\laravel\\framework\\src\\Illuminate\\Foundation\\Http\\Middleware\\ConvertEmptyStringsToNull.php(31): Illuminate\\Foundation\\Http\\Middleware\\TransformsRequest->handle()
#43 C:\\Users\\camar\\Bureau\\mindful-journey-ui\\back-mindful-journey-iu\\mindful-journey-back\\vendor\\laravel\\framework\\src\\Illuminate\\Pipeline\\Pipeline.php(208): Illuminate\\Foundation\\Http\\Middleware\\ConvertEmptyStringsToNull->handle()
#44 C:\\Users\\camar\\Bureau\\mindful-journey-ui\\back-mindful-journey-iu\\mindful-journey-back\\vendor\\laravel\\framework\\src\\Illuminate\\Foundation\\Http\\Middleware\\TransformsRequest.php(21): Illuminate\\Pipeline\\Pipeline->Illuminate\\Pipeline\\{closure}()
#45 C:\\Users\\camar\\Bureau\\mindful-journey-ui\\back-mindful-journey-iu\\mindful-journey-back\\vendor\\laravel\\framework\\src\\Illuminate\\Foundation\\Http\\Middleware\\TrimStrings.php(51): Illuminate\\Foundation\\Http\\Middleware\\TransformsRequest->handle()
#46 C:\\Users\\camar\\Bureau\\mindful-journey-ui\\back-mindful-journey-iu\\mindful-journey-back\\vendor\\laravel\\framework\\src\\Illuminate\\Pipeline\\Pipeline.php(208): Illuminate\\Foundation\\Http\\Middleware\\TrimStrings->handle()
#47 C:\\Users\\camar\\Bureau\\mindful-journey-ui\\back-mindful-journey-iu\\mindful-journey-back\\vendor\\laravel\\framework\\src\\Illuminate\\Http\\Middleware\\ValidatePostSize.php(27): Illuminate\\Pipeline\\Pipeline->Illuminate\\Pipeline\\{closure}()
#48 C:\\Users\\camar\\Bureau\\mindful-journey-ui\\back-mindful-journey-iu\\mindful-journey-back\\vendor\\laravel\\framework\\src\\Illuminate\\Pipeline\\Pipeline.php(208): Illuminate\\Http\\Middleware\\ValidatePostSize->handle()
#49 C:\\Users\\camar\\Bureau\\mindful-journey-ui\\back-mindful-journey-iu\\mindful-journey-back\\vendor\\laravel\\framework\\src\\Illuminate\\Foundation\\Http\\Middleware\\PreventRequestsDuringMaintenance.php(109): Illuminate\\Pipeline\\Pipeline->Illuminate\\Pipeline\\{closure}()
#50 C:\\Users\\camar\\Bureau\\mindful-journey-ui\\back-mindful-journey-iu\\mindful-journey-back\\vendor\\laravel\\framework\\src\\Illuminate\\Pipeline\\Pipeline.php(208): Illuminate\\Foundation\\Http\\Middleware\\PreventRequestsDuringMaintenance->handle()
#51 C:\\Users\\camar\\Bureau\\mindful-journey-ui\\back-mindful-journey-iu\\mindful-journey-back\\vendor\\laravel\\framework\\src\\Illuminate\\Http\\Middleware\\HandleCors.php(48): Illuminate\\Pipeline\\Pipeline->Illuminate\\Pipeline\\{closure}()
#52 C:\\Users\\camar\\Bureau\\mindful-journey-ui\\back-mindful-journey-iu\\mindful-journey-back\\vendor\\laravel\\framework\\src\\Illuminate\\Pipeline\\Pipeline.php(208): Illuminate\\Http\\Middleware\\HandleCors->handle()
#53 C:\\Users\\camar\\Bureau\\mindful-journey-ui\\back-mindful-journey-iu\\mindful-journey-back\\vendor\\laravel\\framework\\src\\Illuminate\\Http\\Middleware\\TrustProxies.php(58): Illuminate\\Pipeline\\Pipeline->Illuminate\\Pipeline\\{closure}()
#54 C:\\Users\\camar\\Bureau\\mindful-journey-ui\\back-mindful-journey-iu\\mindful-journey-back\\vendor\\laravel\\framework\\src\\Illuminate\\Pipeline\\Pipeline.php(208): Illuminate\\Http\\Middleware\\TrustProxies->handle()
#55 C:\\Users\\camar\\Bureau\\mindful-journey-ui\\back-mindful-journey-iu\\mindful-journey-back\\vendor\\laravel\\framework\\src\\Illuminate\\Foundation\\Http\\Middleware\\InvokeDeferredCallbacks.php(22): Illuminate\\Pipeline\\Pipeline->Illuminate\\Pipeline\\{closure}()
#56 C:\\Users\\camar\\Bureau\\mindful-journey-ui\\back-mindful-journey-iu\\mindful-journey-back\\vendor\\laravel\\framework\\src\\Illuminate\\Pipeline\\Pipeline.php(208): Illuminate\\Foundation\\Http\\Middleware\\InvokeDeferredCallbacks->handle()
#57 C:\\Users\\camar\\Bureau\\mindful-journey-ui\\back-mindful-journey-iu\\mindful-journey-back\\vendor\\laravel\\framework\\src\\Illuminate\\Http\\Middleware\\ValidatePathEncoding.php(26): Illuminate\\Pipeline\\Pipeline->Illuminate\\Pipeline\\{closure}()
#58 C:\\Users\\camar\\Bureau\\mindful-journey-ui\\back-mindful-journey-iu\\mindful-journey-back\\vendor\\laravel\\framework\\src\\Illuminate\\Pipeline\\Pipeline.php(208): Illuminate\\Http\\Middleware\\ValidatePathEncoding->handle()
#59 C:\\Users\\camar\\Bureau\\mindful-journey-ui\\back-mindful-journey-iu\\mindful-journey-back\\vendor\\laravel\\framework\\src\\Illuminate\\Pipeline\\Pipeline.php(126): Illuminate\\Pipeline\\Pipeline->Illuminate\\Pipeline\\{closure}()
#60 C:\\Users\\camar\\Bureau\\mindful-journey-ui\\back-mindful-journey-iu\\mindful-journey-back\\vendor\\laravel\\framework\\src\\Illuminate\\Foundation\\Http\\Kernel.php(175): Illuminate\\Pipeline\\Pipeline->then()
#61 C:\\Users\\camar\\Bureau\\mindful-journey-ui\\back-mindful-journey-iu\\mindful-journey-back\\vendor\\laravel\\framework\\src\\Illuminate\\Foundation\\Http\\Kernel.php(144): Illuminate\\Foundation\\Http\\Kernel->sendRequestThroughRouter()
#62 C:\\Users\\camar\\Bureau\\mindful-journey-ui\\back-mindful-journey-iu\\mindful-journey-back\\vendor\\laravel\\framework\\src\\Illuminate\\Foundation\\Application.php(1219): Illuminate\\Foundation\\Http\\Kernel->handle()
#63 C:\\Users\\camar\\Bureau\\mindful-journey-ui\\back-mindful-journey-iu\\mindful-journey-back\\public\\index.php(20): Illuminate\\Foundation\\Application->handleRequest()
#64 C:\\Users\\camar\\Bureau\\mindful-journey-ui\\back-mindful-journey-iu\\mindful-journey-back\\vendor\\laravel\\framework\\src\\Illuminate\\Foundation\\resources\\server.php(23): require_once('...')
#65 {main}

[previous exception] [object] (Illuminate\\Foundation\\ViteManifestNotFoundException(code: 0): Vite manifest not found at: C:\\Users\\camar\\Bureau\\mindful-journey-ui\\back-mindful-journey-iu\\mindful-journey-back\\public\\build/manifest.json at C:\\Users\\camar\\Bureau\\mindful-journey-ui\\back-mindful-journey-iu\\mindful-journey-back\\vendor\\laravel\\framework\\src\\Illuminate\\Foundation\\Vite.php:935)
[stacktrace]
#0 C:\\Users\\camar\\Bureau\\mindful-journey-ui\\back-mindful-journey-iu\\mindful-journey-back\\vendor\\laravel\\framework\\src\\Illuminate\\Foundation\\Vite.php(384): Illuminate\\Foundation\\Vite->manifest()
#1 C:\\Users\\camar\\Bureau\\mindful-journey-ui\\back-mindful-journey-iu\\mindful-journey-back\\storage\\framework\\views\\aaeaa50ddce0c97df925cc85c14d4cec.php(44): Illuminate\\Foundation\\Vite->__invoke()
#2 C:\\Users\\camar\\Bureau\\mindful-journey-ui\\back-mindful-journey-iu\\mindful-journey-back\\vendor\\laravel\\framework\\src\\Illuminate\\Filesystem\\Filesystem.php(123): require('...')
#3 C:\\Users\\camar\\Bureau\\mindful-journey-ui\\back-mindful-journey-iu\\mindful-journey-back\\vendor\\laravel\\framework\\src\\Illuminate\\Filesystem\\Filesystem.php(124): Illuminate\\Filesystem\\Filesystem::Illuminate\\Filesystem\\{closure}()
#4 C:\\Users\\camar\\Bureau\\mindful-journey-ui\\back-mindful-journey-iu\\mindful-journey-back\\vendor\\laravel\\framework\\src\\Illuminate\\View\\Engines\\PhpEngine.php(57): Illuminate\\Filesystem\\Filesystem->getRequire()
#5 C:\\Users\\camar\\Bureau\\mindful-journey-ui\\back-mindful-journey-iu\\mindful-journey-back\\vendor\\laravel\\framework\\src\\Illuminate\\View\\Engines\\CompilerEngine.php(76): Illuminate\\View\\Engines\\PhpEngine->evaluatePath()
#6 C:\\Users\\camar\\Bureau\\mindful-journey-ui\\back-mindful-journey-iu\\mindful-journey-back\\vendor\\laravel\\framework\\src\\Illuminate\\View\\View.php(208): Illuminate\\View\\Engines\\CompilerEngine->get()
#7 C:\\Users\\camar\\Bureau\\mindful-journey-ui\\back-mindful-journey-iu\\mindful-journey-back\\vendor\\laravel\\framework\\src\\Illuminate\\View\\View.php(191): Illuminate\\View\\View->getContents()
#8 C:\\Users\\camar\\Bureau\\mindful-journey-ui\\back-mindful-journey-iu\\mindful-journey-back\\vendor\\laravel\\framework\\src\\Illuminate\\View\\View.php(160): Illuminate\\View\\View->renderContents()
#9 C:\\Users\\camar\\Bureau\\mindful-journey-ui\\back-mindful-journey-iu\\mindful-journey-back\\vendor\\laravel\\framework\\src\\Illuminate\\Http\\Response.php(78): Illuminate\\View\\View->render()
#10 C:\\Users\\camar\\Bureau\\mindful-journey-ui\\back-mindful-journey-iu\\mindful-journey-back\\vendor\\laravel\\framework\\src\\Illuminate\\Http\\Response.php(34): Illuminate\\Http\\Response->setContent()
#11 C:\\Users\\camar\\Bureau\\mindful-journey-ui\\back-mindful-journey-iu\\mindful-journey-back\\vendor\\laravel\\framework\\src\\Illuminate\\Routing\\ResponseFactory.php(61): Illuminate\\Http\\Response->__construct()
#12 C:\\Users\\camar\\Bureau\\mindful-journey-ui\\back-mindful-journey-iu\\mindful-journey-back\\vendor\\laravel\\framework\\src\\Illuminate\\Routing\\ResponseFactory.php(91): Illuminate\\Routing\\ResponseFactory->make()
#13 C:\\Users\\camar\\Bureau\\mindful-journey-ui\\back-mindful-journey-iu\\mindful-journey-back\\vendor\\laravel\\framework\\src\\Illuminate\\Support\\Facades\\Facade.php(361): Illuminate\\Routing\\ResponseFactory->view()
#14 C:\\Users\\camar\\Bureau\\mindful-journey-ui\\back-mindful-journey-iu\\mindful-journey-back\\vendor\\inertiajs\\inertia-laravel\\src\\Response.php(135): Illuminate\\Support\\Facades\\Facade::__callStatic()
#15 C:\\Users\\camar\\Bureau\\mindful-journey-ui\\back-mindful-journey-iu\\mindful-journey-back\\vendor\\laravel\\framework\\src\\Illuminate\\Routing\\Router.php(907): Inertia\\Response->toResponse()
#16 C:\\Users\\camar\\Bureau\\mindful-journey-ui\\back-mindful-journey-iu\\mindful-journey-back\\vendor\\laravel\\framework\\src\\Illuminate\\Routing\\Router.php(892): Illuminate\\Routing\\Router::toResponse()
#17 C:\\Users\\camar\\Bureau\\mindful-journey-ui\\back-mindful-journey-iu\\mindful-journey-back\\vendor\\laravel\\framework\\src\\Illuminate\\Routing\\Router.php(807): Illuminate\\Routing\\Router->prepareResponse()
#18 C:\\Users\\camar\\Bureau\\mindful-journey-ui\\back-mindful-journey-iu\\mindful-journey-back\\vendor\\laravel\\framework\\src\\Illuminate\\Pipeline\\Pipeline.php(169): Illuminate\\Routing\\Router->Illuminate\\Routing\\{closure}()
#19 C:\\Users\\camar\\Bureau\\mindful-journey-ui\\back-mindful-journey-iu\\mindful-journey-back\\vendor\\laravel\\framework\\src\\Illuminate\\Http\\Middleware\\AddLinkHeadersForPreloadedAssets.php(32): Illuminate\\Pipeline\\Pipeline->Illuminate\\Pipeline\\{closure}()
#20 C:\\Users\\camar\\Bureau\\mindful-journey-ui\\back-mindful-journey-iu\\mindful-journey-back\\vendor\\laravel\\framework\\src\\Illuminate\\Pipeline\\Pipeline.php(208): Illuminate\\Http\\Middleware\\AddLinkHeadersForPreloadedAssets->handle()
#21 C:\\Users\\camar\\Bureau\\mindful-journey-ui\\back-mindful-journey-iu\\mindful-journey-back\\vendor\\inertiajs\\inertia-laravel\\src\\Middleware.php(100): Illuminate\\Pipeline\\Pipeline->Illuminate\\Pipeline\\{closure}()
#22 C:\\Users\\camar\\Bureau\\mindful-journey-ui\\back-mindful-journey-iu\\mindful-journey-back\\vendor\\laravel\\framework\\src\\Illuminate\\Pipeline\\Pipeline.php(208): Inertia\\Middleware->handle()
#23 C:\\Users\\camar\\Bureau\\mindful-journey-ui\\back-mindful-journey-iu\\mindful-journey-back\\app\\Http\\Middleware\\HandleAppearance.php(21): Illuminate\\Pipeline\\Pipeline->Illuminate\\Pipeline\\{closure}()
#24 C:\\Users\\camar\\Bureau\\mindful-journey-ui\\back-mindful-journey-iu\\mindful-journey-back\\vendor\\laravel\\framework\\src\\Illuminate\\Pipeline\\Pipeline.php(208): App\\Http\\Middleware\\HandleAppearance->handle()
#25 C:\\Users\\camar\\Bureau\\mindful-journey-ui\\back-mindful-journey-iu\\mindful-journey-back\\vendor\\laravel\\framework\\src\\Illuminate\\Routing\\Middleware\\SubstituteBindings.php(50): Illuminate\\Pipeline\\Pipeline->Illuminate\\Pipeline\\{closure}()
#26 C:\\Users\\camar\\Bureau\\mindful-journey-ui\\back-mindful-journey-iu\\mindful-journey-back\\vendor\\laravel\\framework\\src\\Illuminate\\Pipeline\\Pipeline.php(208): Illuminate\\Routing\\Middleware\\SubstituteBindings->handle()
#27 C:\\Users\\camar\\Bureau\\mindful-journey-ui\\back-mindful-journey-iu\\mindful-journey-back\\vendor\\laravel\\framework\\src\\Illuminate\\Foundation\\Http\\Middleware\\VerifyCsrfToken.php(87): Illuminate\\Pipeline\\Pipeline->Illuminate\\Pipeline\\{closure}()
#28 C:\\Users\\camar\\Bureau\\mindful-journey-ui\\back-mindful-journey-iu\\mindful-journey-back\\vendor\\laravel\\framework\\src\\Illuminate\\Pipeline\\Pipeline.php(208): Illuminate\\Foundation\\Http\\Middleware\\VerifyCsrfToken->handle()
#29 C:\\Users\\camar\\Bureau\\mindful-journey-ui\\back-mindful-journey-iu\\mindful-journey-back\\vendor\\laravel\\framework\\src\\Illuminate\\View\\Middleware\\ShareErrorsFromSession.php(48): Illuminate\\Pipeline\\Pipeline->Illuminate\\Pipeline\\{closure}()
#30 C:\\Users\\camar\\Bureau\\mindful-journey-ui\\back-mindful-journey-iu\\mindful-journey-back\\vendor\\laravel\\framework\\src\\Illuminate\\Pipeline\\Pipeline.php(208): Illuminate\\View\\Middleware\\ShareErrorsFromSession->handle()
#31 C:\\Users\\camar\\Bureau\\mindful-journey-ui\\back-mindful-journey-iu\\mindful-journey-back\\vendor\\laravel\\framework\\src\\Illuminate\\Session\\Middleware\\StartSession.php(120): Illuminate\\Pipeline\\Pipeline->Illuminate\\Pipeline\\{closure}()
#32 C:\\Users\\camar\\Bureau\\mindful-journey-ui\\back-mindful-journey-iu\\mindful-journey-back\\vendor\\laravel\\framework\\src\\Illuminate\\Session\\Middleware\\StartSession.php(63): Illuminate\\Session\\Middleware\\StartSession->handleStatefulRequest()
#33 C:\\Users\\camar\\Bureau\\mindful-journey-ui\\back-mindful-journey-iu\\mindful-journey-back\\vendor\\laravel\\framework\\src\\Illuminate\\Pipeline\\Pipeline.php(208): Illuminate\\Session\\Middleware\\StartSession->handle()
#34 C:\\Users\\camar\\Bureau\\mindful-journey-ui\\back-mindful-journey-iu\\mindful-journey-back\\vendor\\laravel\\framework\\src\\Illuminate\\Cookie\\Middleware\\AddQueuedCookiesToResponse.php(36): Illuminate\\Pipeline\\Pipeline->Illuminate\\Pipeline\\{closure}()
#35 C:\\Users\\camar\\Bureau\\mindful-journey-ui\\back-mindful-journey-iu\\mindful-journey-back\\vendor\\laravel\\framework\\src\\Illuminate\\Pipeline\\Pipeline.php(208): Illuminate\\Cookie\\Middleware\\AddQueuedCookiesToResponse->handle()
#36 C:\\Users\\camar\\Bureau\\mindful-journey-ui\\back-mindful-journey-iu\\mindful-journey-back\\vendor\\laravel\\framework\\src\\Illuminate\\Cookie\\Middleware\\EncryptCookies.php(74): Illuminate\\Pipeline\\Pipeline->Illuminate\\Pipeline\\{closure}()
#37 C:\\Users\\camar\\Bureau\\mindful-journey-ui\\back-mindful-journey-iu\\mindful-journey-back\\vendor\\laravel\\framework\\src\\Illuminate\\Pipeline\\Pipeline.php(208): Illuminate\\Cookie\\Middleware\\EncryptCookies->handle()
#38 C:\\Users\\camar\\Bureau\\mindful-journey-ui\\back-mindful-journey-iu\\mindful-journey-back\\vendor\\laravel\\framework\\src\\Illuminate\\Pipeline\\Pipeline.php(126): Illuminate\\Pipeline\\Pipeline->Illuminate\\Pipeline\\{closure}()
#39 C:\\Users\\camar\\Bureau\\mindful-journey-ui\\back-mindful-journey-iu\\mindful-journey-back\\vendor\\laravel\\framework\\src\\Illuminate\\Routing\\Router.php(807): Illuminate\\Pipeline\\Pipeline->then()
#40 C:\\Users\\camar\\Bureau\\mindful-journey-ui\\back-mindful-journey-iu\\mindful-journey-back\\vendor\\laravel\\framework\\src\\Illuminate\\Routing\\Router.php(786): Illuminate\\Routing\\Router->runRouteWithinStack()
#41 C:\\Users\\camar\\Bureau\\mindful-journey-ui\\back-mindful-journey-iu\\mindful-journey-back\\vendor\\laravel\\framework\\src\\Illuminate\\Routing\\Router.php(750): Illuminate\\Routing\\Router->runRoute()
#42 C:\\Users\\camar\\Bureau\\mindful-journey-ui\\back-mindful-journey-iu\\mindful-journey-back\\vendor\\laravel\\framework\\src\\Illuminate\\Routing\\Router.php(739): Illuminate\\Routing\\Router->dispatchToRoute()
#43 C:\\Users\\camar\\Bureau\\mindful-journey-ui\\back-mindful-journey-iu\\mindful-journey-back\\vendor\\laravel\\framework\\src\\Illuminate\\Foundation\\Http\\Kernel.php(200): Illuminate\\Routing\\Router->dispatch()
#44 C:\\Users\\camar\\Bureau\\mindful-journey-ui\\back-mindful-journey-iu\\mindful-journey-back\\vendor\\laravel\\framework\\src\\Illuminate\\Pipeline\\Pipeline.php(169): Illuminate\\Foundation\\Http\\Kernel->Illuminate\\Foundation\\Http\\{closure}()
#45 C:\\Users\\camar\\Bureau\\mindful-journey-ui\\back-mindful-journey-iu\\mindful-journey-back\\vendor\\laravel\\framework\\src\\Illuminate\\Foundation\\Http\\Middleware\\TransformsRequest.php(21): Illuminate\\Pipeline\\Pipeline->Illuminate\\Pipeline\\{closure}()
#46 C:\\Users\\camar\\Bureau\\mindful-journey-ui\\back-mindful-journey-iu\\mindful-journey-back\\vendor\\laravel\\framework\\src\\Illuminate\\Foundation\\Http\\Middleware\\ConvertEmptyStringsToNull.php(31): Illuminate\\Foundation\\Http\\Middleware\\TransformsRequest->handle()
#47 C:\\Users\\camar\\Bureau\\mindful-journey-ui\\back-mindful-journey-iu\\mindful-journey-back\\vendor\\laravel\\framework\\src\\Illuminate\\Pipeline\\Pipeline.php(208): Illuminate\\Foundation\\Http\\Middleware\\ConvertEmptyStringsToNull->handle()
#48 C:\\Users\\camar\\Bureau\\mindful-journey-ui\\back-mindful-journey-iu\\mindful-journey-back\\vendor\\laravel\\framework\\src\\Illuminate\\Foundation\\Http\\Middleware\\TransformsRequest.php(21): Illuminate\\Pipeline\\Pipeline->Illuminate\\Pipeline\\{closure}()
#49 C:\\Users\\camar\\Bureau\\mindful-journey-ui\\back-mindful-journey-iu\\mindful-journey-back\\vendor\\laravel\\framework\\src\\Illuminate\\Foundation\\Http\\Middleware\\TrimStrings.php(51): Illuminate\\Foundation\\Http\\Middleware\\TransformsRequest->handle()
#50 C:\\Users\\camar\\Bureau\\mindful-journey-ui\\back-mindful-journey-iu\\mindful-journey-back\\vendor\\laravel\\framework\\src\\Illuminate\\Pipeline\\Pipeline.php(208): Illuminate\\Foundation\\Http\\Middleware\\TrimStrings->handle()
#51 C:\\Users\\camar\\Bureau\\mindful-journey-ui\\back-mindful-journey-iu\\mindful-journey-back\\vendor\\laravel\\framework\\src\\Illuminate\\Http\\Middleware\\ValidatePostSize.php(27): Illuminate\\Pipeline\\Pipeline->Illuminate\\Pipeline\\{closure}()
#52 C:\\Users\\camar\\Bureau\\mindful-journey-ui\\back-mindful-journey-iu\\mindful-journey-back\\vendor\\laravel\\framework\\src\\Illuminate\\Pipeline\\Pipeline.php(208): Illuminate\\Http\\Middleware\\ValidatePostSize->handle()
#53 C:\\Users\\camar\\Bureau\\mindful-journey-ui\\back-mindful-journey-iu\\mindful-journey-back\\vendor\\laravel\\framework\\src\\Illuminate\\Foundation\\Http\\Middleware\\PreventRequestsDuringMaintenance.php(109): Illuminate\\Pipeline\\Pipeline->Illuminate\\Pipeline\\{closure}()
#54 C:\\Users\\camar\\Bureau\\mindful-journey-ui\\back-mindful-journey-iu\\mindful-journey-back\\vendor\\laravel\\framework\\src\\Illuminate\\Pipeline\\Pipeline.php(208): Illuminate\\Foundation\\Http\\Middleware\\PreventRequestsDuringMaintenance->handle()
#55 C:\\Users\\camar\\Bureau\\mindful-journey-ui\\back-mindful-journey-iu\\mindful-journey-back\\vendor\\laravel\\framework\\src\\Illuminate\\Http\\Middleware\\HandleCors.php(48): Illuminate\\Pipeline\\Pipeline->Illuminate\\Pipeline\\{closure}()
#56 C:\\Users\\camar\\Bureau\\mindful-journey-ui\\back-mindful-journey-iu\\mindful-journey-back\\vendor\\laravel\\framework\\src\\Illuminate\\Pipeline\\Pipeline.php(208): Illuminate\\Http\\Middleware\\HandleCors->handle()
#57 C:\\Users\\camar\\Bureau\\mindful-journey-ui\\back-mindful-journey-iu\\mindful-journey-back\\vendor\\laravel\\framework\\src\\Illuminate\\Http\\Middleware\\TrustProxies.php(58): Illuminate\\Pipeline\\Pipeline->Illuminate\\Pipeline\\{closure}()
#58 C:\\Users\\camar\\Bureau\\mindful-journey-ui\\back-mindful-journey-iu\\mindful-journey-back\\vendor\\laravel\\framework\\src\\Illuminate\\Pipeline\\Pipeline.php(208): Illuminate\\Http\\Middleware\\TrustProxies->handle()
#59 C:\\Users\\camar\\Bureau\\mindful-journey-ui\\back-mindful-journey-iu\\mindful-journey-back\\vendor\\laravel\\framework\\src\\Illuminate\\Foundation\\Http\\Middleware\\InvokeDeferredCallbacks.php(22): Illuminate\\Pipeline\\Pipeline->Illuminate\\Pipeline\\{closure}()
#60 C:\\Users\\camar\\Bureau\\mindful-journey-ui\\back-mindful-journey-iu\\mindful-journey-back\\vendor\\laravel\\framework\\src\\Illuminate\\Pipeline\\Pipeline.php(208): Illuminate\\Foundation\\Http\\Middleware\\InvokeDeferredCallbacks->handle()
#61 C:\\Users\\camar\\Bureau\\mindful-journey-ui\\back-mindful-journey-iu\\mindful-journey-back\\vendor\\laravel\\framework\\src\\Illuminate\\Http\\Middleware\\ValidatePathEncoding.php(26): Illuminate\\Pipeline\\Pipeline->Illuminate\\Pipeline\\{closure}()
#62 C:\\Users\\camar\\Bureau\\mindful-journey-ui\\back-mindful-journey-iu\\mindful-journey-back\\vendor\\laravel\\framework\\src\\Illuminate\\Pipeline\\Pipeline.php(208): Illuminate\\Http\\Middleware\\ValidatePathEncoding->handle()
#63 C:\\Users\\camar\\Bureau\\mindful-journey-ui\\back-mindful-journey-iu\\mindful-journey-back\\vendor\\laravel\\framework\\src\\Illuminate\\Pipeline\\Pipeline.php(126): Illuminate\\Pipeline\\Pipeline->Illuminate\\Pipeline\\{closure}()
#64 C:\\Users\\camar\\Bureau\\mindful-journey-ui\\back-mindful-journey-iu\\mindful-journey-back\\vendor\\laravel\\framework\\src\\Illuminate\\Foundation\\Http\\Kernel.php(175): Illuminate\\Pipeline\\Pipeline->then()
#65 C:\\Users\\camar\\Bureau\\mindful-journey-ui\\back-mindful-journey-iu\\mindful-journey-back\\vendor\\laravel\\framework\\src\\Illuminate\\Foundation\\Http\\Kernel.php(144): Illuminate\\Foundation\\Http\\Kernel->sendRequestThroughRouter()
#66 C:\\Users\\camar\\Bureau\\mindful-journey-ui\\back-mindful-journey-iu\\mindful-journey-back\\vendor\\laravel\\framework\\src\\Illuminate\\Foundation\\Application.php(1219): Illuminate\\Foundation\\Http\\Kernel->handle()
#67 C:\\Users\\camar\\Bureau\\mindful-journey-ui\\back-mindful-journey-iu\\mindful-journey-back\\public\\index.php(20): Illuminate\\Foundation\\Application->handleRequest()
#68 C:\\Users\\camar\\Bureau\\mindful-journey-ui\\back-mindful-journey-iu\\mindful-journey-back\\vendor\\laravel\\framework\\src\\Illuminate\\Foundation\\resources\\server.php(23): require_once('...')
#69 {main}
"} 
[2025-08-15 23:36:14] local.ERROR: Vite manifest not found at: C:\Users\camar\Bureau\mindful-journey-ui\back-mindful-journey-iu\mindful-journey-back\public\build/manifest.json (View: C:\Users\camar\Bureau\mindful-journey-ui\back-mindful-journey-iu\mindful-journey-back\resources\views\app.blade.php) {"exception":"[object] (Illuminate\\View\\ViewException(code: 0): Vite manifest not found at: C:\\Users\\camar\\Bureau\\mindful-journey-ui\\back-mindful-journey-iu\\mindful-journey-back\\public\\build/manifest.json (View: C:\\Users\\camar\\Bureau\\mindful-journey-ui\\back-mindful-journey-iu\\mindful-journey-back\\resources\\views\\app.blade.php) at C:\\Users\\camar\\Bureau\\mindful-journey-ui\\back-mindful-journey-iu\\mindful-journey-back\\vendor\\laravel\\framework\\src\\Illuminate\\Foundation\\Vite.php:935)
[stacktrace]
#0 C:\\Users\\camar\\Bureau\\mindful-journey-ui\\back-mindful-journey-iu\\mindful-journey-back\\vendor\\laravel\\framework\\src\\Illuminate\\View\\Engines\\PhpEngine.php(59): Illuminate\\View\\Engines\\CompilerEngine->handleViewException()
#1 C:\\Users\\camar\\Bureau\\mindful-journey-ui\\back-mindful-journey-iu\\mindful-journey-back\\vendor\\laravel\\framework\\src\\Illuminate\\View\\Engines\\CompilerEngine.php(76): Illuminate\\View\\Engines\\PhpEngine->evaluatePath()
#2 C:\\Users\\camar\\Bureau\\mindful-journey-ui\\back-mindful-journey-iu\\mindful-journey-back\\vendor\\laravel\\framework\\src\\Illuminate\\View\\View.php(208): Illuminate\\View\\Engines\\CompilerEngine->get()
#3 C:\\Users\\camar\\Bureau\\mindful-journey-ui\\back-mindful-journey-iu\\mindful-journey-back\\vendor\\laravel\\framework\\src\\Illuminate\\View\\View.php(191): Illuminate\\View\\View->getContents()
#4 C:\\Users\\camar\\Bureau\\mindful-journey-ui\\back-mindful-journey-iu\\mindful-journey-back\\vendor\\laravel\\framework\\src\\Illuminate\\View\\View.php(160): Illuminate\\View\\View->renderContents()
#5 C:\\Users\\camar\\Bureau\\mindful-journey-ui\\back-mindful-journey-iu\\mindful-journey-back\\vendor\\laravel\\framework\\src\\Illuminate\\Http\\Response.php(78): Illuminate\\View\\View->render()
#6 C:\\Users\\camar\\Bureau\\mindful-journey-ui\\back-mindful-journey-iu\\mindful-journey-back\\vendor\\laravel\\framework\\src\\Illuminate\\Http\\Response.php(34): Illuminate\\Http\\Response->setContent()
#7 C:\\Users\\camar\\Bureau\\mindful-journey-ui\\back-mindful-journey-iu\\mindful-journey-back\\vendor\\laravel\\framework\\src\\Illuminate\\Routing\\ResponseFactory.php(61): Illuminate\\Http\\Response->__construct()
#8 C:\\Users\\camar\\Bureau\\mindful-journey-ui\\back-mindful-journey-iu\\mindful-journey-back\\vendor\\laravel\\framework\\src\\Illuminate\\Routing\\ResponseFactory.php(91): Illuminate\\Routing\\ResponseFactory->make()
#9 C:\\Users\\camar\\Bureau\\mindful-journey-ui\\back-mindful-journey-iu\\mindful-journey-back\\vendor\\laravel\\framework\\src\\Illuminate\\Support\\Facades\\Facade.php(361): Illuminate\\Routing\\ResponseFactory->view()
#10 C:\\Users\\camar\\Bureau\\mindful-journey-ui\\back-mindful-journey-iu\\mindful-journey-back\\vendor\\inertiajs\\inertia-laravel\\src\\Response.php(135): Illuminate\\Support\\Facades\\Facade::__callStatic()
#11 C:\\Users\\camar\\Bureau\\mindful-journey-ui\\back-mindful-journey-iu\\mindful-journey-back\\vendor\\laravel\\framework\\src\\Illuminate\\Routing\\Router.php(907): Inertia\\Response->toResponse()
#12 C:\\Users\\camar\\Bureau\\mindful-journey-ui\\back-mindful-journey-iu\\mindful-journey-back\\vendor\\laravel\\framework\\src\\Illuminate\\Routing\\Router.php(892): Illuminate\\Routing\\Router::toResponse()
#13 C:\\Users\\camar\\Bureau\\mindful-journey-ui\\back-mindful-journey-iu\\mindful-journey-back\\vendor\\laravel\\framework\\src\\Illuminate\\Routing\\Router.php(807): Illuminate\\Routing\\Router->prepareResponse()
#14 C:\\Users\\camar\\Bureau\\mindful-journey-ui\\back-mindful-journey-iu\\mindful-journey-back\\vendor\\laravel\\framework\\src\\Illuminate\\Pipeline\\Pipeline.php(169): Illuminate\\Routing\\Router->Illuminate\\Routing\\{closure}()
#15 C:\\Users\\camar\\Bureau\\mindful-journey-ui\\back-mindful-journey-iu\\mindful-journey-back\\vendor\\laravel\\framework\\src\\Illuminate\\Http\\Middleware\\AddLinkHeadersForPreloadedAssets.php(32): Illuminate\\Pipeline\\Pipeline->Illuminate\\Pipeline\\{closure}()
#16 C:\\Users\\camar\\Bureau\\mindful-journey-ui\\back-mindful-journey-iu\\mindful-journey-back\\vendor\\laravel\\framework\\src\\Illuminate\\Pipeline\\Pipeline.php(208): Illuminate\\Http\\Middleware\\AddLinkHeadersForPreloadedAssets->handle()
#17 C:\\Users\\camar\\Bureau\\mindful-journey-ui\\back-mindful-journey-iu\\mindful-journey-back\\vendor\\inertiajs\\inertia-laravel\\src\\Middleware.php(100): Illuminate\\Pipeline\\Pipeline->Illuminate\\Pipeline\\{closure}()
#18 C:\\Users\\camar\\Bureau\\mindful-journey-ui\\back-mindful-journey-iu\\mindful-journey-back\\vendor\\laravel\\framework\\src\\Illuminate\\Pipeline\\Pipeline.php(208): Inertia\\Middleware->handle()
#19 C:\\Users\\camar\\Bureau\\mindful-journey-ui\\back-mindful-journey-iu\\mindful-journey-back\\app\\Http\\Middleware\\HandleAppearance.php(21): Illuminate\\Pipeline\\Pipeline->Illuminate\\Pipeline\\{closure}()
#20 C:\\Users\\camar\\Bureau\\mindful-journey-ui\\back-mindful-journey-iu\\mindful-journey-back\\vendor\\laravel\\framework\\src\\Illuminate\\Pipeline\\Pipeline.php(208): App\\Http\\Middleware\\HandleAppearance->handle()
#21 C:\\Users\\camar\\Bureau\\mindful-journey-ui\\back-mindful-journey-iu\\mindful-journey-back\\vendor\\laravel\\framework\\src\\Illuminate\\Routing\\Middleware\\SubstituteBindings.php(50): Illuminate\\Pipeline\\Pipeline->Illuminate\\Pipeline\\{closure}()
#22 C:\\Users\\camar\\Bureau\\mindful-journey-ui\\back-mindful-journey-iu\\mindful-journey-back\\vendor\\laravel\\framework\\src\\Illuminate\\Pipeline\\Pipeline.php(208): Illuminate\\Routing\\Middleware\\SubstituteBindings->handle()
#23 C:\\Users\\camar\\Bureau\\mindful-journey-ui\\back-mindful-journey-iu\\mindful-journey-back\\vendor\\laravel\\framework\\src\\Illuminate\\Foundation\\Http\\Middleware\\VerifyCsrfToken.php(87): Illuminate\\Pipeline\\Pipeline->Illuminate\\Pipeline\\{closure}()
#24 C:\\Users\\camar\\Bureau\\mindful-journey-ui\\back-mindful-journey-iu\\mindful-journey-back\\vendor\\laravel\\framework\\src\\Illuminate\\Pipeline\\Pipeline.php(208): Illuminate\\Foundation\\Http\\Middleware\\VerifyCsrfToken->handle()
#25 C:\\Users\\camar\\Bureau\\mindful-journey-ui\\back-mindful-journey-iu\\mindful-journey-back\\vendor\\laravel\\framework\\src\\Illuminate\\View\\Middleware\\ShareErrorsFromSession.php(48): Illuminate\\Pipeline\\Pipeline->Illuminate\\Pipeline\\{closure}()
#26 C:\\Users\\camar\\Bureau\\mindful-journey-ui\\back-mindful-journey-iu\\mindful-journey-back\\vendor\\laravel\\framework\\src\\Illuminate\\Pipeline\\Pipeline.php(208): Illuminate\\View\\Middleware\\ShareErrorsFromSession->handle()
#27 C:\\Users\\camar\\Bureau\\mindful-journey-ui\\back-mindful-journey-iu\\mindful-journey-back\\vendor\\laravel\\framework\\src\\Illuminate\\Session\\Middleware\\StartSession.php(120): Illuminate\\Pipeline\\Pipeline->Illuminate\\Pipeline\\{closure}()
#28 C:\\Users\\camar\\Bureau\\mindful-journey-ui\\back-mindful-journey-iu\\mindful-journey-back\\vendor\\laravel\\framework\\src\\Illuminate\\Session\\Middleware\\StartSession.php(63): Illuminate\\Session\\Middleware\\StartSession->handleStatefulRequest()
#29 C:\\Users\\camar\\Bureau\\mindful-journey-ui\\back-mindful-journey-iu\\mindful-journey-back\\vendor\\laravel\\framework\\src\\Illuminate\\Pipeline\\Pipeline.php(208): Illuminate\\Session\\Middleware\\StartSession->handle()
#30 C:\\Users\\camar\\Bureau\\mindful-journey-ui\\back-mindful-journey-iu\\mindful-journey-back\\vendor\\laravel\\framework\\src\\Illuminate\\Cookie\\Middleware\\AddQueuedCookiesToResponse.php(36): Illuminate\\Pipeline\\Pipeline->Illuminate\\Pipeline\\{closure}()
#31 C:\\Users\\camar\\Bureau\\mindful-journey-ui\\back-mindful-journey-iu\\mindful-journey-back\\vendor\\laravel\\framework\\src\\Illuminate\\Pipeline\\Pipeline.php(208): Illuminate\\Cookie\\Middleware\\AddQueuedCookiesToResponse->handle()
#32 C:\\Users\\camar\\Bureau\\mindful-journey-ui\\back-mindful-journey-iu\\mindful-journey-back\\vendor\\laravel\\framework\\src\\Illuminate\\Cookie\\Middleware\\EncryptCookies.php(74): Illuminate\\Pipeline\\Pipeline->Illuminate\\Pipeline\\{closure}()
#33 C:\\Users\\camar\\Bureau\\mindful-journey-ui\\back-mindful-journey-iu\\mindful-journey-back\\vendor\\laravel\\framework\\src\\Illuminate\\Pipeline\\Pipeline.php(208): Illuminate\\Cookie\\Middleware\\EncryptCookies->handle()
#34 C:\\Users\\camar\\Bureau\\mindful-journey-ui\\back-mindful-journey-iu\\mindful-journey-back\\vendor\\laravel\\framework\\src\\Illuminate\\Pipeline\\Pipeline.php(126): Illuminate\\Pipeline\\Pipeline->Illuminate\\Pipeline\\{closure}()
#35 C:\\Users\\camar\\Bureau\\mindful-journey-ui\\back-mindful-journey-iu\\mindful-journey-back\\vendor\\laravel\\framework\\src\\Illuminate\\Routing\\Router.php(807): Illuminate\\Pipeline\\Pipeline->then()
#36 C:\\Users\\camar\\Bureau\\mindful-journey-ui\\back-mindful-journey-iu\\mindful-journey-back\\vendor\\laravel\\framework\\src\\Illuminate\\Routing\\Router.php(786): Illuminate\\Routing\\Router->runRouteWithinStack()
#37 C:\\Users\\camar\\Bureau\\mindful-journey-ui\\back-mindful-journey-iu\\mindful-journey-back\\vendor\\laravel\\framework\\src\\Illuminate\\Routing\\Router.php(750): Illuminate\\Routing\\Router->runRoute()
#38 C:\\Users\\camar\\Bureau\\mindful-journey-ui\\back-mindful-journey-iu\\mindful-journey-back\\vendor\\laravel\\framework\\src\\Illuminate\\Routing\\Router.php(739): Illuminate\\Routing\\Router->dispatchToRoute()
#39 C:\\Users\\camar\\Bureau\\mindful-journey-ui\\back-mindful-journey-iu\\mindful-journey-back\\vendor\\laravel\\framework\\src\\Illuminate\\Foundation\\Http\\Kernel.php(200): Illuminate\\Routing\\Router->dispatch()
#40 C:\\Users\\camar\\Bureau\\mindful-journey-ui\\back-mindful-journey-iu\\mindful-journey-back\\vendor\\laravel\\framework\\src\\Illuminate\\Pipeline\\Pipeline.php(169): Illuminate\\Foundation\\Http\\Kernel->Illuminate\\Foundation\\Http\\{closure}()
#41 C:\\Users\\camar\\Bureau\\mindful-journey-ui\\back-mindful-journey-iu\\mindful-journey-back\\vendor\\laravel\\framework\\src\\Illuminate\\Foundation\\Http\\Middleware\\TransformsRequest.php(21): Illuminate\\Pipeline\\Pipeline->Illuminate\\Pipeline\\{closure}()
#42 C:\\Users\\camar\\Bureau\\mindful-journey-ui\\back-mindful-journey-iu\\mindful-journey-back\\vendor\\laravel\\framework\\src\\Illuminate\\Foundation\\Http\\Middleware\\ConvertEmptyStringsToNull.php(31): Illuminate\\Foundation\\Http\\Middleware\\TransformsRequest->handle()
#43 C:\\Users\\camar\\Bureau\\mindful-journey-ui\\back-mindful-journey-iu\\mindful-journey-back\\vendor\\laravel\\framework\\src\\Illuminate\\Pipeline\\Pipeline.php(208): Illuminate\\Foundation\\Http\\Middleware\\ConvertEmptyStringsToNull->handle()
#44 C:\\Users\\camar\\Bureau\\mindful-journey-ui\\back-mindful-journey-iu\\mindful-journey-back\\vendor\\laravel\\framework\\src\\Illuminate\\Foundation\\Http\\Middleware\\TransformsRequest.php(21): Illuminate\\Pipeline\\Pipeline->Illuminate\\Pipeline\\{closure}()
#45 C:\\Users\\camar\\Bureau\\mindful-journey-ui\\back-mindful-journey-iu\\mindful-journey-back\\vendor\\laravel\\framework\\src\\Illuminate\\Foundation\\Http\\Middleware\\TrimStrings.php(51): Illuminate\\Foundation\\Http\\Middleware\\TransformsRequest->handle()
#46 C:\\Users\\camar\\Bureau\\mindful-journey-ui\\back-mindful-journey-iu\\mindful-journey-back\\vendor\\laravel\\framework\\src\\Illuminate\\Pipeline\\Pipeline.php(208): Illuminate\\Foundation\\Http\\Middleware\\TrimStrings->handle()
#47 C:\\Users\\camar\\Bureau\\mindful-journey-ui\\back-mindful-journey-iu\\mindful-journey-back\\vendor\\laravel\\framework\\src\\Illuminate\\Http\\Middleware\\ValidatePostSize.php(27): Illuminate\\Pipeline\\Pipeline->Illuminate\\Pipeline\\{closure}()
#48 C:\\Users\\camar\\Bureau\\mindful-journey-ui\\back-mindful-journey-iu\\mindful-journey-back\\vendor\\laravel\\framework\\src\\Illuminate\\Pipeline\\Pipeline.php(208): Illuminate\\Http\\Middleware\\ValidatePostSize->handle()
#49 C:\\Users\\camar\\Bureau\\mindful-journey-ui\\back-mindful-journey-iu\\mindful-journey-back\\vendor\\laravel\\framework\\src\\Illuminate\\Foundation\\Http\\Middleware\\PreventRequestsDuringMaintenance.php(109): Illuminate\\Pipeline\\Pipeline->Illuminate\\Pipeline\\{closure}()
#50 C:\\Users\\camar\\Bureau\\mindful-journey-ui\\back-mindful-journey-iu\\mindful-journey-back\\vendor\\laravel\\framework\\src\\Illuminate\\Pipeline\\Pipeline.php(208): Illuminate\\Foundation\\Http\\Middleware\\PreventRequestsDuringMaintenance->handle()
#51 C:\\Users\\camar\\Bureau\\mindful-journey-ui\\back-mindful-journey-iu\\mindful-journey-back\\vendor\\laravel\\framework\\src\\Illuminate\\Http\\Middleware\\HandleCors.php(48): Illuminate\\Pipeline\\Pipeline->Illuminate\\Pipeline\\{closure}()
#52 C:\\Users\\camar\\Bureau\\mindful-journey-ui\\back-mindful-journey-iu\\mindful-journey-back\\vendor\\laravel\\framework\\src\\Illuminate\\Pipeline\\Pipeline.php(208): Illuminate\\Http\\Middleware\\HandleCors->handle()
#53 C:\\Users\\camar\\Bureau\\mindful-journey-ui\\back-mindful-journey-iu\\mindful-journey-back\\vendor\\laravel\\framework\\src\\Illuminate\\Http\\Middleware\\TrustProxies.php(58): Illuminate\\Pipeline\\Pipeline->Illuminate\\Pipeline\\{closure}()
#54 C:\\Users\\camar\\Bureau\\mindful-journey-ui\\back-mindful-journey-iu\\mindful-journey-back\\vendor\\laravel\\framework\\src\\Illuminate\\Pipeline\\Pipeline.php(208): Illuminate\\Http\\Middleware\\TrustProxies->handle()
#55 C:\\Users\\camar\\Bureau\\mindful-journey-ui\\back-mindful-journey-iu\\mindful-journey-back\\vendor\\laravel\\framework\\src\\Illuminate\\Foundation\\Http\\Middleware\\InvokeDeferredCallbacks.php(22): Illuminate\\Pipeline\\Pipeline->Illuminate\\Pipeline\\{closure}()
#56 C:\\Users\\camar\\Bureau\\mindful-journey-ui\\back-mindful-journey-iu\\mindful-journey-back\\vendor\\laravel\\framework\\src\\Illuminate\\Pipeline\\Pipeline.php(208): Illuminate\\Foundation\\Http\\Middleware\\InvokeDeferredCallbacks->handle()
#57 C:\\Users\\camar\\Bureau\\mindful-journey-ui\\back-mindful-journey-iu\\mindful-journey-back\\vendor\\laravel\\framework\\src\\Illuminate\\Http\\Middleware\\ValidatePathEncoding.php(26): Illuminate\\Pipeline\\Pipeline->Illuminate\\Pipeline\\{closure}()
#58 C:\\Users\\camar\\Bureau\\mindful-journey-ui\\back-mindful-journey-iu\\mindful-journey-back\\vendor\\laravel\\framework\\src\\Illuminate\\Pipeline\\Pipeline.php(208): Illuminate\\Http\\Middleware\\ValidatePathEncoding->handle()
#59 C:\\Users\\camar\\Bureau\\mindful-journey-ui\\back-mindful-journey-iu\\mindful-journey-back\\vendor\\laravel\\framework\\src\\Illuminate\\Pipeline\\Pipeline.php(126): Illuminate\\Pipeline\\Pipeline->Illuminate\\Pipeline\\{closure}()
#60 C:\\Users\\camar\\Bureau\\mindful-journey-ui\\back-mindful-journey-iu\\mindful-journey-back\\vendor\\laravel\\framework\\src\\Illuminate\\Foundation\\Http\\Kernel.php(175): Illuminate\\Pipeline\\Pipeline->then()
#61 C:\\Users\\camar\\Bureau\\mindful-journey-ui\\back-mindful-journey-iu\\mindful-journey-back\\vendor\\laravel\\framework\\src\\Illuminate\\Foundation\\Http\\Kernel.php(144): Illuminate\\Foundation\\Http\\Kernel->sendRequestThroughRouter()
#62 C:\\Users\\camar\\Bureau\\mindful-journey-ui\\back-mindful-journey-iu\\mindful-journey-back\\vendor\\laravel\\framework\\src\\Illuminate\\Foundation\\Application.php(1219): Illuminate\\Foundation\\Http\\Kernel->handle()
#63 C:\\Users\\camar\\Bureau\\mindful-journey-ui\\back-mindful-journey-iu\\mindful-journey-back\\public\\index.php(20): Illuminate\\Foundation\\Application->handleRequest()
#64 C:\\Users\\camar\\Bureau\\mindful-journey-ui\\back-mindful-journey-iu\\mindful-journey-back\\vendor\\laravel\\framework\\src\\Illuminate\\Foundation\\resources\\server.php(23): require_once('...')
#65 {main}

[previous exception] [object] (Illuminate\\Foundation\\ViteManifestNotFoundException(code: 0): Vite manifest not found at: C:\\Users\\camar\\Bureau\\mindful-journey-ui\\back-mindful-journey-iu\\mindful-journey-back\\public\\build/manifest.json at C:\\Users\\camar\\Bureau\\mindful-journey-ui\\back-mindful-journey-iu\\mindful-journey-back\\vendor\\laravel\\framework\\src\\Illuminate\\Foundation\\Vite.php:935)
[stacktrace]
#0 C:\\Users\\camar\\Bureau\\mindful-journey-ui\\back-mindful-journey-iu\\mindful-journey-back\\vendor\\laravel\\framework\\src\\Illuminate\\Foundation\\Vite.php(384): Illuminate\\Foundation\\Vite->manifest()
#1 C:\\Users\\camar\\Bureau\\mindful-journey-ui\\back-mindful-journey-iu\\mindful-journey-back\\storage\\framework\\views\\aaeaa50ddce0c97df925cc85c14d4cec.php(44): Illuminate\\Foundation\\Vite->__invoke()
#2 C:\\Users\\camar\\Bureau\\mindful-journey-ui\\back-mindful-journey-iu\\mindful-journey-back\\vendor\\laravel\\framework\\src\\Illuminate\\Filesystem\\Filesystem.php(123): require('...')
#3 C:\\Users\\camar\\Bureau\\mindful-journey-ui\\back-mindful-journey-iu\\mindful-journey-back\\vendor\\laravel\\framework\\src\\Illuminate\\Filesystem\\Filesystem.php(124): Illuminate\\Filesystem\\Filesystem::Illuminate\\Filesystem\\{closure}()
#4 C:\\Users\\camar\\Bureau\\mindful-journey-ui\\back-mindful-journey-iu\\mindful-journey-back\\vendor\\laravel\\framework\\src\\Illuminate\\View\\Engines\\PhpEngine.php(57): Illuminate\\Filesystem\\Filesystem->getRequire()
#5 C:\\Users\\camar\\Bureau\\mindful-journey-ui\\back-mindful-journey-iu\\mindful-journey-back\\vendor\\laravel\\framework\\src\\Illuminate\\View\\Engines\\CompilerEngine.php(76): Illuminate\\View\\Engines\\PhpEngine->evaluatePath()
#6 C:\\Users\\camar\\Bureau\\mindful-journey-ui\\back-mindful-journey-iu\\mindful-journey-back\\vendor\\laravel\\framework\\src\\Illuminate\\View\\View.php(208): Illuminate\\View\\Engines\\CompilerEngine->get()
#7 C:\\Users\\camar\\Bureau\\mindful-journey-ui\\back-mindful-journey-iu\\mindful-journey-back\\vendor\\laravel\\framework\\src\\Illuminate\\View\\View.php(191): Illuminate\\View\\View->getContents()
#8 C:\\Users\\camar\\Bureau\\mindful-journey-ui\\back-mindful-journey-iu\\mindful-journey-back\\vendor\\laravel\\framework\\src\\Illuminate\\View\\View.php(160): Illuminate\\View\\View->renderContents()
#9 C:\\Users\\camar\\Bureau\\mindful-journey-ui\\back-mindful-journey-iu\\mindful-journey-back\\vendor\\laravel\\framework\\src\\Illuminate\\Http\\Response.php(78): Illuminate\\View\\View->render()
#10 C:\\Users\\camar\\Bureau\\mindful-journey-ui\\back-mindful-journey-iu\\mindful-journey-back\\vendor\\laravel\\framework\\src\\Illuminate\\Http\\Response.php(34): Illuminate\\Http\\Response->setContent()
#11 C:\\Users\\camar\\Bureau\\mindful-journey-ui\\back-mindful-journey-iu\\mindful-journey-back\\vendor\\laravel\\framework\\src\\Illuminate\\Routing\\ResponseFactory.php(61): Illuminate\\Http\\Response->__construct()
#12 C:\\Users\\camar\\Bureau\\mindful-journey-ui\\back-mindful-journey-iu\\mindful-journey-back\\vendor\\laravel\\framework\\src\\Illuminate\\Routing\\ResponseFactory.php(91): Illuminate\\Routing\\ResponseFactory->make()
#13 C:\\Users\\camar\\Bureau\\mindful-journey-ui\\back-mindful-journey-iu\\mindful-journey-back\\vendor\\laravel\\framework\\src\\Illuminate\\Support\\Facades\\Facade.php(361): Illuminate\\Routing\\ResponseFactory->view()
#14 C:\\Users\\camar\\Bureau\\mindful-journey-ui\\back-mindful-journey-iu\\mindful-journey-back\\vendor\\inertiajs\\inertia-laravel\\src\\Response.php(135): Illuminate\\Support\\Facades\\Facade::__callStatic()
#15 C:\\Users\\camar\\Bureau\\mindful-journey-ui\\back-mindful-journey-iu\\mindful-journey-back\\vendor\\laravel\\framework\\src\\Illuminate\\Routing\\Router.php(907): Inertia\\Response->toResponse()
#16 C:\\Users\\camar\\Bureau\\mindful-journey-ui\\back-mindful-journey-iu\\mindful-journey-back\\vendor\\laravel\\framework\\src\\Illuminate\\Routing\\Router.php(892): Illuminate\\Routing\\Router::toResponse()
#17 C:\\Users\\camar\\Bureau\\mindful-journey-ui\\back-mindful-journey-iu\\mindful-journey-back\\vendor\\laravel\\framework\\src\\Illuminate\\Routing\\Router.php(807): Illuminate\\Routing\\Router->prepareResponse()
#18 C:\\Users\\camar\\Bureau\\mindful-journey-ui\\back-mindful-journey-iu\\mindful-journey-back\\vendor\\laravel\\framework\\src\\Illuminate\\Pipeline\\Pipeline.php(169): Illuminate\\Routing\\Router->Illuminate\\Routing\\{closure}()
#19 C:\\Users\\camar\\Bureau\\mindful-journey-ui\\back-mindful-journey-iu\\mindful-journey-back\\vendor\\laravel\\framework\\src\\Illuminate\\Http\\Middleware\\AddLinkHeadersForPreloadedAssets.php(32): Illuminate\\Pipeline\\Pipeline->Illuminate\\Pipeline\\{closure}()
#20 C:\\Users\\camar\\Bureau\\mindful-journey-ui\\back-mindful-journey-iu\\mindful-journey-back\\vendor\\laravel\\framework\\src\\Illuminate\\Pipeline\\Pipeline.php(208): Illuminate\\Http\\Middleware\\AddLinkHeadersForPreloadedAssets->handle()
#21 C:\\Users\\camar\\Bureau\\mindful-journey-ui\\back-mindful-journey-iu\\mindful-journey-back\\vendor\\inertiajs\\inertia-laravel\\src\\Middleware.php(100): Illuminate\\Pipeline\\Pipeline->Illuminate\\Pipeline\\{closure}()
#22 C:\\Users\\camar\\Bureau\\mindful-journey-ui\\back-mindful-journey-iu\\mindful-journey-back\\vendor\\laravel\\framework\\src\\Illuminate\\Pipeline\\Pipeline.php(208): Inertia\\Middleware->handle()
#23 C:\\Users\\camar\\Bureau\\mindful-journey-ui\\back-mindful-journey-iu\\mindful-journey-back\\app\\Http\\Middleware\\HandleAppearance.php(21): Illuminate\\Pipeline\\Pipeline->Illuminate\\Pipeline\\{closure}()
#24 C:\\Users\\camar\\Bureau\\mindful-journey-ui\\back-mindful-journey-iu\\mindful-journey-back\\vendor\\laravel\\framework\\src\\Illuminate\\Pipeline\\Pipeline.php(208): App\\Http\\Middleware\\HandleAppearance->handle()
#25 C:\\Users\\camar\\Bureau\\mindful-journey-ui\\back-mindful-journey-iu\\mindful-journey-back\\vendor\\laravel\\framework\\src\\Illuminate\\Routing\\Middleware\\SubstituteBindings.php(50): Illuminate\\Pipeline\\Pipeline->Illuminate\\Pipeline\\{closure}()
#26 C:\\Users\\camar\\Bureau\\mindful-journey-ui\\back-mindful-journey-iu\\mindful-journey-back\\vendor\\laravel\\framework\\src\\Illuminate\\Pipeline\\Pipeline.php(208): Illuminate\\Routing\\Middleware\\SubstituteBindings->handle()
#27 C:\\Users\\camar\\Bureau\\mindful-journey-ui\\back-mindful-journey-iu\\mindful-journey-back\\vendor\\laravel\\framework\\src\\Illuminate\\Foundation\\Http\\Middleware\\VerifyCsrfToken.php(87): Illuminate\\Pipeline\\Pipeline->Illuminate\\Pipeline\\{closure}()
#28 C:\\Users\\camar\\Bureau\\mindful-journey-ui\\back-mindful-journey-iu\\mindful-journey-back\\vendor\\laravel\\framework\\src\\Illuminate\\Pipeline\\Pipeline.php(208): Illuminate\\Foundation\\Http\\Middleware\\VerifyCsrfToken->handle()
#29 C:\\Users\\camar\\Bureau\\mindful-journey-ui\\back-mindful-journey-iu\\mindful-journey-back\\vendor\\laravel\\framework\\src\\Illuminate\\View\\Middleware\\ShareErrorsFromSession.php(48): Illuminate\\Pipeline\\Pipeline->Illuminate\\Pipeline\\{closure}()
#30 C:\\Users\\camar\\Bureau\\mindful-journey-ui\\back-mindful-journey-iu\\mindful-journey-back\\vendor\\laravel\\framework\\src\\Illuminate\\Pipeline\\Pipeline.php(208): Illuminate\\View\\Middleware\\ShareErrorsFromSession->handle()
#31 C:\\Users\\camar\\Bureau\\mindful-journey-ui\\back-mindful-journey-iu\\mindful-journey-back\\vendor\\laravel\\framework\\src\\Illuminate\\Session\\Middleware\\StartSession.php(120): Illuminate\\Pipeline\\Pipeline->Illuminate\\Pipeline\\{closure}()
#32 C:\\Users\\camar\\Bureau\\mindful-journey-ui\\back-mindful-journey-iu\\mindful-journey-back\\vendor\\laravel\\framework\\src\\Illuminate\\Session\\Middleware\\StartSession.php(63): Illuminate\\Session\\Middleware\\StartSession->handleStatefulRequest()
#33 C:\\Users\\camar\\Bureau\\mindful-journey-ui\\back-mindful-journey-iu\\mindful-journey-back\\vendor\\laravel\\framework\\src\\Illuminate\\Pipeline\\Pipeline.php(208): Illuminate\\Session\\Middleware\\StartSession->handle()
#34 C:\\Users\\camar\\Bureau\\mindful-journey-ui\\back-mindful-journey-iu\\mindful-journey-back\\vendor\\laravel\\framework\\src\\Illuminate\\Cookie\\Middleware\\AddQueuedCookiesToResponse.php(36): Illuminate\\Pipeline\\Pipeline->Illuminate\\Pipeline\\{closure}()
#35 C:\\Users\\camar\\Bureau\\mindful-journey-ui\\back-mindful-journey-iu\\mindful-journey-back\\vendor\\laravel\\framework\\src\\Illuminate\\Pipeline\\Pipeline.php(208): Illuminate\\Cookie\\Middleware\\AddQueuedCookiesToResponse->handle()
#36 C:\\Users\\camar\\Bureau\\mindful-journey-ui\\back-mindful-journey-iu\\mindful-journey-back\\vendor\\laravel\\framework\\src\\Illuminate\\Cookie\\Middleware\\EncryptCookies.php(74): Illuminate\\Pipeline\\Pipeline->Illuminate\\Pipeline\\{closure}()
#37 C:\\Users\\camar\\Bureau\\mindful-journey-ui\\back-mindful-journey-iu\\mindful-journey-back\\vendor\\laravel\\framework\\src\\Illuminate\\Pipeline\\Pipeline.php(208): Illuminate\\Cookie\\Middleware\\EncryptCookies->handle()
#38 C:\\Users\\camar\\Bureau\\mindful-journey-ui\\back-mindful-journey-iu\\mindful-journey-back\\vendor\\laravel\\framework\\src\\Illuminate\\Pipeline\\Pipeline.php(126): Illuminate\\Pipeline\\Pipeline->Illuminate\\Pipeline\\{closure}()
#39 C:\\Users\\camar\\Bureau\\mindful-journey-ui\\back-mindful-journey-iu\\mindful-journey-back\\vendor\\laravel\\framework\\src\\Illuminate\\Routing\\Router.php(807): Illuminate\\Pipeline\\Pipeline->then()
#40 C:\\Users\\camar\\Bureau\\mindful-journey-ui\\back-mindful-journey-iu\\mindful-journey-back\\vendor\\laravel\\framework\\src\\Illuminate\\Routing\\Router.php(786): Illuminate\\Routing\\Router->runRouteWithinStack()
#41 C:\\Users\\camar\\Bureau\\mindful-journey-ui\\back-mindful-journey-iu\\mindful-journey-back\\vendor\\laravel\\framework\\src\\Illuminate\\Routing\\Router.php(750): Illuminate\\Routing\\Router->runRoute()
#42 C:\\Users\\camar\\Bureau\\mindful-journey-ui\\back-mindful-journey-iu\\mindful-journey-back\\vendor\\laravel\\framework\\src\\Illuminate\\Routing\\Router.php(739): Illuminate\\Routing\\Router->dispatchToRoute()
#43 C:\\Users\\camar\\Bureau\\mindful-journey-ui\\back-mindful-journey-iu\\mindful-journey-back\\vendor\\laravel\\framework\\src\\Illuminate\\Foundation\\Http\\Kernel.php(200): Illuminate\\Routing\\Router->dispatch()
#44 C:\\Users\\camar\\Bureau\\mindful-journey-ui\\back-mindful-journey-iu\\mindful-journey-back\\vendor\\laravel\\framework\\src\\Illuminate\\Pipeline\\Pipeline.php(169): Illuminate\\Foundation\\Http\\Kernel->Illuminate\\Foundation\\Http\\{closure}()
#45 C:\\Users\\camar\\Bureau\\mindful-journey-ui\\back-mindful-journey-iu\\mindful-journey-back\\vendor\\laravel\\framework\\src\\Illuminate\\Foundation\\Http\\Middleware\\TransformsRequest.php(21): Illuminate\\Pipeline\\Pipeline->Illuminate\\Pipeline\\{closure}()
#46 C:\\Users\\camar\\Bureau\\mindful-journey-ui\\back-mindful-journey-iu\\mindful-journey-back\\vendor\\laravel\\framework\\src\\Illuminate\\Foundation\\Http\\Middleware\\ConvertEmptyStringsToNull.php(31): Illuminate\\Foundation\\Http\\Middleware\\TransformsRequest->handle()
#47 C:\\Users\\camar\\Bureau\\mindful-journey-ui\\back-mindful-journey-iu\\mindful-journey-back\\vendor\\laravel\\framework\\src\\Illuminate\\Pipeline\\Pipeline.php(208): Illuminate\\Foundation\\Http\\Middleware\\ConvertEmptyStringsToNull->handle()
#48 C:\\Users\\camar\\Bureau\\mindful-journey-ui\\back-mindful-journey-iu\\mindful-journey-back\\vendor\\laravel\\framework\\src\\Illuminate\\Foundation\\Http\\Middleware\\TransformsRequest.php(21): Illuminate\\Pipeline\\Pipeline->Illuminate\\Pipeline\\{closure}()
#49 C:\\Users\\camar\\Bureau\\mindful-journey-ui\\back-mindful-journey-iu\\mindful-journey-back\\vendor\\laravel\\framework\\src\\Illuminate\\Foundation\\Http\\Middleware\\TrimStrings.php(51): Illuminate\\Foundation\\Http\\Middleware\\TransformsRequest->handle()
#50 C:\\Users\\camar\\Bureau\\mindful-journey-ui\\back-mindful-journey-iu\\mindful-journey-back\\vendor\\laravel\\framework\\src\\Illuminate\\Pipeline\\Pipeline.php(208): Illuminate\\Foundation\\Http\\Middleware\\TrimStrings->handle()
#51 C:\\Users\\camar\\Bureau\\mindful-journey-ui\\back-mindful-journey-iu\\mindful-journey-back\\vendor\\laravel\\framework\\src\\Illuminate\\Http\\Middleware\\ValidatePostSize.php(27): Illuminate\\Pipeline\\Pipeline->Illuminate\\Pipeline\\{closure}()
#52 C:\\Users\\camar\\Bureau\\mindful-journey-ui\\back-mindful-journey-iu\\mindful-journey-back\\vendor\\laravel\\framework\\src\\Illuminate\\Pipeline\\Pipeline.php(208): Illuminate\\Http\\Middleware\\ValidatePostSize->handle()
#53 C:\\Users\\camar\\Bureau\\mindful-journey-ui\\back-mindful-journey-iu\\mindful-journey-back\\vendor\\laravel\\framework\\src\\Illuminate\\Foundation\\Http\\Middleware\\PreventRequestsDuringMaintenance.php(109): Illuminate\\Pipeline\\Pipeline->Illuminate\\Pipeline\\{closure}()
#54 C:\\Users\\camar\\Bureau\\mindful-journey-ui\\back-mindful-journey-iu\\mindful-journey-back\\vendor\\laravel\\framework\\src\\Illuminate\\Pipeline\\Pipeline.php(208): Illuminate\\Foundation\\Http\\Middleware\\PreventRequestsDuringMaintenance->handle()
#55 C:\\Users\\camar\\Bureau\\mindful-journey-ui\\back-mindful-journey-iu\\mindful-journey-back\\vendor\\laravel\\framework\\src\\Illuminate\\Http\\Middleware\\HandleCors.php(48): Illuminate\\Pipeline\\Pipeline->Illuminate\\Pipeline\\{closure}()
#56 C:\\Users\\camar\\Bureau\\mindful-journey-ui\\back-mindful-journey-iu\\mindful-journey-back\\vendor\\laravel\\framework\\src\\Illuminate\\Pipeline\\Pipeline.php(208): Illuminate\\Http\\Middleware\\HandleCors->handle()
#57 C:\\Users\\camar\\Bureau\\mindful-journey-ui\\back-mindful-journey-iu\\mindful-journey-back\\vendor\\laravel\\framework\\src\\Illuminate\\Http\\Middleware\\TrustProxies.php(58): Illuminate\\Pipeline\\Pipeline->Illuminate\\Pipeline\\{closure}()
#58 C:\\Users\\camar\\Bureau\\mindful-journey-ui\\back-mindful-journey-iu\\mindful-journey-back\\vendor\\laravel\\framework\\src\\Illuminate\\Pipeline\\Pipeline.php(208): Illuminate\\Http\\Middleware\\TrustProxies->handle()
#59 C:\\Users\\camar\\Bureau\\mindful-journey-ui\\back-mindful-journey-iu\\mindful-journey-back\\vendor\\laravel\\framework\\src\\Illuminate\\Foundation\\Http\\Middleware\\InvokeDeferredCallbacks.php(22): Illuminate\\Pipeline\\Pipeline->Illuminate\\Pipeline\\{closure}()
#60 C:\\Users\\camar\\Bureau\\mindful-journey-ui\\back-mindful-journey-iu\\mindful-journey-back\\vendor\\laravel\\framework\\src\\Illuminate\\Pipeline\\Pipeline.php(208): Illuminate\\Foundation\\Http\\Middleware\\InvokeDeferredCallbacks->handle()
#61 C:\\Users\\camar\\Bureau\\mindful-journey-ui\\back-mindful-journey-iu\\mindful-journey-back\\vendor\\laravel\\framework\\src\\Illuminate\\Http\\Middleware\\ValidatePathEncoding.php(26): Illuminate\\Pipeline\\Pipeline->Illuminate\\Pipeline\\{closure}()
#62 C:\\Users\\camar\\Bureau\\mindful-journey-ui\\back-mindful-journey-iu\\mindful-journey-back\\vendor\\laravel\\framework\\src\\Illuminate\\Pipeline\\Pipeline.php(208): Illuminate\\Http\\Middleware\\ValidatePathEncoding->handle()
#63 C:\\Users\\camar\\Bureau\\mindful-journey-ui\\back-mindful-journey-iu\\mindful-journey-back\\vendor\\laravel\\framework\\src\\Illuminate\\Pipeline\\Pipeline.php(126): Illuminate\\Pipeline\\Pipeline->Illuminate\\Pipeline\\{closure}()
#64 C:\\Users\\camar\\Bureau\\mindful-journey-ui\\back-mindful-journey-iu\\mindful-journey-back\\vendor\\laravel\\framework\\src\\Illuminate\\Foundation\\Http\\Kernel.php(175): Illuminate\\Pipeline\\Pipeline->then()
#65 C:\\Users\\camar\\Bureau\\mindful-journey-ui\\back-mindful-journey-iu\\mindful-journey-back\\vendor\\laravel\\framework\\src\\Illuminate\\Foundation\\Http\\Kernel.php(144): Illuminate\\Foundation\\Http\\Kernel->sendRequestThroughRouter()
#66 C:\\Users\\camar\\Bureau\\mindful-journey-ui\\back-mindful-journey-iu\\mindful-journey-back\\vendor\\laravel\\framework\\src\\Illuminate\\Foundation\\Application.php(1219): Illuminate\\Foundation\\Http\\Kernel->handle()
#67 C:\\Users\\camar\\Bureau\\mindful-journey-ui\\back-mindful-journey-iu\\mindful-journey-back\\public\\index.php(20): Illuminate\\Foundation\\Application->handleRequest()
#68 C:\\Users\\camar\\Bureau\\mindful-journey-ui\\back-mindful-journey-iu\\mindful-journey-back\\vendor\\laravel\\framework\\src\\Illuminate\\Foundation\\resources\\server.php(23): require_once('...')
#69 {main}
"} 
[2025-08-15 23:47:43] local.ERROR: SQLSTATE[23000]: Integrity constraint violation: 19 NOT NULL constraint failed: challenges.type (Connection: sqlite, SQL: insert into "challenges" ("title", "description", "updated_at", "created_at") values (Méditation 5 minutes, Une courte méditation guidée pour débuter en douceur., 2025-08-15 23:47:43, 2025-08-15 23:47:43)) {"exception":"[object] (Illuminate\\Database\\QueryException(code: 23000): SQLSTATE[23000]: Integrity constraint violation: 19 NOT NULL constraint failed: challenges.type (Connection: sqlite, SQL: insert into \"challenges\" (\"title\", \"description\", \"updated_at\", \"created_at\") values (Méditation 5 minutes, Une courte méditation guidée pour débuter en douceur., 2025-08-15 23:47:43, 2025-08-15 23:47:43)) at C:\\Users\\camar\\Bureau\\mindful-journey-ui\\back-mindful-journey-iu\\mindful-journey-back\\vendor\\laravel\\framework\\src\\Illuminate\\Database\\Connection.php:824)
[stacktrace]
#0 C:\\Users\\camar\\Bureau\\mindful-journey-ui\\back-mindful-journey-iu\\mindful-journey-back\\vendor\\laravel\\framework\\src\\Illuminate\\Database\\Connection.php(778): Illuminate\\Database\\Connection->runQueryCallback()
#1 C:\\Users\\camar\\Bureau\\mindful-journey-ui\\back-mindful-journey-iu\\mindful-journey-back\\vendor\\laravel\\framework\\src\\Illuminate\\Database\\Connection.php(559): Illuminate\\Database\\Connection->run()
#2 C:\\Users\\camar\\Bureau\\mindful-journey-ui\\back-mindful-journey-iu\\mindful-journey-back\\vendor\\laravel\\framework\\src\\Illuminate\\Database\\Connection.php(523): Illuminate\\Database\\Connection->statement()
#3 C:\\Users\\camar\\Bureau\\mindful-journey-ui\\back-mindful-journey-iu\\mindful-journey-back\\vendor\\laravel\\framework\\src\\Illuminate\\Database\\Query\\Processors\\Processor.php(32): Illuminate\\Database\\Connection->insert()
#4 C:\\Users\\camar\\Bureau\\mindful-journey-ui\\back-mindful-journey-iu\\mindful-journey-back\\vendor\\laravel\\framework\\src\\Illuminate\\Database\\Query\\Builder.php(3853): Illuminate\\Database\\Query\\Processors\\Processor->processInsertGetId()
#5 C:\\Users\\camar\\Bureau\\mindful-journey-ui\\back-mindful-journey-iu\\mindful-journey-back\\vendor\\laravel\\framework\\src\\Illuminate\\Database\\Eloquent\\Builder.php(2205): Illuminate\\Database\\Query\\Builder->insertGetId()
#6 C:\\Users\\camar\\Bureau\\mindful-journey-ui\\back-mindful-journey-iu\\mindful-journey-back\\vendor\\laravel\\framework\\src\\Illuminate\\Database\\Eloquent\\Model.php(1427): Illuminate\\Database\\Eloquent\\Builder->__call()
#7 C:\\Users\\camar\\Bureau\\mindful-journey-ui\\back-mindful-journey-iu\\mindful-journey-back\\vendor\\laravel\\framework\\src\\Illuminate\\Database\\Eloquent\\Model.php(1392): Illuminate\\Database\\Eloquent\\Model->insertAndSetId()
#8 C:\\Users\\camar\\Bureau\\mindful-journey-ui\\back-mindful-journey-iu\\mindful-journey-back\\vendor\\laravel\\framework\\src\\Illuminate\\Database\\Eloquent\\Model.php(1231): Illuminate\\Database\\Eloquent\\Model->performInsert()
#9 C:\\Users\\camar\\Bureau\\mindful-journey-ui\\back-mindful-journey-iu\\mindful-journey-back\\vendor\\laravel\\framework\\src\\Illuminate\\Database\\Eloquent\\Builder.php(1189): Illuminate\\Database\\Eloquent\\Model->save()
#10 C:\\Users\\camar\\Bureau\\mindful-journey-ui\\back-mindful-journey-iu\\mindful-journey-back\\vendor\\laravel\\framework\\src\\Illuminate\\Support\\helpers.php(399): Illuminate\\Database\\Eloquent\\Builder->Illuminate\\Database\\Eloquent\\{closure}()
#11 C:\\Users\\camar\\Bureau\\mindful-journey-ui\\back-mindful-journey-iu\\mindful-journey-back\\vendor\\laravel\\framework\\src\\Illuminate\\Database\\Eloquent\\Builder.php(1188): tap()
#12 C:\\Users\\camar\\Bureau\\mindful-journey-ui\\back-mindful-journey-iu\\mindful-journey-back\\vendor\\laravel\\framework\\src\\Illuminate\\Support\\Traits\\ForwardsCalls.php(23): Illuminate\\Database\\Eloquent\\Builder->create()
#13 C:\\Users\\camar\\Bureau\\mindful-journey-ui\\back-mindful-journey-iu\\mindful-journey-back\\vendor\\laravel\\framework\\src\\Illuminate\\Database\\Eloquent\\Model.php(2518): Illuminate\\Database\\Eloquent\\Model->forwardCallTo()
#14 C:\\Users\\camar\\Bureau\\mindful-journey-ui\\back-mindful-journey-iu\\mindful-journey-back\\vendor\\laravel\\framework\\src\\Illuminate\\Database\\Eloquent\\Model.php(2534): Illuminate\\Database\\Eloquent\\Model->__call()
#15 C:\\Users\\camar\\Bureau\\mindful-journey-ui\\back-mindful-journey-iu\\mindful-journey-back\\create_challenges.php(32): Illuminate\\Database\\Eloquent\\Model::__callStatic()
#16 {main}

[previous exception] [object] (PDOException(code: 23000): SQLSTATE[23000]: Integrity constraint violation: 19 NOT NULL constraint failed: challenges.type at C:\\Users\\camar\\Bureau\\mindful-journey-ui\\back-mindful-journey-iu\\mindful-journey-back\\vendor\\laravel\\framework\\src\\Illuminate\\Database\\Connection.php:570)
[stacktrace]
#0 C:\\Users\\camar\\Bureau\\mindful-journey-ui\\back-mindful-journey-iu\\mindful-journey-back\\vendor\\laravel\\framework\\src\\Illuminate\\Database\\Connection.php(570): PDOStatement->execute()
#1 C:\\Users\\camar\\Bureau\\mindful-journey-ui\\back-mindful-journey-iu\\mindful-journey-back\\vendor\\laravel\\framework\\src\\Illuminate\\Database\\Connection.php(811): Illuminate\\Database\\Connection->Illuminate\\Database\\{closure}()
#2 C:\\Users\\camar\\Bureau\\mindful-journey-ui\\back-mindful-journey-iu\\mindful-journey-back\\vendor\\laravel\\framework\\src\\Illuminate\\Database\\Connection.php(778): Illuminate\\Database\\Connection->runQueryCallback()
#3 C:\\Users\\camar\\Bureau\\mindful-journey-ui\\back-mindful-journey-iu\\mindful-journey-back\\vendor\\laravel\\framework\\src\\Illuminate\\Database\\Connection.php(559): Illuminate\\Database\\Connection->run()
#4 C:\\Users\\camar\\Bureau\\mindful-journey-ui\\back-mindful-journey-iu\\mindful-journey-back\\vendor\\laravel\\framework\\src\\Illuminate\\Database\\Connection.php(523): Illuminate\\Database\\Connection->statement()
#5 C:\\Users\\camar\\Bureau\\mindful-journey-ui\\back-mindful-journey-iu\\mindful-journey-back\\vendor\\laravel\\framework\\src\\Illuminate\\Database\\Query\\Processors\\Processor.php(32): Illuminate\\Database\\Connection->insert()
#6 C:\\Users\\camar\\Bureau\\mindful-journey-ui\\back-mindful-journey-iu\\mindful-journey-back\\vendor\\laravel\\framework\\src\\Illuminate\\Database\\Query\\Builder.php(3853): Illuminate\\Database\\Query\\Processors\\Processor->processInsertGetId()
#7 C:\\Users\\camar\\Bureau\\mindful-journey-ui\\back-mindful-journey-iu\\mindful-journey-back\\vendor\\laravel\\framework\\src\\Illuminate\\Database\\Eloquent\\Builder.php(2205): Illuminate\\Database\\Query\\Builder->insertGetId()
#8 C:\\Users\\camar\\Bureau\\mindful-journey-ui\\back-mindful-journey-iu\\mindful-journey-back\\vendor\\laravel\\framework\\src\\Illuminate\\Database\\Eloquent\\Model.php(1427): Illuminate\\Database\\Eloquent\\Builder->__call()
#9 C:\\Users\\camar\\Bureau\\mindful-journey-ui\\back-mindful-journey-iu\\mindful-journey-back\\vendor\\laravel\\framework\\src\\Illuminate\\Database\\Eloquent\\Model.php(1392): Illuminate\\Database\\Eloquent\\Model->insertAndSetId()
#10 C:\\Users\\camar\\Bureau\\mindful-journey-ui\\back-mindful-journey-iu\\mindful-journey-back\\vendor\\laravel\\framework\\src\\Illuminate\\Database\\Eloquent\\Model.php(1231): Illuminate\\Database\\Eloquent\\Model->performInsert()
#11 C:\\Users\\camar\\Bureau\\mindful-journey-ui\\back-mindful-journey-iu\\mindful-journey-back\\vendor\\laravel\\framework\\src\\Illuminate\\Database\\Eloquent\\Builder.php(1189): Illuminate\\Database\\Eloquent\\Model->save()
#12 C:\\Users\\camar\\Bureau\\mindful-journey-ui\\back-mindful-journey-iu\\mindful-journey-back\\vendor\\laravel\\framework\\src\\Illuminate\\Support\\helpers.php(399): Illuminate\\Database\\Eloquent\\Builder->Illuminate\\Database\\Eloquent\\{closure}()
#13 C:\\Users\\camar\\Bureau\\mindful-journey-ui\\back-mindful-journey-iu\\mindful-journey-back\\vendor\\laravel\\framework\\src\\Illuminate\\Database\\Eloquent\\Builder.php(1188): tap()
#14 C:\\Users\\camar\\Bureau\\mindful-journey-ui\\back-mindful-journey-iu\\mindful-journey-back\\vendor\\laravel\\framework\\src\\Illuminate\\Support\\Traits\\ForwardsCalls.php(23): Illuminate\\Database\\Eloquent\\Builder->create()
#15 C:\\Users\\camar\\Bureau\\mindful-journey-ui\\back-mindful-journey-iu\\mindful-journey-back\\vendor\\laravel\\framework\\src\\Illuminate\\Database\\Eloquent\\Model.php(2518): Illuminate\\Database\\Eloquent\\Model->forwardCallTo()
#16 C:\\Users\\camar\\Bureau\\mindful-journey-ui\\back-mindful-journey-iu\\mindful-journey-back\\vendor\\laravel\\framework\\src\\Illuminate\\Database\\Eloquent\\Model.php(2534): Illuminate\\Database\\Eloquent\\Model->__call()
#17 C:\\Users\\camar\\Bureau\\mindful-journey-ui\\back-mindful-journey-iu\\mindful-journey-back\\create_challenges.php(32): Illuminate\\Database\\Eloquent\\Model::__callStatic()
#18 {main}
"} 
[2025-08-15 23:48:01] local.ERROR: SQLSTATE[HY000]: General error: 1 table "challenges" already exists (Connection: sqlite, SQL: create table "challenges" ("id" integer primary key autoincrement not null, "title" varchar not null, "description" text, "created_at" datetime, "updated_at" datetime)) {"exception":"[object] (Illuminate\\Database\\QueryException(code: HY000): SQLSTATE[HY000]: General error: 1 table \"challenges\" already exists (Connection: sqlite, SQL: create table \"challenges\" (\"id\" integer primary key autoincrement not null, \"title\" varchar not null, \"description\" text, \"created_at\" datetime, \"updated_at\" datetime)) at C:\\Users\\camar\\Bureau\\mindful-journey-ui\\back-mindful-journey-iu\\mindful-journey-back\\vendor\\laravel\\framework\\src\\Illuminate\\Database\\Connection.php:824)
[stacktrace]
#0 C:\\Users\\camar\\Bureau\\mindful-journey-ui\\back-mindful-journey-iu\\mindful-journey-back\\vendor\\laravel\\framework\\src\\Illuminate\\Database\\Connection.php(778): Illuminate\\Database\\Connection->runQueryCallback()
#1 C:\\Users\\camar\\Bureau\\mindful-journey-ui\\back-mindful-journey-iu\\mindful-journey-back\\vendor\\laravel\\framework\\src\\Illuminate\\Database\\Connection.php(559): Illuminate\\Database\\Connection->run()
#2 C:\\Users\\camar\\Bureau\\mindful-journey-ui\\back-mindful-journey-iu\\mindful-journey-back\\vendor\\laravel\\framework\\src\\Illuminate\\Database\\Schema\\Blueprint.php(119): Illuminate\\Database\\Connection->statement()
#3 C:\\Users\\camar\\Bureau\\mindful-journey-ui\\back-mindful-journey-iu\\mindful-journey-back\\vendor\\laravel\\framework\\src\\Illuminate\\Database\\Schema\\Builder.php(618): Illuminate\\Database\\Schema\\Blueprint->build()
#4 C:\\Users\\camar\\Bureau\\mindful-journey-ui\\back-mindful-journey-iu\\mindful-journey-back\\vendor\\laravel\\framework\\src\\Illuminate\\Database\\Schema\\Builder.php(472): Illuminate\\Database\\Schema\\Builder->build()
#5 C:\\Users\\camar\\Bureau\\mindful-journey-ui\\back-mindful-journey-iu\\mindful-journey-back\\vendor\\laravel\\framework\\src\\Illuminate\\Support\\Facades\\Facade.php(361): Illuminate\\Database\\Schema\\Builder->create()
#6 C:\\Users\\camar\\Bureau\\mindful-journey-ui\\back-mindful-journey-iu\\mindful-journey-back\\database\\migrations\\2025_08_15_000001_create_challenges_table.php(9): Illuminate\\Support\\Facades\\Facade::__callStatic()
#7 C:\\Users\\camar\\Bureau\\mindful-journey-ui\\back-mindful-journey-iu\\mindful-journey-back\\vendor\\laravel\\framework\\src\\Illuminate\\Database\\Migrations\\Migrator.php(514): Illuminate\\Database\\Migrations\\Migration@anonymous->up()
#8 C:\\Users\\camar\\Bureau\\mindful-journey-ui\\back-mindful-journey-iu\\mindful-journey-back\\vendor\\laravel\\framework\\src\\Illuminate\\Database\\Migrations\\Migrator.php(439): Illuminate\\Database\\Migrations\\Migrator->runMethod()
#9 C:\\Users\\camar\\Bureau\\mindful-journey-ui\\back-mindful-journey-iu\\mindful-journey-back\\vendor\\laravel\\framework\\src\\Illuminate\\Database\\Migrations\\Migrator.php(448): Illuminate\\Database\\Migrations\\Migrator->Illuminate\\Database\\Migrations\\{closure}()
#10 C:\\Users\\camar\\Bureau\\mindful-journey-ui\\back-mindful-journey-iu\\mindful-journey-back\\vendor\\laravel\\framework\\src\\Illuminate\\Database\\Migrations\\Migrator.php(250): Illuminate\\Database\\Migrations\\Migrator->runMigration()
#11 C:\\Users\\camar\\Bureau\\mindful-journey-ui\\back-mindful-journey-iu\\mindful-journey-back\\vendor\\laravel\\framework\\src\\Illuminate\\Console\\View\\Components\\Task.php(41): Illuminate\\Database\\Migrations\\Migrator->Illuminate\\Database\\Migrations\\{closure}()
#12 C:\\Users\\camar\\Bureau\\mindful-journey-ui\\back-mindful-journey-iu\\mindful-journey-back\\vendor\\laravel\\framework\\src\\Illuminate\\Database\\Migrations\\Migrator.php(809): Illuminate\\Console\\View\\Components\\Task->render()
#13 C:\\Users\\camar\\Bureau\\mindful-journey-ui\\back-mindful-journey-iu\\mindful-journey-back\\vendor\\laravel\\framework\\src\\Illuminate\\Database\\Migrations\\Migrator.php(250): Illuminate\\Database\\Migrations\\Migrator->write()
#14 C:\\Users\\camar\\Bureau\\mindful-journey-ui\\back-mindful-journey-iu\\mindful-journey-back\\vendor\\laravel\\framework\\src\\Illuminate\\Database\\Migrations\\Migrator.php(210): Illuminate\\Database\\Migrations\\Migrator->runUp()
#15 C:\\Users\\camar\\Bureau\\mindful-journey-ui\\back-mindful-journey-iu\\mindful-journey-back\\vendor\\laravel\\framework\\src\\Illuminate\\Database\\Migrations\\Migrator.php(137): Illuminate\\Database\\Migrations\\Migrator->runPending()
#16 C:\\Users\\camar\\Bureau\\mindful-journey-ui\\back-mindful-journey-iu\\mindful-journey-back\\vendor\\laravel\\framework\\src\\Illuminate\\Database\\Console\\Migrations\\MigrateCommand.php(116): Illuminate\\Database\\Migrations\\Migrator->run()
#17 C:\\Users\\camar\\Bureau\\mindful-journey-ui\\back-mindful-journey-iu\\mindful-journey-back\\vendor\\laravel\\framework\\src\\Illuminate\\Database\\Migrations\\Migrator.php(666): Illuminate\\Database\\Console\\Migrations\\MigrateCommand->Illuminate\\Database\\Console\\Migrations\\{closure}()
#18 C:\\Users\\camar\\Bureau\\mindful-journey-ui\\back-mindful-journey-iu\\mindful-journey-back\\vendor\\laravel\\framework\\src\\Illuminate\\Database\\Console\\Migrations\\MigrateCommand.php(109): Illuminate\\Database\\Migrations\\Migrator->usingConnection()
#19 C:\\Users\\camar\\Bureau\\mindful-journey-ui\\back-mindful-journey-iu\\mindful-journey-back\\vendor\\laravel\\framework\\src\\Illuminate\\Database\\Console\\Migrations\\MigrateCommand.php(88): Illuminate\\Database\\Console\\Migrations\\MigrateCommand->runMigrations()
#20 C:\\Users\\camar\\Bureau\\mindful-journey-ui\\back-mindful-journey-iu\\mindful-journey-back\\vendor\\laravel\\framework\\src\\Illuminate\\Container\\BoundMethod.php(36): Illuminate\\Database\\Console\\Migrations\\MigrateCommand->handle()
#21 C:\\Users\\camar\\Bureau\\mindful-journey-ui\\back-mindful-journey-iu\\mindful-journey-back\\vendor\\laravel\\framework\\src\\Illuminate\\Container\\Util.php(43): Illuminate\\Container\\BoundMethod::Illuminate\\Container\\{closure}()
#22 C:\\Users\\camar\\Bureau\\mindful-journey-ui\\back-mindful-journey-iu\\mindful-journey-back\\vendor\\laravel\\framework\\src\\Illuminate\\Container\\BoundMethod.php(96): Illuminate\\Container\\Util::unwrapIfClosure()
#23 C:\\Users\\camar\\Bureau\\mindful-journey-ui\\back-mindful-journey-iu\\mindful-journey-back\\vendor\\laravel\\framework\\src\\Illuminate\\Container\\BoundMethod.php(35): Illuminate\\Container\\BoundMethod::callBoundMethod()
#24 C:\\Users\\camar\\Bureau\\mindful-journey-ui\\back-mindful-journey-iu\\mindful-journey-back\\vendor\\laravel\\framework\\src\\Illuminate\\Container\\Container.php(780): Illuminate\\Container\\BoundMethod::call()
#25 C:\\Users\\camar\\Bureau\\mindful-journey-ui\\back-mindful-journey-iu\\mindful-journey-back\\vendor\\laravel\\framework\\src\\Illuminate\\Console\\Command.php(211): Illuminate\\Container\\Container->call()
#26 C:\\Users\\camar\\Bureau\\mindful-journey-ui\\back-mindful-journey-iu\\mindful-journey-back\\vendor\\symfony\\console\\Command\\Command.php(318): Illuminate\\Console\\Command->execute()
#27 C:\\Users\\camar\\Bureau\\mindful-journey-ui\\back-mindful-journey-iu\\mindful-journey-back\\vendor\\laravel\\framework\\src\\Illuminate\\Console\\Command.php(180): Symfony\\Component\\Console\\Command\\Command->run()
#28 C:\\Users\\camar\\Bureau\\mindful-journey-ui\\back-mindful-journey-iu\\mindful-journey-back\\vendor\\symfony\\console\\Application.php(1092): Illuminate\\Console\\Command->run()
#29 C:\\Users\\camar\\Bureau\\mindful-journey-ui\\back-mindful-journey-iu\\mindful-journey-back\\vendor\\symfony\\console\\Application.php(341): Symfony\\Component\\Console\\Application->doRunCommand()
#30 C:\\Users\\camar\\Bureau\\mindful-journey-ui\\back-mindful-journey-iu\\mindful-journey-back\\vendor\\symfony\\console\\Application.php(192): Symfony\\Component\\Console\\Application->doRun()
#31 C:\\Users\\camar\\Bureau\\mindful-journey-ui\\back-mindful-journey-iu\\mindful-journey-back\\vendor\\laravel\\framework\\src\\Illuminate\\Foundation\\Console\\Kernel.php(197): Symfony\\Component\\Console\\Application->run()
#32 C:\\Users\\camar\\Bureau\\mindful-journey-ui\\back-mindful-journey-iu\\mindful-journey-back\\vendor\\laravel\\framework\\src\\Illuminate\\Foundation\\Application.php(1234): Illuminate\\Foundation\\Console\\Kernel->handle()
#33 C:\\Users\\camar\\Bureau\\mindful-journey-ui\\back-mindful-journey-iu\\mindful-journey-back\\artisan(16): Illuminate\\Foundation\\Application->handleCommand()
#34 {main}

[previous exception] [object] (PDOException(code: HY000): SQLSTATE[HY000]: General error: 1 table \"challenges\" already exists at C:\\Users\\camar\\Bureau\\mindful-journey-ui\\back-mindful-journey-iu\\mindful-journey-back\\vendor\\laravel\\framework\\src\\Illuminate\\Database\\Connection.php:564)
[stacktrace]
#0 C:\\Users\\camar\\Bureau\\mindful-journey-ui\\back-mindful-journey-iu\\mindful-journey-back\\vendor\\laravel\\framework\\src\\Illuminate\\Database\\Connection.php(564): PDO->prepare()
#1 C:\\Users\\camar\\Bureau\\mindful-journey-ui\\back-mindful-journey-iu\\mindful-journey-back\\vendor\\laravel\\framework\\src\\Illuminate\\Database\\Connection.php(811): Illuminate\\Database\\Connection->Illuminate\\Database\\{closure}()
#2 C:\\Users\\camar\\Bureau\\mindful-journey-ui\\back-mindful-journey-iu\\mindful-journey-back\\vendor\\laravel\\framework\\src\\Illuminate\\Database\\Connection.php(778): Illuminate\\Database\\Connection->runQueryCallback()
#3 C:\\Users\\camar\\Bureau\\mindful-journey-ui\\back-mindful-journey-iu\\mindful-journey-back\\vendor\\laravel\\framework\\src\\Illuminate\\Database\\Connection.php(559): Illuminate\\Database\\Connection->run()
#4 C:\\Users\\camar\\Bureau\\mindful-journey-ui\\back-mindful-journey-iu\\mindful-journey-back\\vendor\\laravel\\framework\\src\\Illuminate\\Database\\Schema\\Blueprint.php(119): Illuminate\\Database\\Connection->statement()
#5 C:\\Users\\camar\\Bureau\\mindful-journey-ui\\back-mindful-journey-iu\\mindful-journey-back\\vendor\\laravel\\framework\\src\\Illuminate\\Database\\Schema\\Builder.php(618): Illuminate\\Database\\Schema\\Blueprint->build()
#6 C:\\Users\\camar\\Bureau\\mindful-journey-ui\\back-mindful-journey-iu\\mindful-journey-back\\vendor\\laravel\\framework\\src\\Illuminate\\Database\\Schema\\Builder.php(472): Illuminate\\Database\\Schema\\Builder->build()
#7 C:\\Users\\camar\\Bureau\\mindful-journey-ui\\back-mindful-journey-iu\\mindful-journey-back\\vendor\\laravel\\framework\\src\\Illuminate\\Support\\Facades\\Facade.php(361): Illuminate\\Database\\Schema\\Builder->create()
#8 C:\\Users\\camar\\Bureau\\mindful-journey-ui\\back-mindful-journey-iu\\mindful-journey-back\\database\\migrations\\2025_08_15_000001_create_challenges_table.php(9): Illuminate\\Support\\Facades\\Facade::__callStatic()
#9 C:\\Users\\camar\\Bureau\\mindful-journey-ui\\back-mindful-journey-iu\\mindful-journey-back\\vendor\\laravel\\framework\\src\\Illuminate\\Database\\Migrations\\Migrator.php(514): Illuminate\\Database\\Migrations\\Migration@anonymous->up()
#10 C:\\Users\\camar\\Bureau\\mindful-journey-ui\\back-mindful-journey-iu\\mindful-journey-back\\vendor\\laravel\\framework\\src\\Illuminate\\Database\\Migrations\\Migrator.php(439): Illuminate\\Database\\Migrations\\Migrator->runMethod()
#11 C:\\Users\\camar\\Bureau\\mindful-journey-ui\\back-mindful-journey-iu\\mindful-journey-back\\vendor\\laravel\\framework\\src\\Illuminate\\Database\\Migrations\\Migrator.php(448): Illuminate\\Database\\Migrations\\Migrator->Illuminate\\Database\\Migrations\\{closure}()
#12 C:\\Users\\camar\\Bureau\\mindful-journey-ui\\back-mindful-journey-iu\\mindful-journey-back\\vendor\\laravel\\framework\\src\\Illuminate\\Database\\Migrations\\Migrator.php(250): Illuminate\\Database\\Migrations\\Migrator->runMigration()
#13 C:\\Users\\camar\\Bureau\\mindful-journey-ui\\back-mindful-journey-iu\\mindful-journey-back\\vendor\\laravel\\framework\\src\\Illuminate\\Console\\View\\Components\\Task.php(41): Illuminate\\Database\\Migrations\\Migrator->Illuminate\\Database\\Migrations\\{closure}()
#14 C:\\Users\\camar\\Bureau\\mindful-journey-ui\\back-mindful-journey-iu\\mindful-journey-back\\vendor\\laravel\\framework\\src\\Illuminate\\Database\\Migrations\\Migrator.php(809): Illuminate\\Console\\View\\Components\\Task->render()
#15 C:\\Users\\camar\\Bureau\\mindful-journey-ui\\back-mindful-journey-iu\\mindful-journey-back\\vendor\\laravel\\framework\\src\\Illuminate\\Database\\Migrations\\Migrator.php(250): Illuminate\\Database\\Migrations\\Migrator->write()
#16 C:\\Users\\camar\\Bureau\\mindful-journey-ui\\back-mindful-journey-iu\\mindful-journey-back\\vendor\\laravel\\framework\\src\\Illuminate\\Database\\Migrations\\Migrator.php(210): Illuminate\\Database\\Migrations\\Migrator->runUp()
#17 C:\\Users\\camar\\Bureau\\mindful-journey-ui\\back-mindful-journey-iu\\mindful-journey-back\\vendor\\laravel\\framework\\src\\Illuminate\\Database\\Migrations\\Migrator.php(137): Illuminate\\Database\\Migrations\\Migrator->runPending()
#18 C:\\Users\\camar\\Bureau\\mindful-journey-ui\\back-mindful-journey-iu\\mindful-journey-back\\vendor\\laravel\\framework\\src\\Illuminate\\Database\\Console\\Migrations\\MigrateCommand.php(116): Illuminate\\Database\\Migrations\\Migrator->run()
#19 C:\\Users\\camar\\Bureau\\mindful-journey-ui\\back-mindful-journey-iu\\mindful-journey-back\\vendor\\laravel\\framework\\src\\Illuminate\\Database\\Migrations\\Migrator.php(666): Illuminate\\Database\\Console\\Migrations\\MigrateCommand->Illuminate\\Database\\Console\\Migrations\\{closure}()
#20 C:\\Users\\camar\\Bureau\\mindful-journey-ui\\back-mindful-journey-iu\\mindful-journey-back\\vendor\\laravel\\framework\\src\\Illuminate\\Database\\Console\\Migrations\\MigrateCommand.php(109): Illuminate\\Database\\Migrations\\Migrator->usingConnection()
#21 C:\\Users\\camar\\Bureau\\mindful-journey-ui\\back-mindful-journey-iu\\mindful-journey-back\\vendor\\laravel\\framework\\src\\Illuminate\\Database\\Console\\Migrations\\MigrateCommand.php(88): Illuminate\\Database\\Console\\Migrations\\MigrateCommand->runMigrations()
#22 C:\\Users\\camar\\Bureau\\mindful-journey-ui\\back-mindful-journey-iu\\mindful-journey-back\\vendor\\laravel\\framework\\src\\Illuminate\\Container\\BoundMethod.php(36): Illuminate\\Database\\Console\\Migrations\\MigrateCommand->handle()
#23 C:\\Users\\camar\\Bureau\\mindful-journey-ui\\back-mindful-journey-iu\\mindful-journey-back\\vendor\\laravel\\framework\\src\\Illuminate\\Container\\Util.php(43): Illuminate\\Container\\BoundMethod::Illuminate\\Container\\{closure}()
#24 C:\\Users\\camar\\Bureau\\mindful-journey-ui\\back-mindful-journey-iu\\mindful-journey-back\\vendor\\laravel\\framework\\src\\Illuminate\\Container\\BoundMethod.php(96): Illuminate\\Container\\Util::unwrapIfClosure()
#25 C:\\Users\\camar\\Bureau\\mindful-journey-ui\\back-mindful-journey-iu\\mindful-journey-back\\vendor\\laravel\\framework\\src\\Illuminate\\Container\\BoundMethod.php(35): Illuminate\\Container\\BoundMethod::callBoundMethod()
#26 C:\\Users\\camar\\Bureau\\mindful-journey-ui\\back-mindful-journey-iu\\mindful-journey-back\\vendor\\laravel\\framework\\src\\Illuminate\\Container\\Container.php(780): Illuminate\\Container\\BoundMethod::call()
#27 C:\\Users\\camar\\Bureau\\mindful-journey-ui\\back-mindful-journey-iu\\mindful-journey-back\\vendor\\laravel\\framework\\src\\Illuminate\\Console\\Command.php(211): Illuminate\\Container\\Container->call()
#28 C:\\Users\\camar\\Bureau\\mindful-journey-ui\\back-mindful-journey-iu\\mindful-journey-back\\vendor\\symfony\\console\\Command\\Command.php(318): Illuminate\\Console\\Command->execute()
#29 C:\\Users\\camar\\Bureau\\mindful-journey-ui\\back-mindful-journey-iu\\mindful-journey-back\\vendor\\laravel\\framework\\src\\Illuminate\\Console\\Command.php(180): Symfony\\Component\\Console\\Command\\Command->run()
#30 C:\\Users\\camar\\Bureau\\mindful-journey-ui\\back-mindful-journey-iu\\mindful-journey-back\\vendor\\symfony\\console\\Application.php(1092): Illuminate\\Console\\Command->run()
#31 C:\\Users\\camar\\Bureau\\mindful-journey-ui\\back-mindful-journey-iu\\mindful-journey-back\\vendor\\symfony\\console\\Application.php(341): Symfony\\Component\\Console\\Application->doRunCommand()
#32 C:\\Users\\camar\\Bureau\\mindful-journey-ui\\back-mindful-journey-iu\\mindful-journey-back\\vendor\\symfony\\console\\Application.php(192): Symfony\\Component\\Console\\Application->doRun()
#33 C:\\Users\\camar\\Bureau\\mindful-journey-ui\\back-mindful-journey-iu\\mindful-journey-back\\vendor\\laravel\\framework\\src\\Illuminate\\Foundation\\Console\\Kernel.php(197): Symfony\\Component\\Console\\Application->run()
#34 C:\\Users\\camar\\Bureau\\mindful-journey-ui\\back-mindful-journey-iu\\mindful-journey-back\\vendor\\laravel\\framework\\src\\Illuminate\\Foundation\\Application.php(1234): Illuminate\\Foundation\\Console\\Kernel->handle()
#35 C:\\Users\\camar\\Bureau\\mindful-journey-ui\\back-mindful-journey-iu\\mindful-journey-back\\artisan(16): Illuminate\\Foundation\\Application->handleCommand()
#36 {main}
"} 
[2025-08-15 23:48:01] local.ERROR: SQLSTATE[23000]: Integrity constraint violation: 19 NOT NULL constraint failed: challenges.type (Connection: sqlite, SQL: insert into "challenges" ("title", "description", "updated_at", "created_at") values (Méditation 5 minutes, Une courte méditation guidée pour débuter en douceur., 2025-08-15 23:48:01, 2025-08-15 23:48:01)) {"exception":"[object] (Illuminate\\Database\\QueryException(code: 23000): SQLSTATE[23000]: Integrity constraint violation: 19 NOT NULL constraint failed: challenges.type (Connection: sqlite, SQL: insert into \"challenges\" (\"title\", \"description\", \"updated_at\", \"created_at\") values (Méditation 5 minutes, Une courte méditation guidée pour débuter en douceur., 2025-08-15 23:48:01, 2025-08-15 23:48:01)) at C:\\Users\\camar\\Bureau\\mindful-journey-ui\\back-mindful-journey-iu\\mindful-journey-back\\vendor\\laravel\\framework\\src\\Illuminate\\Database\\Connection.php:824)
[stacktrace]
#0 C:\\Users\\camar\\Bureau\\mindful-journey-ui\\back-mindful-journey-iu\\mindful-journey-back\\vendor\\laravel\\framework\\src\\Illuminate\\Database\\Connection.php(778): Illuminate\\Database\\Connection->runQueryCallback()
#1 C:\\Users\\camar\\Bureau\\mindful-journey-ui\\back-mindful-journey-iu\\mindful-journey-back\\vendor\\laravel\\framework\\src\\Illuminate\\Database\\Connection.php(559): Illuminate\\Database\\Connection->run()
#2 C:\\Users\\camar\\Bureau\\mindful-journey-ui\\back-mindful-journey-iu\\mindful-journey-back\\vendor\\laravel\\framework\\src\\Illuminate\\Database\\Connection.php(523): Illuminate\\Database\\Connection->statement()
#3 C:\\Users\\camar\\Bureau\\mindful-journey-ui\\back-mindful-journey-iu\\mindful-journey-back\\vendor\\laravel\\framework\\src\\Illuminate\\Database\\Query\\Processors\\Processor.php(32): Illuminate\\Database\\Connection->insert()
#4 C:\\Users\\camar\\Bureau\\mindful-journey-ui\\back-mindful-journey-iu\\mindful-journey-back\\vendor\\laravel\\framework\\src\\Illuminate\\Database\\Query\\Builder.php(3853): Illuminate\\Database\\Query\\Processors\\Processor->processInsertGetId()
#5 C:\\Users\\camar\\Bureau\\mindful-journey-ui\\back-mindful-journey-iu\\mindful-journey-back\\vendor\\laravel\\framework\\src\\Illuminate\\Database\\Eloquent\\Builder.php(2205): Illuminate\\Database\\Query\\Builder->insertGetId()
#6 C:\\Users\\camar\\Bureau\\mindful-journey-ui\\back-mindful-journey-iu\\mindful-journey-back\\vendor\\laravel\\framework\\src\\Illuminate\\Database\\Eloquent\\Model.php(1427): Illuminate\\Database\\Eloquent\\Builder->__call()
#7 C:\\Users\\camar\\Bureau\\mindful-journey-ui\\back-mindful-journey-iu\\mindful-journey-back\\vendor\\laravel\\framework\\src\\Illuminate\\Database\\Eloquent\\Model.php(1392): Illuminate\\Database\\Eloquent\\Model->insertAndSetId()
#8 C:\\Users\\camar\\Bureau\\mindful-journey-ui\\back-mindful-journey-iu\\mindful-journey-back\\vendor\\laravel\\framework\\src\\Illuminate\\Database\\Eloquent\\Model.php(1231): Illuminate\\Database\\Eloquent\\Model->performInsert()
#9 C:\\Users\\camar\\Bureau\\mindful-journey-ui\\back-mindful-journey-iu\\mindful-journey-back\\vendor\\laravel\\framework\\src\\Illuminate\\Database\\Eloquent\\Builder.php(1189): Illuminate\\Database\\Eloquent\\Model->save()
#10 C:\\Users\\camar\\Bureau\\mindful-journey-ui\\back-mindful-journey-iu\\mindful-journey-back\\vendor\\laravel\\framework\\src\\Illuminate\\Support\\helpers.php(399): Illuminate\\Database\\Eloquent\\Builder->Illuminate\\Database\\Eloquent\\{closure}()
#11 C:\\Users\\camar\\Bureau\\mindful-journey-ui\\back-mindful-journey-iu\\mindful-journey-back\\vendor\\laravel\\framework\\src\\Illuminate\\Database\\Eloquent\\Builder.php(1188): tap()
#12 C:\\Users\\camar\\Bureau\\mindful-journey-ui\\back-mindful-journey-iu\\mindful-journey-back\\vendor\\laravel\\framework\\src\\Illuminate\\Support\\Traits\\ForwardsCalls.php(23): Illuminate\\Database\\Eloquent\\Builder->create()
#13 C:\\Users\\camar\\Bureau\\mindful-journey-ui\\back-mindful-journey-iu\\mindful-journey-back\\vendor\\laravel\\framework\\src\\Illuminate\\Database\\Eloquent\\Model.php(2518): Illuminate\\Database\\Eloquent\\Model->forwardCallTo()
#14 C:\\Users\\camar\\Bureau\\mindful-journey-ui\\back-mindful-journey-iu\\mindful-journey-back\\vendor\\laravel\\framework\\src\\Illuminate\\Database\\Eloquent\\Model.php(2534): Illuminate\\Database\\Eloquent\\Model->__call()
#15 C:\\Users\\camar\\Bureau\\mindful-journey-ui\\back-mindful-journey-iu\\mindful-journey-back\\create_challenges.php(32): Illuminate\\Database\\Eloquent\\Model::__callStatic()
#16 {main}

[previous exception] [object] (PDOException(code: 23000): SQLSTATE[23000]: Integrity constraint violation: 19 NOT NULL constraint failed: challenges.type at C:\\Users\\camar\\Bureau\\mindful-journey-ui\\back-mindful-journey-iu\\mindful-journey-back\\vendor\\laravel\\framework\\src\\Illuminate\\Database\\Connection.php:570)
[stacktrace]
#0 C:\\Users\\camar\\Bureau\\mindful-journey-ui\\back-mindful-journey-iu\\mindful-journey-back\\vendor\\laravel\\framework\\src\\Illuminate\\Database\\Connection.php(570): PDOStatement->execute()
#1 C:\\Users\\camar\\Bureau\\mindful-journey-ui\\back-mindful-journey-iu\\mindful-journey-back\\vendor\\laravel\\framework\\src\\Illuminate\\Database\\Connection.php(811): Illuminate\\Database\\Connection->Illuminate\\Database\\{closure}()
#2 C:\\Users\\camar\\Bureau\\mindful-journey-ui\\back-mindful-journey-iu\\mindful-journey-back\\vendor\\laravel\\framework\\src\\Illuminate\\Database\\Connection.php(778): Illuminate\\Database\\Connection->runQueryCallback()
#3 C:\\Users\\camar\\Bureau\\mindful-journey-ui\\back-mindful-journey-iu\\mindful-journey-back\\vendor\\laravel\\framework\\src\\Illuminate\\Database\\Connection.php(559): Illuminate\\Database\\Connection->run()
#4 C:\\Users\\camar\\Bureau\\mindful-journey-ui\\back-mindful-journey-iu\\mindful-journey-back\\vendor\\laravel\\framework\\src\\Illuminate\\Database\\Connection.php(523): Illuminate\\Database\\Connection->statement()
#5 C:\\Users\\camar\\Bureau\\mindful-journey-ui\\back-mindful-journey-iu\\mindful-journey-back\\vendor\\laravel\\framework\\src\\Illuminate\\Database\\Query\\Processors\\Processor.php(32): Illuminate\\Database\\Connection->insert()
#6 C:\\Users\\camar\\Bureau\\mindful-journey-ui\\back-mindful-journey-iu\\mindful-journey-back\\vendor\\laravel\\framework\\src\\Illuminate\\Database\\Query\\Builder.php(3853): Illuminate\\Database\\Query\\Processors\\Processor->processInsertGetId()
#7 C:\\Users\\camar\\Bureau\\mindful-journey-ui\\back-mindful-journey-iu\\mindful-journey-back\\vendor\\laravel\\framework\\src\\Illuminate\\Database\\Eloquent\\Builder.php(2205): Illuminate\\Database\\Query\\Builder->insertGetId()
#8 C:\\Users\\camar\\Bureau\\mindful-journey-ui\\back-mindful-journey-iu\\mindful-journey-back\\vendor\\laravel\\framework\\src\\Illuminate\\Database\\Eloquent\\Model.php(1427): Illuminate\\Database\\Eloquent\\Builder->__call()
#9 C:\\Users\\camar\\Bureau\\mindful-journey-ui\\back-mindful-journey-iu\\mindful-journey-back\\vendor\\laravel\\framework\\src\\Illuminate\\Database\\Eloquent\\Model.php(1392): Illuminate\\Database\\Eloquent\\Model->insertAndSetId()
#10 C:\\Users\\camar\\Bureau\\mindful-journey-ui\\back-mindful-journey-iu\\mindful-journey-back\\vendor\\laravel\\framework\\src\\Illuminate\\Database\\Eloquent\\Model.php(1231): Illuminate\\Database\\Eloquent\\Model->performInsert()
#11 C:\\Users\\camar\\Bureau\\mindful-journey-ui\\back-mindful-journey-iu\\mindful-journey-back\\vendor\\laravel\\framework\\src\\Illuminate\\Database\\Eloquent\\Builder.php(1189): Illuminate\\Database\\Eloquent\\Model->save()
#12 C:\\Users\\camar\\Bureau\\mindful-journey-ui\\back-mindful-journey-iu\\mindful-journey-back\\vendor\\laravel\\framework\\src\\Illuminate\\Support\\helpers.php(399): Illuminate\\Database\\Eloquent\\Builder->Illuminate\\Database\\Eloquent\\{closure}()
#13 C:\\Users\\camar\\Bureau\\mindful-journey-ui\\back-mindful-journey-iu\\mindful-journey-back\\vendor\\laravel\\framework\\src\\Illuminate\\Database\\Eloquent\\Builder.php(1188): tap()
#14 C:\\Users\\camar\\Bureau\\mindful-journey-ui\\back-mindful-journey-iu\\mindful-journey-back\\vendor\\laravel\\framework\\src\\Illuminate\\Support\\Traits\\ForwardsCalls.php(23): Illuminate\\Database\\Eloquent\\Builder->create()
#15 C:\\Users\\camar\\Bureau\\mindful-journey-ui\\back-mindful-journey-iu\\mindful-journey-back\\vendor\\laravel\\framework\\src\\Illuminate\\Database\\Eloquent\\Model.php(2518): Illuminate\\Database\\Eloquent\\Model->forwardCallTo()
#16 C:\\Users\\camar\\Bureau\\mindful-journey-ui\\back-mindful-journey-iu\\mindful-journey-back\\vendor\\laravel\\framework\\src\\Illuminate\\Database\\Eloquent\\Model.php(2534): Illuminate\\Database\\Eloquent\\Model->__call()
#17 C:\\Users\\camar\\Bureau\\mindful-journey-ui\\back-mindful-journey-iu\\mindful-journey-back\\create_challenges.php(32): Illuminate\\Database\\Eloquent\\Model::__callStatic()
#18 {main}
"} 
[2025-08-15 23:48:47] local.ERROR: SQLSTATE[23000]: Integrity constraint violation: 19 CHECK constraint failed: type (Connection: sqlite, SQL: insert into "challenges" ("title", "description", "type", "updated_at", "created_at") values (Méditation 5 minutes, Une courte méditation guidée pour débuter en douceur., meditation, 2025-08-15 23:48:47, 2025-08-15 23:48:47)) {"exception":"[object] (Illuminate\\Database\\QueryException(code: 23000): SQLSTATE[23000]: Integrity constraint violation: 19 CHECK constraint failed: type (Connection: sqlite, SQL: insert into \"challenges\" (\"title\", \"description\", \"type\", \"updated_at\", \"created_at\") values (Méditation 5 minutes, Une courte méditation guidée pour débuter en douceur., meditation, 2025-08-15 23:48:47, 2025-08-15 23:48:47)) at C:\\Users\\camar\\Bureau\\mindful-journey-ui\\back-mindful-journey-iu\\mindful-journey-back\\vendor\\laravel\\framework\\src\\Illuminate\\Database\\Connection.php:824)
[stacktrace]
#0 C:\\Users\\camar\\Bureau\\mindful-journey-ui\\back-mindful-journey-iu\\mindful-journey-back\\vendor\\laravel\\framework\\src\\Illuminate\\Database\\Connection.php(778): Illuminate\\Database\\Connection->runQueryCallback()
#1 C:\\Users\\camar\\Bureau\\mindful-journey-ui\\back-mindful-journey-iu\\mindful-journey-back\\vendor\\laravel\\framework\\src\\Illuminate\\Database\\Connection.php(559): Illuminate\\Database\\Connection->run()
#2 C:\\Users\\camar\\Bureau\\mindful-journey-ui\\back-mindful-journey-iu\\mindful-journey-back\\vendor\\laravel\\framework\\src\\Illuminate\\Database\\Connection.php(523): Illuminate\\Database\\Connection->statement()
#3 C:\\Users\\camar\\Bureau\\mindful-journey-ui\\back-mindful-journey-iu\\mindful-journey-back\\vendor\\laravel\\framework\\src\\Illuminate\\Database\\Query\\Processors\\Processor.php(32): Illuminate\\Database\\Connection->insert()
#4 C:\\Users\\camar\\Bureau\\mindful-journey-ui\\back-mindful-journey-iu\\mindful-journey-back\\vendor\\laravel\\framework\\src\\Illuminate\\Database\\Query\\Builder.php(3853): Illuminate\\Database\\Query\\Processors\\Processor->processInsertGetId()
#5 C:\\Users\\camar\\Bureau\\mindful-journey-ui\\back-mindful-journey-iu\\mindful-journey-back\\vendor\\laravel\\framework\\src\\Illuminate\\Database\\Eloquent\\Builder.php(2205): Illuminate\\Database\\Query\\Builder->insertGetId()
#6 C:\\Users\\camar\\Bureau\\mindful-journey-ui\\back-mindful-journey-iu\\mindful-journey-back\\vendor\\laravel\\framework\\src\\Illuminate\\Database\\Eloquent\\Model.php(1427): Illuminate\\Database\\Eloquent\\Builder->__call()
#7 C:\\Users\\camar\\Bureau\\mindful-journey-ui\\back-mindful-journey-iu\\mindful-journey-back\\vendor\\laravel\\framework\\src\\Illuminate\\Database\\Eloquent\\Model.php(1392): Illuminate\\Database\\Eloquent\\Model->insertAndSetId()
#8 C:\\Users\\camar\\Bureau\\mindful-journey-ui\\back-mindful-journey-iu\\mindful-journey-back\\vendor\\laravel\\framework\\src\\Illuminate\\Database\\Eloquent\\Model.php(1231): Illuminate\\Database\\Eloquent\\Model->performInsert()
#9 C:\\Users\\camar\\Bureau\\mindful-journey-ui\\back-mindful-journey-iu\\mindful-journey-back\\vendor\\laravel\\framework\\src\\Illuminate\\Database\\Eloquent\\Builder.php(1189): Illuminate\\Database\\Eloquent\\Model->save()
#10 C:\\Users\\camar\\Bureau\\mindful-journey-ui\\back-mindful-journey-iu\\mindful-journey-back\\vendor\\laravel\\framework\\src\\Illuminate\\Support\\helpers.php(399): Illuminate\\Database\\Eloquent\\Builder->Illuminate\\Database\\Eloquent\\{closure}()
#11 C:\\Users\\camar\\Bureau\\mindful-journey-ui\\back-mindful-journey-iu\\mindful-journey-back\\vendor\\laravel\\framework\\src\\Illuminate\\Database\\Eloquent\\Builder.php(1188): tap()
#12 C:\\Users\\camar\\Bureau\\mindful-journey-ui\\back-mindful-journey-iu\\mindful-journey-back\\vendor\\laravel\\framework\\src\\Illuminate\\Support\\Traits\\ForwardsCalls.php(23): Illuminate\\Database\\Eloquent\\Builder->create()
#13 C:\\Users\\camar\\Bureau\\mindful-journey-ui\\back-mindful-journey-iu\\mindful-journey-back\\vendor\\laravel\\framework\\src\\Illuminate\\Database\\Eloquent\\Model.php(2518): Illuminate\\Database\\Eloquent\\Model->forwardCallTo()
#14 C:\\Users\\camar\\Bureau\\mindful-journey-ui\\back-mindful-journey-iu\\mindful-journey-back\\vendor\\laravel\\framework\\src\\Illuminate\\Database\\Eloquent\\Model.php(2534): Illuminate\\Database\\Eloquent\\Model->__call()
#15 C:\\Users\\camar\\Bureau\\mindful-journey-ui\\back-mindful-journey-iu\\mindful-journey-back\\create_challenges.php(35): Illuminate\\Database\\Eloquent\\Model::__callStatic()
#16 {main}

[previous exception] [object] (PDOException(code: 23000): SQLSTATE[23000]: Integrity constraint violation: 19 CHECK constraint failed: type at C:\\Users\\camar\\Bureau\\mindful-journey-ui\\back-mindful-journey-iu\\mindful-journey-back\\vendor\\laravel\\framework\\src\\Illuminate\\Database\\Connection.php:570)
[stacktrace]
#0 C:\\Users\\camar\\Bureau\\mindful-journey-ui\\back-mindful-journey-iu\\mindful-journey-back\\vendor\\laravel\\framework\\src\\Illuminate\\Database\\Connection.php(570): PDOStatement->execute()
#1 C:\\Users\\camar\\Bureau\\mindful-journey-ui\\back-mindful-journey-iu\\mindful-journey-back\\vendor\\laravel\\framework\\src\\Illuminate\\Database\\Connection.php(811): Illuminate\\Database\\Connection->Illuminate\\Database\\{closure}()
#2 C:\\Users\\camar\\Bureau\\mindful-journey-ui\\back-mindful-journey-iu\\mindful-journey-back\\vendor\\laravel\\framework\\src\\Illuminate\\Database\\Connection.php(778): Illuminate\\Database\\Connection->runQueryCallback()
#3 C:\\Users\\camar\\Bureau\\mindful-journey-ui\\back-mindful-journey-iu\\mindful-journey-back\\vendor\\laravel\\framework\\src\\Illuminate\\Database\\Connection.php(559): Illuminate\\Database\\Connection->run()
#4 C:\\Users\\camar\\Bureau\\mindful-journey-ui\\back-mindful-journey-iu\\mindful-journey-back\\vendor\\laravel\\framework\\src\\Illuminate\\Database\\Connection.php(523): Illuminate\\Database\\Connection->statement()
#5 C:\\Users\\camar\\Bureau\\mindful-journey-ui\\back-mindful-journey-iu\\mindful-journey-back\\vendor\\laravel\\framework\\src\\Illuminate\\Database\\Query\\Processors\\Processor.php(32): Illuminate\\Database\\Connection->insert()
#6 C:\\Users\\camar\\Bureau\\mindful-journey-ui\\back-mindful-journey-iu\\mindful-journey-back\\vendor\\laravel\\framework\\src\\Illuminate\\Database\\Query\\Builder.php(3853): Illuminate\\Database\\Query\\Processors\\Processor->processInsertGetId()
#7 C:\\Users\\camar\\Bureau\\mindful-journey-ui\\back-mindful-journey-iu\\mindful-journey-back\\vendor\\laravel\\framework\\src\\Illuminate\\Database\\Eloquent\\Builder.php(2205): Illuminate\\Database\\Query\\Builder->insertGetId()
#8 C:\\Users\\camar\\Bureau\\mindful-journey-ui\\back-mindful-journey-iu\\mindful-journey-back\\vendor\\laravel\\framework\\src\\Illuminate\\Database\\Eloquent\\Model.php(1427): Illuminate\\Database\\Eloquent\\Builder->__call()
#9 C:\\Users\\camar\\Bureau\\mindful-journey-ui\\back-mindful-journey-iu\\mindful-journey-back\\vendor\\laravel\\framework\\src\\Illuminate\\Database\\Eloquent\\Model.php(1392): Illuminate\\Database\\Eloquent\\Model->insertAndSetId()
#10 C:\\Users\\camar\\Bureau\\mindful-journey-ui\\back-mindful-journey-iu\\mindful-journey-back\\vendor\\laravel\\framework\\src\\Illuminate\\Database\\Eloquent\\Model.php(1231): Illuminate\\Database\\Eloquent\\Model->performInsert()
#11 C:\\Users\\camar\\Bureau\\mindful-journey-ui\\back-mindful-journey-iu\\mindful-journey-back\\vendor\\laravel\\framework\\src\\Illuminate\\Database\\Eloquent\\Builder.php(1189): Illuminate\\Database\\Eloquent\\Model->save()
#12 C:\\Users\\camar\\Bureau\\mindful-journey-ui\\back-mindful-journey-iu\\mindful-journey-back\\vendor\\laravel\\framework\\src\\Illuminate\\Support\\helpers.php(399): Illuminate\\Database\\Eloquent\\Builder->Illuminate\\Database\\Eloquent\\{closure}()
#13 C:\\Users\\camar\\Bureau\\mindful-journey-ui\\back-mindful-journey-iu\\mindful-journey-back\\vendor\\laravel\\framework\\src\\Illuminate\\Database\\Eloquent\\Builder.php(1188): tap()
#14 C:\\Users\\camar\\Bureau\\mindful-journey-ui\\back-mindful-journey-iu\\mindful-journey-back\\vendor\\laravel\\framework\\src\\Illuminate\\Support\\Traits\\ForwardsCalls.php(23): Illuminate\\Database\\Eloquent\\Builder->create()
#15 C:\\Users\\camar\\Bureau\\mindful-journey-ui\\back-mindful-journey-iu\\mindful-journey-back\\vendor\\laravel\\framework\\src\\Illuminate\\Database\\Eloquent\\Model.php(2518): Illuminate\\Database\\Eloquent\\Model->forwardCallTo()
#16 C:\\Users\\camar\\Bureau\\mindful-journey-ui\\back-mindful-journey-iu\\mindful-journey-back\\vendor\\laravel\\framework\\src\\Illuminate\\Database\\Eloquent\\Model.php(2534): Illuminate\\Database\\Eloquent\\Model->__call()
#17 C:\\Users\\camar\\Bureau\\mindful-journey-ui\\back-mindful-journey-iu\\mindful-journey-back\\create_challenges.php(35): Illuminate\\Database\\Eloquent\\Model::__callStatic()
#18 {main}
"} 
[2025-08-15 23:57:32] local.ERROR: Vite manifest not found at: C:\Users\camar\Bureau\mindful-journey-ui\back-mindful-journey-iu\mindful-journey-back\public\build/manifest.json (View: C:\Users\camar\Bureau\mindful-journey-ui\back-mindful-journey-iu\mindful-journey-back\resources\views\app.blade.php) {"exception":"[object] (Illuminate\\View\\ViewException(code: 0): Vite manifest not found at: C:\\Users\\camar\\Bureau\\mindful-journey-ui\\back-mindful-journey-iu\\mindful-journey-back\\public\\build/manifest.json (View: C:\\Users\\camar\\Bureau\\mindful-journey-ui\\back-mindful-journey-iu\\mindful-journey-back\\resources\\views\\app.blade.php) at C:\\Users\\camar\\Bureau\\mindful-journey-ui\\back-mindful-journey-iu\\mindful-journey-back\\vendor\\laravel\\framework\\src\\Illuminate\\Foundation\\Vite.php:935)
[stacktrace]
#0 C:\\Users\\camar\\Bureau\\mindful-journey-ui\\back-mindful-journey-iu\\mindful-journey-back\\vendor\\laravel\\framework\\src\\Illuminate\\View\\Engines\\PhpEngine.php(59): Illuminate\\View\\Engines\\CompilerEngine->handleViewException()
#1 C:\\Users\\camar\\Bureau\\mindful-journey-ui\\back-mindful-journey-iu\\mindful-journey-back\\vendor\\laravel\\framework\\src\\Illuminate\\View\\Engines\\CompilerEngine.php(76): Illuminate\\View\\Engines\\PhpEngine->evaluatePath()
#2 C:\\Users\\camar\\Bureau\\mindful-journey-ui\\back-mindful-journey-iu\\mindful-journey-back\\vendor\\laravel\\framework\\src\\Illuminate\\View\\View.php(208): Illuminate\\View\\Engines\\CompilerEngine->get()
#3 C:\\Users\\camar\\Bureau\\mindful-journey-ui\\back-mindful-journey-iu\\mindful-journey-back\\vendor\\laravel\\framework\\src\\Illuminate\\View\\View.php(191): Illuminate\\View\\View->getContents()
#4 C:\\Users\\camar\\Bureau\\mindful-journey-ui\\back-mindful-journey-iu\\mindful-journey-back\\vendor\\laravel\\framework\\src\\Illuminate\\View\\View.php(160): Illuminate\\View\\View->renderContents()
#5 C:\\Users\\camar\\Bureau\\mindful-journey-ui\\back-mindful-journey-iu\\mindful-journey-back\\vendor\\laravel\\framework\\src\\Illuminate\\Http\\Response.php(78): Illuminate\\View\\View->render()
#6 C:\\Users\\camar\\Bureau\\mindful-journey-ui\\back-mindful-journey-iu\\mindful-journey-back\\vendor\\laravel\\framework\\src\\Illuminate\\Http\\Response.php(34): Illuminate\\Http\\Response->setContent()
#7 C:\\Users\\camar\\Bureau\\mindful-journey-ui\\back-mindful-journey-iu\\mindful-journey-back\\vendor\\laravel\\framework\\src\\Illuminate\\Routing\\ResponseFactory.php(61): Illuminate\\Http\\Response->__construct()
#8 C:\\Users\\camar\\Bureau\\mindful-journey-ui\\back-mindful-journey-iu\\mindful-journey-back\\vendor\\laravel\\framework\\src\\Illuminate\\Routing\\ResponseFactory.php(91): Illuminate\\Routing\\ResponseFactory->make()
#9 C:\\Users\\camar\\Bureau\\mindful-journey-ui\\back-mindful-journey-iu\\mindful-journey-back\\vendor\\laravel\\framework\\src\\Illuminate\\Support\\Facades\\Facade.php(361): Illuminate\\Routing\\ResponseFactory->view()
#10 C:\\Users\\camar\\Bureau\\mindful-journey-ui\\back-mindful-journey-iu\\mindful-journey-back\\vendor\\inertiajs\\inertia-laravel\\src\\Response.php(135): Illuminate\\Support\\Facades\\Facade::__callStatic()
#11 C:\\Users\\camar\\Bureau\\mindful-journey-ui\\back-mindful-journey-iu\\mindful-journey-back\\vendor\\laravel\\framework\\src\\Illuminate\\Routing\\Router.php(907): Inertia\\Response->toResponse()
#12 C:\\Users\\camar\\Bureau\\mindful-journey-ui\\back-mindful-journey-iu\\mindful-journey-back\\vendor\\laravel\\framework\\src\\Illuminate\\Routing\\Router.php(892): Illuminate\\Routing\\Router::toResponse()
#13 C:\\Users\\camar\\Bureau\\mindful-journey-ui\\back-mindful-journey-iu\\mindful-journey-back\\vendor\\laravel\\framework\\src\\Illuminate\\Routing\\Router.php(807): Illuminate\\Routing\\Router->prepareResponse()
#14 C:\\Users\\camar\\Bureau\\mindful-journey-ui\\back-mindful-journey-iu\\mindful-journey-back\\vendor\\laravel\\framework\\src\\Illuminate\\Pipeline\\Pipeline.php(169): Illuminate\\Routing\\Router->Illuminate\\Routing\\{closure}()
#15 C:\\Users\\camar\\Bureau\\mindful-journey-ui\\back-mindful-journey-iu\\mindful-journey-back\\vendor\\laravel\\framework\\src\\Illuminate\\Http\\Middleware\\AddLinkHeadersForPreloadedAssets.php(32): Illuminate\\Pipeline\\Pipeline->Illuminate\\Pipeline\\{closure}()
#16 C:\\Users\\camar\\Bureau\\mindful-journey-ui\\back-mindful-journey-iu\\mindful-journey-back\\vendor\\laravel\\framework\\src\\Illuminate\\Pipeline\\Pipeline.php(208): Illuminate\\Http\\Middleware\\AddLinkHeadersForPreloadedAssets->handle()
#17 C:\\Users\\camar\\Bureau\\mindful-journey-ui\\back-mindful-journey-iu\\mindful-journey-back\\vendor\\inertiajs\\inertia-laravel\\src\\Middleware.php(100): Illuminate\\Pipeline\\Pipeline->Illuminate\\Pipeline\\{closure}()
#18 C:\\Users\\camar\\Bureau\\mindful-journey-ui\\back-mindful-journey-iu\\mindful-journey-back\\vendor\\laravel\\framework\\src\\Illuminate\\Pipeline\\Pipeline.php(208): Inertia\\Middleware->handle()
#19 C:\\Users\\camar\\Bureau\\mindful-journey-ui\\back-mindful-journey-iu\\mindful-journey-back\\app\\Http\\Middleware\\HandleAppearance.php(21): Illuminate\\Pipeline\\Pipeline->Illuminate\\Pipeline\\{closure}()
#20 C:\\Users\\camar\\Bureau\\mindful-journey-ui\\back-mindful-journey-iu\\mindful-journey-back\\vendor\\laravel\\framework\\src\\Illuminate\\Pipeline\\Pipeline.php(208): App\\Http\\Middleware\\HandleAppearance->handle()
#21 C:\\Users\\camar\\Bureau\\mindful-journey-ui\\back-mindful-journey-iu\\mindful-journey-back\\vendor\\laravel\\framework\\src\\Illuminate\\Routing\\Middleware\\SubstituteBindings.php(50): Illuminate\\Pipeline\\Pipeline->Illuminate\\Pipeline\\{closure}()
#22 C:\\Users\\camar\\Bureau\\mindful-journey-ui\\back-mindful-journey-iu\\mindful-journey-back\\vendor\\laravel\\framework\\src\\Illuminate\\Pipeline\\Pipeline.php(208): Illuminate\\Routing\\Middleware\\SubstituteBindings->handle()
#23 C:\\Users\\camar\\Bureau\\mindful-journey-ui\\back-mindful-journey-iu\\mindful-journey-back\\vendor\\laravel\\framework\\src\\Illuminate\\Foundation\\Http\\Middleware\\VerifyCsrfToken.php(87): Illuminate\\Pipeline\\Pipeline->Illuminate\\Pipeline\\{closure}()
#24 C:\\Users\\camar\\Bureau\\mindful-journey-ui\\back-mindful-journey-iu\\mindful-journey-back\\vendor\\laravel\\framework\\src\\Illuminate\\Pipeline\\Pipeline.php(208): Illuminate\\Foundation\\Http\\Middleware\\VerifyCsrfToken->handle()
#25 C:\\Users\\camar\\Bureau\\mindful-journey-ui\\back-mindful-journey-iu\\mindful-journey-back\\vendor\\laravel\\framework\\src\\Illuminate\\View\\Middleware\\ShareErrorsFromSession.php(48): Illuminate\\Pipeline\\Pipeline->Illuminate\\Pipeline\\{closure}()
#26 C:\\Users\\camar\\Bureau\\mindful-journey-ui\\back-mindful-journey-iu\\mindful-journey-back\\vendor\\laravel\\framework\\src\\Illuminate\\Pipeline\\Pipeline.php(208): Illuminate\\View\\Middleware\\ShareErrorsFromSession->handle()
#27 C:\\Users\\camar\\Bureau\\mindful-journey-ui\\back-mindful-journey-iu\\mindful-journey-back\\vendor\\laravel\\framework\\src\\Illuminate\\Session\\Middleware\\StartSession.php(120): Illuminate\\Pipeline\\Pipeline->Illuminate\\Pipeline\\{closure}()
#28 C:\\Users\\camar\\Bureau\\mindful-journey-ui\\back-mindful-journey-iu\\mindful-journey-back\\vendor\\laravel\\framework\\src\\Illuminate\\Session\\Middleware\\StartSession.php(63): Illuminate\\Session\\Middleware\\StartSession->handleStatefulRequest()
#29 C:\\Users\\camar\\Bureau\\mindful-journey-ui\\back-mindful-journey-iu\\mindful-journey-back\\vendor\\laravel\\framework\\src\\Illuminate\\Pipeline\\Pipeline.php(208): Illuminate\\Session\\Middleware\\StartSession->handle()
#30 C:\\Users\\camar\\Bureau\\mindful-journey-ui\\back-mindful-journey-iu\\mindful-journey-back\\vendor\\laravel\\framework\\src\\Illuminate\\Cookie\\Middleware\\AddQueuedCookiesToResponse.php(36): Illuminate\\Pipeline\\Pipeline->Illuminate\\Pipeline\\{closure}()
#31 C:\\Users\\camar\\Bureau\\mindful-journey-ui\\back-mindful-journey-iu\\mindful-journey-back\\vendor\\laravel\\framework\\src\\Illuminate\\Pipeline\\Pipeline.php(208): Illuminate\\Cookie\\Middleware\\AddQueuedCookiesToResponse->handle()
#32 C:\\Users\\camar\\Bureau\\mindful-journey-ui\\back-mindful-journey-iu\\mindful-journey-back\\vendor\\laravel\\framework\\src\\Illuminate\\Cookie\\Middleware\\EncryptCookies.php(74): Illuminate\\Pipeline\\Pipeline->Illuminate\\Pipeline\\{closure}()
#33 C:\\Users\\camar\\Bureau\\mindful-journey-ui\\back-mindful-journey-iu\\mindful-journey-back\\vendor\\laravel\\framework\\src\\Illuminate\\Pipeline\\Pipeline.php(208): Illuminate\\Cookie\\Middleware\\EncryptCookies->handle()
#34 C:\\Users\\camar\\Bureau\\mindful-journey-ui\\back-mindful-journey-iu\\mindful-journey-back\\vendor\\laravel\\framework\\src\\Illuminate\\Pipeline\\Pipeline.php(126): Illuminate\\Pipeline\\Pipeline->Illuminate\\Pipeline\\{closure}()
#35 C:\\Users\\camar\\Bureau\\mindful-journey-ui\\back-mindful-journey-iu\\mindful-journey-back\\vendor\\laravel\\framework\\src\\Illuminate\\Routing\\Router.php(807): Illuminate\\Pipeline\\Pipeline->then()
#36 C:\\Users\\camar\\Bureau\\mindful-journey-ui\\back-mindful-journey-iu\\mindful-journey-back\\vendor\\laravel\\framework\\src\\Illuminate\\Routing\\Router.php(786): Illuminate\\Routing\\Router->runRouteWithinStack()
#37 C:\\Users\\camar\\Bureau\\mindful-journey-ui\\back-mindful-journey-iu\\mindful-journey-back\\vendor\\laravel\\framework\\src\\Illuminate\\Routing\\Router.php(750): Illuminate\\Routing\\Router->runRoute()
#38 C:\\Users\\camar\\Bureau\\mindful-journey-ui\\back-mindful-journey-iu\\mindful-journey-back\\vendor\\laravel\\framework\\src\\Illuminate\\Routing\\Router.php(739): Illuminate\\Routing\\Router->dispatchToRoute()
#39 C:\\Users\\camar\\Bureau\\mindful-journey-ui\\back-mindful-journey-iu\\mindful-journey-back\\vendor\\laravel\\framework\\src\\Illuminate\\Foundation\\Http\\Kernel.php(200): Illuminate\\Routing\\Router->dispatch()
#40 C:\\Users\\camar\\Bureau\\mindful-journey-ui\\back-mindful-journey-iu\\mindful-journey-back\\vendor\\laravel\\framework\\src\\Illuminate\\Pipeline\\Pipeline.php(169): Illuminate\\Foundation\\Http\\Kernel->Illuminate\\Foundation\\Http\\{closure}()
#41 C:\\Users\\camar\\Bureau\\mindful-journey-ui\\back-mindful-journey-iu\\mindful-journey-back\\vendor\\laravel\\framework\\src\\Illuminate\\Foundation\\Http\\Middleware\\TransformsRequest.php(21): Illuminate\\Pipeline\\Pipeline->Illuminate\\Pipeline\\{closure}()
#42 C:\\Users\\camar\\Bureau\\mindful-journey-ui\\back-mindful-journey-iu\\mindful-journey-back\\vendor\\laravel\\framework\\src\\Illuminate\\Foundation\\Http\\Middleware\\ConvertEmptyStringsToNull.php(31): Illuminate\\Foundation\\Http\\Middleware\\TransformsRequest->handle()
#43 C:\\Users\\camar\\Bureau\\mindful-journey-ui\\back-mindful-journey-iu\\mindful-journey-back\\vendor\\laravel\\framework\\src\\Illuminate\\Pipeline\\Pipeline.php(208): Illuminate\\Foundation\\Http\\Middleware\\ConvertEmptyStringsToNull->handle()
#44 C:\\Users\\camar\\Bureau\\mindful-journey-ui\\back-mindful-journey-iu\\mindful-journey-back\\vendor\\laravel\\framework\\src\\Illuminate\\Foundation\\Http\\Middleware\\TransformsRequest.php(21): Illuminate\\Pipeline\\Pipeline->Illuminate\\Pipeline\\{closure}()
#45 C:\\Users\\camar\\Bureau\\mindful-journey-ui\\back-mindful-journey-iu\\mindful-journey-back\\vendor\\laravel\\framework\\src\\Illuminate\\Foundation\\Http\\Middleware\\TrimStrings.php(51): Illuminate\\Foundation\\Http\\Middleware\\TransformsRequest->handle()
#46 C:\\Users\\camar\\Bureau\\mindful-journey-ui\\back-mindful-journey-iu\\mindful-journey-back\\vendor\\laravel\\framework\\src\\Illuminate\\Pipeline\\Pipeline.php(208): Illuminate\\Foundation\\Http\\Middleware\\TrimStrings->handle()
#47 C:\\Users\\camar\\Bureau\\mindful-journey-ui\\back-mindful-journey-iu\\mindful-journey-back\\vendor\\laravel\\framework\\src\\Illuminate\\Http\\Middleware\\ValidatePostSize.php(27): Illuminate\\Pipeline\\Pipeline->Illuminate\\Pipeline\\{closure}()
#48 C:\\Users\\camar\\Bureau\\mindful-journey-ui\\back-mindful-journey-iu\\mindful-journey-back\\vendor\\laravel\\framework\\src\\Illuminate\\Pipeline\\Pipeline.php(208): Illuminate\\Http\\Middleware\\ValidatePostSize->handle()
#49 C:\\Users\\camar\\Bureau\\mindful-journey-ui\\back-mindful-journey-iu\\mindful-journey-back\\vendor\\laravel\\framework\\src\\Illuminate\\Foundation\\Http\\Middleware\\PreventRequestsDuringMaintenance.php(109): Illuminate\\Pipeline\\Pipeline->Illuminate\\Pipeline\\{closure}()
#50 C:\\Users\\camar\\Bureau\\mindful-journey-ui\\back-mindful-journey-iu\\mindful-journey-back\\vendor\\laravel\\framework\\src\\Illuminate\\Pipeline\\Pipeline.php(208): Illuminate\\Foundation\\Http\\Middleware\\PreventRequestsDuringMaintenance->handle()
#51 C:\\Users\\camar\\Bureau\\mindful-journey-ui\\back-mindful-journey-iu\\mindful-journey-back\\vendor\\laravel\\framework\\src\\Illuminate\\Http\\Middleware\\HandleCors.php(48): Illuminate\\Pipeline\\Pipeline->Illuminate\\Pipeline\\{closure}()
#52 C:\\Users\\camar\\Bureau\\mindful-journey-ui\\back-mindful-journey-iu\\mindful-journey-back\\vendor\\laravel\\framework\\src\\Illuminate\\Pipeline\\Pipeline.php(208): Illuminate\\Http\\Middleware\\HandleCors->handle()
#53 C:\\Users\\camar\\Bureau\\mindful-journey-ui\\back-mindful-journey-iu\\mindful-journey-back\\vendor\\laravel\\framework\\src\\Illuminate\\Http\\Middleware\\TrustProxies.php(58): Illuminate\\Pipeline\\Pipeline->Illuminate\\Pipeline\\{closure}()
#54 C:\\Users\\camar\\Bureau\\mindful-journey-ui\\back-mindful-journey-iu\\mindful-journey-back\\vendor\\laravel\\framework\\src\\Illuminate\\Pipeline\\Pipeline.php(208): Illuminate\\Http\\Middleware\\TrustProxies->handle()
#55 C:\\Users\\camar\\Bureau\\mindful-journey-ui\\back-mindful-journey-iu\\mindful-journey-back\\vendor\\laravel\\framework\\src\\Illuminate\\Foundation\\Http\\Middleware\\InvokeDeferredCallbacks.php(22): Illuminate\\Pipeline\\Pipeline->Illuminate\\Pipeline\\{closure}()
#56 C:\\Users\\camar\\Bureau\\mindful-journey-ui\\back-mindful-journey-iu\\mindful-journey-back\\vendor\\laravel\\framework\\src\\Illuminate\\Pipeline\\Pipeline.php(208): Illuminate\\Foundation\\Http\\Middleware\\InvokeDeferredCallbacks->handle()
#57 C:\\Users\\camar\\Bureau\\mindful-journey-ui\\back-mindful-journey-iu\\mindful-journey-back\\vendor\\laravel\\framework\\src\\Illuminate\\Http\\Middleware\\ValidatePathEncoding.php(26): Illuminate\\Pipeline\\Pipeline->Illuminate\\Pipeline\\{closure}()
#58 C:\\Users\\camar\\Bureau\\mindful-journey-ui\\back-mindful-journey-iu\\mindful-journey-back\\vendor\\laravel\\framework\\src\\Illuminate\\Pipeline\\Pipeline.php(208): Illuminate\\Http\\Middleware\\ValidatePathEncoding->handle()
#59 C:\\Users\\camar\\Bureau\\mindful-journey-ui\\back-mindful-journey-iu\\mindful-journey-back\\vendor\\laravel\\framework\\src\\Illuminate\\Pipeline\\Pipeline.php(126): Illuminate\\Pipeline\\Pipeline->Illuminate\\Pipeline\\{closure}()
#60 C:\\Users\\camar\\Bureau\\mindful-journey-ui\\back-mindful-journey-iu\\mindful-journey-back\\vendor\\laravel\\framework\\src\\Illuminate\\Foundation\\Http\\Kernel.php(175): Illuminate\\Pipeline\\Pipeline->then()
#61 C:\\Users\\camar\\Bureau\\mindful-journey-ui\\back-mindful-journey-iu\\mindful-journey-back\\vendor\\laravel\\framework\\src\\Illuminate\\Foundation\\Http\\Kernel.php(144): Illuminate\\Foundation\\Http\\Kernel->sendRequestThroughRouter()
#62 C:\\Users\\camar\\Bureau\\mindful-journey-ui\\back-mindful-journey-iu\\mindful-journey-back\\vendor\\laravel\\framework\\src\\Illuminate\\Foundation\\Application.php(1219): Illuminate\\Foundation\\Http\\Kernel->handle()
#63 C:\\Users\\camar\\Bureau\\mindful-journey-ui\\back-mindful-journey-iu\\mindful-journey-back\\public\\index.php(20): Illuminate\\Foundation\\Application->handleRequest()
#64 C:\\Users\\camar\\Bureau\\mindful-journey-ui\\back-mindful-journey-iu\\mindful-journey-back\\vendor\\laravel\\framework\\src\\Illuminate\\Foundation\\resources\\server.php(23): require_once('...')
#65 {main}

[previous exception] [object] (Illuminate\\Foundation\\ViteManifestNotFoundException(code: 0): Vite manifest not found at: C:\\Users\\camar\\Bureau\\mindful-journey-ui\\back-mindful-journey-iu\\mindful-journey-back\\public\\build/manifest.json at C:\\Users\\camar\\Bureau\\mindful-journey-ui\\back-mindful-journey-iu\\mindful-journey-back\\vendor\\laravel\\framework\\src\\Illuminate\\Foundation\\Vite.php:935)
[stacktrace]
#0 C:\\Users\\camar\\Bureau\\mindful-journey-ui\\back-mindful-journey-iu\\mindful-journey-back\\vendor\\laravel\\framework\\src\\Illuminate\\Foundation\\Vite.php(384): Illuminate\\Foundation\\Vite->manifest()
#1 C:\\Users\\camar\\Bureau\\mindful-journey-ui\\back-mindful-journey-iu\\mindful-journey-back\\storage\\framework\\views\\aaeaa50ddce0c97df925cc85c14d4cec.php(44): Illuminate\\Foundation\\Vite->__invoke()
#2 C:\\Users\\camar\\Bureau\\mindful-journey-ui\\back-mindful-journey-iu\\mindful-journey-back\\vendor\\laravel\\framework\\src\\Illuminate\\Filesystem\\Filesystem.php(123): require('...')
#3 C:\\Users\\camar\\Bureau\\mindful-journey-ui\\back-mindful-journey-iu\\mindful-journey-back\\vendor\\laravel\\framework\\src\\Illuminate\\Filesystem\\Filesystem.php(124): Illuminate\\Filesystem\\Filesystem::Illuminate\\Filesystem\\{closure}()
#4 C:\\Users\\camar\\Bureau\\mindful-journey-ui\\back-mindful-journey-iu\\mindful-journey-back\\vendor\\laravel\\framework\\src\\Illuminate\\View\\Engines\\PhpEngine.php(57): Illuminate\\Filesystem\\Filesystem->getRequire()
#5 C:\\Users\\camar\\Bureau\\mindful-journey-ui\\back-mindful-journey-iu\\mindful-journey-back\\vendor\\laravel\\framework\\src\\Illuminate\\View\\Engines\\CompilerEngine.php(76): Illuminate\\View\\Engines\\PhpEngine->evaluatePath()
#6 C:\\Users\\camar\\Bureau\\mindful-journey-ui\\back-mindful-journey-iu\\mindful-journey-back\\vendor\\laravel\\framework\\src\\Illuminate\\View\\View.php(208): Illuminate\\View\\Engines\\CompilerEngine->get()
#7 C:\\Users\\camar\\Bureau\\mindful-journey-ui\\back-mindful-journey-iu\\mindful-journey-back\\vendor\\laravel\\framework\\src\\Illuminate\\View\\View.php(191): Illuminate\\View\\View->getContents()
#8 C:\\Users\\camar\\Bureau\\mindful-journey-ui\\back-mindful-journey-iu\\mindful-journey-back\\vendor\\laravel\\framework\\src\\Illuminate\\View\\View.php(160): Illuminate\\View\\View->renderContents()
#9 C:\\Users\\camar\\Bureau\\mindful-journey-ui\\back-mindful-journey-iu\\mindful-journey-back\\vendor\\laravel\\framework\\src\\Illuminate\\Http\\Response.php(78): Illuminate\\View\\View->render()
#10 C:\\Users\\camar\\Bureau\\mindful-journey-ui\\back-mindful-journey-iu\\mindful-journey-back\\vendor\\laravel\\framework\\src\\Illuminate\\Http\\Response.php(34): Illuminate\\Http\\Response->setContent()
#11 C:\\Users\\camar\\Bureau\\mindful-journey-ui\\back-mindful-journey-iu\\mindful-journey-back\\vendor\\laravel\\framework\\src\\Illuminate\\Routing\\ResponseFactory.php(61): Illuminate\\Http\\Response->__construct()
#12 C:\\Users\\camar\\Bureau\\mindful-journey-ui\\back-mindful-journey-iu\\mindful-journey-back\\vendor\\laravel\\framework\\src\\Illuminate\\Routing\\ResponseFactory.php(91): Illuminate\\Routing\\ResponseFactory->make()
#13 C:\\Users\\camar\\Bureau\\mindful-journey-ui\\back-mindful-journey-iu\\mindful-journey-back\\vendor\\laravel\\framework\\src\\Illuminate\\Support\\Facades\\Facade.php(361): Illuminate\\Routing\\ResponseFactory->view()
#14 C:\\Users\\camar\\Bureau\\mindful-journey-ui\\back-mindful-journey-iu\\mindful-journey-back\\vendor\\inertiajs\\inertia-laravel\\src\\Response.php(135): Illuminate\\Support\\Facades\\Facade::__callStatic()
#15 C:\\Users\\camar\\Bureau\\mindful-journey-ui\\back-mindful-journey-iu\\mindful-journey-back\\vendor\\laravel\\framework\\src\\Illuminate\\Routing\\Router.php(907): Inertia\\Response->toResponse()
#16 C:\\Users\\camar\\Bureau\\mindful-journey-ui\\back-mindful-journey-iu\\mindful-journey-back\\vendor\\laravel\\framework\\src\\Illuminate\\Routing\\Router.php(892): Illuminate\\Routing\\Router::toResponse()
#17 C:\\Users\\camar\\Bureau\\mindful-journey-ui\\back-mindful-journey-iu\\mindful-journey-back\\vendor\\laravel\\framework\\src\\Illuminate\\Routing\\Router.php(807): Illuminate\\Routing\\Router->prepareResponse()
#18 C:\\Users\\camar\\Bureau\\mindful-journey-ui\\back-mindful-journey-iu\\mindful-journey-back\\vendor\\laravel\\framework\\src\\Illuminate\\Pipeline\\Pipeline.php(169): Illuminate\\Routing\\Router->Illuminate\\Routing\\{closure}()
#19 C:\\Users\\camar\\Bureau\\mindful-journey-ui\\back-mindful-journey-iu\\mindful-journey-back\\vendor\\laravel\\framework\\src\\Illuminate\\Http\\Middleware\\AddLinkHeadersForPreloadedAssets.php(32): Illuminate\\Pipeline\\Pipeline->Illuminate\\Pipeline\\{closure}()
#20 C:\\Users\\camar\\Bureau\\mindful-journey-ui\\back-mindful-journey-iu\\mindful-journey-back\\vendor\\laravel\\framework\\src\\Illuminate\\Pipeline\\Pipeline.php(208): Illuminate\\Http\\Middleware\\AddLinkHeadersForPreloadedAssets->handle()
#21 C:\\Users\\camar\\Bureau\\mindful-journey-ui\\back-mindful-journey-iu\\mindful-journey-back\\vendor\\inertiajs\\inertia-laravel\\src\\Middleware.php(100): Illuminate\\Pipeline\\Pipeline->Illuminate\\Pipeline\\{closure}()
#22 C:\\Users\\camar\\Bureau\\mindful-journey-ui\\back-mindful-journey-iu\\mindful-journey-back\\vendor\\laravel\\framework\\src\\Illuminate\\Pipeline\\Pipeline.php(208): Inertia\\Middleware->handle()
#23 C:\\Users\\camar\\Bureau\\mindful-journey-ui\\back-mindful-journey-iu\\mindful-journey-back\\app\\Http\\Middleware\\HandleAppearance.php(21): Illuminate\\Pipeline\\Pipeline->Illuminate\\Pipeline\\{closure}()
#24 C:\\Users\\camar\\Bureau\\mindful-journey-ui\\back-mindful-journey-iu\\mindful-journey-back\\vendor\\laravel\\framework\\src\\Illuminate\\Pipeline\\Pipeline.php(208): App\\Http\\Middleware\\HandleAppearance->handle()
#25 C:\\Users\\camar\\Bureau\\mindful-journey-ui\\back-mindful-journey-iu\\mindful-journey-back\\vendor\\laravel\\framework\\src\\Illuminate\\Routing\\Middleware\\SubstituteBindings.php(50): Illuminate\\Pipeline\\Pipeline->Illuminate\\Pipeline\\{closure}()
#26 C:\\Users\\camar\\Bureau\\mindful-journey-ui\\back-mindful-journey-iu\\mindful-journey-back\\vendor\\laravel\\framework\\src\\Illuminate\\Pipeline\\Pipeline.php(208): Illuminate\\Routing\\Middleware\\SubstituteBindings->handle()
#27 C:\\Users\\camar\\Bureau\\mindful-journey-ui\\back-mindful-journey-iu\\mindful-journey-back\\vendor\\laravel\\framework\\src\\Illuminate\\Foundation\\Http\\Middleware\\VerifyCsrfToken.php(87): Illuminate\\Pipeline\\Pipeline->Illuminate\\Pipeline\\{closure}()
#28 C:\\Users\\camar\\Bureau\\mindful-journey-ui\\back-mindful-journey-iu\\mindful-journey-back\\vendor\\laravel\\framework\\src\\Illuminate\\Pipeline\\Pipeline.php(208): Illuminate\\Foundation\\Http\\Middleware\\VerifyCsrfToken->handle()
#29 C:\\Users\\camar\\Bureau\\mindful-journey-ui\\back-mindful-journey-iu\\mindful-journey-back\\vendor\\laravel\\framework\\src\\Illuminate\\View\\Middleware\\ShareErrorsFromSession.php(48): Illuminate\\Pipeline\\Pipeline->Illuminate\\Pipeline\\{closure}()
#30 C:\\Users\\camar\\Bureau\\mindful-journey-ui\\back-mindful-journey-iu\\mindful-journey-back\\vendor\\laravel\\framework\\src\\Illuminate\\Pipeline\\Pipeline.php(208): Illuminate\\View\\Middleware\\ShareErrorsFromSession->handle()
#31 C:\\Users\\camar\\Bureau\\mindful-journey-ui\\back-mindful-journey-iu\\mindful-journey-back\\vendor\\laravel\\framework\\src\\Illuminate\\Session\\Middleware\\StartSession.php(120): Illuminate\\Pipeline\\Pipeline->Illuminate\\Pipeline\\{closure}()
#32 C:\\Users\\camar\\Bureau\\mindful-journey-ui\\back-mindful-journey-iu\\mindful-journey-back\\vendor\\laravel\\framework\\src\\Illuminate\\Session\\Middleware\\StartSession.php(63): Illuminate\\Session\\Middleware\\StartSession->handleStatefulRequest()
#33 C:\\Users\\camar\\Bureau\\mindful-journey-ui\\back-mindful-journey-iu\\mindful-journey-back\\vendor\\laravel\\framework\\src\\Illuminate\\Pipeline\\Pipeline.php(208): Illuminate\\Session\\Middleware\\StartSession->handle()
#34 C:\\Users\\camar\\Bureau\\mindful-journey-ui\\back-mindful-journey-iu\\mindful-journey-back\\vendor\\laravel\\framework\\src\\Illuminate\\Cookie\\Middleware\\AddQueuedCookiesToResponse.php(36): Illuminate\\Pipeline\\Pipeline->Illuminate\\Pipeline\\{closure}()
#35 C:\\Users\\camar\\Bureau\\mindful-journey-ui\\back-mindful-journey-iu\\mindful-journey-back\\vendor\\laravel\\framework\\src\\Illuminate\\Pipeline\\Pipeline.php(208): Illuminate\\Cookie\\Middleware\\AddQueuedCookiesToResponse->handle()
#36 C:\\Users\\camar\\Bureau\\mindful-journey-ui\\back-mindful-journey-iu\\mindful-journey-back\\vendor\\laravel\\framework\\src\\Illuminate\\Cookie\\Middleware\\EncryptCookies.php(74): Illuminate\\Pipeline\\Pipeline->Illuminate\\Pipeline\\{closure}()
#37 C:\\Users\\camar\\Bureau\\mindful-journey-ui\\back-mindful-journey-iu\\mindful-journey-back\\vendor\\laravel\\framework\\src\\Illuminate\\Pipeline\\Pipeline.php(208): Illuminate\\Cookie\\Middleware\\EncryptCookies->handle()
#38 C:\\Users\\camar\\Bureau\\mindful-journey-ui\\back-mindful-journey-iu\\mindful-journey-back\\vendor\\laravel\\framework\\src\\Illuminate\\Pipeline\\Pipeline.php(126): Illuminate\\Pipeline\\Pipeline->Illuminate\\Pipeline\\{closure}()
#39 C:\\Users\\camar\\Bureau\\mindful-journey-ui\\back-mindful-journey-iu\\mindful-journey-back\\vendor\\laravel\\framework\\src\\Illuminate\\Routing\\Router.php(807): Illuminate\\Pipeline\\Pipeline->then()
#40 C:\\Users\\camar\\Bureau\\mindful-journey-ui\\back-mindful-journey-iu\\mindful-journey-back\\vendor\\laravel\\framework\\src\\Illuminate\\Routing\\Router.php(786): Illuminate\\Routing\\Router->runRouteWithinStack()
#41 C:\\Users\\camar\\Bureau\\mindful-journey-ui\\back-mindful-journey-iu\\mindful-journey-back\\vendor\\laravel\\framework\\src\\Illuminate\\Routing\\Router.php(750): Illuminate\\Routing\\Router->runRoute()
#42 C:\\Users\\camar\\Bureau\\mindful-journey-ui\\back-mindful-journey-iu\\mindful-journey-back\\vendor\\laravel\\framework\\src\\Illuminate\\Routing\\Router.php(739): Illuminate\\Routing\\Router->dispatchToRoute()
#43 C:\\Users\\camar\\Bureau\\mindful-journey-ui\\back-mindful-journey-iu\\mindful-journey-back\\vendor\\laravel\\framework\\src\\Illuminate\\Foundation\\Http\\Kernel.php(200): Illuminate\\Routing\\Router->dispatch()
#44 C:\\Users\\camar\\Bureau\\mindful-journey-ui\\back-mindful-journey-iu\\mindful-journey-back\\vendor\\laravel\\framework\\src\\Illuminate\\Pipeline\\Pipeline.php(169): Illuminate\\Foundation\\Http\\Kernel->Illuminate\\Foundation\\Http\\{closure}()
#45 C:\\Users\\camar\\Bureau\\mindful-journey-ui\\back-mindful-journey-iu\\mindful-journey-back\\vendor\\laravel\\framework\\src\\Illuminate\\Foundation\\Http\\Middleware\\TransformsRequest.php(21): Illuminate\\Pipeline\\Pipeline->Illuminate\\Pipeline\\{closure}()
#46 C:\\Users\\camar\\Bureau\\mindful-journey-ui\\back-mindful-journey-iu\\mindful-journey-back\\vendor\\laravel\\framework\\src\\Illuminate\\Foundation\\Http\\Middleware\\ConvertEmptyStringsToNull.php(31): Illuminate\\Foundation\\Http\\Middleware\\TransformsRequest->handle()
#47 C:\\Users\\camar\\Bureau\\mindful-journey-ui\\back-mindful-journey-iu\\mindful-journey-back\\vendor\\laravel\\framework\\src\\Illuminate\\Pipeline\\Pipeline.php(208): Illuminate\\Foundation\\Http\\Middleware\\ConvertEmptyStringsToNull->handle()
#48 C:\\Users\\camar\\Bureau\\mindful-journey-ui\\back-mindful-journey-iu\\mindful-journey-back\\vendor\\laravel\\framework\\src\\Illuminate\\Foundation\\Http\\Middleware\\TransformsRequest.php(21): Illuminate\\Pipeline\\Pipeline->Illuminate\\Pipeline\\{closure}()
#49 C:\\Users\\camar\\Bureau\\mindful-journey-ui\\back-mindful-journey-iu\\mindful-journey-back\\vendor\\laravel\\framework\\src\\Illuminate\\Foundation\\Http\\Middleware\\TrimStrings.php(51): Illuminate\\Foundation\\Http\\Middleware\\TransformsRequest->handle()
#50 C:\\Users\\camar\\Bureau\\mindful-journey-ui\\back-mindful-journey-iu\\mindful-journey-back\\vendor\\laravel\\framework\\src\\Illuminate\\Pipeline\\Pipeline.php(208): Illuminate\\Foundation\\Http\\Middleware\\TrimStrings->handle()
#51 C:\\Users\\camar\\Bureau\\mindful-journey-ui\\back-mindful-journey-iu\\mindful-journey-back\\vendor\\laravel\\framework\\src\\Illuminate\\Http\\Middleware\\ValidatePostSize.php(27): Illuminate\\Pipeline\\Pipeline->Illuminate\\Pipeline\\{closure}()
#52 C:\\Users\\camar\\Bureau\\mindful-journey-ui\\back-mindful-journey-iu\\mindful-journey-back\\vendor\\laravel\\framework\\src\\Illuminate\\Pipeline\\Pipeline.php(208): Illuminate\\Http\\Middleware\\ValidatePostSize->handle()
#53 C:\\Users\\camar\\Bureau\\mindful-journey-ui\\back-mindful-journey-iu\\mindful-journey-back\\vendor\\laravel\\framework\\src\\Illuminate\\Foundation\\Http\\Middleware\\PreventRequestsDuringMaintenance.php(109): Illuminate\\Pipeline\\Pipeline->Illuminate\\Pipeline\\{closure}()
#54 C:\\Users\\camar\\Bureau\\mindful-journey-ui\\back-mindful-journey-iu\\mindful-journey-back\\vendor\\laravel\\framework\\src\\Illuminate\\Pipeline\\Pipeline.php(208): Illuminate\\Foundation\\Http\\Middleware\\PreventRequestsDuringMaintenance->handle()
#55 C:\\Users\\camar\\Bureau\\mindful-journey-ui\\back-mindful-journey-iu\\mindful-journey-back\\vendor\\laravel\\framework\\src\\Illuminate\\Http\\Middleware\\HandleCors.php(48): Illuminate\\Pipeline\\Pipeline->Illuminate\\Pipeline\\{closure}()
#56 C:\\Users\\camar\\Bureau\\mindful-journey-ui\\back-mindful-journey-iu\\mindful-journey-back\\vendor\\laravel\\framework\\src\\Illuminate\\Pipeline\\Pipeline.php(208): Illuminate\\Http\\Middleware\\HandleCors->handle()
#57 C:\\Users\\camar\\Bureau\\mindful-journey-ui\\back-mindful-journey-iu\\mindful-journey-back\\vendor\\laravel\\framework\\src\\Illuminate\\Http\\Middleware\\TrustProxies.php(58): Illuminate\\Pipeline\\Pipeline->Illuminate\\Pipeline\\{closure}()
#58 C:\\Users\\camar\\Bureau\\mindful-journey-ui\\back-mindful-journey-iu\\mindful-journey-back\\vendor\\laravel\\framework\\src\\Illuminate\\Pipeline\\Pipeline.php(208): Illuminate\\Http\\Middleware\\TrustProxies->handle()
#59 C:\\Users\\camar\\Bureau\\mindful-journey-ui\\back-mindful-journey-iu\\mindful-journey-back\\vendor\\laravel\\framework\\src\\Illuminate\\Foundation\\Http\\Middleware\\InvokeDeferredCallbacks.php(22): Illuminate\\Pipeline\\Pipeline->Illuminate\\Pipeline\\{closure}()
#60 C:\\Users\\camar\\Bureau\\mindful-journey-ui\\back-mindful-journey-iu\\mindful-journey-back\\vendor\\laravel\\framework\\src\\Illuminate\\Pipeline\\Pipeline.php(208): Illuminate\\Foundation\\Http\\Middleware\\InvokeDeferredCallbacks->handle()
#61 C:\\Users\\camar\\Bureau\\mindful-journey-ui\\back-mindful-journey-iu\\mindful-journey-back\\vendor\\laravel\\framework\\src\\Illuminate\\Http\\Middleware\\ValidatePathEncoding.php(26): Illuminate\\Pipeline\\Pipeline->Illuminate\\Pipeline\\{closure}()
#62 C:\\Users\\camar\\Bureau\\mindful-journey-ui\\back-mindful-journey-iu\\mindful-journey-back\\vendor\\laravel\\framework\\src\\Illuminate\\Pipeline\\Pipeline.php(208): Illuminate\\Http\\Middleware\\ValidatePathEncoding->handle()
#63 C:\\Users\\camar\\Bureau\\mindful-journey-ui\\back-mindful-journey-iu\\mindful-journey-back\\vendor\\laravel\\framework\\src\\Illuminate\\Pipeline\\Pipeline.php(126): Illuminate\\Pipeline\\Pipeline->Illuminate\\Pipeline\\{closure}()
#64 C:\\Users\\camar\\Bureau\\mindful-journey-ui\\back-mindful-journey-iu\\mindful-journey-back\\vendor\\laravel\\framework\\src\\Illuminate\\Foundation\\Http\\Kernel.php(175): Illuminate\\Pipeline\\Pipeline->then()
#65 C:\\Users\\camar\\Bureau\\mindful-journey-ui\\back-mindful-journey-iu\\mindful-journey-back\\vendor\\laravel\\framework\\src\\Illuminate\\Foundation\\Http\\Kernel.php(144): Illuminate\\Foundation\\Http\\Kernel->sendRequestThroughRouter()
#66 C:\\Users\\camar\\Bureau\\mindful-journey-ui\\back-mindful-journey-iu\\mindful-journey-back\\vendor\\laravel\\framework\\src\\Illuminate\\Foundation\\Application.php(1219): Illuminate\\Foundation\\Http\\Kernel->handle()
#67 C:\\Users\\camar\\Bureau\\mindful-journey-ui\\back-mindful-journey-iu\\mindful-journey-back\\public\\index.php(20): Illuminate\\Foundation\\Application->handleRequest()
#68 C:\\Users\\camar\\Bureau\\mindful-journey-ui\\back-mindful-journey-iu\\mindful-journey-back\\vendor\\laravel\\framework\\src\\Illuminate\\Foundation\\resources\\server.php(23): require_once('...')
#69 {main}
"} 
[2025-08-15 23:59:08] local.ERROR: SQLSTATE[HY000]: General error: 1 no such column: challenge_user.completed_at (Connection: sqlite, SQL: select "users".*, "challenge_user"."challenge_id" as "pivot_challenge_id", "challenge_user"."user_id" as "pivot_user_id", "challenge_user"."completed_at" as "pivot_completed_at", "challenge_user"."created_at" as "pivot_created_at", "challenge_user"."updated_at" as "pivot_updated_at" from "users" inner join "challenge_user" on "users"."id" = "challenge_user"."user_id" where "challenge_user"."challenge_id" = 2 and "user_id" = 2 limit 1) {"userId":2,"exception":"[object] (Illuminate\\Database\\QueryException(code: HY000): SQLSTATE[HY000]: General error: 1 no such column: challenge_user.completed_at (Connection: sqlite, SQL: select \"users\".*, \"challenge_user\".\"challenge_id\" as \"pivot_challenge_id\", \"challenge_user\".\"user_id\" as \"pivot_user_id\", \"challenge_user\".\"completed_at\" as \"pivot_completed_at\", \"challenge_user\".\"created_at\" as \"pivot_created_at\", \"challenge_user\".\"updated_at\" as \"pivot_updated_at\" from \"users\" inner join \"challenge_user\" on \"users\".\"id\" = \"challenge_user\".\"user_id\" where \"challenge_user\".\"challenge_id\" = 2 and \"user_id\" = 2 limit 1) at C:\\Users\\camar\\Bureau\\mindful-journey-ui\\back-mindful-journey-iu\\mindful-journey-back\\vendor\\laravel\\framework\\src\\Illuminate\\Database\\Connection.php:824)
[stacktrace]
#0 C:\\Users\\camar\\Bureau\\mindful-journey-ui\\back-mindful-journey-iu\\mindful-journey-back\\vendor\\laravel\\framework\\src\\Illuminate\\Database\\Connection.php(778): Illuminate\\Database\\Connection->runQueryCallback()
#1 C:\\Users\\camar\\Bureau\\mindful-journey-ui\\back-mindful-journey-iu\\mindful-journey-back\\vendor\\laravel\\framework\\src\\Illuminate\\Database\\Connection.php(397): Illuminate\\Database\\Connection->run()
#2 C:\\Users\\camar\\Bureau\\mindful-journey-ui\\back-mindful-journey-iu\\mindful-journey-back\\vendor\\laravel\\framework\\src\\Illuminate\\Database\\Query\\Builder.php(3188): Illuminate\\Database\\Connection->select()
#3 C:\\Users\\camar\\Bureau\\mindful-journey-ui\\back-mindful-journey-iu\\mindful-journey-back\\vendor\\laravel\\framework\\src\\Illuminate\\Database\\Query\\Builder.php(3173): Illuminate\\Database\\Query\\Builder->runSelect()
#4 C:\\Users\\camar\\Bureau\\mindful-journey-ui\\back-mindful-journey-iu\\mindful-journey-back\\vendor\\laravel\\framework\\src\\Illuminate\\Database\\Query\\Builder.php(3763): Illuminate\\Database\\Query\\Builder->Illuminate\\Database\\Query\\{closure}()
#5 C:\\Users\\camar\\Bureau\\mindful-journey-ui\\back-mindful-journey-iu\\mindful-journey-back\\vendor\\laravel\\framework\\src\\Illuminate\\Database\\Query\\Builder.php(3172): Illuminate\\Database\\Query\\Builder->onceWithColumns()
#6 C:\\Users\\camar\\Bureau\\mindful-journey-ui\\back-mindful-journey-iu\\mindful-journey-back\\vendor\\laravel\\framework\\src\\Illuminate\\Database\\Eloquent\\Builder.php(872): Illuminate\\Database\\Query\\Builder->get()
#7 C:\\Users\\camar\\Bureau\\mindful-journey-ui\\back-mindful-journey-iu\\mindful-journey-back\\vendor\\laravel\\framework\\src\\Illuminate\\Database\\Eloquent\\Relations\\BelongsToMany.php(910): Illuminate\\Database\\Eloquent\\Builder->getModels()
#8 C:\\Users\\camar\\Bureau\\mindful-journey-ui\\back-mindful-journey-iu\\mindful-journey-back\\vendor\\laravel\\framework\\src\\Illuminate\\Database\\Eloquent\\Relations\\BelongsToMany.php(844): Illuminate\\Database\\Eloquent\\Relations\\BelongsToMany->get()
#9 C:\\Users\\camar\\Bureau\\mindful-journey-ui\\back-mindful-journey-iu\\mindful-journey-back\\app\\Http\\Controllers\\Api\\ChallengeController.php(22): Illuminate\\Database\\Eloquent\\Relations\\BelongsToMany->first()
#10 [internal function]: App\\Http\\Controllers\\Api\\ChallengeController->App\\Http\\Controllers\\Api\\{closure}()
#11 C:\\Users\\camar\\Bureau\\mindful-journey-ui\\back-mindful-journey-iu\\mindful-journey-back\\vendor\\laravel\\framework\\src\\Illuminate\\Collections\\Arr.php(754): array_map()
#12 C:\\Users\\camar\\Bureau\\mindful-journey-ui\\back-mindful-journey-iu\\mindful-journey-back\\vendor\\laravel\\framework\\src\\Illuminate\\Collections\\Collection.php(809): Illuminate\\Support\\Arr::map()
#13 C:\\Users\\camar\\Bureau\\mindful-journey-ui\\back-mindful-journey-iu\\mindful-journey-back\\vendor\\laravel\\framework\\src\\Illuminate\\Database\\Eloquent\\Collection.php(418): Illuminate\\Support\\Collection->map()
#14 C:\\Users\\camar\\Bureau\\mindful-journey-ui\\back-mindful-journey-iu\\mindful-journey-back\\app\\Http\\Controllers\\Api\\ChallengeController.php(21): Illuminate\\Database\\Eloquent\\Collection->map()
#15 C:\\Users\\camar\\Bureau\\mindful-journey-ui\\back-mindful-journey-iu\\mindful-journey-back\\vendor\\laravel\\framework\\src\\Illuminate\\Routing\\ControllerDispatcher.php(46): App\\Http\\Controllers\\Api\\ChallengeController->index()
#16 C:\\Users\\camar\\Bureau\\mindful-journey-ui\\back-mindful-journey-iu\\mindful-journey-back\\vendor\\laravel\\framework\\src\\Illuminate\\Routing\\Route.php(265): Illuminate\\Routing\\ControllerDispatcher->dispatch()
#17 C:\\Users\\camar\\Bureau\\mindful-journey-ui\\back-mindful-journey-iu\\mindful-journey-back\\vendor\\laravel\\framework\\src\\Illuminate\\Routing\\Route.php(211): Illuminate\\Routing\\Route->runController()
#18 C:\\Users\\camar\\Bureau\\mindful-journey-ui\\back-mindful-journey-iu\\mindful-journey-back\\vendor\\laravel\\framework\\src\\Illuminate\\Routing\\Router.php(808): Illuminate\\Routing\\Route->run()
#19 C:\\Users\\camar\\Bureau\\mindful-journey-ui\\back-mindful-journey-iu\\mindful-journey-back\\vendor\\laravel\\framework\\src\\Illuminate\\Pipeline\\Pipeline.php(169): Illuminate\\Routing\\Router->Illuminate\\Routing\\{closure}()
#20 C:\\Users\\camar\\Bureau\\mindful-journey-ui\\back-mindful-journey-iu\\mindful-journey-back\\vendor\\laravel\\framework\\src\\Illuminate\\Routing\\Middleware\\SubstituteBindings.php(50): Illuminate\\Pipeline\\Pipeline->Illuminate\\Pipeline\\{closure}()
#21 C:\\Users\\camar\\Bureau\\mindful-journey-ui\\back-mindful-journey-iu\\mindful-journey-back\\vendor\\laravel\\framework\\src\\Illuminate\\Pipeline\\Pipeline.php(208): Illuminate\\Routing\\Middleware\\SubstituteBindings->handle()
#22 C:\\Users\\camar\\Bureau\\mindful-journey-ui\\back-mindful-journey-iu\\mindful-journey-back\\vendor\\laravel\\framework\\src\\Illuminate\\Auth\\Middleware\\Authenticate.php(63): Illuminate\\Pipeline\\Pipeline->Illuminate\\Pipeline\\{closure}()
#23 C:\\Users\\camar\\Bureau\\mindful-journey-ui\\back-mindful-journey-iu\\mindful-journey-back\\vendor\\laravel\\framework\\src\\Illuminate\\Pipeline\\Pipeline.php(208): Illuminate\\Auth\\Middleware\\Authenticate->handle()
#24 C:\\Users\\camar\\Bureau\\mindful-journey-ui\\back-mindful-journey-iu\\mindful-journey-back\\vendor\\laravel\\framework\\src\\Illuminate\\Pipeline\\Pipeline.php(126): Illuminate\\Pipeline\\Pipeline->Illuminate\\Pipeline\\{closure}()
#25 C:\\Users\\camar\\Bureau\\mindful-journey-ui\\back-mindful-journey-iu\\mindful-journey-back\\vendor\\laravel\\framework\\src\\Illuminate\\Routing\\Router.php(807): Illuminate\\Pipeline\\Pipeline->then()
#26 C:\\Users\\camar\\Bureau\\mindful-journey-ui\\back-mindful-journey-iu\\mindful-journey-back\\vendor\\laravel\\framework\\src\\Illuminate\\Routing\\Router.php(786): Illuminate\\Routing\\Router->runRouteWithinStack()
#27 C:\\Users\\camar\\Bureau\\mindful-journey-ui\\back-mindful-journey-iu\\mindful-journey-back\\vendor\\laravel\\framework\\src\\Illuminate\\Routing\\Router.php(750): Illuminate\\Routing\\Router->runRoute()
#28 C:\\Users\\camar\\Bureau\\mindful-journey-ui\\back-mindful-journey-iu\\mindful-journey-back\\vendor\\laravel\\framework\\src\\Illuminate\\Routing\\Router.php(739): Illuminate\\Routing\\Router->dispatchToRoute()
#29 C:\\Users\\camar\\Bureau\\mindful-journey-ui\\back-mindful-journey-iu\\mindful-journey-back\\vendor\\laravel\\framework\\src\\Illuminate\\Foundation\\Http\\Kernel.php(200): Illuminate\\Routing\\Router->dispatch()
#30 C:\\Users\\camar\\Bureau\\mindful-journey-ui\\back-mindful-journey-iu\\mindful-journey-back\\vendor\\laravel\\framework\\src\\Illuminate\\Pipeline\\Pipeline.php(169): Illuminate\\Foundation\\Http\\Kernel->Illuminate\\Foundation\\Http\\{closure}()
#31 C:\\Users\\camar\\Bureau\\mindful-journey-ui\\back-mindful-journey-iu\\mindful-journey-back\\vendor\\laravel\\framework\\src\\Illuminate\\Foundation\\Http\\Middleware\\TransformsRequest.php(21): Illuminate\\Pipeline\\Pipeline->Illuminate\\Pipeline\\{closure}()
#32 C:\\Users\\camar\\Bureau\\mindful-journey-ui\\back-mindful-journey-iu\\mindful-journey-back\\vendor\\laravel\\framework\\src\\Illuminate\\Foundation\\Http\\Middleware\\ConvertEmptyStringsToNull.php(31): Illuminate\\Foundation\\Http\\Middleware\\TransformsRequest->handle()
#33 C:\\Users\\camar\\Bureau\\mindful-journey-ui\\back-mindful-journey-iu\\mindful-journey-back\\vendor\\laravel\\framework\\src\\Illuminate\\Pipeline\\Pipeline.php(208): Illuminate\\Foundation\\Http\\Middleware\\ConvertEmptyStringsToNull->handle()
#34 C:\\Users\\camar\\Bureau\\mindful-journey-ui\\back-mindful-journey-iu\\mindful-journey-back\\vendor\\laravel\\framework\\src\\Illuminate\\Foundation\\Http\\Middleware\\TransformsRequest.php(21): Illuminate\\Pipeline\\Pipeline->Illuminate\\Pipeline\\{closure}()
#35 C:\\Users\\camar\\Bureau\\mindful-journey-ui\\back-mindful-journey-iu\\mindful-journey-back\\vendor\\laravel\\framework\\src\\Illuminate\\Foundation\\Http\\Middleware\\TrimStrings.php(51): Illuminate\\Foundation\\Http\\Middleware\\TransformsRequest->handle()
#36 C:\\Users\\camar\\Bureau\\mindful-journey-ui\\back-mindful-journey-iu\\mindful-journey-back\\vendor\\laravel\\framework\\src\\Illuminate\\Pipeline\\Pipeline.php(208): Illuminate\\Foundation\\Http\\Middleware\\TrimStrings->handle()
#37 C:\\Users\\camar\\Bureau\\mindful-journey-ui\\back-mindful-journey-iu\\mindful-journey-back\\vendor\\laravel\\framework\\src\\Illuminate\\Http\\Middleware\\ValidatePostSize.php(27): Illuminate\\Pipeline\\Pipeline->Illuminate\\Pipeline\\{closure}()
#38 C:\\Users\\camar\\Bureau\\mindful-journey-ui\\back-mindful-journey-iu\\mindful-journey-back\\vendor\\laravel\\framework\\src\\Illuminate\\Pipeline\\Pipeline.php(208): Illuminate\\Http\\Middleware\\ValidatePostSize->handle()
#39 C:\\Users\\camar\\Bureau\\mindful-journey-ui\\back-mindful-journey-iu\\mindful-journey-back\\vendor\\laravel\\framework\\src\\Illuminate\\Foundation\\Http\\Middleware\\PreventRequestsDuringMaintenance.php(109): Illuminate\\Pipeline\\Pipeline->Illuminate\\Pipeline\\{closure}()
#40 C:\\Users\\camar\\Bureau\\mindful-journey-ui\\back-mindful-journey-iu\\mindful-journey-back\\vendor\\laravel\\framework\\src\\Illuminate\\Pipeline\\Pipeline.php(208): Illuminate\\Foundation\\Http\\Middleware\\PreventRequestsDuringMaintenance->handle()
#41 C:\\Users\\camar\\Bureau\\mindful-journey-ui\\back-mindful-journey-iu\\mindful-journey-back\\vendor\\laravel\\framework\\src\\Illuminate\\Http\\Middleware\\HandleCors.php(61): Illuminate\\Pipeline\\Pipeline->Illuminate\\Pipeline\\{closure}()
#42 C:\\Users\\camar\\Bureau\\mindful-journey-ui\\back-mindful-journey-iu\\mindful-journey-back\\vendor\\laravel\\framework\\src\\Illuminate\\Pipeline\\Pipeline.php(208): Illuminate\\Http\\Middleware\\HandleCors->handle()
#43 C:\\Users\\camar\\Bureau\\mindful-journey-ui\\back-mindful-journey-iu\\mindful-journey-back\\vendor\\laravel\\framework\\src\\Illuminate\\Http\\Middleware\\TrustProxies.php(58): Illuminate\\Pipeline\\Pipeline->Illuminate\\Pipeline\\{closure}()
#44 C:\\Users\\camar\\Bureau\\mindful-journey-ui\\back-mindful-journey-iu\\mindful-journey-back\\vendor\\laravel\\framework\\src\\Illuminate\\Pipeline\\Pipeline.php(208): Illuminate\\Http\\Middleware\\TrustProxies->handle()
#45 C:\\Users\\camar\\Bureau\\mindful-journey-ui\\back-mindful-journey-iu\\mindful-journey-back\\vendor\\laravel\\framework\\src\\Illuminate\\Foundation\\Http\\Middleware\\InvokeDeferredCallbacks.php(22): Illuminate\\Pipeline\\Pipeline->Illuminate\\Pipeline\\{closure}()
#46 C:\\Users\\camar\\Bureau\\mindful-journey-ui\\back-mindful-journey-iu\\mindful-journey-back\\vendor\\laravel\\framework\\src\\Illuminate\\Pipeline\\Pipeline.php(208): Illuminate\\Foundation\\Http\\Middleware\\InvokeDeferredCallbacks->handle()
#47 C:\\Users\\camar\\Bureau\\mindful-journey-ui\\back-mindful-journey-iu\\mindful-journey-back\\vendor\\laravel\\framework\\src\\Illuminate\\Http\\Middleware\\ValidatePathEncoding.php(26): Illuminate\\Pipeline\\Pipeline->Illuminate\\Pipeline\\{closure}()
#48 C:\\Users\\camar\\Bureau\\mindful-journey-ui\\back-mindful-journey-iu\\mindful-journey-back\\vendor\\laravel\\framework\\src\\Illuminate\\Pipeline\\Pipeline.php(208): Illuminate\\Http\\Middleware\\ValidatePathEncoding->handle()
#49 C:\\Users\\camar\\Bureau\\mindful-journey-ui\\back-mindful-journey-iu\\mindful-journey-back\\vendor\\laravel\\framework\\src\\Illuminate\\Pipeline\\Pipeline.php(126): Illuminate\\Pipeline\\Pipeline->Illuminate\\Pipeline\\{closure}()
#50 C:\\Users\\camar\\Bureau\\mindful-journey-ui\\back-mindful-journey-iu\\mindful-journey-back\\vendor\\laravel\\framework\\src\\Illuminate\\Foundation\\Http\\Kernel.php(175): Illuminate\\Pipeline\\Pipeline->then()
#51 C:\\Users\\camar\\Bureau\\mindful-journey-ui\\back-mindful-journey-iu\\mindful-journey-back\\vendor\\laravel\\framework\\src\\Illuminate\\Foundation\\Http\\Kernel.php(144): Illuminate\\Foundation\\Http\\Kernel->sendRequestThroughRouter()
#52 C:\\Users\\camar\\Bureau\\mindful-journey-ui\\back-mindful-journey-iu\\mindful-journey-back\\vendor\\laravel\\framework\\src\\Illuminate\\Foundation\\Application.php(1219): Illuminate\\Foundation\\Http\\Kernel->handle()
#53 C:\\Users\\camar\\Bureau\\mindful-journey-ui\\back-mindful-journey-iu\\mindful-journey-back\\public\\index.php(20): Illuminate\\Foundation\\Application->handleRequest()
#54 C:\\Users\\camar\\Bureau\\mindful-journey-ui\\back-mindful-journey-iu\\mindful-journey-back\\vendor\\laravel\\framework\\src\\Illuminate\\Foundation\\resources\\server.php(23): require_once('...')
#55 {main}

[previous exception] [object] (PDOException(code: HY000): SQLSTATE[HY000]: General error: 1 no such column: challenge_user.completed_at at C:\\Users\\camar\\Bureau\\mindful-journey-ui\\back-mindful-journey-iu\\mindful-journey-back\\vendor\\laravel\\framework\\src\\Illuminate\\Database\\Connection.php:406)
[stacktrace]
#0 C:\\Users\\camar\\Bureau\\mindful-journey-ui\\back-mindful-journey-iu\\mindful-journey-back\\vendor\\laravel\\framework\\src\\Illuminate\\Database\\Connection.php(406): PDO->prepare()
#1 C:\\Users\\camar\\Bureau\\mindful-journey-ui\\back-mindful-journey-iu\\mindful-journey-back\\vendor\\laravel\\framework\\src\\Illuminate\\Database\\Connection.php(811): Illuminate\\Database\\Connection->Illuminate\\Database\\{closure}()
#2 C:\\Users\\camar\\Bureau\\mindful-journey-ui\\back-mindful-journey-iu\\mindful-journey-back\\vendor\\laravel\\framework\\src\\Illuminate\\Database\\Connection.php(778): Illuminate\\Database\\Connection->runQueryCallback()
#3 C:\\Users\\camar\\Bureau\\mindful-journey-ui\\back-mindful-journey-iu\\mindful-journey-back\\vendor\\laravel\\framework\\src\\Illuminate\\Database\\Connection.php(397): Illuminate\\Database\\Connection->run()
#4 C:\\Users\\camar\\Bureau\\mindful-journey-ui\\back-mindful-journey-iu\\mindful-journey-back\\vendor\\laravel\\framework\\src\\Illuminate\\Database\\Query\\Builder.php(3188): Illuminate\\Database\\Connection->select()
#5 C:\\Users\\camar\\Bureau\\mindful-journey-ui\\back-mindful-journey-iu\\mindful-journey-back\\vendor\\laravel\\framework\\src\\Illuminate\\Database\\Query\\Builder.php(3173): Illuminate\\Database\\Query\\Builder->runSelect()
#6 C:\\Users\\camar\\Bureau\\mindful-journey-ui\\back-mindful-journey-iu\\mindful-journey-back\\vendor\\laravel\\framework\\src\\Illuminate\\Database\\Query\\Builder.php(3763): Illuminate\\Database\\Query\\Builder->Illuminate\\Database\\Query\\{closure}()
#7 C:\\Users\\camar\\Bureau\\mindful-journey-ui\\back-mindful-journey-iu\\mindful-journey-back\\vendor\\laravel\\framework\\src\\Illuminate\\Database\\Query\\Builder.php(3172): Illuminate\\Database\\Query\\Builder->onceWithColumns()
#8 C:\\Users\\camar\\Bureau\\mindful-journey-ui\\back-mindful-journey-iu\\mindful-journey-back\\vendor\\laravel\\framework\\src\\Illuminate\\Database\\Eloquent\\Builder.php(872): Illuminate\\Database\\Query\\Builder->get()
#9 C:\\Users\\camar\\Bureau\\mindful-journey-ui\\back-mindful-journey-iu\\mindful-journey-back\\vendor\\laravel\\framework\\src\\Illuminate\\Database\\Eloquent\\Relations\\BelongsToMany.php(910): Illuminate\\Database\\Eloquent\\Builder->getModels()
#10 C:\\Users\\camar\\Bureau\\mindful-journey-ui\\back-mindful-journey-iu\\mindful-journey-back\\vendor\\laravel\\framework\\src\\Illuminate\\Database\\Eloquent\\Relations\\BelongsToMany.php(844): Illuminate\\Database\\Eloquent\\Relations\\BelongsToMany->get()
#11 C:\\Users\\camar\\Bureau\\mindful-journey-ui\\back-mindful-journey-iu\\mindful-journey-back\\app\\Http\\Controllers\\Api\\ChallengeController.php(22): Illuminate\\Database\\Eloquent\\Relations\\BelongsToMany->first()
#12 [internal function]: App\\Http\\Controllers\\Api\\ChallengeController->App\\Http\\Controllers\\Api\\{closure}()
#13 C:\\Users\\camar\\Bureau\\mindful-journey-ui\\back-mindful-journey-iu\\mindful-journey-back\\vendor\\laravel\\framework\\src\\Illuminate\\Collections\\Arr.php(754): array_map()
#14 C:\\Users\\camar\\Bureau\\mindful-journey-ui\\back-mindful-journey-iu\\mindful-journey-back\\vendor\\laravel\\framework\\src\\Illuminate\\Collections\\Collection.php(809): Illuminate\\Support\\Arr::map()
#15 C:\\Users\\camar\\Bureau\\mindful-journey-ui\\back-mindful-journey-iu\\mindful-journey-back\\vendor\\laravel\\framework\\src\\Illuminate\\Database\\Eloquent\\Collection.php(418): Illuminate\\Support\\Collection->map()
#16 C:\\Users\\camar\\Bureau\\mindful-journey-ui\\back-mindful-journey-iu\\mindful-journey-back\\app\\Http\\Controllers\\Api\\ChallengeController.php(21): Illuminate\\Database\\Eloquent\\Collection->map()
#17 C:\\Users\\camar\\Bureau\\mindful-journey-ui\\back-mindful-journey-iu\\mindful-journey-back\\vendor\\laravel\\framework\\src\\Illuminate\\Routing\\ControllerDispatcher.php(46): App\\Http\\Controllers\\Api\\ChallengeController->index()
#18 C:\\Users\\camar\\Bureau\\mindful-journey-ui\\back-mindful-journey-iu\\mindful-journey-back\\vendor\\laravel\\framework\\src\\Illuminate\\Routing\\Route.php(265): Illuminate\\Routing\\ControllerDispatcher->dispatch()
#19 C:\\Users\\camar\\Bureau\\mindful-journey-ui\\back-mindful-journey-iu\\mindful-journey-back\\vendor\\laravel\\framework\\src\\Illuminate\\Routing\\Route.php(211): Illuminate\\Routing\\Route->runController()
#20 C:\\Users\\camar\\Bureau\\mindful-journey-ui\\back-mindful-journey-iu\\mindful-journey-back\\vendor\\laravel\\framework\\src\\Illuminate\\Routing\\Router.php(808): Illuminate\\Routing\\Route->run()
#21 C:\\Users\\camar\\Bureau\\mindful-journey-ui\\back-mindful-journey-iu\\mindful-journey-back\\vendor\\laravel\\framework\\src\\Illuminate\\Pipeline\\Pipeline.php(169): Illuminate\\Routing\\Router->Illuminate\\Routing\\{closure}()
#22 C:\\Users\\camar\\Bureau\\mindful-journey-ui\\back-mindful-journey-iu\\mindful-journey-back\\vendor\\laravel\\framework\\src\\Illuminate\\Routing\\Middleware\\SubstituteBindings.php(50): Illuminate\\Pipeline\\Pipeline->Illuminate\\Pipeline\\{closure}()
#23 C:\\Users\\camar\\Bureau\\mindful-journey-ui\\back-mindful-journey-iu\\mindful-journey-back\\vendor\\laravel\\framework\\src\\Illuminate\\Pipeline\\Pipeline.php(208): Illuminate\\Routing\\Middleware\\SubstituteBindings->handle()
#24 C:\\Users\\camar\\Bureau\\mindful-journey-ui\\back-mindful-journey-iu\\mindful-journey-back\\vendor\\laravel\\framework\\src\\Illuminate\\Auth\\Middleware\\Authenticate.php(63): Illuminate\\Pipeline\\Pipeline->Illuminate\\Pipeline\\{closure}()
#25 C:\\Users\\camar\\Bureau\\mindful-journey-ui\\back-mindful-journey-iu\\mindful-journey-back\\vendor\\laravel\\framework\\src\\Illuminate\\Pipeline\\Pipeline.php(208): Illuminate\\Auth\\Middleware\\Authenticate->handle()
#26 C:\\Users\\camar\\Bureau\\mindful-journey-ui\\back-mindful-journey-iu\\mindful-journey-back\\vendor\\laravel\\framework\\src\\Illuminate\\Pipeline\\Pipeline.php(126): Illuminate\\Pipeline\\Pipeline->Illuminate\\Pipeline\\{closure}()
#27 C:\\Users\\camar\\Bureau\\mindful-journey-ui\\back-mindful-journey-iu\\mindful-journey-back\\vendor\\laravel\\framework\\src\\Illuminate\\Routing\\Router.php(807): Illuminate\\Pipeline\\Pipeline->then()
#28 C:\\Users\\camar\\Bureau\\mindful-journey-ui\\back-mindful-journey-iu\\mindful-journey-back\\vendor\\laravel\\framework\\src\\Illuminate\\Routing\\Router.php(786): Illuminate\\Routing\\Router->runRouteWithinStack()
#29 C:\\Users\\camar\\Bureau\\mindful-journey-ui\\back-mindful-journey-iu\\mindful-journey-back\\vendor\\laravel\\framework\\src\\Illuminate\\Routing\\Router.php(750): Illuminate\\Routing\\Router->runRoute()
#30 C:\\Users\\camar\\Bureau\\mindful-journey-ui\\back-mindful-journey-iu\\mindful-journey-back\\vendor\\laravel\\framework\\src\\Illuminate\\Routing\\Router.php(739): Illuminate\\Routing\\Router->dispatchToRoute()
#31 C:\\Users\\camar\\Bureau\\mindful-journey-ui\\back-mindful-journey-iu\\mindful-journey-back\\vendor\\laravel\\framework\\src\\Illuminate\\Foundation\\Http\\Kernel.php(200): Illuminate\\Routing\\Router->dispatch()
#32 C:\\Users\\camar\\Bureau\\mindful-journey-ui\\back-mindful-journey-iu\\mindful-journey-back\\vendor\\laravel\\framework\\src\\Illuminate\\Pipeline\\Pipeline.php(169): Illuminate\\Foundation\\Http\\Kernel->Illuminate\\Foundation\\Http\\{closure}()
#33 C:\\Users\\camar\\Bureau\\mindful-journey-ui\\back-mindful-journey-iu\\mindful-journey-back\\vendor\\laravel\\framework\\src\\Illuminate\\Foundation\\Http\\Middleware\\TransformsRequest.php(21): Illuminate\\Pipeline\\Pipeline->Illuminate\\Pipeline\\{closure}()
#34 C:\\Users\\camar\\Bureau\\mindful-journey-ui\\back-mindful-journey-iu\\mindful-journey-back\\vendor\\laravel\\framework\\src\\Illuminate\\Foundation\\Http\\Middleware\\ConvertEmptyStringsToNull.php(31): Illuminate\\Foundation\\Http\\Middleware\\TransformsRequest->handle()
#35 C:\\Users\\camar\\Bureau\\mindful-journey-ui\\back-mindful-journey-iu\\mindful-journey-back\\vendor\\laravel\\framework\\src\\Illuminate\\Pipeline\\Pipeline.php(208): Illuminate\\Foundation\\Http\\Middleware\\ConvertEmptyStringsToNull->handle()
#36 C:\\Users\\camar\\Bureau\\mindful-journey-ui\\back-mindful-journey-iu\\mindful-journey-back\\vendor\\laravel\\framework\\src\\Illuminate\\Foundation\\Http\\Middleware\\TransformsRequest.php(21): Illuminate\\Pipeline\\Pipeline->Illuminate\\Pipeline\\{closure}()
#37 C:\\Users\\camar\\Bureau\\mindful-journey-ui\\back-mindful-journey-iu\\mindful-journey-back\\vendor\\laravel\\framework\\src\\Illuminate\\Foundation\\Http\\Middleware\\TrimStrings.php(51): Illuminate\\Foundation\\Http\\Middleware\\TransformsRequest->handle()
#38 C:\\Users\\camar\\Bureau\\mindful-journey-ui\\back-mindful-journey-iu\\mindful-journey-back\\vendor\\laravel\\framework\\src\\Illuminate\\Pipeline\\Pipeline.php(208): Illuminate\\Foundation\\Http\\Middleware\\TrimStrings->handle()
#39 C:\\Users\\camar\\Bureau\\mindful-journey-ui\\back-mindful-journey-iu\\mindful-journey-back\\vendor\\laravel\\framework\\src\\Illuminate\\Http\\Middleware\\ValidatePostSize.php(27): Illuminate\\Pipeline\\Pipeline->Illuminate\\Pipeline\\{closure}()
#40 C:\\Users\\camar\\Bureau\\mindful-journey-ui\\back-mindful-journey-iu\\mindful-journey-back\\vendor\\laravel\\framework\\src\\Illuminate\\Pipeline\\Pipeline.php(208): Illuminate\\Http\\Middleware\\ValidatePostSize->handle()
#41 C:\\Users\\camar\\Bureau\\mindful-journey-ui\\back-mindful-journey-iu\\mindful-journey-back\\vendor\\laravel\\framework\\src\\Illuminate\\Foundation\\Http\\Middleware\\PreventRequestsDuringMaintenance.php(109): Illuminate\\Pipeline\\Pipeline->Illuminate\\Pipeline\\{closure}()
#42 C:\\Users\\camar\\Bureau\\mindful-journey-ui\\back-mindful-journey-iu\\mindful-journey-back\\vendor\\laravel\\framework\\src\\Illuminate\\Pipeline\\Pipeline.php(208): Illuminate\\Foundation\\Http\\Middleware\\PreventRequestsDuringMaintenance->handle()
#43 C:\\Users\\camar\\Bureau\\mindful-journey-ui\\back-mindful-journey-iu\\mindful-journey-back\\vendor\\laravel\\framework\\src\\Illuminate\\Http\\Middleware\\HandleCors.php(61): Illuminate\\Pipeline\\Pipeline->Illuminate\\Pipeline\\{closure}()
#44 C:\\Users\\camar\\Bureau\\mindful-journey-ui\\back-mindful-journey-iu\\mindful-journey-back\\vendor\\laravel\\framework\\src\\Illuminate\\Pipeline\\Pipeline.php(208): Illuminate\\Http\\Middleware\\HandleCors->handle()
#45 C:\\Users\\camar\\Bureau\\mindful-journey-ui\\back-mindful-journey-iu\\mindful-journey-back\\vendor\\laravel\\framework\\src\\Illuminate\\Http\\Middleware\\TrustProxies.php(58): Illuminate\\Pipeline\\Pipeline->Illuminate\\Pipeline\\{closure}()
#46 C:\\Users\\camar\\Bureau\\mindful-journey-ui\\back-mindful-journey-iu\\mindful-journey-back\\vendor\\laravel\\framework\\src\\Illuminate\\Pipeline\\Pipeline.php(208): Illuminate\\Http\\Middleware\\TrustProxies->handle()
#47 C:\\Users\\camar\\Bureau\\mindful-journey-ui\\back-mindful-journey-iu\\mindful-journey-back\\vendor\\laravel\\framework\\src\\Illuminate\\Foundation\\Http\\Middleware\\InvokeDeferredCallbacks.php(22): Illuminate\\Pipeline\\Pipeline->Illuminate\\Pipeline\\{closure}()
#48 C:\\Users\\camar\\Bureau\\mindful-journey-ui\\back-mindful-journey-iu\\mindful-journey-back\\vendor\\laravel\\framework\\src\\Illuminate\\Pipeline\\Pipeline.php(208): Illuminate\\Foundation\\Http\\Middleware\\InvokeDeferredCallbacks->handle()
#49 C:\\Users\\camar\\Bureau\\mindful-journey-ui\\back-mindful-journey-iu\\mindful-journey-back\\vendor\\laravel\\framework\\src\\Illuminate\\Http\\Middleware\\ValidatePathEncoding.php(26): Illuminate\\Pipeline\\Pipeline->Illuminate\\Pipeline\\{closure}()
#50 C:\\Users\\camar\\Bureau\\mindful-journey-ui\\back-mindful-journey-iu\\mindful-journey-back\\vendor\\laravel\\framework\\src\\Illuminate\\Pipeline\\Pipeline.php(208): Illuminate\\Http\\Middleware\\ValidatePathEncoding->handle()
#51 C:\\Users\\camar\\Bureau\\mindful-journey-ui\\back-mindful-journey-iu\\mindful-journey-back\\vendor\\laravel\\framework\\src\\Illuminate\\Pipeline\\Pipeline.php(126): Illuminate\\Pipeline\\Pipeline->Illuminate\\Pipeline\\{closure}()
#52 C:\\Users\\camar\\Bureau\\mindful-journey-ui\\back-mindful-journey-iu\\mindful-journey-back\\vendor\\laravel\\framework\\src\\Illuminate\\Foundation\\Http\\Kernel.php(175): Illuminate\\Pipeline\\Pipeline->then()
#53 C:\\Users\\camar\\Bureau\\mindful-journey-ui\\back-mindful-journey-iu\\mindful-journey-back\\vendor\\laravel\\framework\\src\\Illuminate\\Foundation\\Http\\Kernel.php(144): Illuminate\\Foundation\\Http\\Kernel->sendRequestThroughRouter()
#54 C:\\Users\\camar\\Bureau\\mindful-journey-ui\\back-mindful-journey-iu\\mindful-journey-back\\vendor\\laravel\\framework\\src\\Illuminate\\Foundation\\Application.php(1219): Illuminate\\Foundation\\Http\\Kernel->handle()
#55 C:\\Users\\camar\\Bureau\\mindful-journey-ui\\back-mindful-journey-iu\\mindful-journey-back\\public\\index.php(20): Illuminate\\Foundation\\Application->handleRequest()
#56 C:\\Users\\camar\\Bureau\\mindful-journey-ui\\back-mindful-journey-iu\\mindful-journey-back\\vendor\\laravel\\framework\\src\\Illuminate\\Foundation\\resources\\server.php(23): require_once('...')
#57 {main}
"} 
[2025-08-15 23:59:12] local.ERROR: SQLSTATE[HY000]: General error: 1 no such column: challenge_user.completed_at (Connection: sqlite, SQL: select "users".*, "challenge_user"."challenge_id" as "pivot_challenge_id", "challenge_user"."user_id" as "pivot_user_id", "challenge_user"."completed_at" as "pivot_completed_at", "challenge_user"."created_at" as "pivot_created_at", "challenge_user"."updated_at" as "pivot_updated_at" from "users" inner join "challenge_user" on "users"."id" = "challenge_user"."user_id" where "challenge_user"."challenge_id" = 2 and "user_id" = 2 limit 1) {"userId":2,"exception":"[object] (Illuminate\\Database\\QueryException(code: HY000): SQLSTATE[HY000]: General error: 1 no such column: challenge_user.completed_at (Connection: sqlite, SQL: select \"users\".*, \"challenge_user\".\"challenge_id\" as \"pivot_challenge_id\", \"challenge_user\".\"user_id\" as \"pivot_user_id\", \"challenge_user\".\"completed_at\" as \"pivot_completed_at\", \"challenge_user\".\"created_at\" as \"pivot_created_at\", \"challenge_user\".\"updated_at\" as \"pivot_updated_at\" from \"users\" inner join \"challenge_user\" on \"users\".\"id\" = \"challenge_user\".\"user_id\" where \"challenge_user\".\"challenge_id\" = 2 and \"user_id\" = 2 limit 1) at C:\\Users\\camar\\Bureau\\mindful-journey-ui\\back-mindful-journey-iu\\mindful-journey-back\\vendor\\laravel\\framework\\src\\Illuminate\\Database\\Connection.php:824)
[stacktrace]
#0 C:\\Users\\camar\\Bureau\\mindful-journey-ui\\back-mindful-journey-iu\\mindful-journey-back\\vendor\\laravel\\framework\\src\\Illuminate\\Database\\Connection.php(778): Illuminate\\Database\\Connection->runQueryCallback()
#1 C:\\Users\\camar\\Bureau\\mindful-journey-ui\\back-mindful-journey-iu\\mindful-journey-back\\vendor\\laravel\\framework\\src\\Illuminate\\Database\\Connection.php(397): Illuminate\\Database\\Connection->run()
#2 C:\\Users\\camar\\Bureau\\mindful-journey-ui\\back-mindful-journey-iu\\mindful-journey-back\\vendor\\laravel\\framework\\src\\Illuminate\\Database\\Query\\Builder.php(3188): Illuminate\\Database\\Connection->select()
#3 C:\\Users\\camar\\Bureau\\mindful-journey-ui\\back-mindful-journey-iu\\mindful-journey-back\\vendor\\laravel\\framework\\src\\Illuminate\\Database\\Query\\Builder.php(3173): Illuminate\\Database\\Query\\Builder->runSelect()
#4 C:\\Users\\camar\\Bureau\\mindful-journey-ui\\back-mindful-journey-iu\\mindful-journey-back\\vendor\\laravel\\framework\\src\\Illuminate\\Database\\Query\\Builder.php(3763): Illuminate\\Database\\Query\\Builder->Illuminate\\Database\\Query\\{closure}()
#5 C:\\Users\\camar\\Bureau\\mindful-journey-ui\\back-mindful-journey-iu\\mindful-journey-back\\vendor\\laravel\\framework\\src\\Illuminate\\Database\\Query\\Builder.php(3172): Illuminate\\Database\\Query\\Builder->onceWithColumns()
#6 C:\\Users\\camar\\Bureau\\mindful-journey-ui\\back-mindful-journey-iu\\mindful-journey-back\\vendor\\laravel\\framework\\src\\Illuminate\\Database\\Eloquent\\Builder.php(872): Illuminate\\Database\\Query\\Builder->get()
#7 C:\\Users\\camar\\Bureau\\mindful-journey-ui\\back-mindful-journey-iu\\mindful-journey-back\\vendor\\laravel\\framework\\src\\Illuminate\\Database\\Eloquent\\Relations\\BelongsToMany.php(910): Illuminate\\Database\\Eloquent\\Builder->getModels()
#8 C:\\Users\\camar\\Bureau\\mindful-journey-ui\\back-mindful-journey-iu\\mindful-journey-back\\vendor\\laravel\\framework\\src\\Illuminate\\Database\\Eloquent\\Relations\\BelongsToMany.php(844): Illuminate\\Database\\Eloquent\\Relations\\BelongsToMany->get()
#9 C:\\Users\\camar\\Bureau\\mindful-journey-ui\\back-mindful-journey-iu\\mindful-journey-back\\app\\Http\\Controllers\\Api\\ChallengeController.php(22): Illuminate\\Database\\Eloquent\\Relations\\BelongsToMany->first()
#10 [internal function]: App\\Http\\Controllers\\Api\\ChallengeController->App\\Http\\Controllers\\Api\\{closure}()
#11 C:\\Users\\camar\\Bureau\\mindful-journey-ui\\back-mindful-journey-iu\\mindful-journey-back\\vendor\\laravel\\framework\\src\\Illuminate\\Collections\\Arr.php(754): array_map()
#12 C:\\Users\\camar\\Bureau\\mindful-journey-ui\\back-mindful-journey-iu\\mindful-journey-back\\vendor\\laravel\\framework\\src\\Illuminate\\Collections\\Collection.php(809): Illuminate\\Support\\Arr::map()
#13 C:\\Users\\camar\\Bureau\\mindful-journey-ui\\back-mindful-journey-iu\\mindful-journey-back\\vendor\\laravel\\framework\\src\\Illuminate\\Database\\Eloquent\\Collection.php(418): Illuminate\\Support\\Collection->map()
#14 C:\\Users\\camar\\Bureau\\mindful-journey-ui\\back-mindful-journey-iu\\mindful-journey-back\\app\\Http\\Controllers\\Api\\ChallengeController.php(21): Illuminate\\Database\\Eloquent\\Collection->map()
#15 C:\\Users\\camar\\Bureau\\mindful-journey-ui\\back-mindful-journey-iu\\mindful-journey-back\\vendor\\laravel\\framework\\src\\Illuminate\\Routing\\ControllerDispatcher.php(46): App\\Http\\Controllers\\Api\\ChallengeController->index()
#16 C:\\Users\\camar\\Bureau\\mindful-journey-ui\\back-mindful-journey-iu\\mindful-journey-back\\vendor\\laravel\\framework\\src\\Illuminate\\Routing\\Route.php(265): Illuminate\\Routing\\ControllerDispatcher->dispatch()
#17 C:\\Users\\camar\\Bureau\\mindful-journey-ui\\back-mindful-journey-iu\\mindful-journey-back\\vendor\\laravel\\framework\\src\\Illuminate\\Routing\\Route.php(211): Illuminate\\Routing\\Route->runController()
#18 C:\\Users\\camar\\Bureau\\mindful-journey-ui\\back-mindful-journey-iu\\mindful-journey-back\\vendor\\laravel\\framework\\src\\Illuminate\\Routing\\Router.php(808): Illuminate\\Routing\\Route->run()
#19 C:\\Users\\camar\\Bureau\\mindful-journey-ui\\back-mindful-journey-iu\\mindful-journey-back\\vendor\\laravel\\framework\\src\\Illuminate\\Pipeline\\Pipeline.php(169): Illuminate\\Routing\\Router->Illuminate\\Routing\\{closure}()
#20 C:\\Users\\camar\\Bureau\\mindful-journey-ui\\back-mindful-journey-iu\\mindful-journey-back\\vendor\\laravel\\framework\\src\\Illuminate\\Routing\\Middleware\\SubstituteBindings.php(50): Illuminate\\Pipeline\\Pipeline->Illuminate\\Pipeline\\{closure}()
#21 C:\\Users\\camar\\Bureau\\mindful-journey-ui\\back-mindful-journey-iu\\mindful-journey-back\\vendor\\laravel\\framework\\src\\Illuminate\\Pipeline\\Pipeline.php(208): Illuminate\\Routing\\Middleware\\SubstituteBindings->handle()
#22 C:\\Users\\camar\\Bureau\\mindful-journey-ui\\back-mindful-journey-iu\\mindful-journey-back\\vendor\\laravel\\framework\\src\\Illuminate\\Auth\\Middleware\\Authenticate.php(63): Illuminate\\Pipeline\\Pipeline->Illuminate\\Pipeline\\{closure}()
#23 C:\\Users\\camar\\Bureau\\mindful-journey-ui\\back-mindful-journey-iu\\mindful-journey-back\\vendor\\laravel\\framework\\src\\Illuminate\\Pipeline\\Pipeline.php(208): Illuminate\\Auth\\Middleware\\Authenticate->handle()
#24 C:\\Users\\camar\\Bureau\\mindful-journey-ui\\back-mindful-journey-iu\\mindful-journey-back\\vendor\\laravel\\framework\\src\\Illuminate\\Pipeline\\Pipeline.php(126): Illuminate\\Pipeline\\Pipeline->Illuminate\\Pipeline\\{closure}()
#25 C:\\Users\\camar\\Bureau\\mindful-journey-ui\\back-mindful-journey-iu\\mindful-journey-back\\vendor\\laravel\\framework\\src\\Illuminate\\Routing\\Router.php(807): Illuminate\\Pipeline\\Pipeline->then()
#26 C:\\Users\\camar\\Bureau\\mindful-journey-ui\\back-mindful-journey-iu\\mindful-journey-back\\vendor\\laravel\\framework\\src\\Illuminate\\Routing\\Router.php(786): Illuminate\\Routing\\Router->runRouteWithinStack()
#27 C:\\Users\\camar\\Bureau\\mindful-journey-ui\\back-mindful-journey-iu\\mindful-journey-back\\vendor\\laravel\\framework\\src\\Illuminate\\Routing\\Router.php(750): Illuminate\\Routing\\Router->runRoute()
#28 C:\\Users\\camar\\Bureau\\mindful-journey-ui\\back-mindful-journey-iu\\mindful-journey-back\\vendor\\laravel\\framework\\src\\Illuminate\\Routing\\Router.php(739): Illuminate\\Routing\\Router->dispatchToRoute()
#29 C:\\Users\\camar\\Bureau\\mindful-journey-ui\\back-mindful-journey-iu\\mindful-journey-back\\vendor\\laravel\\framework\\src\\Illuminate\\Foundation\\Http\\Kernel.php(200): Illuminate\\Routing\\Router->dispatch()
#30 C:\\Users\\camar\\Bureau\\mindful-journey-ui\\back-mindful-journey-iu\\mindful-journey-back\\vendor\\laravel\\framework\\src\\Illuminate\\Pipeline\\Pipeline.php(169): Illuminate\\Foundation\\Http\\Kernel->Illuminate\\Foundation\\Http\\{closure}()
#31 C:\\Users\\camar\\Bureau\\mindful-journey-ui\\back-mindful-journey-iu\\mindful-journey-back\\vendor\\laravel\\framework\\src\\Illuminate\\Foundation\\Http\\Middleware\\TransformsRequest.php(21): Illuminate\\Pipeline\\Pipeline->Illuminate\\Pipeline\\{closure}()
#32 C:\\Users\\camar\\Bureau\\mindful-journey-ui\\back-mindful-journey-iu\\mindful-journey-back\\vendor\\laravel\\framework\\src\\Illuminate\\Foundation\\Http\\Middleware\\ConvertEmptyStringsToNull.php(31): Illuminate\\Foundation\\Http\\Middleware\\TransformsRequest->handle()
#33 C:\\Users\\camar\\Bureau\\mindful-journey-ui\\back-mindful-journey-iu\\mindful-journey-back\\vendor\\laravel\\framework\\src\\Illuminate\\Pipeline\\Pipeline.php(208): Illuminate\\Foundation\\Http\\Middleware\\ConvertEmptyStringsToNull->handle()
#34 C:\\Users\\camar\\Bureau\\mindful-journey-ui\\back-mindful-journey-iu\\mindful-journey-back\\vendor\\laravel\\framework\\src\\Illuminate\\Foundation\\Http\\Middleware\\TransformsRequest.php(21): Illuminate\\Pipeline\\Pipeline->Illuminate\\Pipeline\\{closure}()
#35 C:\\Users\\camar\\Bureau\\mindful-journey-ui\\back-mindful-journey-iu\\mindful-journey-back\\vendor\\laravel\\framework\\src\\Illuminate\\Foundation\\Http\\Middleware\\TrimStrings.php(51): Illuminate\\Foundation\\Http\\Middleware\\TransformsRequest->handle()
#36 C:\\Users\\camar\\Bureau\\mindful-journey-ui\\back-mindful-journey-iu\\mindful-journey-back\\vendor\\laravel\\framework\\src\\Illuminate\\Pipeline\\Pipeline.php(208): Illuminate\\Foundation\\Http\\Middleware\\TrimStrings->handle()
#37 C:\\Users\\camar\\Bureau\\mindful-journey-ui\\back-mindful-journey-iu\\mindful-journey-back\\vendor\\laravel\\framework\\src\\Illuminate\\Http\\Middleware\\ValidatePostSize.php(27): Illuminate\\Pipeline\\Pipeline->Illuminate\\Pipeline\\{closure}()
#38 C:\\Users\\camar\\Bureau\\mindful-journey-ui\\back-mindful-journey-iu\\mindful-journey-back\\vendor\\laravel\\framework\\src\\Illuminate\\Pipeline\\Pipeline.php(208): Illuminate\\Http\\Middleware\\ValidatePostSize->handle()
#39 C:\\Users\\camar\\Bureau\\mindful-journey-ui\\back-mindful-journey-iu\\mindful-journey-back\\vendor\\laravel\\framework\\src\\Illuminate\\Foundation\\Http\\Middleware\\PreventRequestsDuringMaintenance.php(109): Illuminate\\Pipeline\\Pipeline->Illuminate\\Pipeline\\{closure}()
#40 C:\\Users\\camar\\Bureau\\mindful-journey-ui\\back-mindful-journey-iu\\mindful-journey-back\\vendor\\laravel\\framework\\src\\Illuminate\\Pipeline\\Pipeline.php(208): Illuminate\\Foundation\\Http\\Middleware\\PreventRequestsDuringMaintenance->handle()
#41 C:\\Users\\camar\\Bureau\\mindful-journey-ui\\back-mindful-journey-iu\\mindful-journey-back\\vendor\\laravel\\framework\\src\\Illuminate\\Http\\Middleware\\HandleCors.php(61): Illuminate\\Pipeline\\Pipeline->Illuminate\\Pipeline\\{closure}()
#42 C:\\Users\\camar\\Bureau\\mindful-journey-ui\\back-mindful-journey-iu\\mindful-journey-back\\vendor\\laravel\\framework\\src\\Illuminate\\Pipeline\\Pipeline.php(208): Illuminate\\Http\\Middleware\\HandleCors->handle()
#43 C:\\Users\\camar\\Bureau\\mindful-journey-ui\\back-mindful-journey-iu\\mindful-journey-back\\vendor\\laravel\\framework\\src\\Illuminate\\Http\\Middleware\\TrustProxies.php(58): Illuminate\\Pipeline\\Pipeline->Illuminate\\Pipeline\\{closure}()
#44 C:\\Users\\camar\\Bureau\\mindful-journey-ui\\back-mindful-journey-iu\\mindful-journey-back\\vendor\\laravel\\framework\\src\\Illuminate\\Pipeline\\Pipeline.php(208): Illuminate\\Http\\Middleware\\TrustProxies->handle()
#45 C:\\Users\\camar\\Bureau\\mindful-journey-ui\\back-mindful-journey-iu\\mindful-journey-back\\vendor\\laravel\\framework\\src\\Illuminate\\Foundation\\Http\\Middleware\\InvokeDeferredCallbacks.php(22): Illuminate\\Pipeline\\Pipeline->Illuminate\\Pipeline\\{closure}()
#46 C:\\Users\\camar\\Bureau\\mindful-journey-ui\\back-mindful-journey-iu\\mindful-journey-back\\vendor\\laravel\\framework\\src\\Illuminate\\Pipeline\\Pipeline.php(208): Illuminate\\Foundation\\Http\\Middleware\\InvokeDeferredCallbacks->handle()
#47 C:\\Users\\camar\\Bureau\\mindful-journey-ui\\back-mindful-journey-iu\\mindful-journey-back\\vendor\\laravel\\framework\\src\\Illuminate\\Http\\Middleware\\ValidatePathEncoding.php(26): Illuminate\\Pipeline\\Pipeline->Illuminate\\Pipeline\\{closure}()
#48 C:\\Users\\camar\\Bureau\\mindful-journey-ui\\back-mindful-journey-iu\\mindful-journey-back\\vendor\\laravel\\framework\\src\\Illuminate\\Pipeline\\Pipeline.php(208): Illuminate\\Http\\Middleware\\ValidatePathEncoding->handle()
#49 C:\\Users\\camar\\Bureau\\mindful-journey-ui\\back-mindful-journey-iu\\mindful-journey-back\\vendor\\laravel\\framework\\src\\Illuminate\\Pipeline\\Pipeline.php(126): Illuminate\\Pipeline\\Pipeline->Illuminate\\Pipeline\\{closure}()
#50 C:\\Users\\camar\\Bureau\\mindful-journey-ui\\back-mindful-journey-iu\\mindful-journey-back\\vendor\\laravel\\framework\\src\\Illuminate\\Foundation\\Http\\Kernel.php(175): Illuminate\\Pipeline\\Pipeline->then()
#51 C:\\Users\\camar\\Bureau\\mindful-journey-ui\\back-mindful-journey-iu\\mindful-journey-back\\vendor\\laravel\\framework\\src\\Illuminate\\Foundation\\Http\\Kernel.php(144): Illuminate\\Foundation\\Http\\Kernel->sendRequestThroughRouter()
#52 C:\\Users\\camar\\Bureau\\mindful-journey-ui\\back-mindful-journey-iu\\mindful-journey-back\\vendor\\laravel\\framework\\src\\Illuminate\\Foundation\\Application.php(1219): Illuminate\\Foundation\\Http\\Kernel->handle()
#53 C:\\Users\\camar\\Bureau\\mindful-journey-ui\\back-mindful-journey-iu\\mindful-journey-back\\public\\index.php(20): Illuminate\\Foundation\\Application->handleRequest()
#54 C:\\Users\\camar\\Bureau\\mindful-journey-ui\\back-mindful-journey-iu\\mindful-journey-back\\vendor\\laravel\\framework\\src\\Illuminate\\Foundation\\resources\\server.php(23): require_once('...')
#55 {main}

[previous exception] [object] (PDOException(code: HY000): SQLSTATE[HY000]: General error: 1 no such column: challenge_user.completed_at at C:\\Users\\camar\\Bureau\\mindful-journey-ui\\back-mindful-journey-iu\\mindful-journey-back\\vendor\\laravel\\framework\\src\\Illuminate\\Database\\Connection.php:406)
[stacktrace]
#0 C:\\Users\\camar\\Bureau\\mindful-journey-ui\\back-mindful-journey-iu\\mindful-journey-back\\vendor\\laravel\\framework\\src\\Illuminate\\Database\\Connection.php(406): PDO->prepare()
#1 C:\\Users\\camar\\Bureau\\mindful-journey-ui\\back-mindful-journey-iu\\mindful-journey-back\\vendor\\laravel\\framework\\src\\Illuminate\\Database\\Connection.php(811): Illuminate\\Database\\Connection->Illuminate\\Database\\{closure}()
#2 C:\\Users\\camar\\Bureau\\mindful-journey-ui\\back-mindful-journey-iu\\mindful-journey-back\\vendor\\laravel\\framework\\src\\Illuminate\\Database\\Connection.php(778): Illuminate\\Database\\Connection->runQueryCallback()
#3 C:\\Users\\camar\\Bureau\\mindful-journey-ui\\back-mindful-journey-iu\\mindful-journey-back\\vendor\\laravel\\framework\\src\\Illuminate\\Database\\Connection.php(397): Illuminate\\Database\\Connection->run()
#4 C:\\Users\\camar\\Bureau\\mindful-journey-ui\\back-mindful-journey-iu\\mindful-journey-back\\vendor\\laravel\\framework\\src\\Illuminate\\Database\\Query\\Builder.php(3188): Illuminate\\Database\\Connection->select()
#5 C:\\Users\\camar\\Bureau\\mindful-journey-ui\\back-mindful-journey-iu\\mindful-journey-back\\vendor\\laravel\\framework\\src\\Illuminate\\Database\\Query\\Builder.php(3173): Illuminate\\Database\\Query\\Builder->runSelect()
#6 C:\\Users\\camar\\Bureau\\mindful-journey-ui\\back-mindful-journey-iu\\mindful-journey-back\\vendor\\laravel\\framework\\src\\Illuminate\\Database\\Query\\Builder.php(3763): Illuminate\\Database\\Query\\Builder->Illuminate\\Database\\Query\\{closure}()
#7 C:\\Users\\camar\\Bureau\\mindful-journey-ui\\back-mindful-journey-iu\\mindful-journey-back\\vendor\\laravel\\framework\\src\\Illuminate\\Database\\Query\\Builder.php(3172): Illuminate\\Database\\Query\\Builder->onceWithColumns()
#8 C:\\Users\\camar\\Bureau\\mindful-journey-ui\\back-mindful-journey-iu\\mindful-journey-back\\vendor\\laravel\\framework\\src\\Illuminate\\Database\\Eloquent\\Builder.php(872): Illuminate\\Database\\Query\\Builder->get()
#9 C:\\Users\\camar\\Bureau\\mindful-journey-ui\\back-mindful-journey-iu\\mindful-journey-back\\vendor\\laravel\\framework\\src\\Illuminate\\Database\\Eloquent\\Relations\\BelongsToMany.php(910): Illuminate\\Database\\Eloquent\\Builder->getModels()
#10 C:\\Users\\camar\\Bureau\\mindful-journey-ui\\back-mindful-journey-iu\\mindful-journey-back\\vendor\\laravel\\framework\\src\\Illuminate\\Database\\Eloquent\\Relations\\BelongsToMany.php(844): Illuminate\\Database\\Eloquent\\Relations\\BelongsToMany->get()
#11 C:\\Users\\camar\\Bureau\\mindful-journey-ui\\back-mindful-journey-iu\\mindful-journey-back\\app\\Http\\Controllers\\Api\\ChallengeController.php(22): Illuminate\\Database\\Eloquent\\Relations\\BelongsToMany->first()
#12 [internal function]: App\\Http\\Controllers\\Api\\ChallengeController->App\\Http\\Controllers\\Api\\{closure}()
#13 C:\\Users\\camar\\Bureau\\mindful-journey-ui\\back-mindful-journey-iu\\mindful-journey-back\\vendor\\laravel\\framework\\src\\Illuminate\\Collections\\Arr.php(754): array_map()
#14 C:\\Users\\camar\\Bureau\\mindful-journey-ui\\back-mindful-journey-iu\\mindful-journey-back\\vendor\\laravel\\framework\\src\\Illuminate\\Collections\\Collection.php(809): Illuminate\\Support\\Arr::map()
#15 C:\\Users\\camar\\Bureau\\mindful-journey-ui\\back-mindful-journey-iu\\mindful-journey-back\\vendor\\laravel\\framework\\src\\Illuminate\\Database\\Eloquent\\Collection.php(418): Illuminate\\Support\\Collection->map()
#16 C:\\Users\\camar\\Bureau\\mindful-journey-ui\\back-mindful-journey-iu\\mindful-journey-back\\app\\Http\\Controllers\\Api\\ChallengeController.php(21): Illuminate\\Database\\Eloquent\\Collection->map()
#17 C:\\Users\\camar\\Bureau\\mindful-journey-ui\\back-mindful-journey-iu\\mindful-journey-back\\vendor\\laravel\\framework\\src\\Illuminate\\Routing\\ControllerDispatcher.php(46): App\\Http\\Controllers\\Api\\ChallengeController->index()
#18 C:\\Users\\camar\\Bureau\\mindful-journey-ui\\back-mindful-journey-iu\\mindful-journey-back\\vendor\\laravel\\framework\\src\\Illuminate\\Routing\\Route.php(265): Illuminate\\Routing\\ControllerDispatcher->dispatch()
#19 C:\\Users\\camar\\Bureau\\mindful-journey-ui\\back-mindful-journey-iu\\mindful-journey-back\\vendor\\laravel\\framework\\src\\Illuminate\\Routing\\Route.php(211): Illuminate\\Routing\\Route->runController()
#20 C:\\Users\\camar\\Bureau\\mindful-journey-ui\\back-mindful-journey-iu\\mindful-journey-back\\vendor\\laravel\\framework\\src\\Illuminate\\Routing\\Router.php(808): Illuminate\\Routing\\Route->run()
#21 C:\\Users\\camar\\Bureau\\mindful-journey-ui\\back-mindful-journey-iu\\mindful-journey-back\\vendor\\laravel\\framework\\src\\Illuminate\\Pipeline\\Pipeline.php(169): Illuminate\\Routing\\Router->Illuminate\\Routing\\{closure}()
#22 C:\\Users\\camar\\Bureau\\mindful-journey-ui\\back-mindful-journey-iu\\mindful-journey-back\\vendor\\laravel\\framework\\src\\Illuminate\\Routing\\Middleware\\SubstituteBindings.php(50): Illuminate\\Pipeline\\Pipeline->Illuminate\\Pipeline\\{closure}()
#23 C:\\Users\\camar\\Bureau\\mindful-journey-ui\\back-mindful-journey-iu\\mindful-journey-back\\vendor\\laravel\\framework\\src\\Illuminate\\Pipeline\\Pipeline.php(208): Illuminate\\Routing\\Middleware\\SubstituteBindings->handle()
#24 C:\\Users\\camar\\Bureau\\mindful-journey-ui\\back-mindful-journey-iu\\mindful-journey-back\\vendor\\laravel\\framework\\src\\Illuminate\\Auth\\Middleware\\Authenticate.php(63): Illuminate\\Pipeline\\Pipeline->Illuminate\\Pipeline\\{closure}()
#25 C:\\Users\\camar\\Bureau\\mindful-journey-ui\\back-mindful-journey-iu\\mindful-journey-back\\vendor\\laravel\\framework\\src\\Illuminate\\Pipeline\\Pipeline.php(208): Illuminate\\Auth\\Middleware\\Authenticate->handle()
#26 C:\\Users\\camar\\Bureau\\mindful-journey-ui\\back-mindful-journey-iu\\mindful-journey-back\\vendor\\laravel\\framework\\src\\Illuminate\\Pipeline\\Pipeline.php(126): Illuminate\\Pipeline\\Pipeline->Illuminate\\Pipeline\\{closure}()
#27 C:\\Users\\camar\\Bureau\\mindful-journey-ui\\back-mindful-journey-iu\\mindful-journey-back\\vendor\\laravel\\framework\\src\\Illuminate\\Routing\\Router.php(807): Illuminate\\Pipeline\\Pipeline->then()
#28 C:\\Users\\camar\\Bureau\\mindful-journey-ui\\back-mindful-journey-iu\\mindful-journey-back\\vendor\\laravel\\framework\\src\\Illuminate\\Routing\\Router.php(786): Illuminate\\Routing\\Router->runRouteWithinStack()
#29 C:\\Users\\camar\\Bureau\\mindful-journey-ui\\back-mindful-journey-iu\\mindful-journey-back\\vendor\\laravel\\framework\\src\\Illuminate\\Routing\\Router.php(750): Illuminate\\Routing\\Router->runRoute()
#30 C:\\Users\\camar\\Bureau\\mindful-journey-ui\\back-mindful-journey-iu\\mindful-journey-back\\vendor\\laravel\\framework\\src\\Illuminate\\Routing\\Router.php(739): Illuminate\\Routing\\Router->dispatchToRoute()
#31 C:\\Users\\camar\\Bureau\\mindful-journey-ui\\back-mindful-journey-iu\\mindful-journey-back\\vendor\\laravel\\framework\\src\\Illuminate\\Foundation\\Http\\Kernel.php(200): Illuminate\\Routing\\Router->dispatch()
#32 C:\\Users\\camar\\Bureau\\mindful-journey-ui\\back-mindful-journey-iu\\mindful-journey-back\\vendor\\laravel\\framework\\src\\Illuminate\\Pipeline\\Pipeline.php(169): Illuminate\\Foundation\\Http\\Kernel->Illuminate\\Foundation\\Http\\{closure}()
#33 C:\\Users\\camar\\Bureau\\mindful-journey-ui\\back-mindful-journey-iu\\mindful-journey-back\\vendor\\laravel\\framework\\src\\Illuminate\\Foundation\\Http\\Middleware\\TransformsRequest.php(21): Illuminate\\Pipeline\\Pipeline->Illuminate\\Pipeline\\{closure}()
#34 C:\\Users\\camar\\Bureau\\mindful-journey-ui\\back-mindful-journey-iu\\mindful-journey-back\\vendor\\laravel\\framework\\src\\Illuminate\\Foundation\\Http\\Middleware\\ConvertEmptyStringsToNull.php(31): Illuminate\\Foundation\\Http\\Middleware\\TransformsRequest->handle()
#35 C:\\Users\\camar\\Bureau\\mindful-journey-ui\\back-mindful-journey-iu\\mindful-journey-back\\vendor\\laravel\\framework\\src\\Illuminate\\Pipeline\\Pipeline.php(208): Illuminate\\Foundation\\Http\\Middleware\\ConvertEmptyStringsToNull->handle()
#36 C:\\Users\\camar\\Bureau\\mindful-journey-ui\\back-mindful-journey-iu\\mindful-journey-back\\vendor\\laravel\\framework\\src\\Illuminate\\Foundation\\Http\\Middleware\\TransformsRequest.php(21): Illuminate\\Pipeline\\Pipeline->Illuminate\\Pipeline\\{closure}()
#37 C:\\Users\\camar\\Bureau\\mindful-journey-ui\\back-mindful-journey-iu\\mindful-journey-back\\vendor\\laravel\\framework\\src\\Illuminate\\Foundation\\Http\\Middleware\\TrimStrings.php(51): Illuminate\\Foundation\\Http\\Middleware\\TransformsRequest->handle()
#38 C:\\Users\\camar\\Bureau\\mindful-journey-ui\\back-mindful-journey-iu\\mindful-journey-back\\vendor\\laravel\\framework\\src\\Illuminate\\Pipeline\\Pipeline.php(208): Illuminate\\Foundation\\Http\\Middleware\\TrimStrings->handle()
#39 C:\\Users\\camar\\Bureau\\mindful-journey-ui\\back-mindful-journey-iu\\mindful-journey-back\\vendor\\laravel\\framework\\src\\Illuminate\\Http\\Middleware\\ValidatePostSize.php(27): Illuminate\\Pipeline\\Pipeline->Illuminate\\Pipeline\\{closure}()
#40 C:\\Users\\camar\\Bureau\\mindful-journey-ui\\back-mindful-journey-iu\\mindful-journey-back\\vendor\\laravel\\framework\\src\\Illuminate\\Pipeline\\Pipeline.php(208): Illuminate\\Http\\Middleware\\ValidatePostSize->handle()
#41 C:\\Users\\camar\\Bureau\\mindful-journey-ui\\back-mindful-journey-iu\\mindful-journey-back\\vendor\\laravel\\framework\\src\\Illuminate\\Foundation\\Http\\Middleware\\PreventRequestsDuringMaintenance.php(109): Illuminate\\Pipeline\\Pipeline->Illuminate\\Pipeline\\{closure}()
#42 C:\\Users\\camar\\Bureau\\mindful-journey-ui\\back-mindful-journey-iu\\mindful-journey-back\\vendor\\laravel\\framework\\src\\Illuminate\\Pipeline\\Pipeline.php(208): Illuminate\\Foundation\\Http\\Middleware\\PreventRequestsDuringMaintenance->handle()
#43 C:\\Users\\camar\\Bureau\\mindful-journey-ui\\back-mindful-journey-iu\\mindful-journey-back\\vendor\\laravel\\framework\\src\\Illuminate\\Http\\Middleware\\HandleCors.php(61): Illuminate\\Pipeline\\Pipeline->Illuminate\\Pipeline\\{closure}()
#44 C:\\Users\\camar\\Bureau\\mindful-journey-ui\\back-mindful-journey-iu\\mindful-journey-back\\vendor\\laravel\\framework\\src\\Illuminate\\Pipeline\\Pipeline.php(208): Illuminate\\Http\\Middleware\\HandleCors->handle()
#45 C:\\Users\\camar\\Bureau\\mindful-journey-ui\\back-mindful-journey-iu\\mindful-journey-back\\vendor\\laravel\\framework\\src\\Illuminate\\Http\\Middleware\\TrustProxies.php(58): Illuminate\\Pipeline\\Pipeline->Illuminate\\Pipeline\\{closure}()
#46 C:\\Users\\camar\\Bureau\\mindful-journey-ui\\back-mindful-journey-iu\\mindful-journey-back\\vendor\\laravel\\framework\\src\\Illuminate\\Pipeline\\Pipeline.php(208): Illuminate\\Http\\Middleware\\TrustProxies->handle()
#47 C:\\Users\\camar\\Bureau\\mindful-journey-ui\\back-mindful-journey-iu\\mindful-journey-back\\vendor\\laravel\\framework\\src\\Illuminate\\Foundation\\Http\\Middleware\\InvokeDeferredCallbacks.php(22): Illuminate\\Pipeline\\Pipeline->Illuminate\\Pipeline\\{closure}()
#48 C:\\Users\\camar\\Bureau\\mindful-journey-ui\\back-mindful-journey-iu\\mindful-journey-back\\vendor\\laravel\\framework\\src\\Illuminate\\Pipeline\\Pipeline.php(208): Illuminate\\Foundation\\Http\\Middleware\\InvokeDeferredCallbacks->handle()
#49 C:\\Users\\camar\\Bureau\\mindful-journey-ui\\back-mindful-journey-iu\\mindful-journey-back\\vendor\\laravel\\framework\\src\\Illuminate\\Http\\Middleware\\ValidatePathEncoding.php(26): Illuminate\\Pipeline\\Pipeline->Illuminate\\Pipeline\\{closure}()
#50 C:\\Users\\camar\\Bureau\\mindful-journey-ui\\back-mindful-journey-iu\\mindful-journey-back\\vendor\\laravel\\framework\\src\\Illuminate\\Pipeline\\Pipeline.php(208): Illuminate\\Http\\Middleware\\ValidatePathEncoding->handle()
#51 C:\\Users\\camar\\Bureau\\mindful-journey-ui\\back-mindful-journey-iu\\mindful-journey-back\\vendor\\laravel\\framework\\src\\Illuminate\\Pipeline\\Pipeline.php(126): Illuminate\\Pipeline\\Pipeline->Illuminate\\Pipeline\\{closure}()
#52 C:\\Users\\camar\\Bureau\\mindful-journey-ui\\back-mindful-journey-iu\\mindful-journey-back\\vendor\\laravel\\framework\\src\\Illuminate\\Foundation\\Http\\Kernel.php(175): Illuminate\\Pipeline\\Pipeline->then()
#53 C:\\Users\\camar\\Bureau\\mindful-journey-ui\\back-mindful-journey-iu\\mindful-journey-back\\vendor\\laravel\\framework\\src\\Illuminate\\Foundation\\Http\\Kernel.php(144): Illuminate\\Foundation\\Http\\Kernel->sendRequestThroughRouter()
#54 C:\\Users\\camar\\Bureau\\mindful-journey-ui\\back-mindful-journey-iu\\mindful-journey-back\\vendor\\laravel\\framework\\src\\Illuminate\\Foundation\\Application.php(1219): Illuminate\\Foundation\\Http\\Kernel->handle()
#55 C:\\Users\\camar\\Bureau\\mindful-journey-ui\\back-mindful-journey-iu\\mindful-journey-back\\public\\index.php(20): Illuminate\\Foundation\\Application->handleRequest()
#56 C:\\Users\\camar\\Bureau\\mindful-journey-ui\\back-mindful-journey-iu\\mindful-journey-back\\vendor\\laravel\\framework\\src\\Illuminate\\Foundation\\resources\\server.php(23): require_once('...')
#57 {main}
"} 
[2025-08-15 23:59:15] local.ERROR: SQLSTATE[HY000]: General error: 1 no such column: challenge_user.completed_at (Connection: sqlite, SQL: select "users".*, "challenge_user"."challenge_id" as "pivot_challenge_id", "challenge_user"."user_id" as "pivot_user_id", "challenge_user"."completed_at" as "pivot_completed_at", "challenge_user"."created_at" as "pivot_created_at", "challenge_user"."updated_at" as "pivot_updated_at" from "users" inner join "challenge_user" on "users"."id" = "challenge_user"."user_id" where "challenge_user"."challenge_id" = 2 and "user_id" = 2 limit 1) {"userId":2,"exception":"[object] (Illuminate\\Database\\QueryException(code: HY000): SQLSTATE[HY000]: General error: 1 no such column: challenge_user.completed_at (Connection: sqlite, SQL: select \"users\".*, \"challenge_user\".\"challenge_id\" as \"pivot_challenge_id\", \"challenge_user\".\"user_id\" as \"pivot_user_id\", \"challenge_user\".\"completed_at\" as \"pivot_completed_at\", \"challenge_user\".\"created_at\" as \"pivot_created_at\", \"challenge_user\".\"updated_at\" as \"pivot_updated_at\" from \"users\" inner join \"challenge_user\" on \"users\".\"id\" = \"challenge_user\".\"user_id\" where \"challenge_user\".\"challenge_id\" = 2 and \"user_id\" = 2 limit 1) at C:\\Users\\camar\\Bureau\\mindful-journey-ui\\back-mindful-journey-iu\\mindful-journey-back\\vendor\\laravel\\framework\\src\\Illuminate\\Database\\Connection.php:824)
[stacktrace]
#0 C:\\Users\\camar\\Bureau\\mindful-journey-ui\\back-mindful-journey-iu\\mindful-journey-back\\vendor\\laravel\\framework\\src\\Illuminate\\Database\\Connection.php(778): Illuminate\\Database\\Connection->runQueryCallback()
#1 C:\\Users\\camar\\Bureau\\mindful-journey-ui\\back-mindful-journey-iu\\mindful-journey-back\\vendor\\laravel\\framework\\src\\Illuminate\\Database\\Connection.php(397): Illuminate\\Database\\Connection->run()
#2 C:\\Users\\camar\\Bureau\\mindful-journey-ui\\back-mindful-journey-iu\\mindful-journey-back\\vendor\\laravel\\framework\\src\\Illuminate\\Database\\Query\\Builder.php(3188): Illuminate\\Database\\Connection->select()
#3 C:\\Users\\camar\\Bureau\\mindful-journey-ui\\back-mindful-journey-iu\\mindful-journey-back\\vendor\\laravel\\framework\\src\\Illuminate\\Database\\Query\\Builder.php(3173): Illuminate\\Database\\Query\\Builder->runSelect()
#4 C:\\Users\\camar\\Bureau\\mindful-journey-ui\\back-mindful-journey-iu\\mindful-journey-back\\vendor\\laravel\\framework\\src\\Illuminate\\Database\\Query\\Builder.php(3763): Illuminate\\Database\\Query\\Builder->Illuminate\\Database\\Query\\{closure}()
#5 C:\\Users\\camar\\Bureau\\mindful-journey-ui\\back-mindful-journey-iu\\mindful-journey-back\\vendor\\laravel\\framework\\src\\Illuminate\\Database\\Query\\Builder.php(3172): Illuminate\\Database\\Query\\Builder->onceWithColumns()
#6 C:\\Users\\camar\\Bureau\\mindful-journey-ui\\back-mindful-journey-iu\\mindful-journey-back\\vendor\\laravel\\framework\\src\\Illuminate\\Database\\Eloquent\\Builder.php(872): Illuminate\\Database\\Query\\Builder->get()
#7 C:\\Users\\camar\\Bureau\\mindful-journey-ui\\back-mindful-journey-iu\\mindful-journey-back\\vendor\\laravel\\framework\\src\\Illuminate\\Database\\Eloquent\\Relations\\BelongsToMany.php(910): Illuminate\\Database\\Eloquent\\Builder->getModels()
#8 C:\\Users\\camar\\Bureau\\mindful-journey-ui\\back-mindful-journey-iu\\mindful-journey-back\\vendor\\laravel\\framework\\src\\Illuminate\\Database\\Eloquent\\Relations\\BelongsToMany.php(844): Illuminate\\Database\\Eloquent\\Relations\\BelongsToMany->get()
#9 C:\\Users\\camar\\Bureau\\mindful-journey-ui\\back-mindful-journey-iu\\mindful-journey-back\\app\\Http\\Controllers\\Api\\ChallengeController.php(22): Illuminate\\Database\\Eloquent\\Relations\\BelongsToMany->first()
#10 [internal function]: App\\Http\\Controllers\\Api\\ChallengeController->App\\Http\\Controllers\\Api\\{closure}()
#11 C:\\Users\\camar\\Bureau\\mindful-journey-ui\\back-mindful-journey-iu\\mindful-journey-back\\vendor\\laravel\\framework\\src\\Illuminate\\Collections\\Arr.php(754): array_map()
#12 C:\\Users\\camar\\Bureau\\mindful-journey-ui\\back-mindful-journey-iu\\mindful-journey-back\\vendor\\laravel\\framework\\src\\Illuminate\\Collections\\Collection.php(809): Illuminate\\Support\\Arr::map()
#13 C:\\Users\\camar\\Bureau\\mindful-journey-ui\\back-mindful-journey-iu\\mindful-journey-back\\vendor\\laravel\\framework\\src\\Illuminate\\Database\\Eloquent\\Collection.php(418): Illuminate\\Support\\Collection->map()
#14 C:\\Users\\camar\\Bureau\\mindful-journey-ui\\back-mindful-journey-iu\\mindful-journey-back\\app\\Http\\Controllers\\Api\\ChallengeController.php(21): Illuminate\\Database\\Eloquent\\Collection->map()
#15 C:\\Users\\camar\\Bureau\\mindful-journey-ui\\back-mindful-journey-iu\\mindful-journey-back\\vendor\\laravel\\framework\\src\\Illuminate\\Routing\\ControllerDispatcher.php(46): App\\Http\\Controllers\\Api\\ChallengeController->index()
#16 C:\\Users\\camar\\Bureau\\mindful-journey-ui\\back-mindful-journey-iu\\mindful-journey-back\\vendor\\laravel\\framework\\src\\Illuminate\\Routing\\Route.php(265): Illuminate\\Routing\\ControllerDispatcher->dispatch()
#17 C:\\Users\\camar\\Bureau\\mindful-journey-ui\\back-mindful-journey-iu\\mindful-journey-back\\vendor\\laravel\\framework\\src\\Illuminate\\Routing\\Route.php(211): Illuminate\\Routing\\Route->runController()
#18 C:\\Users\\camar\\Bureau\\mindful-journey-ui\\back-mindful-journey-iu\\mindful-journey-back\\vendor\\laravel\\framework\\src\\Illuminate\\Routing\\Router.php(808): Illuminate\\Routing\\Route->run()
#19 C:\\Users\\camar\\Bureau\\mindful-journey-ui\\back-mindful-journey-iu\\mindful-journey-back\\vendor\\laravel\\framework\\src\\Illuminate\\Pipeline\\Pipeline.php(169): Illuminate\\Routing\\Router->Illuminate\\Routing\\{closure}()
#20 C:\\Users\\camar\\Bureau\\mindful-journey-ui\\back-mindful-journey-iu\\mindful-journey-back\\vendor\\laravel\\framework\\src\\Illuminate\\Routing\\Middleware\\SubstituteBindings.php(50): Illuminate\\Pipeline\\Pipeline->Illuminate\\Pipeline\\{closure}()
#21 C:\\Users\\camar\\Bureau\\mindful-journey-ui\\back-mindful-journey-iu\\mindful-journey-back\\vendor\\laravel\\framework\\src\\Illuminate\\Pipeline\\Pipeline.php(208): Illuminate\\Routing\\Middleware\\SubstituteBindings->handle()
#22 C:\\Users\\camar\\Bureau\\mindful-journey-ui\\back-mindful-journey-iu\\mindful-journey-back\\vendor\\laravel\\framework\\src\\Illuminate\\Auth\\Middleware\\Authenticate.php(63): Illuminate\\Pipeline\\Pipeline->Illuminate\\Pipeline\\{closure}()
#23 C:\\Users\\camar\\Bureau\\mindful-journey-ui\\back-mindful-journey-iu\\mindful-journey-back\\vendor\\laravel\\framework\\src\\Illuminate\\Pipeline\\Pipeline.php(208): Illuminate\\Auth\\Middleware\\Authenticate->handle()
#24 C:\\Users\\camar\\Bureau\\mindful-journey-ui\\back-mindful-journey-iu\\mindful-journey-back\\vendor\\laravel\\framework\\src\\Illuminate\\Pipeline\\Pipeline.php(126): Illuminate\\Pipeline\\Pipeline->Illuminate\\Pipeline\\{closure}()
#25 C:\\Users\\camar\\Bureau\\mindful-journey-ui\\back-mindful-journey-iu\\mindful-journey-back\\vendor\\laravel\\framework\\src\\Illuminate\\Routing\\Router.php(807): Illuminate\\Pipeline\\Pipeline->then()
#26 C:\\Users\\camar\\Bureau\\mindful-journey-ui\\back-mindful-journey-iu\\mindful-journey-back\\vendor\\laravel\\framework\\src\\Illuminate\\Routing\\Router.php(786): Illuminate\\Routing\\Router->runRouteWithinStack()
#27 C:\\Users\\camar\\Bureau\\mindful-journey-ui\\back-mindful-journey-iu\\mindful-journey-back\\vendor\\laravel\\framework\\src\\Illuminate\\Routing\\Router.php(750): Illuminate\\Routing\\Router->runRoute()
#28 C:\\Users\\camar\\Bureau\\mindful-journey-ui\\back-mindful-journey-iu\\mindful-journey-back\\vendor\\laravel\\framework\\src\\Illuminate\\Routing\\Router.php(739): Illuminate\\Routing\\Router->dispatchToRoute()
#29 C:\\Users\\camar\\Bureau\\mindful-journey-ui\\back-mindful-journey-iu\\mindful-journey-back\\vendor\\laravel\\framework\\src\\Illuminate\\Foundation\\Http\\Kernel.php(200): Illuminate\\Routing\\Router->dispatch()
#30 C:\\Users\\camar\\Bureau\\mindful-journey-ui\\back-mindful-journey-iu\\mindful-journey-back\\vendor\\laravel\\framework\\src\\Illuminate\\Pipeline\\Pipeline.php(169): Illuminate\\Foundation\\Http\\Kernel->Illuminate\\Foundation\\Http\\{closure}()
#31 C:\\Users\\camar\\Bureau\\mindful-journey-ui\\back-mindful-journey-iu\\mindful-journey-back\\vendor\\laravel\\framework\\src\\Illuminate\\Foundation\\Http\\Middleware\\TransformsRequest.php(21): Illuminate\\Pipeline\\Pipeline->Illuminate\\Pipeline\\{closure}()
#32 C:\\Users\\camar\\Bureau\\mindful-journey-ui\\back-mindful-journey-iu\\mindful-journey-back\\vendor\\laravel\\framework\\src\\Illuminate\\Foundation\\Http\\Middleware\\ConvertEmptyStringsToNull.php(31): Illuminate\\Foundation\\Http\\Middleware\\TransformsRequest->handle()
#33 C:\\Users\\camar\\Bureau\\mindful-journey-ui\\back-mindful-journey-iu\\mindful-journey-back\\vendor\\laravel\\framework\\src\\Illuminate\\Pipeline\\Pipeline.php(208): Illuminate\\Foundation\\Http\\Middleware\\ConvertEmptyStringsToNull->handle()
#34 C:\\Users\\camar\\Bureau\\mindful-journey-ui\\back-mindful-journey-iu\\mindful-journey-back\\vendor\\laravel\\framework\\src\\Illuminate\\Foundation\\Http\\Middleware\\TransformsRequest.php(21): Illuminate\\Pipeline\\Pipeline->Illuminate\\Pipeline\\{closure}()
#35 C:\\Users\\camar\\Bureau\\mindful-journey-ui\\back-mindful-journey-iu\\mindful-journey-back\\vendor\\laravel\\framework\\src\\Illuminate\\Foundation\\Http\\Middleware\\TrimStrings.php(51): Illuminate\\Foundation\\Http\\Middleware\\TransformsRequest->handle()
#36 C:\\Users\\camar\\Bureau\\mindful-journey-ui\\back-mindful-journey-iu\\mindful-journey-back\\vendor\\laravel\\framework\\src\\Illuminate\\Pipeline\\Pipeline.php(208): Illuminate\\Foundation\\Http\\Middleware\\TrimStrings->handle()
#37 C:\\Users\\camar\\Bureau\\mindful-journey-ui\\back-mindful-journey-iu\\mindful-journey-back\\vendor\\laravel\\framework\\src\\Illuminate\\Http\\Middleware\\ValidatePostSize.php(27): Illuminate\\Pipeline\\Pipeline->Illuminate\\Pipeline\\{closure}()
#38 C:\\Users\\camar\\Bureau\\mindful-journey-ui\\back-mindful-journey-iu\\mindful-journey-back\\vendor\\laravel\\framework\\src\\Illuminate\\Pipeline\\Pipeline.php(208): Illuminate\\Http\\Middleware\\ValidatePostSize->handle()
#39 C:\\Users\\camar\\Bureau\\mindful-journey-ui\\back-mindful-journey-iu\\mindful-journey-back\\vendor\\laravel\\framework\\src\\Illuminate\\Foundation\\Http\\Middleware\\PreventRequestsDuringMaintenance.php(109): Illuminate\\Pipeline\\Pipeline->Illuminate\\Pipeline\\{closure}()
#40 C:\\Users\\camar\\Bureau\\mindful-journey-ui\\back-mindful-journey-iu\\mindful-journey-back\\vendor\\laravel\\framework\\src\\Illuminate\\Pipeline\\Pipeline.php(208): Illuminate\\Foundation\\Http\\Middleware\\PreventRequestsDuringMaintenance->handle()
#41 C:\\Users\\camar\\Bureau\\mindful-journey-ui\\back-mindful-journey-iu\\mindful-journey-back\\vendor\\laravel\\framework\\src\\Illuminate\\Http\\Middleware\\HandleCors.php(61): Illuminate\\Pipeline\\Pipeline->Illuminate\\Pipeline\\{closure}()
#42 C:\\Users\\camar\\Bureau\\mindful-journey-ui\\back-mindful-journey-iu\\mindful-journey-back\\vendor\\laravel\\framework\\src\\Illuminate\\Pipeline\\Pipeline.php(208): Illuminate\\Http\\Middleware\\HandleCors->handle()
#43 C:\\Users\\camar\\Bureau\\mindful-journey-ui\\back-mindful-journey-iu\\mindful-journey-back\\vendor\\laravel\\framework\\src\\Illuminate\\Http\\Middleware\\TrustProxies.php(58): Illuminate\\Pipeline\\Pipeline->Illuminate\\Pipeline\\{closure}()
#44 C:\\Users\\camar\\Bureau\\mindful-journey-ui\\back-mindful-journey-iu\\mindful-journey-back\\vendor\\laravel\\framework\\src\\Illuminate\\Pipeline\\Pipeline.php(208): Illuminate\\Http\\Middleware\\TrustProxies->handle()
#45 C:\\Users\\camar\\Bureau\\mindful-journey-ui\\back-mindful-journey-iu\\mindful-journey-back\\vendor\\laravel\\framework\\src\\Illuminate\\Foundation\\Http\\Middleware\\InvokeDeferredCallbacks.php(22): Illuminate\\Pipeline\\Pipeline->Illuminate\\Pipeline\\{closure}()
#46 C:\\Users\\camar\\Bureau\\mindful-journey-ui\\back-mindful-journey-iu\\mindful-journey-back\\vendor\\laravel\\framework\\src\\Illuminate\\Pipeline\\Pipeline.php(208): Illuminate\\Foundation\\Http\\Middleware\\InvokeDeferredCallbacks->handle()
#47 C:\\Users\\camar\\Bureau\\mindful-journey-ui\\back-mindful-journey-iu\\mindful-journey-back\\vendor\\laravel\\framework\\src\\Illuminate\\Http\\Middleware\\ValidatePathEncoding.php(26): Illuminate\\Pipeline\\Pipeline->Illuminate\\Pipeline\\{closure}()
#48 C:\\Users\\camar\\Bureau\\mindful-journey-ui\\back-mindful-journey-iu\\mindful-journey-back\\vendor\\laravel\\framework\\src\\Illuminate\\Pipeline\\Pipeline.php(208): Illuminate\\Http\\Middleware\\ValidatePathEncoding->handle()
#49 C:\\Users\\camar\\Bureau\\mindful-journey-ui\\back-mindful-journey-iu\\mindful-journey-back\\vendor\\laravel\\framework\\src\\Illuminate\\Pipeline\\Pipeline.php(126): Illuminate\\Pipeline\\Pipeline->Illuminate\\Pipeline\\{closure}()
#50 C:\\Users\\camar\\Bureau\\mindful-journey-ui\\back-mindful-journey-iu\\mindful-journey-back\\vendor\\laravel\\framework\\src\\Illuminate\\Foundation\\Http\\Kernel.php(175): Illuminate\\Pipeline\\Pipeline->then()
#51 C:\\Users\\camar\\Bureau\\mindful-journey-ui\\back-mindful-journey-iu\\mindful-journey-back\\vendor\\laravel\\framework\\src\\Illuminate\\Foundation\\Http\\Kernel.php(144): Illuminate\\Foundation\\Http\\Kernel->sendRequestThroughRouter()
#52 C:\\Users\\camar\\Bureau\\mindful-journey-ui\\back-mindful-journey-iu\\mindful-journey-back\\vendor\\laravel\\framework\\src\\Illuminate\\Foundation\\Application.php(1219): Illuminate\\Foundation\\Http\\Kernel->handle()
#53 C:\\Users\\camar\\Bureau\\mindful-journey-ui\\back-mindful-journey-iu\\mindful-journey-back\\public\\index.php(20): Illuminate\\Foundation\\Application->handleRequest()
#54 C:\\Users\\camar\\Bureau\\mindful-journey-ui\\back-mindful-journey-iu\\mindful-journey-back\\vendor\\laravel\\framework\\src\\Illuminate\\Foundation\\resources\\server.php(23): require_once('...')
#55 {main}

[previous exception] [object] (PDOException(code: HY000): SQLSTATE[HY000]: General error: 1 no such column: challenge_user.completed_at at C:\\Users\\camar\\Bureau\\mindful-journey-ui\\back-mindful-journey-iu\\mindful-journey-back\\vendor\\laravel\\framework\\src\\Illuminate\\Database\\Connection.php:406)
[stacktrace]
#0 C:\\Users\\camar\\Bureau\\mindful-journey-ui\\back-mindful-journey-iu\\mindful-journey-back\\vendor\\laravel\\framework\\src\\Illuminate\\Database\\Connection.php(406): PDO->prepare()
#1 C:\\Users\\camar\\Bureau\\mindful-journey-ui\\back-mindful-journey-iu\\mindful-journey-back\\vendor\\laravel\\framework\\src\\Illuminate\\Database\\Connection.php(811): Illuminate\\Database\\Connection->Illuminate\\Database\\{closure}()
#2 C:\\Users\\camar\\Bureau\\mindful-journey-ui\\back-mindful-journey-iu\\mindful-journey-back\\vendor\\laravel\\framework\\src\\Illuminate\\Database\\Connection.php(778): Illuminate\\Database\\Connection->runQueryCallback()
#3 C:\\Users\\camar\\Bureau\\mindful-journey-ui\\back-mindful-journey-iu\\mindful-journey-back\\vendor\\laravel\\framework\\src\\Illuminate\\Database\\Connection.php(397): Illuminate\\Database\\Connection->run()
#4 C:\\Users\\camar\\Bureau\\mindful-journey-ui\\back-mindful-journey-iu\\mindful-journey-back\\vendor\\laravel\\framework\\src\\Illuminate\\Database\\Query\\Builder.php(3188): Illuminate\\Database\\Connection->select()
#5 C:\\Users\\camar\\Bureau\\mindful-journey-ui\\back-mindful-journey-iu\\mindful-journey-back\\vendor\\laravel\\framework\\src\\Illuminate\\Database\\Query\\Builder.php(3173): Illuminate\\Database\\Query\\Builder->runSelect()
#6 C:\\Users\\camar\\Bureau\\mindful-journey-ui\\back-mindful-journey-iu\\mindful-journey-back\\vendor\\laravel\\framework\\src\\Illuminate\\Database\\Query\\Builder.php(3763): Illuminate\\Database\\Query\\Builder->Illuminate\\Database\\Query\\{closure}()
#7 C:\\Users\\camar\\Bureau\\mindful-journey-ui\\back-mindful-journey-iu\\mindful-journey-back\\vendor\\laravel\\framework\\src\\Illuminate\\Database\\Query\\Builder.php(3172): Illuminate\\Database\\Query\\Builder->onceWithColumns()
#8 C:\\Users\\camar\\Bureau\\mindful-journey-ui\\back-mindful-journey-iu\\mindful-journey-back\\vendor\\laravel\\framework\\src\\Illuminate\\Database\\Eloquent\\Builder.php(872): Illuminate\\Database\\Query\\Builder->get()
#9 C:\\Users\\camar\\Bureau\\mindful-journey-ui\\back-mindful-journey-iu\\mindful-journey-back\\vendor\\laravel\\framework\\src\\Illuminate\\Database\\Eloquent\\Relations\\BelongsToMany.php(910): Illuminate\\Database\\Eloquent\\Builder->getModels()
#10 C:\\Users\\camar\\Bureau\\mindful-journey-ui\\back-mindful-journey-iu\\mindful-journey-back\\vendor\\laravel\\framework\\src\\Illuminate\\Database\\Eloquent\\Relations\\BelongsToMany.php(844): Illuminate\\Database\\Eloquent\\Relations\\BelongsToMany->get()
#11 C:\\Users\\camar\\Bureau\\mindful-journey-ui\\back-mindful-journey-iu\\mindful-journey-back\\app\\Http\\Controllers\\Api\\ChallengeController.php(22): Illuminate\\Database\\Eloquent\\Relations\\BelongsToMany->first()
#12 [internal function]: App\\Http\\Controllers\\Api\\ChallengeController->App\\Http\\Controllers\\Api\\{closure}()
#13 C:\\Users\\camar\\Bureau\\mindful-journey-ui\\back-mindful-journey-iu\\mindful-journey-back\\vendor\\laravel\\framework\\src\\Illuminate\\Collections\\Arr.php(754): array_map()
#14 C:\\Users\\camar\\Bureau\\mindful-journey-ui\\back-mindful-journey-iu\\mindful-journey-back\\vendor\\laravel\\framework\\src\\Illuminate\\Collections\\Collection.php(809): Illuminate\\Support\\Arr::map()
#15 C:\\Users\\camar\\Bureau\\mindful-journey-ui\\back-mindful-journey-iu\\mindful-journey-back\\vendor\\laravel\\framework\\src\\Illuminate\\Database\\Eloquent\\Collection.php(418): Illuminate\\Support\\Collection->map()
#16 C:\\Users\\camar\\Bureau\\mindful-journey-ui\\back-mindful-journey-iu\\mindful-journey-back\\app\\Http\\Controllers\\Api\\ChallengeController.php(21): Illuminate\\Database\\Eloquent\\Collection->map()
#17 C:\\Users\\camar\\Bureau\\mindful-journey-ui\\back-mindful-journey-iu\\mindful-journey-back\\vendor\\laravel\\framework\\src\\Illuminate\\Routing\\ControllerDispatcher.php(46): App\\Http\\Controllers\\Api\\ChallengeController->index()
#18 C:\\Users\\camar\\Bureau\\mindful-journey-ui\\back-mindful-journey-iu\\mindful-journey-back\\vendor\\laravel\\framework\\src\\Illuminate\\Routing\\Route.php(265): Illuminate\\Routing\\ControllerDispatcher->dispatch()
#19 C:\\Users\\camar\\Bureau\\mindful-journey-ui\\back-mindful-journey-iu\\mindful-journey-back\\vendor\\laravel\\framework\\src\\Illuminate\\Routing\\Route.php(211): Illuminate\\Routing\\Route->runController()
#20 C:\\Users\\camar\\Bureau\\mindful-journey-ui\\back-mindful-journey-iu\\mindful-journey-back\\vendor\\laravel\\framework\\src\\Illuminate\\Routing\\Router.php(808): Illuminate\\Routing\\Route->run()
#21 C:\\Users\\camar\\Bureau\\mindful-journey-ui\\back-mindful-journey-iu\\mindful-journey-back\\vendor\\laravel\\framework\\src\\Illuminate\\Pipeline\\Pipeline.php(169): Illuminate\\Routing\\Router->Illuminate\\Routing\\{closure}()
#22 C:\\Users\\camar\\Bureau\\mindful-journey-ui\\back-mindful-journey-iu\\mindful-journey-back\\vendor\\laravel\\framework\\src\\Illuminate\\Routing\\Middleware\\SubstituteBindings.php(50): Illuminate\\Pipeline\\Pipeline->Illuminate\\Pipeline\\{closure}()
#23 C:\\Users\\camar\\Bureau\\mindful-journey-ui\\back-mindful-journey-iu\\mindful-journey-back\\vendor\\laravel\\framework\\src\\Illuminate\\Pipeline\\Pipeline.php(208): Illuminate\\Routing\\Middleware\\SubstituteBindings->handle()
#24 C:\\Users\\camar\\Bureau\\mindful-journey-ui\\back-mindful-journey-iu\\mindful-journey-back\\vendor\\laravel\\framework\\src\\Illuminate\\Auth\\Middleware\\Authenticate.php(63): Illuminate\\Pipeline\\Pipeline->Illuminate\\Pipeline\\{closure}()
#25 C:\\Users\\camar\\Bureau\\mindful-journey-ui\\back-mindful-journey-iu\\mindful-journey-back\\vendor\\laravel\\framework\\src\\Illuminate\\Pipeline\\Pipeline.php(208): Illuminate\\Auth\\Middleware\\Authenticate->handle()
#26 C:\\Users\\camar\\Bureau\\mindful-journey-ui\\back-mindful-journey-iu\\mindful-journey-back\\vendor\\laravel\\framework\\src\\Illuminate\\Pipeline\\Pipeline.php(126): Illuminate\\Pipeline\\Pipeline->Illuminate\\Pipeline\\{closure}()
#27 C:\\Users\\camar\\Bureau\\mindful-journey-ui\\back-mindful-journey-iu\\mindful-journey-back\\vendor\\laravel\\framework\\src\\Illuminate\\Routing\\Router.php(807): Illuminate\\Pipeline\\Pipeline->then()
#28 C:\\Users\\camar\\Bureau\\mindful-journey-ui\\back-mindful-journey-iu\\mindful-journey-back\\vendor\\laravel\\framework\\src\\Illuminate\\Routing\\Router.php(786): Illuminate\\Routing\\Router->runRouteWithinStack()
#29 C:\\Users\\camar\\Bureau\\mindful-journey-ui\\back-mindful-journey-iu\\mindful-journey-back\\vendor\\laravel\\framework\\src\\Illuminate\\Routing\\Router.php(750): Illuminate\\Routing\\Router->runRoute()
#30 C:\\Users\\camar\\Bureau\\mindful-journey-ui\\back-mindful-journey-iu\\mindful-journey-back\\vendor\\laravel\\framework\\src\\Illuminate\\Routing\\Router.php(739): Illuminate\\Routing\\Router->dispatchToRoute()
#31 C:\\Users\\camar\\Bureau\\mindful-journey-ui\\back-mindful-journey-iu\\mindful-journey-back\\vendor\\laravel\\framework\\src\\Illuminate\\Foundation\\Http\\Kernel.php(200): Illuminate\\Routing\\Router->dispatch()
#32 C:\\Users\\camar\\Bureau\\mindful-journey-ui\\back-mindful-journey-iu\\mindful-journey-back\\vendor\\laravel\\framework\\src\\Illuminate\\Pipeline\\Pipeline.php(169): Illuminate\\Foundation\\Http\\Kernel->Illuminate\\Foundation\\Http\\{closure}()
#33 C:\\Users\\camar\\Bureau\\mindful-journey-ui\\back-mindful-journey-iu\\mindful-journey-back\\vendor\\laravel\\framework\\src\\Illuminate\\Foundation\\Http\\Middleware\\TransformsRequest.php(21): Illuminate\\Pipeline\\Pipeline->Illuminate\\Pipeline\\{closure}()
#34 C:\\Users\\camar\\Bureau\\mindful-journey-ui\\back-mindful-journey-iu\\mindful-journey-back\\vendor\\laravel\\framework\\src\\Illuminate\\Foundation\\Http\\Middleware\\ConvertEmptyStringsToNull.php(31): Illuminate\\Foundation\\Http\\Middleware\\TransformsRequest->handle()
#35 C:\\Users\\camar\\Bureau\\mindful-journey-ui\\back-mindful-journey-iu\\mindful-journey-back\\vendor\\laravel\\framework\\src\\Illuminate\\Pipeline\\Pipeline.php(208): Illuminate\\Foundation\\Http\\Middleware\\ConvertEmptyStringsToNull->handle()
#36 C:\\Users\\camar\\Bureau\\mindful-journey-ui\\back-mindful-journey-iu\\mindful-journey-back\\vendor\\laravel\\framework\\src\\Illuminate\\Foundation\\Http\\Middleware\\TransformsRequest.php(21): Illuminate\\Pipeline\\Pipeline->Illuminate\\Pipeline\\{closure}()
#37 C:\\Users\\camar\\Bureau\\mindful-journey-ui\\back-mindful-journey-iu\\mindful-journey-back\\vendor\\laravel\\framework\\src\\Illuminate\\Foundation\\Http\\Middleware\\TrimStrings.php(51): Illuminate\\Foundation\\Http\\Middleware\\TransformsRequest->handle()
#38 C:\\Users\\camar\\Bureau\\mindful-journey-ui\\back-mindful-journey-iu\\mindful-journey-back\\vendor\\laravel\\framework\\src\\Illuminate\\Pipeline\\Pipeline.php(208): Illuminate\\Foundation\\Http\\Middleware\\TrimStrings->handle()
#39 C:\\Users\\camar\\Bureau\\mindful-journey-ui\\back-mindful-journey-iu\\mindful-journey-back\\vendor\\laravel\\framework\\src\\Illuminate\\Http\\Middleware\\ValidatePostSize.php(27): Illuminate\\Pipeline\\Pipeline->Illuminate\\Pipeline\\{closure}()
#40 C:\\Users\\camar\\Bureau\\mindful-journey-ui\\back-mindful-journey-iu\\mindful-journey-back\\vendor\\laravel\\framework\\src\\Illuminate\\Pipeline\\Pipeline.php(208): Illuminate\\Http\\Middleware\\ValidatePostSize->handle()
#41 C:\\Users\\camar\\Bureau\\mindful-journey-ui\\back-mindful-journey-iu\\mindful-journey-back\\vendor\\laravel\\framework\\src\\Illuminate\\Foundation\\Http\\Middleware\\PreventRequestsDuringMaintenance.php(109): Illuminate\\Pipeline\\Pipeline->Illuminate\\Pipeline\\{closure}()
#42 C:\\Users\\camar\\Bureau\\mindful-journey-ui\\back-mindful-journey-iu\\mindful-journey-back\\vendor\\laravel\\framework\\src\\Illuminate\\Pipeline\\Pipeline.php(208): Illuminate\\Foundation\\Http\\Middleware\\PreventRequestsDuringMaintenance->handle()
#43 C:\\Users\\camar\\Bureau\\mindful-journey-ui\\back-mindful-journey-iu\\mindful-journey-back\\vendor\\laravel\\framework\\src\\Illuminate\\Http\\Middleware\\HandleCors.php(61): Illuminate\\Pipeline\\Pipeline->Illuminate\\Pipeline\\{closure}()
#44 C:\\Users\\camar\\Bureau\\mindful-journey-ui\\back-mindful-journey-iu\\mindful-journey-back\\vendor\\laravel\\framework\\src\\Illuminate\\Pipeline\\Pipeline.php(208): Illuminate\\Http\\Middleware\\HandleCors->handle()
#45 C:\\Users\\camar\\Bureau\\mindful-journey-ui\\back-mindful-journey-iu\\mindful-journey-back\\vendor\\laravel\\framework\\src\\Illuminate\\Http\\Middleware\\TrustProxies.php(58): Illuminate\\Pipeline\\Pipeline->Illuminate\\Pipeline\\{closure}()
#46 C:\\Users\\camar\\Bureau\\mindful-journey-ui\\back-mindful-journey-iu\\mindful-journey-back\\vendor\\laravel\\framework\\src\\Illuminate\\Pipeline\\Pipeline.php(208): Illuminate\\Http\\Middleware\\TrustProxies->handle()
#47 C:\\Users\\camar\\Bureau\\mindful-journey-ui\\back-mindful-journey-iu\\mindful-journey-back\\vendor\\laravel\\framework\\src\\Illuminate\\Foundation\\Http\\Middleware\\InvokeDeferredCallbacks.php(22): Illuminate\\Pipeline\\Pipeline->Illuminate\\Pipeline\\{closure}()
#48 C:\\Users\\camar\\Bureau\\mindful-journey-ui\\back-mindful-journey-iu\\mindful-journey-back\\vendor\\laravel\\framework\\src\\Illuminate\\Pipeline\\Pipeline.php(208): Illuminate\\Foundation\\Http\\Middleware\\InvokeDeferredCallbacks->handle()
#49 C:\\Users\\camar\\Bureau\\mindful-journey-ui\\back-mindful-journey-iu\\mindful-journey-back\\vendor\\laravel\\framework\\src\\Illuminate\\Http\\Middleware\\ValidatePathEncoding.php(26): Illuminate\\Pipeline\\Pipeline->Illuminate\\Pipeline\\{closure}()
#50 C:\\Users\\camar\\Bureau\\mindful-journey-ui\\back-mindful-journey-iu\\mindful-journey-back\\vendor\\laravel\\framework\\src\\Illuminate\\Pipeline\\Pipeline.php(208): Illuminate\\Http\\Middleware\\ValidatePathEncoding->handle()
#51 C:\\Users\\camar\\Bureau\\mindful-journey-ui\\back-mindful-journey-iu\\mindful-journey-back\\vendor\\laravel\\framework\\src\\Illuminate\\Pipeline\\Pipeline.php(126): Illuminate\\Pipeline\\Pipeline->Illuminate\\Pipeline\\{closure}()
#52 C:\\Users\\camar\\Bureau\\mindful-journey-ui\\back-mindful-journey-iu\\mindful-journey-back\\vendor\\laravel\\framework\\src\\Illuminate\\Foundation\\Http\\Kernel.php(175): Illuminate\\Pipeline\\Pipeline->then()
#53 C:\\Users\\camar\\Bureau\\mindful-journey-ui\\back-mindful-journey-iu\\mindful-journey-back\\vendor\\laravel\\framework\\src\\Illuminate\\Foundation\\Http\\Kernel.php(144): Illuminate\\Foundation\\Http\\Kernel->sendRequestThroughRouter()
#54 C:\\Users\\camar\\Bureau\\mindful-journey-ui\\back-mindful-journey-iu\\mindful-journey-back\\vendor\\laravel\\framework\\src\\Illuminate\\Foundation\\Application.php(1219): Illuminate\\Foundation\\Http\\Kernel->handle()
#55 C:\\Users\\camar\\Bureau\\mindful-journey-ui\\back-mindful-journey-iu\\mindful-journey-back\\public\\index.php(20): Illuminate\\Foundation\\Application->handleRequest()
#56 C:\\Users\\camar\\Bureau\\mindful-journey-ui\\back-mindful-journey-iu\\mindful-journey-back\\vendor\\laravel\\framework\\src\\Illuminate\\Foundation\\resources\\server.php(23): require_once('...')
#57 {main}
"} 
[2025-08-15 23:59:18] local.ERROR: SQLSTATE[HY000]: General error: 1 no such column: challenge_user.completed_at (Connection: sqlite, SQL: select "users".*, "challenge_user"."challenge_id" as "pivot_challenge_id", "challenge_user"."user_id" as "pivot_user_id", "challenge_user"."completed_at" as "pivot_completed_at", "challenge_user"."created_at" as "pivot_created_at", "challenge_user"."updated_at" as "pivot_updated_at" from "users" inner join "challenge_user" on "users"."id" = "challenge_user"."user_id" where "challenge_user"."challenge_id" = 2 and "user_id" = 2 limit 1) {"userId":2,"exception":"[object] (Illuminate\\Database\\QueryException(code: HY000): SQLSTATE[HY000]: General error: 1 no such column: challenge_user.completed_at (Connection: sqlite, SQL: select \"users\".*, \"challenge_user\".\"challenge_id\" as \"pivot_challenge_id\", \"challenge_user\".\"user_id\" as \"pivot_user_id\", \"challenge_user\".\"completed_at\" as \"pivot_completed_at\", \"challenge_user\".\"created_at\" as \"pivot_created_at\", \"challenge_user\".\"updated_at\" as \"pivot_updated_at\" from \"users\" inner join \"challenge_user\" on \"users\".\"id\" = \"challenge_user\".\"user_id\" where \"challenge_user\".\"challenge_id\" = 2 and \"user_id\" = 2 limit 1) at C:\\Users\\camar\\Bureau\\mindful-journey-ui\\back-mindful-journey-iu\\mindful-journey-back\\vendor\\laravel\\framework\\src\\Illuminate\\Database\\Connection.php:824)
[stacktrace]
#0 C:\\Users\\camar\\Bureau\\mindful-journey-ui\\back-mindful-journey-iu\\mindful-journey-back\\vendor\\laravel\\framework\\src\\Illuminate\\Database\\Connection.php(778): Illuminate\\Database\\Connection->runQueryCallback()
#1 C:\\Users\\camar\\Bureau\\mindful-journey-ui\\back-mindful-journey-iu\\mindful-journey-back\\vendor\\laravel\\framework\\src\\Illuminate\\Database\\Connection.php(397): Illuminate\\Database\\Connection->run()
#2 C:\\Users\\camar\\Bureau\\mindful-journey-ui\\back-mindful-journey-iu\\mindful-journey-back\\vendor\\laravel\\framework\\src\\Illuminate\\Database\\Query\\Builder.php(3188): Illuminate\\Database\\Connection->select()
#3 C:\\Users\\camar\\Bureau\\mindful-journey-ui\\back-mindful-journey-iu\\mindful-journey-back\\vendor\\laravel\\framework\\src\\Illuminate\\Database\\Query\\Builder.php(3173): Illuminate\\Database\\Query\\Builder->runSelect()
#4 C:\\Users\\camar\\Bureau\\mindful-journey-ui\\back-mindful-journey-iu\\mindful-journey-back\\vendor\\laravel\\framework\\src\\Illuminate\\Database\\Query\\Builder.php(3763): Illuminate\\Database\\Query\\Builder->Illuminate\\Database\\Query\\{closure}()
#5 C:\\Users\\camar\\Bureau\\mindful-journey-ui\\back-mindful-journey-iu\\mindful-journey-back\\vendor\\laravel\\framework\\src\\Illuminate\\Database\\Query\\Builder.php(3172): Illuminate\\Database\\Query\\Builder->onceWithColumns()
#6 C:\\Users\\camar\\Bureau\\mindful-journey-ui\\back-mindful-journey-iu\\mindful-journey-back\\vendor\\laravel\\framework\\src\\Illuminate\\Database\\Eloquent\\Builder.php(872): Illuminate\\Database\\Query\\Builder->get()
#7 C:\\Users\\camar\\Bureau\\mindful-journey-ui\\back-mindful-journey-iu\\mindful-journey-back\\vendor\\laravel\\framework\\src\\Illuminate\\Database\\Eloquent\\Relations\\BelongsToMany.php(910): Illuminate\\Database\\Eloquent\\Builder->getModels()
#8 C:\\Users\\camar\\Bureau\\mindful-journey-ui\\back-mindful-journey-iu\\mindful-journey-back\\vendor\\laravel\\framework\\src\\Illuminate\\Database\\Eloquent\\Relations\\BelongsToMany.php(844): Illuminate\\Database\\Eloquent\\Relations\\BelongsToMany->get()
#9 C:\\Users\\camar\\Bureau\\mindful-journey-ui\\back-mindful-journey-iu\\mindful-journey-back\\app\\Http\\Controllers\\Api\\ChallengeController.php(22): Illuminate\\Database\\Eloquent\\Relations\\BelongsToMany->first()
#10 [internal function]: App\\Http\\Controllers\\Api\\ChallengeController->App\\Http\\Controllers\\Api\\{closure}()
#11 C:\\Users\\camar\\Bureau\\mindful-journey-ui\\back-mindful-journey-iu\\mindful-journey-back\\vendor\\laravel\\framework\\src\\Illuminate\\Collections\\Arr.php(754): array_map()
#12 C:\\Users\\camar\\Bureau\\mindful-journey-ui\\back-mindful-journey-iu\\mindful-journey-back\\vendor\\laravel\\framework\\src\\Illuminate\\Collections\\Collection.php(809): Illuminate\\Support\\Arr::map()
#13 C:\\Users\\camar\\Bureau\\mindful-journey-ui\\back-mindful-journey-iu\\mindful-journey-back\\vendor\\laravel\\framework\\src\\Illuminate\\Database\\Eloquent\\Collection.php(418): Illuminate\\Support\\Collection->map()
#14 C:\\Users\\camar\\Bureau\\mindful-journey-ui\\back-mindful-journey-iu\\mindful-journey-back\\app\\Http\\Controllers\\Api\\ChallengeController.php(21): Illuminate\\Database\\Eloquent\\Collection->map()
#15 C:\\Users\\camar\\Bureau\\mindful-journey-ui\\back-mindful-journey-iu\\mindful-journey-back\\vendor\\laravel\\framework\\src\\Illuminate\\Routing\\ControllerDispatcher.php(46): App\\Http\\Controllers\\Api\\ChallengeController->index()
#16 C:\\Users\\camar\\Bureau\\mindful-journey-ui\\back-mindful-journey-iu\\mindful-journey-back\\vendor\\laravel\\framework\\src\\Illuminate\\Routing\\Route.php(265): Illuminate\\Routing\\ControllerDispatcher->dispatch()
#17 C:\\Users\\camar\\Bureau\\mindful-journey-ui\\back-mindful-journey-iu\\mindful-journey-back\\vendor\\laravel\\framework\\src\\Illuminate\\Routing\\Route.php(211): Illuminate\\Routing\\Route->runController()
#18 C:\\Users\\camar\\Bureau\\mindful-journey-ui\\back-mindful-journey-iu\\mindful-journey-back\\vendor\\laravel\\framework\\src\\Illuminate\\Routing\\Router.php(808): Illuminate\\Routing\\Route->run()
#19 C:\\Users\\camar\\Bureau\\mindful-journey-ui\\back-mindful-journey-iu\\mindful-journey-back\\vendor\\laravel\\framework\\src\\Illuminate\\Pipeline\\Pipeline.php(169): Illuminate\\Routing\\Router->Illuminate\\Routing\\{closure}()
#20 C:\\Users\\camar\\Bureau\\mindful-journey-ui\\back-mindful-journey-iu\\mindful-journey-back\\vendor\\laravel\\framework\\src\\Illuminate\\Routing\\Middleware\\SubstituteBindings.php(50): Illuminate\\Pipeline\\Pipeline->Illuminate\\Pipeline\\{closure}()
#21 C:\\Users\\camar\\Bureau\\mindful-journey-ui\\back-mindful-journey-iu\\mindful-journey-back\\vendor\\laravel\\framework\\src\\Illuminate\\Pipeline\\Pipeline.php(208): Illuminate\\Routing\\Middleware\\SubstituteBindings->handle()
#22 C:\\Users\\camar\\Bureau\\mindful-journey-ui\\back-mindful-journey-iu\\mindful-journey-back\\vendor\\laravel\\framework\\src\\Illuminate\\Auth\\Middleware\\Authenticate.php(63): Illuminate\\Pipeline\\Pipeline->Illuminate\\Pipeline\\{closure}()
#23 C:\\Users\\camar\\Bureau\\mindful-journey-ui\\back-mindful-journey-iu\\mindful-journey-back\\vendor\\laravel\\framework\\src\\Illuminate\\Pipeline\\Pipeline.php(208): Illuminate\\Auth\\Middleware\\Authenticate->handle()
#24 C:\\Users\\camar\\Bureau\\mindful-journey-ui\\back-mindful-journey-iu\\mindful-journey-back\\vendor\\laravel\\framework\\src\\Illuminate\\Pipeline\\Pipeline.php(126): Illuminate\\Pipeline\\Pipeline->Illuminate\\Pipeline\\{closure}()
#25 C:\\Users\\camar\\Bureau\\mindful-journey-ui\\back-mindful-journey-iu\\mindful-journey-back\\vendor\\laravel\\framework\\src\\Illuminate\\Routing\\Router.php(807): Illuminate\\Pipeline\\Pipeline->then()
#26 C:\\Users\\camar\\Bureau\\mindful-journey-ui\\back-mindful-journey-iu\\mindful-journey-back\\vendor\\laravel\\framework\\src\\Illuminate\\Routing\\Router.php(786): Illuminate\\Routing\\Router->runRouteWithinStack()
#27 C:\\Users\\camar\\Bureau\\mindful-journey-ui\\back-mindful-journey-iu\\mindful-journey-back\\vendor\\laravel\\framework\\src\\Illuminate\\Routing\\Router.php(750): Illuminate\\Routing\\Router->runRoute()
#28 C:\\Users\\camar\\Bureau\\mindful-journey-ui\\back-mindful-journey-iu\\mindful-journey-back\\vendor\\laravel\\framework\\src\\Illuminate\\Routing\\Router.php(739): Illuminate\\Routing\\Router->dispatchToRoute()
#29 C:\\Users\\camar\\Bureau\\mindful-journey-ui\\back-mindful-journey-iu\\mindful-journey-back\\vendor\\laravel\\framework\\src\\Illuminate\\Foundation\\Http\\Kernel.php(200): Illuminate\\Routing\\Router->dispatch()
#30 C:\\Users\\camar\\Bureau\\mindful-journey-ui\\back-mindful-journey-iu\\mindful-journey-back\\vendor\\laravel\\framework\\src\\Illuminate\\Pipeline\\Pipeline.php(169): Illuminate\\Foundation\\Http\\Kernel->Illuminate\\Foundation\\Http\\{closure}()
#31 C:\\Users\\camar\\Bureau\\mindful-journey-ui\\back-mindful-journey-iu\\mindful-journey-back\\vendor\\laravel\\framework\\src\\Illuminate\\Foundation\\Http\\Middleware\\TransformsRequest.php(21): Illuminate\\Pipeline\\Pipeline->Illuminate\\Pipeline\\{closure}()
#32 C:\\Users\\camar\\Bureau\\mindful-journey-ui\\back-mindful-journey-iu\\mindful-journey-back\\vendor\\laravel\\framework\\src\\Illuminate\\Foundation\\Http\\Middleware\\ConvertEmptyStringsToNull.php(31): Illuminate\\Foundation\\Http\\Middleware\\TransformsRequest->handle()
#33 C:\\Users\\camar\\Bureau\\mindful-journey-ui\\back-mindful-journey-iu\\mindful-journey-back\\vendor\\laravel\\framework\\src\\Illuminate\\Pipeline\\Pipeline.php(208): Illuminate\\Foundation\\Http\\Middleware\\ConvertEmptyStringsToNull->handle()
#34 C:\\Users\\camar\\Bureau\\mindful-journey-ui\\back-mindful-journey-iu\\mindful-journey-back\\vendor\\laravel\\framework\\src\\Illuminate\\Foundation\\Http\\Middleware\\TransformsRequest.php(21): Illuminate\\Pipeline\\Pipeline->Illuminate\\Pipeline\\{closure}()
#35 C:\\Users\\camar\\Bureau\\mindful-journey-ui\\back-mindful-journey-iu\\mindful-journey-back\\vendor\\laravel\\framework\\src\\Illuminate\\Foundation\\Http\\Middleware\\TrimStrings.php(51): Illuminate\\Foundation\\Http\\Middleware\\TransformsRequest->handle()
#36 C:\\Users\\camar\\Bureau\\mindful-journey-ui\\back-mindful-journey-iu\\mindful-journey-back\\vendor\\laravel\\framework\\src\\Illuminate\\Pipeline\\Pipeline.php(208): Illuminate\\Foundation\\Http\\Middleware\\TrimStrings->handle()
#37 C:\\Users\\camar\\Bureau\\mindful-journey-ui\\back-mindful-journey-iu\\mindful-journey-back\\vendor\\laravel\\framework\\src\\Illuminate\\Http\\Middleware\\ValidatePostSize.php(27): Illuminate\\Pipeline\\Pipeline->Illuminate\\Pipeline\\{closure}()
#38 C:\\Users\\camar\\Bureau\\mindful-journey-ui\\back-mindful-journey-iu\\mindful-journey-back\\vendor\\laravel\\framework\\src\\Illuminate\\Pipeline\\Pipeline.php(208): Illuminate\\Http\\Middleware\\ValidatePostSize->handle()
#39 C:\\Users\\camar\\Bureau\\mindful-journey-ui\\back-mindful-journey-iu\\mindful-journey-back\\vendor\\laravel\\framework\\src\\Illuminate\\Foundation\\Http\\Middleware\\PreventRequestsDuringMaintenance.php(109): Illuminate\\Pipeline\\Pipeline->Illuminate\\Pipeline\\{closure}()
#40 C:\\Users\\camar\\Bureau\\mindful-journey-ui\\back-mindful-journey-iu\\mindful-journey-back\\vendor\\laravel\\framework\\src\\Illuminate\\Pipeline\\Pipeline.php(208): Illuminate\\Foundation\\Http\\Middleware\\PreventRequestsDuringMaintenance->handle()
#41 C:\\Users\\camar\\Bureau\\mindful-journey-ui\\back-mindful-journey-iu\\mindful-journey-back\\vendor\\laravel\\framework\\src\\Illuminate\\Http\\Middleware\\HandleCors.php(61): Illuminate\\Pipeline\\Pipeline->Illuminate\\Pipeline\\{closure}()
#42 C:\\Users\\camar\\Bureau\\mindful-journey-ui\\back-mindful-journey-iu\\mindful-journey-back\\vendor\\laravel\\framework\\src\\Illuminate\\Pipeline\\Pipeline.php(208): Illuminate\\Http\\Middleware\\HandleCors->handle()
#43 C:\\Users\\camar\\Bureau\\mindful-journey-ui\\back-mindful-journey-iu\\mindful-journey-back\\vendor\\laravel\\framework\\src\\Illuminate\\Http\\Middleware\\TrustProxies.php(58): Illuminate\\Pipeline\\Pipeline->Illuminate\\Pipeline\\{closure}()
#44 C:\\Users\\camar\\Bureau\\mindful-journey-ui\\back-mindful-journey-iu\\mindful-journey-back\\vendor\\laravel\\framework\\src\\Illuminate\\Pipeline\\Pipeline.php(208): Illuminate\\Http\\Middleware\\TrustProxies->handle()
#45 C:\\Users\\camar\\Bureau\\mindful-journey-ui\\back-mindful-journey-iu\\mindful-journey-back\\vendor\\laravel\\framework\\src\\Illuminate\\Foundation\\Http\\Middleware\\InvokeDeferredCallbacks.php(22): Illuminate\\Pipeline\\Pipeline->Illuminate\\Pipeline\\{closure}()
#46 C:\\Users\\camar\\Bureau\\mindful-journey-ui\\back-mindful-journey-iu\\mindful-journey-back\\vendor\\laravel\\framework\\src\\Illuminate\\Pipeline\\Pipeline.php(208): Illuminate\\Foundation\\Http\\Middleware\\InvokeDeferredCallbacks->handle()
#47 C:\\Users\\camar\\Bureau\\mindful-journey-ui\\back-mindful-journey-iu\\mindful-journey-back\\vendor\\laravel\\framework\\src\\Illuminate\\Http\\Middleware\\ValidatePathEncoding.php(26): Illuminate\\Pipeline\\Pipeline->Illuminate\\Pipeline\\{closure}()
#48 C:\\Users\\camar\\Bureau\\mindful-journey-ui\\back-mindful-journey-iu\\mindful-journey-back\\vendor\\laravel\\framework\\src\\Illuminate\\Pipeline\\Pipeline.php(208): Illuminate\\Http\\Middleware\\ValidatePathEncoding->handle()
#49 C:\\Users\\camar\\Bureau\\mindful-journey-ui\\back-mindful-journey-iu\\mindful-journey-back\\vendor\\laravel\\framework\\src\\Illuminate\\Pipeline\\Pipeline.php(126): Illuminate\\Pipeline\\Pipeline->Illuminate\\Pipeline\\{closure}()
#50 C:\\Users\\camar\\Bureau\\mindful-journey-ui\\back-mindful-journey-iu\\mindful-journey-back\\vendor\\laravel\\framework\\src\\Illuminate\\Foundation\\Http\\Kernel.php(175): Illuminate\\Pipeline\\Pipeline->then()
#51 C:\\Users\\camar\\Bureau\\mindful-journey-ui\\back-mindful-journey-iu\\mindful-journey-back\\vendor\\laravel\\framework\\src\\Illuminate\\Foundation\\Http\\Kernel.php(144): Illuminate\\Foundation\\Http\\Kernel->sendRequestThroughRouter()
#52 C:\\Users\\camar\\Bureau\\mindful-journey-ui\\back-mindful-journey-iu\\mindful-journey-back\\vendor\\laravel\\framework\\src\\Illuminate\\Foundation\\Application.php(1219): Illuminate\\Foundation\\Http\\Kernel->handle()
#53 C:\\Users\\camar\\Bureau\\mindful-journey-ui\\back-mindful-journey-iu\\mindful-journey-back\\public\\index.php(20): Illuminate\\Foundation\\Application->handleRequest()
#54 C:\\Users\\camar\\Bureau\\mindful-journey-ui\\back-mindful-journey-iu\\mindful-journey-back\\vendor\\laravel\\framework\\src\\Illuminate\\Foundation\\resources\\server.php(23): require_once('...')
#55 {main}

[previous exception] [object] (PDOException(code: HY000): SQLSTATE[HY000]: General error: 1 no such column: challenge_user.completed_at at C:\\Users\\camar\\Bureau\\mindful-journey-ui\\back-mindful-journey-iu\\mindful-journey-back\\vendor\\laravel\\framework\\src\\Illuminate\\Database\\Connection.php:406)
[stacktrace]
#0 C:\\Users\\camar\\Bureau\\mindful-journey-ui\\back-mindful-journey-iu\\mindful-journey-back\\vendor\\laravel\\framework\\src\\Illuminate\\Database\\Connection.php(406): PDO->prepare()
#1 C:\\Users\\camar\\Bureau\\mindful-journey-ui\\back-mindful-journey-iu\\mindful-journey-back\\vendor\\laravel\\framework\\src\\Illuminate\\Database\\Connection.php(811): Illuminate\\Database\\Connection->Illuminate\\Database\\{closure}()
#2 C:\\Users\\camar\\Bureau\\mindful-journey-ui\\back-mindful-journey-iu\\mindful-journey-back\\vendor\\laravel\\framework\\src\\Illuminate\\Database\\Connection.php(778): Illuminate\\Database\\Connection->runQueryCallback()
#3 C:\\Users\\camar\\Bureau\\mindful-journey-ui\\back-mindful-journey-iu\\mindful-journey-back\\vendor\\laravel\\framework\\src\\Illuminate\\Database\\Connection.php(397): Illuminate\\Database\\Connection->run()
#4 C:\\Users\\camar\\Bureau\\mindful-journey-ui\\back-mindful-journey-iu\\mindful-journey-back\\vendor\\laravel\\framework\\src\\Illuminate\\Database\\Query\\Builder.php(3188): Illuminate\\Database\\Connection->select()
#5 C:\\Users\\camar\\Bureau\\mindful-journey-ui\\back-mindful-journey-iu\\mindful-journey-back\\vendor\\laravel\\framework\\src\\Illuminate\\Database\\Query\\Builder.php(3173): Illuminate\\Database\\Query\\Builder->runSelect()
#6 C:\\Users\\camar\\Bureau\\mindful-journey-ui\\back-mindful-journey-iu\\mindful-journey-back\\vendor\\laravel\\framework\\src\\Illuminate\\Database\\Query\\Builder.php(3763): Illuminate\\Database\\Query\\Builder->Illuminate\\Database\\Query\\{closure}()
#7 C:\\Users\\camar\\Bureau\\mindful-journey-ui\\back-mindful-journey-iu\\mindful-journey-back\\vendor\\laravel\\framework\\src\\Illuminate\\Database\\Query\\Builder.php(3172): Illuminate\\Database\\Query\\Builder->onceWithColumns()
#8 C:\\Users\\camar\\Bureau\\mindful-journey-ui\\back-mindful-journey-iu\\mindful-journey-back\\vendor\\laravel\\framework\\src\\Illuminate\\Database\\Eloquent\\Builder.php(872): Illuminate\\Database\\Query\\Builder->get()
#9 C:\\Users\\camar\\Bureau\\mindful-journey-ui\\back-mindful-journey-iu\\mindful-journey-back\\vendor\\laravel\\framework\\src\\Illuminate\\Database\\Eloquent\\Relations\\BelongsToMany.php(910): Illuminate\\Database\\Eloquent\\Builder->getModels()
#10 C:\\Users\\camar\\Bureau\\mindful-journey-ui\\back-mindful-journey-iu\\mindful-journey-back\\vendor\\laravel\\framework\\src\\Illuminate\\Database\\Eloquent\\Relations\\BelongsToMany.php(844): Illuminate\\Database\\Eloquent\\Relations\\BelongsToMany->get()
#11 C:\\Users\\camar\\Bureau\\mindful-journey-ui\\back-mindful-journey-iu\\mindful-journey-back\\app\\Http\\Controllers\\Api\\ChallengeController.php(22): Illuminate\\Database\\Eloquent\\Relations\\BelongsToMany->first()
#12 [internal function]: App\\Http\\Controllers\\Api\\ChallengeController->App\\Http\\Controllers\\Api\\{closure}()
#13 C:\\Users\\camar\\Bureau\\mindful-journey-ui\\back-mindful-journey-iu\\mindful-journey-back\\vendor\\laravel\\framework\\src\\Illuminate\\Collections\\Arr.php(754): array_map()
#14 C:\\Users\\camar\\Bureau\\mindful-journey-ui\\back-mindful-journey-iu\\mindful-journey-back\\vendor\\laravel\\framework\\src\\Illuminate\\Collections\\Collection.php(809): Illuminate\\Support\\Arr::map()
#15 C:\\Users\\camar\\Bureau\\mindful-journey-ui\\back-mindful-journey-iu\\mindful-journey-back\\vendor\\laravel\\framework\\src\\Illuminate\\Database\\Eloquent\\Collection.php(418): Illuminate\\Support\\Collection->map()
#16 C:\\Users\\camar\\Bureau\\mindful-journey-ui\\back-mindful-journey-iu\\mindful-journey-back\\app\\Http\\Controllers\\Api\\ChallengeController.php(21): Illuminate\\Database\\Eloquent\\Collection->map()
#17 C:\\Users\\camar\\Bureau\\mindful-journey-ui\\back-mindful-journey-iu\\mindful-journey-back\\vendor\\laravel\\framework\\src\\Illuminate\\Routing\\ControllerDispatcher.php(46): App\\Http\\Controllers\\Api\\ChallengeController->index()
#18 C:\\Users\\camar\\Bureau\\mindful-journey-ui\\back-mindful-journey-iu\\mindful-journey-back\\vendor\\laravel\\framework\\src\\Illuminate\\Routing\\Route.php(265): Illuminate\\Routing\\ControllerDispatcher->dispatch()
#19 C:\\Users\\camar\\Bureau\\mindful-journey-ui\\back-mindful-journey-iu\\mindful-journey-back\\vendor\\laravel\\framework\\src\\Illuminate\\Routing\\Route.php(211): Illuminate\\Routing\\Route->runController()
#20 C:\\Users\\camar\\Bureau\\mindful-journey-ui\\back-mindful-journey-iu\\mindful-journey-back\\vendor\\laravel\\framework\\src\\Illuminate\\Routing\\Router.php(808): Illuminate\\Routing\\Route->run()
#21 C:\\Users\\camar\\Bureau\\mindful-journey-ui\\back-mindful-journey-iu\\mindful-journey-back\\vendor\\laravel\\framework\\src\\Illuminate\\Pipeline\\Pipeline.php(169): Illuminate\\Routing\\Router->Illuminate\\Routing\\{closure}()
#22 C:\\Users\\camar\\Bureau\\mindful-journey-ui\\back-mindful-journey-iu\\mindful-journey-back\\vendor\\laravel\\framework\\src\\Illuminate\\Routing\\Middleware\\SubstituteBindings.php(50): Illuminate\\Pipeline\\Pipeline->Illuminate\\Pipeline\\{closure}()
#23 C:\\Users\\camar\\Bureau\\mindful-journey-ui\\back-mindful-journey-iu\\mindful-journey-back\\vendor\\laravel\\framework\\src\\Illuminate\\Pipeline\\Pipeline.php(208): Illuminate\\Routing\\Middleware\\SubstituteBindings->handle()
#24 C:\\Users\\camar\\Bureau\\mindful-journey-ui\\back-mindful-journey-iu\\mindful-journey-back\\vendor\\laravel\\framework\\src\\Illuminate\\Auth\\Middleware\\Authenticate.php(63): Illuminate\\Pipeline\\Pipeline->Illuminate\\Pipeline\\{closure}()
#25 C:\\Users\\camar\\Bureau\\mindful-journey-ui\\back-mindful-journey-iu\\mindful-journey-back\\vendor\\laravel\\framework\\src\\Illuminate\\Pipeline\\Pipeline.php(208): Illuminate\\Auth\\Middleware\\Authenticate->handle()
#26 C:\\Users\\camar\\Bureau\\mindful-journey-ui\\back-mindful-journey-iu\\mindful-journey-back\\vendor\\laravel\\framework\\src\\Illuminate\\Pipeline\\Pipeline.php(126): Illuminate\\Pipeline\\Pipeline->Illuminate\\Pipeline\\{closure}()
#27 C:\\Users\\camar\\Bureau\\mindful-journey-ui\\back-mindful-journey-iu\\mindful-journey-back\\vendor\\laravel\\framework\\src\\Illuminate\\Routing\\Router.php(807): Illuminate\\Pipeline\\Pipeline->then()
#28 C:\\Users\\camar\\Bureau\\mindful-journey-ui\\back-mindful-journey-iu\\mindful-journey-back\\vendor\\laravel\\framework\\src\\Illuminate\\Routing\\Router.php(786): Illuminate\\Routing\\Router->runRouteWithinStack()
#29 C:\\Users\\camar\\Bureau\\mindful-journey-ui\\back-mindful-journey-iu\\mindful-journey-back\\vendor\\laravel\\framework\\src\\Illuminate\\Routing\\Router.php(750): Illuminate\\Routing\\Router->runRoute()
#30 C:\\Users\\camar\\Bureau\\mindful-journey-ui\\back-mindful-journey-iu\\mindful-journey-back\\vendor\\laravel\\framework\\src\\Illuminate\\Routing\\Router.php(739): Illuminate\\Routing\\Router->dispatchToRoute()
#31 C:\\Users\\camar\\Bureau\\mindful-journey-ui\\back-mindful-journey-iu\\mindful-journey-back\\vendor\\laravel\\framework\\src\\Illuminate\\Foundation\\Http\\Kernel.php(200): Illuminate\\Routing\\Router->dispatch()
#32 C:\\Users\\camar\\Bureau\\mindful-journey-ui\\back-mindful-journey-iu\\mindful-journey-back\\vendor\\laravel\\framework\\src\\Illuminate\\Pipeline\\Pipeline.php(169): Illuminate\\Foundation\\Http\\Kernel->Illuminate\\Foundation\\Http\\{closure}()
#33 C:\\Users\\camar\\Bureau\\mindful-journey-ui\\back-mindful-journey-iu\\mindful-journey-back\\vendor\\laravel\\framework\\src\\Illuminate\\Foundation\\Http\\Middleware\\TransformsRequest.php(21): Illuminate\\Pipeline\\Pipeline->Illuminate\\Pipeline\\{closure}()
#34 C:\\Users\\camar\\Bureau\\mindful-journey-ui\\back-mindful-journey-iu\\mindful-journey-back\\vendor\\laravel\\framework\\src\\Illuminate\\Foundation\\Http\\Middleware\\ConvertEmptyStringsToNull.php(31): Illuminate\\Foundation\\Http\\Middleware\\TransformsRequest->handle()
#35 C:\\Users\\camar\\Bureau\\mindful-journey-ui\\back-mindful-journey-iu\\mindful-journey-back\\vendor\\laravel\\framework\\src\\Illuminate\\Pipeline\\Pipeline.php(208): Illuminate\\Foundation\\Http\\Middleware\\ConvertEmptyStringsToNull->handle()
#36 C:\\Users\\camar\\Bureau\\mindful-journey-ui\\back-mindful-journey-iu\\mindful-journey-back\\vendor\\laravel\\framework\\src\\Illuminate\\Foundation\\Http\\Middleware\\TransformsRequest.php(21): Illuminate\\Pipeline\\Pipeline->Illuminate\\Pipeline\\{closure}()
#37 C:\\Users\\camar\\Bureau\\mindful-journey-ui\\back-mindful-journey-iu\\mindful-journey-back\\vendor\\laravel\\framework\\src\\Illuminate\\Foundation\\Http\\Middleware\\TrimStrings.php(51): Illuminate\\Foundation\\Http\\Middleware\\TransformsRequest->handle()
#38 C:\\Users\\camar\\Bureau\\mindful-journey-ui\\back-mindful-journey-iu\\mindful-journey-back\\vendor\\laravel\\framework\\src\\Illuminate\\Pipeline\\Pipeline.php(208): Illuminate\\Foundation\\Http\\Middleware\\TrimStrings->handle()
#39 C:\\Users\\camar\\Bureau\\mindful-journey-ui\\back-mindful-journey-iu\\mindful-journey-back\\vendor\\laravel\\framework\\src\\Illuminate\\Http\\Middleware\\ValidatePostSize.php(27): Illuminate\\Pipeline\\Pipeline->Illuminate\\Pipeline\\{closure}()
#40 C:\\Users\\camar\\Bureau\\mindful-journey-ui\\back-mindful-journey-iu\\mindful-journey-back\\vendor\\laravel\\framework\\src\\Illuminate\\Pipeline\\Pipeline.php(208): Illuminate\\Http\\Middleware\\ValidatePostSize->handle()
#41 C:\\Users\\camar\\Bureau\\mindful-journey-ui\\back-mindful-journey-iu\\mindful-journey-back\\vendor\\laravel\\framework\\src\\Illuminate\\Foundation\\Http\\Middleware\\PreventRequestsDuringMaintenance.php(109): Illuminate\\Pipeline\\Pipeline->Illuminate\\Pipeline\\{closure}()
#42 C:\\Users\\camar\\Bureau\\mindful-journey-ui\\back-mindful-journey-iu\\mindful-journey-back\\vendor\\laravel\\framework\\src\\Illuminate\\Pipeline\\Pipeline.php(208): Illuminate\\Foundation\\Http\\Middleware\\PreventRequestsDuringMaintenance->handle()
#43 C:\\Users\\camar\\Bureau\\mindful-journey-ui\\back-mindful-journey-iu\\mindful-journey-back\\vendor\\laravel\\framework\\src\\Illuminate\\Http\\Middleware\\HandleCors.php(61): Illuminate\\Pipeline\\Pipeline->Illuminate\\Pipeline\\{closure}()
#44 C:\\Users\\camar\\Bureau\\mindful-journey-ui\\back-mindful-journey-iu\\mindful-journey-back\\vendor\\laravel\\framework\\src\\Illuminate\\Pipeline\\Pipeline.php(208): Illuminate\\Http\\Middleware\\HandleCors->handle()
#45 C:\\Users\\camar\\Bureau\\mindful-journey-ui\\back-mindful-journey-iu\\mindful-journey-back\\vendor\\laravel\\framework\\src\\Illuminate\\Http\\Middleware\\TrustProxies.php(58): Illuminate\\Pipeline\\Pipeline->Illuminate\\Pipeline\\{closure}()
#46 C:\\Users\\camar\\Bureau\\mindful-journey-ui\\back-mindful-journey-iu\\mindful-journey-back\\vendor\\laravel\\framework\\src\\Illuminate\\Pipeline\\Pipeline.php(208): Illuminate\\Http\\Middleware\\TrustProxies->handle()
#47 C:\\Users\\camar\\Bureau\\mindful-journey-ui\\back-mindful-journey-iu\\mindful-journey-back\\vendor\\laravel\\framework\\src\\Illuminate\\Foundation\\Http\\Middleware\\InvokeDeferredCallbacks.php(22): Illuminate\\Pipeline\\Pipeline->Illuminate\\Pipeline\\{closure}()
#48 C:\\Users\\camar\\Bureau\\mindful-journey-ui\\back-mindful-journey-iu\\mindful-journey-back\\vendor\\laravel\\framework\\src\\Illuminate\\Pipeline\\Pipeline.php(208): Illuminate\\Foundation\\Http\\Middleware\\InvokeDeferredCallbacks->handle()
#49 C:\\Users\\camar\\Bureau\\mindful-journey-ui\\back-mindful-journey-iu\\mindful-journey-back\\vendor\\laravel\\framework\\src\\Illuminate\\Http\\Middleware\\ValidatePathEncoding.php(26): Illuminate\\Pipeline\\Pipeline->Illuminate\\Pipeline\\{closure}()
#50 C:\\Users\\camar\\Bureau\\mindful-journey-ui\\back-mindful-journey-iu\\mindful-journey-back\\vendor\\laravel\\framework\\src\\Illuminate\\Pipeline\\Pipeline.php(208): Illuminate\\Http\\Middleware\\ValidatePathEncoding->handle()
#51 C:\\Users\\camar\\Bureau\\mindful-journey-ui\\back-mindful-journey-iu\\mindful-journey-back\\vendor\\laravel\\framework\\src\\Illuminate\\Pipeline\\Pipeline.php(126): Illuminate\\Pipeline\\Pipeline->Illuminate\\Pipeline\\{closure}()
#52 C:\\Users\\camar\\Bureau\\mindful-journey-ui\\back-mindful-journey-iu\\mindful-journey-back\\vendor\\laravel\\framework\\src\\Illuminate\\Foundation\\Http\\Kernel.php(175): Illuminate\\Pipeline\\Pipeline->then()
#53 C:\\Users\\camar\\Bureau\\mindful-journey-ui\\back-mindful-journey-iu\\mindful-journey-back\\vendor\\laravel\\framework\\src\\Illuminate\\Foundation\\Http\\Kernel.php(144): Illuminate\\Foundation\\Http\\Kernel->sendRequestThroughRouter()
#54 C:\\Users\\camar\\Bureau\\mindful-journey-ui\\back-mindful-journey-iu\\mindful-journey-back\\vendor\\laravel\\framework\\src\\Illuminate\\Foundation\\Application.php(1219): Illuminate\\Foundation\\Http\\Kernel->handle()
#55 C:\\Users\\camar\\Bureau\\mindful-journey-ui\\back-mindful-journey-iu\\mindful-journey-back\\public\\index.php(20): Illuminate\\Foundation\\Application->handleRequest()
#56 C:\\Users\\camar\\Bureau\\mindful-journey-ui\\back-mindful-journey-iu\\mindful-journey-back\\vendor\\laravel\\framework\\src\\Illuminate\\Foundation\\resources\\server.php(23): require_once('...')
#57 {main}
"} 
[2025-08-16 00:00:48] local.ERROR: SQLSTATE[HY000]: General error: 1 table "challenges" already exists (Connection: sqlite, SQL: create table "challenges" ("id" integer primary key autoincrement not null, "title" varchar not null, "description" text, "created_at" datetime, "updated_at" datetime)) {"exception":"[object] (Illuminate\\Database\\QueryException(code: HY000): SQLSTATE[HY000]: General error: 1 table \"challenges\" already exists (Connection: sqlite, SQL: create table \"challenges\" (\"id\" integer primary key autoincrement not null, \"title\" varchar not null, \"description\" text, \"created_at\" datetime, \"updated_at\" datetime)) at C:\\Users\\camar\\Bureau\\mindful-journey-ui\\back-mindful-journey-iu\\mindful-journey-back\\vendor\\laravel\\framework\\src\\Illuminate\\Database\\Connection.php:824)
[stacktrace]
#0 C:\\Users\\camar\\Bureau\\mindful-journey-ui\\back-mindful-journey-iu\\mindful-journey-back\\vendor\\laravel\\framework\\src\\Illuminate\\Database\\Connection.php(778): Illuminate\\Database\\Connection->runQueryCallback()
#1 C:\\Users\\camar\\Bureau\\mindful-journey-ui\\back-mindful-journey-iu\\mindful-journey-back\\vendor\\laravel\\framework\\src\\Illuminate\\Database\\Connection.php(559): Illuminate\\Database\\Connection->run()
#2 C:\\Users\\camar\\Bureau\\mindful-journey-ui\\back-mindful-journey-iu\\mindful-journey-back\\vendor\\laravel\\framework\\src\\Illuminate\\Database\\Schema\\Blueprint.php(119): Illuminate\\Database\\Connection->statement()
#3 C:\\Users\\camar\\Bureau\\mindful-journey-ui\\back-mindful-journey-iu\\mindful-journey-back\\vendor\\laravel\\framework\\src\\Illuminate\\Database\\Schema\\Builder.php(618): Illuminate\\Database\\Schema\\Blueprint->build()
#4 C:\\Users\\camar\\Bureau\\mindful-journey-ui\\back-mindful-journey-iu\\mindful-journey-back\\vendor\\laravel\\framework\\src\\Illuminate\\Database\\Schema\\Builder.php(472): Illuminate\\Database\\Schema\\Builder->build()
#5 C:\\Users\\camar\\Bureau\\mindful-journey-ui\\back-mindful-journey-iu\\mindful-journey-back\\vendor\\laravel\\framework\\src\\Illuminate\\Support\\Facades\\Facade.php(361): Illuminate\\Database\\Schema\\Builder->create()
#6 C:\\Users\\camar\\Bureau\\mindful-journey-ui\\back-mindful-journey-iu\\mindful-journey-back\\database\\migrations\\2025_08_15_000001_create_challenges_table.php(9): Illuminate\\Support\\Facades\\Facade::__callStatic()
#7 C:\\Users\\camar\\Bureau\\mindful-journey-ui\\back-mindful-journey-iu\\mindful-journey-back\\vendor\\laravel\\framework\\src\\Illuminate\\Database\\Migrations\\Migrator.php(514): Illuminate\\Database\\Migrations\\Migration@anonymous->up()
#8 C:\\Users\\camar\\Bureau\\mindful-journey-ui\\back-mindful-journey-iu\\mindful-journey-back\\vendor\\laravel\\framework\\src\\Illuminate\\Database\\Migrations\\Migrator.php(439): Illuminate\\Database\\Migrations\\Migrator->runMethod()
#9 C:\\Users\\camar\\Bureau\\mindful-journey-ui\\back-mindful-journey-iu\\mindful-journey-back\\vendor\\laravel\\framework\\src\\Illuminate\\Database\\Migrations\\Migrator.php(448): Illuminate\\Database\\Migrations\\Migrator->Illuminate\\Database\\Migrations\\{closure}()
#10 C:\\Users\\camar\\Bureau\\mindful-journey-ui\\back-mindful-journey-iu\\mindful-journey-back\\vendor\\laravel\\framework\\src\\Illuminate\\Database\\Migrations\\Migrator.php(250): Illuminate\\Database\\Migrations\\Migrator->runMigration()
#11 C:\\Users\\camar\\Bureau\\mindful-journey-ui\\back-mindful-journey-iu\\mindful-journey-back\\vendor\\laravel\\framework\\src\\Illuminate\\Console\\View\\Components\\Task.php(41): Illuminate\\Database\\Migrations\\Migrator->Illuminate\\Database\\Migrations\\{closure}()
#12 C:\\Users\\camar\\Bureau\\mindful-journey-ui\\back-mindful-journey-iu\\mindful-journey-back\\vendor\\laravel\\framework\\src\\Illuminate\\Database\\Migrations\\Migrator.php(809): Illuminate\\Console\\View\\Components\\Task->render()
#13 C:\\Users\\camar\\Bureau\\mindful-journey-ui\\back-mindful-journey-iu\\mindful-journey-back\\vendor\\laravel\\framework\\src\\Illuminate\\Database\\Migrations\\Migrator.php(250): Illuminate\\Database\\Migrations\\Migrator->write()
#14 C:\\Users\\camar\\Bureau\\mindful-journey-ui\\back-mindful-journey-iu\\mindful-journey-back\\vendor\\laravel\\framework\\src\\Illuminate\\Database\\Migrations\\Migrator.php(210): Illuminate\\Database\\Migrations\\Migrator->runUp()
#15 C:\\Users\\camar\\Bureau\\mindful-journey-ui\\back-mindful-journey-iu\\mindful-journey-back\\vendor\\laravel\\framework\\src\\Illuminate\\Database\\Migrations\\Migrator.php(137): Illuminate\\Database\\Migrations\\Migrator->runPending()
#16 C:\\Users\\camar\\Bureau\\mindful-journey-ui\\back-mindful-journey-iu\\mindful-journey-back\\vendor\\laravel\\framework\\src\\Illuminate\\Database\\Console\\Migrations\\MigrateCommand.php(116): Illuminate\\Database\\Migrations\\Migrator->run()
#17 C:\\Users\\camar\\Bureau\\mindful-journey-ui\\back-mindful-journey-iu\\mindful-journey-back\\vendor\\laravel\\framework\\src\\Illuminate\\Database\\Migrations\\Migrator.php(666): Illuminate\\Database\\Console\\Migrations\\MigrateCommand->Illuminate\\Database\\Console\\Migrations\\{closure}()
#18 C:\\Users\\camar\\Bureau\\mindful-journey-ui\\back-mindful-journey-iu\\mindful-journey-back\\vendor\\laravel\\framework\\src\\Illuminate\\Database\\Console\\Migrations\\MigrateCommand.php(109): Illuminate\\Database\\Migrations\\Migrator->usingConnection()
#19 C:\\Users\\camar\\Bureau\\mindful-journey-ui\\back-mindful-journey-iu\\mindful-journey-back\\vendor\\laravel\\framework\\src\\Illuminate\\Database\\Console\\Migrations\\MigrateCommand.php(88): Illuminate\\Database\\Console\\Migrations\\MigrateCommand->runMigrations()
#20 C:\\Users\\camar\\Bureau\\mindful-journey-ui\\back-mindful-journey-iu\\mindful-journey-back\\vendor\\laravel\\framework\\src\\Illuminate\\Container\\BoundMethod.php(36): Illuminate\\Database\\Console\\Migrations\\MigrateCommand->handle()
#21 C:\\Users\\camar\\Bureau\\mindful-journey-ui\\back-mindful-journey-iu\\mindful-journey-back\\vendor\\laravel\\framework\\src\\Illuminate\\Container\\Util.php(43): Illuminate\\Container\\BoundMethod::Illuminate\\Container\\{closure}()
#22 C:\\Users\\camar\\Bureau\\mindful-journey-ui\\back-mindful-journey-iu\\mindful-journey-back\\vendor\\laravel\\framework\\src\\Illuminate\\Container\\BoundMethod.php(96): Illuminate\\Container\\Util::unwrapIfClosure()
#23 C:\\Users\\camar\\Bureau\\mindful-journey-ui\\back-mindful-journey-iu\\mindful-journey-back\\vendor\\laravel\\framework\\src\\Illuminate\\Container\\BoundMethod.php(35): Illuminate\\Container\\BoundMethod::callBoundMethod()
#24 C:\\Users\\camar\\Bureau\\mindful-journey-ui\\back-mindful-journey-iu\\mindful-journey-back\\vendor\\laravel\\framework\\src\\Illuminate\\Container\\Container.php(780): Illuminate\\Container\\BoundMethod::call()
#25 C:\\Users\\camar\\Bureau\\mindful-journey-ui\\back-mindful-journey-iu\\mindful-journey-back\\vendor\\laravel\\framework\\src\\Illuminate\\Console\\Command.php(211): Illuminate\\Container\\Container->call()
#26 C:\\Users\\camar\\Bureau\\mindful-journey-ui\\back-mindful-journey-iu\\mindful-journey-back\\vendor\\symfony\\console\\Command\\Command.php(318): Illuminate\\Console\\Command->execute()
#27 C:\\Users\\camar\\Bureau\\mindful-journey-ui\\back-mindful-journey-iu\\mindful-journey-back\\vendor\\laravel\\framework\\src\\Illuminate\\Console\\Command.php(180): Symfony\\Component\\Console\\Command\\Command->run()
#28 C:\\Users\\camar\\Bureau\\mindful-journey-ui\\back-mindful-journey-iu\\mindful-journey-back\\vendor\\symfony\\console\\Application.php(1092): Illuminate\\Console\\Command->run()
#29 C:\\Users\\camar\\Bureau\\mindful-journey-ui\\back-mindful-journey-iu\\mindful-journey-back\\vendor\\symfony\\console\\Application.php(341): Symfony\\Component\\Console\\Application->doRunCommand()
#30 C:\\Users\\camar\\Bureau\\mindful-journey-ui\\back-mindful-journey-iu\\mindful-journey-back\\vendor\\symfony\\console\\Application.php(192): Symfony\\Component\\Console\\Application->doRun()
#31 C:\\Users\\camar\\Bureau\\mindful-journey-ui\\back-mindful-journey-iu\\mindful-journey-back\\vendor\\laravel\\framework\\src\\Illuminate\\Foundation\\Console\\Kernel.php(197): Symfony\\Component\\Console\\Application->run()
#32 C:\\Users\\camar\\Bureau\\mindful-journey-ui\\back-mindful-journey-iu\\mindful-journey-back\\vendor\\laravel\\framework\\src\\Illuminate\\Foundation\\Application.php(1234): Illuminate\\Foundation\\Console\\Kernel->handle()
#33 C:\\Users\\camar\\Bureau\\mindful-journey-ui\\back-mindful-journey-iu\\mindful-journey-back\\artisan(16): Illuminate\\Foundation\\Application->handleCommand()
#34 {main}

[previous exception] [object] (PDOException(code: HY000): SQLSTATE[HY000]: General error: 1 table \"challenges\" already exists at C:\\Users\\camar\\Bureau\\mindful-journey-ui\\back-mindful-journey-iu\\mindful-journey-back\\vendor\\laravel\\framework\\src\\Illuminate\\Database\\Connection.php:564)
[stacktrace]
#0 C:\\Users\\camar\\Bureau\\mindful-journey-ui\\back-mindful-journey-iu\\mindful-journey-back\\vendor\\laravel\\framework\\src\\Illuminate\\Database\\Connection.php(564): PDO->prepare()
#1 C:\\Users\\camar\\Bureau\\mindful-journey-ui\\back-mindful-journey-iu\\mindful-journey-back\\vendor\\laravel\\framework\\src\\Illuminate\\Database\\Connection.php(811): Illuminate\\Database\\Connection->Illuminate\\Database\\{closure}()
#2 C:\\Users\\camar\\Bureau\\mindful-journey-ui\\back-mindful-journey-iu\\mindful-journey-back\\vendor\\laravel\\framework\\src\\Illuminate\\Database\\Connection.php(778): Illuminate\\Database\\Connection->runQueryCallback()
#3 C:\\Users\\camar\\Bureau\\mindful-journey-ui\\back-mindful-journey-iu\\mindful-journey-back\\vendor\\laravel\\framework\\src\\Illuminate\\Database\\Connection.php(559): Illuminate\\Database\\Connection->run()
#4 C:\\Users\\camar\\Bureau\\mindful-journey-ui\\back-mindful-journey-iu\\mindful-journey-back\\vendor\\laravel\\framework\\src\\Illuminate\\Database\\Schema\\Blueprint.php(119): Illuminate\\Database\\Connection->statement()
#5 C:\\Users\\camar\\Bureau\\mindful-journey-ui\\back-mindful-journey-iu\\mindful-journey-back\\vendor\\laravel\\framework\\src\\Illuminate\\Database\\Schema\\Builder.php(618): Illuminate\\Database\\Schema\\Blueprint->build()
#6 C:\\Users\\camar\\Bureau\\mindful-journey-ui\\back-mindful-journey-iu\\mindful-journey-back\\vendor\\laravel\\framework\\src\\Illuminate\\Database\\Schema\\Builder.php(472): Illuminate\\Database\\Schema\\Builder->build()
#7 C:\\Users\\camar\\Bureau\\mindful-journey-ui\\back-mindful-journey-iu\\mindful-journey-back\\vendor\\laravel\\framework\\src\\Illuminate\\Support\\Facades\\Facade.php(361): Illuminate\\Database\\Schema\\Builder->create()
#8 C:\\Users\\camar\\Bureau\\mindful-journey-ui\\back-mindful-journey-iu\\mindful-journey-back\\database\\migrations\\2025_08_15_000001_create_challenges_table.php(9): Illuminate\\Support\\Facades\\Facade::__callStatic()
#9 C:\\Users\\camar\\Bureau\\mindful-journey-ui\\back-mindful-journey-iu\\mindful-journey-back\\vendor\\laravel\\framework\\src\\Illuminate\\Database\\Migrations\\Migrator.php(514): Illuminate\\Database\\Migrations\\Migration@anonymous->up()
#10 C:\\Users\\camar\\Bureau\\mindful-journey-ui\\back-mindful-journey-iu\\mindful-journey-back\\vendor\\laravel\\framework\\src\\Illuminate\\Database\\Migrations\\Migrator.php(439): Illuminate\\Database\\Migrations\\Migrator->runMethod()
#11 C:\\Users\\camar\\Bureau\\mindful-journey-ui\\back-mindful-journey-iu\\mindful-journey-back\\vendor\\laravel\\framework\\src\\Illuminate\\Database\\Migrations\\Migrator.php(448): Illuminate\\Database\\Migrations\\Migrator->Illuminate\\Database\\Migrations\\{closure}()
#12 C:\\Users\\camar\\Bureau\\mindful-journey-ui\\back-mindful-journey-iu\\mindful-journey-back\\vendor\\laravel\\framework\\src\\Illuminate\\Database\\Migrations\\Migrator.php(250): Illuminate\\Database\\Migrations\\Migrator->runMigration()
#13 C:\\Users\\camar\\Bureau\\mindful-journey-ui\\back-mindful-journey-iu\\mindful-journey-back\\vendor\\laravel\\framework\\src\\Illuminate\\Console\\View\\Components\\Task.php(41): Illuminate\\Database\\Migrations\\Migrator->Illuminate\\Database\\Migrations\\{closure}()
#14 C:\\Users\\camar\\Bureau\\mindful-journey-ui\\back-mindful-journey-iu\\mindful-journey-back\\vendor\\laravel\\framework\\src\\Illuminate\\Database\\Migrations\\Migrator.php(809): Illuminate\\Console\\View\\Components\\Task->render()
#15 C:\\Users\\camar\\Bureau\\mindful-journey-ui\\back-mindful-journey-iu\\mindful-journey-back\\vendor\\laravel\\framework\\src\\Illuminate\\Database\\Migrations\\Migrator.php(250): Illuminate\\Database\\Migrations\\Migrator->write()
#16 C:\\Users\\camar\\Bureau\\mindful-journey-ui\\back-mindful-journey-iu\\mindful-journey-back\\vendor\\laravel\\framework\\src\\Illuminate\\Database\\Migrations\\Migrator.php(210): Illuminate\\Database\\Migrations\\Migrator->runUp()
#17 C:\\Users\\camar\\Bureau\\mindful-journey-ui\\back-mindful-journey-iu\\mindful-journey-back\\vendor\\laravel\\framework\\src\\Illuminate\\Database\\Migrations\\Migrator.php(137): Illuminate\\Database\\Migrations\\Migrator->runPending()
#18 C:\\Users\\camar\\Bureau\\mindful-journey-ui\\back-mindful-journey-iu\\mindful-journey-back\\vendor\\laravel\\framework\\src\\Illuminate\\Database\\Console\\Migrations\\MigrateCommand.php(116): Illuminate\\Database\\Migrations\\Migrator->run()
#19 C:\\Users\\camar\\Bureau\\mindful-journey-ui\\back-mindful-journey-iu\\mindful-journey-back\\vendor\\laravel\\framework\\src\\Illuminate\\Database\\Migrations\\Migrator.php(666): Illuminate\\Database\\Console\\Migrations\\MigrateCommand->Illuminate\\Database\\Console\\Migrations\\{closure}()
#20 C:\\Users\\camar\\Bureau\\mindful-journey-ui\\back-mindful-journey-iu\\mindful-journey-back\\vendor\\laravel\\framework\\src\\Illuminate\\Database\\Console\\Migrations\\MigrateCommand.php(109): Illuminate\\Database\\Migrations\\Migrator->usingConnection()
#21 C:\\Users\\camar\\Bureau\\mindful-journey-ui\\back-mindful-journey-iu\\mindful-journey-back\\vendor\\laravel\\framework\\src\\Illuminate\\Database\\Console\\Migrations\\MigrateCommand.php(88): Illuminate\\Database\\Console\\Migrations\\MigrateCommand->runMigrations()
#22 C:\\Users\\camar\\Bureau\\mindful-journey-ui\\back-mindful-journey-iu\\mindful-journey-back\\vendor\\laravel\\framework\\src\\Illuminate\\Container\\BoundMethod.php(36): Illuminate\\Database\\Console\\Migrations\\MigrateCommand->handle()
#23 C:\\Users\\camar\\Bureau\\mindful-journey-ui\\back-mindful-journey-iu\\mindful-journey-back\\vendor\\laravel\\framework\\src\\Illuminate\\Container\\Util.php(43): Illuminate\\Container\\BoundMethod::Illuminate\\Container\\{closure}()
#24 C:\\Users\\camar\\Bureau\\mindful-journey-ui\\back-mindful-journey-iu\\mindful-journey-back\\vendor\\laravel\\framework\\src\\Illuminate\\Container\\BoundMethod.php(96): Illuminate\\Container\\Util::unwrapIfClosure()
#25 C:\\Users\\camar\\Bureau\\mindful-journey-ui\\back-mindful-journey-iu\\mindful-journey-back\\vendor\\laravel\\framework\\src\\Illuminate\\Container\\BoundMethod.php(35): Illuminate\\Container\\BoundMethod::callBoundMethod()
#26 C:\\Users\\camar\\Bureau\\mindful-journey-ui\\back-mindful-journey-iu\\mindful-journey-back\\vendor\\laravel\\framework\\src\\Illuminate\\Container\\Container.php(780): Illuminate\\Container\\BoundMethod::call()
#27 C:\\Users\\camar\\Bureau\\mindful-journey-ui\\back-mindful-journey-iu\\mindful-journey-back\\vendor\\laravel\\framework\\src\\Illuminate\\Console\\Command.php(211): Illuminate\\Container\\Container->call()
#28 C:\\Users\\camar\\Bureau\\mindful-journey-ui\\back-mindful-journey-iu\\mindful-journey-back\\vendor\\symfony\\console\\Command\\Command.php(318): Illuminate\\Console\\Command->execute()
#29 C:\\Users\\camar\\Bureau\\mindful-journey-ui\\back-mindful-journey-iu\\mindful-journey-back\\vendor\\laravel\\framework\\src\\Illuminate\\Console\\Command.php(180): Symfony\\Component\\Console\\Command\\Command->run()
#30 C:\\Users\\camar\\Bureau\\mindful-journey-ui\\back-mindful-journey-iu\\mindful-journey-back\\vendor\\symfony\\console\\Application.php(1092): Illuminate\\Console\\Command->run()
#31 C:\\Users\\camar\\Bureau\\mindful-journey-ui\\back-mindful-journey-iu\\mindful-journey-back\\vendor\\symfony\\console\\Application.php(341): Symfony\\Component\\Console\\Application->doRunCommand()
#32 C:\\Users\\camar\\Bureau\\mindful-journey-ui\\back-mindful-journey-iu\\mindful-journey-back\\vendor\\symfony\\console\\Application.php(192): Symfony\\Component\\Console\\Application->doRun()
#33 C:\\Users\\camar\\Bureau\\mindful-journey-ui\\back-mindful-journey-iu\\mindful-journey-back\\vendor\\laravel\\framework\\src\\Illuminate\\Foundation\\Console\\Kernel.php(197): Symfony\\Component\\Console\\Application->run()
#34 C:\\Users\\camar\\Bureau\\mindful-journey-ui\\back-mindful-journey-iu\\mindful-journey-back\\vendor\\laravel\\framework\\src\\Illuminate\\Foundation\\Application.php(1234): Illuminate\\Foundation\\Console\\Kernel->handle()
#35 C:\\Users\\camar\\Bureau\\mindful-journey-ui\\back-mindful-journey-iu\\mindful-journey-back\\artisan(16): Illuminate\\Foundation\\Application->handleCommand()
#36 {main}
"} 
[2025-08-16 00:00:59] local.ERROR: SQLSTATE[HY000]: General error: 1 table "challenges" already exists (Connection: sqlite, SQL: create table "challenges" ("id" integer primary key autoincrement not null, "title" varchar not null, "description" text, "created_at" datetime, "updated_at" datetime)) {"exception":"[object] (Illuminate\\Database\\QueryException(code: HY000): SQLSTATE[HY000]: General error: 1 table \"challenges\" already exists (Connection: sqlite, SQL: create table \"challenges\" (\"id\" integer primary key autoincrement not null, \"title\" varchar not null, \"description\" text, \"created_at\" datetime, \"updated_at\" datetime)) at C:\\Users\\camar\\Bureau\\mindful-journey-ui\\back-mindful-journey-iu\\mindful-journey-back\\vendor\\laravel\\framework\\src\\Illuminate\\Database\\Connection.php:824)
[stacktrace]
#0 C:\\Users\\camar\\Bureau\\mindful-journey-ui\\back-mindful-journey-iu\\mindful-journey-back\\vendor\\laravel\\framework\\src\\Illuminate\\Database\\Connection.php(778): Illuminate\\Database\\Connection->runQueryCallback()
#1 C:\\Users\\camar\\Bureau\\mindful-journey-ui\\back-mindful-journey-iu\\mindful-journey-back\\vendor\\laravel\\framework\\src\\Illuminate\\Database\\Connection.php(559): Illuminate\\Database\\Connection->run()
#2 C:\\Users\\camar\\Bureau\\mindful-journey-ui\\back-mindful-journey-iu\\mindful-journey-back\\vendor\\laravel\\framework\\src\\Illuminate\\Database\\Schema\\Blueprint.php(119): Illuminate\\Database\\Connection->statement()
#3 C:\\Users\\camar\\Bureau\\mindful-journey-ui\\back-mindful-journey-iu\\mindful-journey-back\\vendor\\laravel\\framework\\src\\Illuminate\\Database\\Schema\\Builder.php(618): Illuminate\\Database\\Schema\\Blueprint->build()
#4 C:\\Users\\camar\\Bureau\\mindful-journey-ui\\back-mindful-journey-iu\\mindful-journey-back\\vendor\\laravel\\framework\\src\\Illuminate\\Database\\Schema\\Builder.php(472): Illuminate\\Database\\Schema\\Builder->build()
#5 C:\\Users\\camar\\Bureau\\mindful-journey-ui\\back-mindful-journey-iu\\mindful-journey-back\\vendor\\laravel\\framework\\src\\Illuminate\\Support\\Facades\\Facade.php(361): Illuminate\\Database\\Schema\\Builder->create()
#6 C:\\Users\\camar\\Bureau\\mindful-journey-ui\\back-mindful-journey-iu\\mindful-journey-back\\database\\migrations\\2025_08_15_000001_create_challenges_table.php(9): Illuminate\\Support\\Facades\\Facade::__callStatic()
#7 C:\\Users\\camar\\Bureau\\mindful-journey-ui\\back-mindful-journey-iu\\mindful-journey-back\\vendor\\laravel\\framework\\src\\Illuminate\\Database\\Migrations\\Migrator.php(514): Illuminate\\Database\\Migrations\\Migration@anonymous->up()
#8 C:\\Users\\camar\\Bureau\\mindful-journey-ui\\back-mindful-journey-iu\\mindful-journey-back\\vendor\\laravel\\framework\\src\\Illuminate\\Database\\Migrations\\Migrator.php(439): Illuminate\\Database\\Migrations\\Migrator->runMethod()
#9 C:\\Users\\camar\\Bureau\\mindful-journey-ui\\back-mindful-journey-iu\\mindful-journey-back\\vendor\\laravel\\framework\\src\\Illuminate\\Database\\Migrations\\Migrator.php(448): Illuminate\\Database\\Migrations\\Migrator->Illuminate\\Database\\Migrations\\{closure}()
#10 C:\\Users\\camar\\Bureau\\mindful-journey-ui\\back-mindful-journey-iu\\mindful-journey-back\\vendor\\laravel\\framework\\src\\Illuminate\\Database\\Migrations\\Migrator.php(250): Illuminate\\Database\\Migrations\\Migrator->runMigration()
#11 C:\\Users\\camar\\Bureau\\mindful-journey-ui\\back-mindful-journey-iu\\mindful-journey-back\\vendor\\laravel\\framework\\src\\Illuminate\\Console\\View\\Components\\Task.php(41): Illuminate\\Database\\Migrations\\Migrator->Illuminate\\Database\\Migrations\\{closure}()
#12 C:\\Users\\camar\\Bureau\\mindful-journey-ui\\back-mindful-journey-iu\\mindful-journey-back\\vendor\\laravel\\framework\\src\\Illuminate\\Database\\Migrations\\Migrator.php(809): Illuminate\\Console\\View\\Components\\Task->render()
#13 C:\\Users\\camar\\Bureau\\mindful-journey-ui\\back-mindful-journey-iu\\mindful-journey-back\\vendor\\laravel\\framework\\src\\Illuminate\\Database\\Migrations\\Migrator.php(250): Illuminate\\Database\\Migrations\\Migrator->write()
#14 C:\\Users\\camar\\Bureau\\mindful-journey-ui\\back-mindful-journey-iu\\mindful-journey-back\\vendor\\laravel\\framework\\src\\Illuminate\\Database\\Migrations\\Migrator.php(210): Illuminate\\Database\\Migrations\\Migrator->runUp()
#15 C:\\Users\\camar\\Bureau\\mindful-journey-ui\\back-mindful-journey-iu\\mindful-journey-back\\vendor\\laravel\\framework\\src\\Illuminate\\Database\\Migrations\\Migrator.php(137): Illuminate\\Database\\Migrations\\Migrator->runPending()
#16 C:\\Users\\camar\\Bureau\\mindful-journey-ui\\back-mindful-journey-iu\\mindful-journey-back\\vendor\\laravel\\framework\\src\\Illuminate\\Database\\Console\\Migrations\\MigrateCommand.php(116): Illuminate\\Database\\Migrations\\Migrator->run()
#17 C:\\Users\\camar\\Bureau\\mindful-journey-ui\\back-mindful-journey-iu\\mindful-journey-back\\vendor\\laravel\\framework\\src\\Illuminate\\Database\\Migrations\\Migrator.php(666): Illuminate\\Database\\Console\\Migrations\\MigrateCommand->Illuminate\\Database\\Console\\Migrations\\{closure}()
#18 C:\\Users\\camar\\Bureau\\mindful-journey-ui\\back-mindful-journey-iu\\mindful-journey-back\\vendor\\laravel\\framework\\src\\Illuminate\\Database\\Console\\Migrations\\MigrateCommand.php(109): Illuminate\\Database\\Migrations\\Migrator->usingConnection()
#19 C:\\Users\\camar\\Bureau\\mindful-journey-ui\\back-mindful-journey-iu\\mindful-journey-back\\vendor\\laravel\\framework\\src\\Illuminate\\Database\\Console\\Migrations\\MigrateCommand.php(88): Illuminate\\Database\\Console\\Migrations\\MigrateCommand->runMigrations()
#20 C:\\Users\\camar\\Bureau\\mindful-journey-ui\\back-mindful-journey-iu\\mindful-journey-back\\vendor\\laravel\\framework\\src\\Illuminate\\Container\\BoundMethod.php(36): Illuminate\\Database\\Console\\Migrations\\MigrateCommand->handle()
#21 C:\\Users\\camar\\Bureau\\mindful-journey-ui\\back-mindful-journey-iu\\mindful-journey-back\\vendor\\laravel\\framework\\src\\Illuminate\\Container\\Util.php(43): Illuminate\\Container\\BoundMethod::Illuminate\\Container\\{closure}()
#22 C:\\Users\\camar\\Bureau\\mindful-journey-ui\\back-mindful-journey-iu\\mindful-journey-back\\vendor\\laravel\\framework\\src\\Illuminate\\Container\\BoundMethod.php(96): Illuminate\\Container\\Util::unwrapIfClosure()
#23 C:\\Users\\camar\\Bureau\\mindful-journey-ui\\back-mindful-journey-iu\\mindful-journey-back\\vendor\\laravel\\framework\\src\\Illuminate\\Container\\BoundMethod.php(35): Illuminate\\Container\\BoundMethod::callBoundMethod()
#24 C:\\Users\\camar\\Bureau\\mindful-journey-ui\\back-mindful-journey-iu\\mindful-journey-back\\vendor\\laravel\\framework\\src\\Illuminate\\Container\\Container.php(780): Illuminate\\Container\\BoundMethod::call()
#25 C:\\Users\\camar\\Bureau\\mindful-journey-ui\\back-mindful-journey-iu\\mindful-journey-back\\vendor\\laravel\\framework\\src\\Illuminate\\Console\\Command.php(211): Illuminate\\Container\\Container->call()
#26 C:\\Users\\camar\\Bureau\\mindful-journey-ui\\back-mindful-journey-iu\\mindful-journey-back\\vendor\\symfony\\console\\Command\\Command.php(318): Illuminate\\Console\\Command->execute()
#27 C:\\Users\\camar\\Bureau\\mindful-journey-ui\\back-mindful-journey-iu\\mindful-journey-back\\vendor\\laravel\\framework\\src\\Illuminate\\Console\\Command.php(180): Symfony\\Component\\Console\\Command\\Command->run()
#28 C:\\Users\\camar\\Bureau\\mindful-journey-ui\\back-mindful-journey-iu\\mindful-journey-back\\vendor\\symfony\\console\\Application.php(1092): Illuminate\\Console\\Command->run()
#29 C:\\Users\\camar\\Bureau\\mindful-journey-ui\\back-mindful-journey-iu\\mindful-journey-back\\vendor\\symfony\\console\\Application.php(341): Symfony\\Component\\Console\\Application->doRunCommand()
#30 C:\\Users\\camar\\Bureau\\mindful-journey-ui\\back-mindful-journey-iu\\mindful-journey-back\\vendor\\symfony\\console\\Application.php(192): Symfony\\Component\\Console\\Application->doRun()
#31 C:\\Users\\camar\\Bureau\\mindful-journey-ui\\back-mindful-journey-iu\\mindful-journey-back\\vendor\\laravel\\framework\\src\\Illuminate\\Foundation\\Console\\Kernel.php(197): Symfony\\Component\\Console\\Application->run()
#32 C:\\Users\\camar\\Bureau\\mindful-journey-ui\\back-mindful-journey-iu\\mindful-journey-back\\vendor\\laravel\\framework\\src\\Illuminate\\Foundation\\Application.php(1234): Illuminate\\Foundation\\Console\\Kernel->handle()
#33 C:\\Users\\camar\\Bureau\\mindful-journey-ui\\back-mindful-journey-iu\\mindful-journey-back\\artisan(16): Illuminate\\Foundation\\Application->handleCommand()
#34 {main}

[previous exception] [object] (PDOException(code: HY000): SQLSTATE[HY000]: General error: 1 table \"challenges\" already exists at C:\\Users\\camar\\Bureau\\mindful-journey-ui\\back-mindful-journey-iu\\mindful-journey-back\\vendor\\laravel\\framework\\src\\Illuminate\\Database\\Connection.php:564)
[stacktrace]
#0 C:\\Users\\camar\\Bureau\\mindful-journey-ui\\back-mindful-journey-iu\\mindful-journey-back\\vendor\\laravel\\framework\\src\\Illuminate\\Database\\Connection.php(564): PDO->prepare()
#1 C:\\Users\\camar\\Bureau\\mindful-journey-ui\\back-mindful-journey-iu\\mindful-journey-back\\vendor\\laravel\\framework\\src\\Illuminate\\Database\\Connection.php(811): Illuminate\\Database\\Connection->Illuminate\\Database\\{closure}()
#2 C:\\Users\\camar\\Bureau\\mindful-journey-ui\\back-mindful-journey-iu\\mindful-journey-back\\vendor\\laravel\\framework\\src\\Illuminate\\Database\\Connection.php(778): Illuminate\\Database\\Connection->runQueryCallback()
#3 C:\\Users\\camar\\Bureau\\mindful-journey-ui\\back-mindful-journey-iu\\mindful-journey-back\\vendor\\laravel\\framework\\src\\Illuminate\\Database\\Connection.php(559): Illuminate\\Database\\Connection->run()
#4 C:\\Users\\camar\\Bureau\\mindful-journey-ui\\back-mindful-journey-iu\\mindful-journey-back\\vendor\\laravel\\framework\\src\\Illuminate\\Database\\Schema\\Blueprint.php(119): Illuminate\\Database\\Connection->statement()
#5 C:\\Users\\camar\\Bureau\\mindful-journey-ui\\back-mindful-journey-iu\\mindful-journey-back\\vendor\\laravel\\framework\\src\\Illuminate\\Database\\Schema\\Builder.php(618): Illuminate\\Database\\Schema\\Blueprint->build()
#6 C:\\Users\\camar\\Bureau\\mindful-journey-ui\\back-mindful-journey-iu\\mindful-journey-back\\vendor\\laravel\\framework\\src\\Illuminate\\Database\\Schema\\Builder.php(472): Illuminate\\Database\\Schema\\Builder->build()
#7 C:\\Users\\camar\\Bureau\\mindful-journey-ui\\back-mindful-journey-iu\\mindful-journey-back\\vendor\\laravel\\framework\\src\\Illuminate\\Support\\Facades\\Facade.php(361): Illuminate\\Database\\Schema\\Builder->create()
#8 C:\\Users\\camar\\Bureau\\mindful-journey-ui\\back-mindful-journey-iu\\mindful-journey-back\\database\\migrations\\2025_08_15_000001_create_challenges_table.php(9): Illuminate\\Support\\Facades\\Facade::__callStatic()
#9 C:\\Users\\camar\\Bureau\\mindful-journey-ui\\back-mindful-journey-iu\\mindful-journey-back\\vendor\\laravel\\framework\\src\\Illuminate\\Database\\Migrations\\Migrator.php(514): Illuminate\\Database\\Migrations\\Migration@anonymous->up()
#10 C:\\Users\\camar\\Bureau\\mindful-journey-ui\\back-mindful-journey-iu\\mindful-journey-back\\vendor\\laravel\\framework\\src\\Illuminate\\Database\\Migrations\\Migrator.php(439): Illuminate\\Database\\Migrations\\Migrator->runMethod()
#11 C:\\Users\\camar\\Bureau\\mindful-journey-ui\\back-mindful-journey-iu\\mindful-journey-back\\vendor\\laravel\\framework\\src\\Illuminate\\Database\\Migrations\\Migrator.php(448): Illuminate\\Database\\Migrations\\Migrator->Illuminate\\Database\\Migrations\\{closure}()
#12 C:\\Users\\camar\\Bureau\\mindful-journey-ui\\back-mindful-journey-iu\\mindful-journey-back\\vendor\\laravel\\framework\\src\\Illuminate\\Database\\Migrations\\Migrator.php(250): Illuminate\\Database\\Migrations\\Migrator->runMigration()
#13 C:\\Users\\camar\\Bureau\\mindful-journey-ui\\back-mindful-journey-iu\\mindful-journey-back\\vendor\\laravel\\framework\\src\\Illuminate\\Console\\View\\Components\\Task.php(41): Illuminate\\Database\\Migrations\\Migrator->Illuminate\\Database\\Migrations\\{closure}()
#14 C:\\Users\\camar\\Bureau\\mindful-journey-ui\\back-mindful-journey-iu\\mindful-journey-back\\vendor\\laravel\\framework\\src\\Illuminate\\Database\\Migrations\\Migrator.php(809): Illuminate\\Console\\View\\Components\\Task->render()
#15 C:\\Users\\camar\\Bureau\\mindful-journey-ui\\back-mindful-journey-iu\\mindful-journey-back\\vendor\\laravel\\framework\\src\\Illuminate\\Database\\Migrations\\Migrator.php(250): Illuminate\\Database\\Migrations\\Migrator->write()
#16 C:\\Users\\camar\\Bureau\\mindful-journey-ui\\back-mindful-journey-iu\\mindful-journey-back\\vendor\\laravel\\framework\\src\\Illuminate\\Database\\Migrations\\Migrator.php(210): Illuminate\\Database\\Migrations\\Migrator->runUp()
#17 C:\\Users\\camar\\Bureau\\mindful-journey-ui\\back-mindful-journey-iu\\mindful-journey-back\\vendor\\laravel\\framework\\src\\Illuminate\\Database\\Migrations\\Migrator.php(137): Illuminate\\Database\\Migrations\\Migrator->runPending()
#18 C:\\Users\\camar\\Bureau\\mindful-journey-ui\\back-mindful-journey-iu\\mindful-journey-back\\vendor\\laravel\\framework\\src\\Illuminate\\Database\\Console\\Migrations\\MigrateCommand.php(116): Illuminate\\Database\\Migrations\\Migrator->run()
#19 C:\\Users\\camar\\Bureau\\mindful-journey-ui\\back-mindful-journey-iu\\mindful-journey-back\\vendor\\laravel\\framework\\src\\Illuminate\\Database\\Migrations\\Migrator.php(666): Illuminate\\Database\\Console\\Migrations\\MigrateCommand->Illuminate\\Database\\Console\\Migrations\\{closure}()
#20 C:\\Users\\camar\\Bureau\\mindful-journey-ui\\back-mindful-journey-iu\\mindful-journey-back\\vendor\\laravel\\framework\\src\\Illuminate\\Database\\Console\\Migrations\\MigrateCommand.php(109): Illuminate\\Database\\Migrations\\Migrator->usingConnection()
#21 C:\\Users\\camar\\Bureau\\mindful-journey-ui\\back-mindful-journey-iu\\mindful-journey-back\\vendor\\laravel\\framework\\src\\Illuminate\\Database\\Console\\Migrations\\MigrateCommand.php(88): Illuminate\\Database\\Console\\Migrations\\MigrateCommand->runMigrations()
#22 C:\\Users\\camar\\Bureau\\mindful-journey-ui\\back-mindful-journey-iu\\mindful-journey-back\\vendor\\laravel\\framework\\src\\Illuminate\\Container\\BoundMethod.php(36): Illuminate\\Database\\Console\\Migrations\\MigrateCommand->handle()
#23 C:\\Users\\camar\\Bureau\\mindful-journey-ui\\back-mindful-journey-iu\\mindful-journey-back\\vendor\\laravel\\framework\\src\\Illuminate\\Container\\Util.php(43): Illuminate\\Container\\BoundMethod::Illuminate\\Container\\{closure}()
#24 C:\\Users\\camar\\Bureau\\mindful-journey-ui\\back-mindful-journey-iu\\mindful-journey-back\\vendor\\laravel\\framework\\src\\Illuminate\\Container\\BoundMethod.php(96): Illuminate\\Container\\Util::unwrapIfClosure()
#25 C:\\Users\\camar\\Bureau\\mindful-journey-ui\\back-mindful-journey-iu\\mindful-journey-back\\vendor\\laravel\\framework\\src\\Illuminate\\Container\\BoundMethod.php(35): Illuminate\\Container\\BoundMethod::callBoundMethod()
#26 C:\\Users\\camar\\Bureau\\mindful-journey-ui\\back-mindful-journey-iu\\mindful-journey-back\\vendor\\laravel\\framework\\src\\Illuminate\\Container\\Container.php(780): Illuminate\\Container\\BoundMethod::call()
#27 C:\\Users\\camar\\Bureau\\mindful-journey-ui\\back-mindful-journey-iu\\mindful-journey-back\\vendor\\laravel\\framework\\src\\Illuminate\\Console\\Command.php(211): Illuminate\\Container\\Container->call()
#28 C:\\Users\\camar\\Bureau\\mindful-journey-ui\\back-mindful-journey-iu\\mindful-journey-back\\vendor\\symfony\\console\\Command\\Command.php(318): Illuminate\\Console\\Command->execute()
#29 C:\\Users\\camar\\Bureau\\mindful-journey-ui\\back-mindful-journey-iu\\mindful-journey-back\\vendor\\laravel\\framework\\src\\Illuminate\\Console\\Command.php(180): Symfony\\Component\\Console\\Command\\Command->run()
#30 C:\\Users\\camar\\Bureau\\mindful-journey-ui\\back-mindful-journey-iu\\mindful-journey-back\\vendor\\symfony\\console\\Application.php(1092): Illuminate\\Console\\Command->run()
#31 C:\\Users\\camar\\Bureau\\mindful-journey-ui\\back-mindful-journey-iu\\mindful-journey-back\\vendor\\symfony\\console\\Application.php(341): Symfony\\Component\\Console\\Application->doRunCommand()
#32 C:\\Users\\camar\\Bureau\\mindful-journey-ui\\back-mindful-journey-iu\\mindful-journey-back\\vendor\\symfony\\console\\Application.php(192): Symfony\\Component\\Console\\Application->doRun()
#33 C:\\Users\\camar\\Bureau\\mindful-journey-ui\\back-mindful-journey-iu\\mindful-journey-back\\vendor\\laravel\\framework\\src\\Illuminate\\Foundation\\Console\\Kernel.php(197): Symfony\\Component\\Console\\Application->run()
#34 C:\\Users\\camar\\Bureau\\mindful-journey-ui\\back-mindful-journey-iu\\mindful-journey-back\\vendor\\laravel\\framework\\src\\Illuminate\\Foundation\\Application.php(1234): Illuminate\\Foundation\\Console\\Kernel->handle()
#35 C:\\Users\\camar\\Bureau\\mindful-journey-ui\\back-mindful-journey-iu\\mindful-journey-back\\artisan(16): Illuminate\\Foundation\\Application->handleCommand()
#36 {main}
"} 
[2025-08-16 00:13:24] local.INFO: === DÉBUT UPDATE PROFILE ===  
[2025-08-16 00:13:24] local.INFO: Données reçues: {"name":"test1","email":"camara291@gmail.com","phone":null,"location":null,"birthDate":null,"jobPosition":"Non spécifié","company":"Non spécifiée","bio":null,"goals":null} 
[2025-08-16 00:13:24] local.INFO: Utilisateur avant modification: {"id":2,"name":"test","email":"camara291@gmail.com","email_verified_at":null,"created_at":"2025-08-15T23:37:45.000000Z","updated_at":"2025-08-15T23:37:45.000000Z","birth_date":null,"gender":null,"phone":null,"bio":null,"avatar":null,"preferences":null,"health_goals":null,"status":"active","last_login_at":null,"google_id":null,"provider":null,"avatar_url":null,"role_id":null} 
[2025-08-16 00:13:24] local.INFO: Utilisateur après modification (avant save): {"id":2,"name":"test1","email":"camara291@gmail.com","email_verified_at":null,"created_at":"2025-08-15T23:37:45.000000Z","updated_at":"2025-08-15T23:37:45.000000Z","birth_date":null,"gender":null,"phone":null,"bio":null,"avatar":null,"preferences":"{\"location\":null,\"job_position\":\"Non sp\\u00e9cifi\\u00e9\",\"company\":\"Non sp\\u00e9cifi\\u00e9e\",\"goals\":null}","health_goals":null,"status":"active","last_login_at":null,"google_id":null,"provider":null,"avatar_url":null,"role_id":null} 
[2025-08-16 00:13:24] local.ERROR: Illuminate\Log\LogManager::info(): Argument #2 ($context) must be of type array, string given, called in C:\Users\camar\Bureau\mindful-journey-ui\back-mindful-journey-iu\mindful-journey-back\vendor\laravel\framework\src\Illuminate\Support\Facades\Facade.php on line 361 {"userId":2,"exception":"[object] (TypeError(code: 0): Illuminate\\Log\\LogManager::info(): Argument #2 ($context) must be of type array, string given, called in C:\\Users\\camar\\Bureau\\mindful-journey-ui\\back-mindful-journey-iu\\mindful-journey-back\\vendor\\laravel\\framework\\src\\Illuminate\\Support\\Facades\\Facade.php on line 361 at C:\\Users\\camar\\Bureau\\mindful-journey-ui\\back-mindful-journey-iu\\mindful-journey-back\\vendor\\laravel\\framework\\src\\Illuminate\\Log\\LogManager.php:742)
[stacktrace]
#0 C:\\Users\\camar\\Bureau\\mindful-journey-ui\\back-mindful-journey-iu\\mindful-journey-back\\vendor\\laravel\\framework\\src\\Illuminate\\Support\\Facades\\Facade.php(361): Illuminate\\Log\\LogManager->info()
#1 C:\\Users\\camar\\Bureau\\mindful-journey-ui\\back-mindful-journey-iu\\mindful-journey-back\\app\\Http\\Controllers\\Api\\AuthController.php(154): Illuminate\\Support\\Facades\\Facade::__callStatic()
#2 C:\\Users\\camar\\Bureau\\mindful-journey-ui\\back-mindful-journey-iu\\mindful-journey-back\\vendor\\laravel\\framework\\src\\Illuminate\\Routing\\ControllerDispatcher.php(46): App\\Http\\Controllers\\Api\\AuthController->updateProfile()
#3 C:\\Users\\camar\\Bureau\\mindful-journey-ui\\back-mindful-journey-iu\\mindful-journey-back\\vendor\\laravel\\framework\\src\\Illuminate\\Routing\\Route.php(265): Illuminate\\Routing\\ControllerDispatcher->dispatch()
#4 C:\\Users\\camar\\Bureau\\mindful-journey-ui\\back-mindful-journey-iu\\mindful-journey-back\\vendor\\laravel\\framework\\src\\Illuminate\\Routing\\Route.php(211): Illuminate\\Routing\\Route->runController()
#5 C:\\Users\\camar\\Bureau\\mindful-journey-ui\\back-mindful-journey-iu\\mindful-journey-back\\vendor\\laravel\\framework\\src\\Illuminate\\Routing\\Router.php(808): Illuminate\\Routing\\Route->run()
#6 C:\\Users\\camar\\Bureau\\mindful-journey-ui\\back-mindful-journey-iu\\mindful-journey-back\\vendor\\laravel\\framework\\src\\Illuminate\\Pipeline\\Pipeline.php(169): Illuminate\\Routing\\Router->Illuminate\\Routing\\{closure}()
#7 C:\\Users\\camar\\Bureau\\mindful-journey-ui\\back-mindful-journey-iu\\mindful-journey-back\\vendor\\laravel\\framework\\src\\Illuminate\\Routing\\Middleware\\SubstituteBindings.php(50): Illuminate\\Pipeline\\Pipeline->Illuminate\\Pipeline\\{closure}()
#8 C:\\Users\\camar\\Bureau\\mindful-journey-ui\\back-mindful-journey-iu\\mindful-journey-back\\vendor\\laravel\\framework\\src\\Illuminate\\Pipeline\\Pipeline.php(208): Illuminate\\Routing\\Middleware\\SubstituteBindings->handle()
#9 C:\\Users\\camar\\Bureau\\mindful-journey-ui\\back-mindful-journey-iu\\mindful-journey-back\\vendor\\laravel\\framework\\src\\Illuminate\\Auth\\Middleware\\Authenticate.php(63): Illuminate\\Pipeline\\Pipeline->Illuminate\\Pipeline\\{closure}()
#10 C:\\Users\\camar\\Bureau\\mindful-journey-ui\\back-mindful-journey-iu\\mindful-journey-back\\vendor\\laravel\\framework\\src\\Illuminate\\Pipeline\\Pipeline.php(208): Illuminate\\Auth\\Middleware\\Authenticate->handle()
#11 C:\\Users\\camar\\Bureau\\mindful-journey-ui\\back-mindful-journey-iu\\mindful-journey-back\\vendor\\laravel\\framework\\src\\Illuminate\\Pipeline\\Pipeline.php(126): Illuminate\\Pipeline\\Pipeline->Illuminate\\Pipeline\\{closure}()
#12 C:\\Users\\camar\\Bureau\\mindful-journey-ui\\back-mindful-journey-iu\\mindful-journey-back\\vendor\\laravel\\framework\\src\\Illuminate\\Routing\\Router.php(807): Illuminate\\Pipeline\\Pipeline->then()
#13 C:\\Users\\camar\\Bureau\\mindful-journey-ui\\back-mindful-journey-iu\\mindful-journey-back\\vendor\\laravel\\framework\\src\\Illuminate\\Routing\\Router.php(786): Illuminate\\Routing\\Router->runRouteWithinStack()
#14 C:\\Users\\camar\\Bureau\\mindful-journey-ui\\back-mindful-journey-iu\\mindful-journey-back\\vendor\\laravel\\framework\\src\\Illuminate\\Routing\\Router.php(750): Illuminate\\Routing\\Router->runRoute()
#15 C:\\Users\\camar\\Bureau\\mindful-journey-ui\\back-mindful-journey-iu\\mindful-journey-back\\vendor\\laravel\\framework\\src\\Illuminate\\Routing\\Router.php(739): Illuminate\\Routing\\Router->dispatchToRoute()
#16 C:\\Users\\camar\\Bureau\\mindful-journey-ui\\back-mindful-journey-iu\\mindful-journey-back\\vendor\\laravel\\framework\\src\\Illuminate\\Foundation\\Http\\Kernel.php(200): Illuminate\\Routing\\Router->dispatch()
#17 C:\\Users\\camar\\Bureau\\mindful-journey-ui\\back-mindful-journey-iu\\mindful-journey-back\\vendor\\laravel\\framework\\src\\Illuminate\\Pipeline\\Pipeline.php(169): Illuminate\\Foundation\\Http\\Kernel->Illuminate\\Foundation\\Http\\{closure}()
#18 C:\\Users\\camar\\Bureau\\mindful-journey-ui\\back-mindful-journey-iu\\mindful-journey-back\\vendor\\laravel\\framework\\src\\Illuminate\\Foundation\\Http\\Middleware\\TransformsRequest.php(21): Illuminate\\Pipeline\\Pipeline->Illuminate\\Pipeline\\{closure}()
#19 C:\\Users\\camar\\Bureau\\mindful-journey-ui\\back-mindful-journey-iu\\mindful-journey-back\\vendor\\laravel\\framework\\src\\Illuminate\\Foundation\\Http\\Middleware\\ConvertEmptyStringsToNull.php(31): Illuminate\\Foundation\\Http\\Middleware\\TransformsRequest->handle()
#20 C:\\Users\\camar\\Bureau\\mindful-journey-ui\\back-mindful-journey-iu\\mindful-journey-back\\vendor\\laravel\\framework\\src\\Illuminate\\Pipeline\\Pipeline.php(208): Illuminate\\Foundation\\Http\\Middleware\\ConvertEmptyStringsToNull->handle()
#21 C:\\Users\\camar\\Bureau\\mindful-journey-ui\\back-mindful-journey-iu\\mindful-journey-back\\vendor\\laravel\\framework\\src\\Illuminate\\Foundation\\Http\\Middleware\\TransformsRequest.php(21): Illuminate\\Pipeline\\Pipeline->Illuminate\\Pipeline\\{closure}()
#22 C:\\Users\\camar\\Bureau\\mindful-journey-ui\\back-mindful-journey-iu\\mindful-journey-back\\vendor\\laravel\\framework\\src\\Illuminate\\Foundation\\Http\\Middleware\\TrimStrings.php(51): Illuminate\\Foundation\\Http\\Middleware\\TransformsRequest->handle()
#23 C:\\Users\\camar\\Bureau\\mindful-journey-ui\\back-mindful-journey-iu\\mindful-journey-back\\vendor\\laravel\\framework\\src\\Illuminate\\Pipeline\\Pipeline.php(208): Illuminate\\Foundation\\Http\\Middleware\\TrimStrings->handle()
#24 C:\\Users\\camar\\Bureau\\mindful-journey-ui\\back-mindful-journey-iu\\mindful-journey-back\\vendor\\laravel\\framework\\src\\Illuminate\\Http\\Middleware\\ValidatePostSize.php(27): Illuminate\\Pipeline\\Pipeline->Illuminate\\Pipeline\\{closure}()
#25 C:\\Users\\camar\\Bureau\\mindful-journey-ui\\back-mindful-journey-iu\\mindful-journey-back\\vendor\\laravel\\framework\\src\\Illuminate\\Pipeline\\Pipeline.php(208): Illuminate\\Http\\Middleware\\ValidatePostSize->handle()
#26 C:\\Users\\camar\\Bureau\\mindful-journey-ui\\back-mindful-journey-iu\\mindful-journey-back\\vendor\\laravel\\framework\\src\\Illuminate\\Foundation\\Http\\Middleware\\PreventRequestsDuringMaintenance.php(109): Illuminate\\Pipeline\\Pipeline->Illuminate\\Pipeline\\{closure}()
#27 C:\\Users\\camar\\Bureau\\mindful-journey-ui\\back-mindful-journey-iu\\mindful-journey-back\\vendor\\laravel\\framework\\src\\Illuminate\\Pipeline\\Pipeline.php(208): Illuminate\\Foundation\\Http\\Middleware\\PreventRequestsDuringMaintenance->handle()
#28 C:\\Users\\camar\\Bureau\\mindful-journey-ui\\back-mindful-journey-iu\\mindful-journey-back\\vendor\\laravel\\framework\\src\\Illuminate\\Http\\Middleware\\HandleCors.php(61): Illuminate\\Pipeline\\Pipeline->Illuminate\\Pipeline\\{closure}()
#29 C:\\Users\\camar\\Bureau\\mindful-journey-ui\\back-mindful-journey-iu\\mindful-journey-back\\vendor\\laravel\\framework\\src\\Illuminate\\Pipeline\\Pipeline.php(208): Illuminate\\Http\\Middleware\\HandleCors->handle()
#30 C:\\Users\\camar\\Bureau\\mindful-journey-ui\\back-mindful-journey-iu\\mindful-journey-back\\vendor\\laravel\\framework\\src\\Illuminate\\Http\\Middleware\\TrustProxies.php(58): Illuminate\\Pipeline\\Pipeline->Illuminate\\Pipeline\\{closure}()
#31 C:\\Users\\camar\\Bureau\\mindful-journey-ui\\back-mindful-journey-iu\\mindful-journey-back\\vendor\\laravel\\framework\\src\\Illuminate\\Pipeline\\Pipeline.php(208): Illuminate\\Http\\Middleware\\TrustProxies->handle()
#32 C:\\Users\\camar\\Bureau\\mindful-journey-ui\\back-mindful-journey-iu\\mindful-journey-back\\vendor\\laravel\\framework\\src\\Illuminate\\Foundation\\Http\\Middleware\\InvokeDeferredCallbacks.php(22): Illuminate\\Pipeline\\Pipeline->Illuminate\\Pipeline\\{closure}()
#33 C:\\Users\\camar\\Bureau\\mindful-journey-ui\\back-mindful-journey-iu\\mindful-journey-back\\vendor\\laravel\\framework\\src\\Illuminate\\Pipeline\\Pipeline.php(208): Illuminate\\Foundation\\Http\\Middleware\\InvokeDeferredCallbacks->handle()
#34 C:\\Users\\camar\\Bureau\\mindful-journey-ui\\back-mindful-journey-iu\\mindful-journey-back\\vendor\\laravel\\framework\\src\\Illuminate\\Http\\Middleware\\ValidatePathEncoding.php(26): Illuminate\\Pipeline\\Pipeline->Illuminate\\Pipeline\\{closure}()
#35 C:\\Users\\camar\\Bureau\\mindful-journey-ui\\back-mindful-journey-iu\\mindful-journey-back\\vendor\\laravel\\framework\\src\\Illuminate\\Pipeline\\Pipeline.php(208): Illuminate\\Http\\Middleware\\ValidatePathEncoding->handle()
#36 C:\\Users\\camar\\Bureau\\mindful-journey-ui\\back-mindful-journey-iu\\mindful-journey-back\\vendor\\laravel\\framework\\src\\Illuminate\\Pipeline\\Pipeline.php(126): Illuminate\\Pipeline\\Pipeline->Illuminate\\Pipeline\\{closure}()
#37 C:\\Users\\camar\\Bureau\\mindful-journey-ui\\back-mindful-journey-iu\\mindful-journey-back\\vendor\\laravel\\framework\\src\\Illuminate\\Foundation\\Http\\Kernel.php(175): Illuminate\\Pipeline\\Pipeline->then()
#38 C:\\Users\\camar\\Bureau\\mindful-journey-ui\\back-mindful-journey-iu\\mindful-journey-back\\vendor\\laravel\\framework\\src\\Illuminate\\Foundation\\Http\\Kernel.php(144): Illuminate\\Foundation\\Http\\Kernel->sendRequestThroughRouter()
#39 C:\\Users\\camar\\Bureau\\mindful-journey-ui\\back-mindful-journey-iu\\mindful-journey-back\\vendor\\laravel\\framework\\src\\Illuminate\\Foundation\\Application.php(1219): Illuminate\\Foundation\\Http\\Kernel->handle()
#40 C:\\Users\\camar\\Bureau\\mindful-journey-ui\\back-mindful-journey-iu\\mindful-journey-back\\public\\index.php(20): Illuminate\\Foundation\\Application->handleRequest()
#41 C:\\Users\\camar\\Bureau\\mindful-journey-ui\\back-mindful-journey-iu\\mindful-journey-back\\vendor\\laravel\\framework\\src\\Illuminate\\Foundation\\resources\\server.php(23): require_once('...')
#42 {main}
"} 
[2025-08-18 08:20:49] local.INFO: === DÉBUT UPDATE PROFILE ===  
[2025-08-18 08:20:49] local.INFO: Données reçues: {"name":"test123","email":"camara291@gmail.com","phone":"+33753484040","location":null,"birthDate":null,"jobPosition":"Non spécifié","company":"Non spécifiée","bio":null,"goals":null} 
[2025-08-18 08:20:50] local.INFO: Utilisateur avant modification: {"id":2,"name":"test1","email":"camara291@gmail.com","email_verified_at":null,"created_at":"2025-08-15T23:37:45.000000Z","updated_at":"2025-08-16T00:13:24.000000Z","birth_date":null,"gender":null,"phone":null,"bio":null,"avatar":null,"preferences":"{\"location\":null,\"job_position\":\"Non sp\\u00e9cifi\\u00e9\",\"company\":\"Non sp\\u00e9cifi\\u00e9e\",\"goals\":null}","health_goals":null,"status":"active","last_login_at":null,"google_id":null,"provider":null,"avatar_url":null,"role_id":null} 
[2025-08-18 08:20:50] local.INFO: Utilisateur après modification (avant save): {"id":2,"name":"test123","email":"camara291@gmail.com","email_verified_at":null,"created_at":"2025-08-15T23:37:45.000000Z","updated_at":"2025-08-16T00:13:24.000000Z","birth_date":null,"gender":null,"phone":"+33753484040","bio":null,"avatar":null,"preferences":"{\"location\":null,\"job_position\":\"Non sp\\u00e9cifi\\u00e9\",\"company\":\"Non sp\\u00e9cifi\\u00e9e\",\"goals\":null}","health_goals":null,"status":"active","last_login_at":null,"google_id":null,"provider":null,"avatar_url":null,"role_id":null} 
[2025-08-18 08:20:50] local.ERROR: Illuminate\Log\LogManager::info(): Argument #2 ($context) must be of type array, string given, called in C:\Users\camar\Bureau\mindful-journey-ui\back-mindful-journey-iu\mindful-journey-back\vendor\laravel\framework\src\Illuminate\Support\Facades\Facade.php on line 361 {"userId":2,"exception":"[object] (TypeError(code: 0): Illuminate\\Log\\LogManager::info(): Argument #2 ($context) must be of type array, string given, called in C:\\Users\\camar\\Bureau\\mindful-journey-ui\\back-mindful-journey-iu\\mindful-journey-back\\vendor\\laravel\\framework\\src\\Illuminate\\Support\\Facades\\Facade.php on line 361 at C:\\Users\\camar\\Bureau\\mindful-journey-ui\\back-mindful-journey-iu\\mindful-journey-back\\vendor\\laravel\\framework\\src\\Illuminate\\Log\\LogManager.php:742)
[stacktrace]
#0 C:\\Users\\camar\\Bureau\\mindful-journey-ui\\back-mindful-journey-iu\\mindful-journey-back\\vendor\\laravel\\framework\\src\\Illuminate\\Support\\Facades\\Facade.php(361): Illuminate\\Log\\LogManager->info()
#1 C:\\Users\\camar\\Bureau\\mindful-journey-ui\\back-mindful-journey-iu\\mindful-journey-back\\app\\Http\\Controllers\\Api\\AuthController.php(154): Illuminate\\Support\\Facades\\Facade::__callStatic()
#2 C:\\Users\\camar\\Bureau\\mindful-journey-ui\\back-mindful-journey-iu\\mindful-journey-back\\vendor\\laravel\\framework\\src\\Illuminate\\Routing\\ControllerDispatcher.php(46): App\\Http\\Controllers\\Api\\AuthController->updateProfile()
#3 C:\\Users\\camar\\Bureau\\mindful-journey-ui\\back-mindful-journey-iu\\mindful-journey-back\\vendor\\laravel\\framework\\src\\Illuminate\\Routing\\Route.php(265): Illuminate\\Routing\\ControllerDispatcher->dispatch()
#4 C:\\Users\\camar\\Bureau\\mindful-journey-ui\\back-mindful-journey-iu\\mindful-journey-back\\vendor\\laravel\\framework\\src\\Illuminate\\Routing\\Route.php(211): Illuminate\\Routing\\Route->runController()
#5 C:\\Users\\camar\\Bureau\\mindful-journey-ui\\back-mindful-journey-iu\\mindful-journey-back\\vendor\\laravel\\framework\\src\\Illuminate\\Routing\\Router.php(808): Illuminate\\Routing\\Route->run()
#6 C:\\Users\\camar\\Bureau\\mindful-journey-ui\\back-mindful-journey-iu\\mindful-journey-back\\vendor\\laravel\\framework\\src\\Illuminate\\Pipeline\\Pipeline.php(169): Illuminate\\Routing\\Router->Illuminate\\Routing\\{closure}()
#7 C:\\Users\\camar\\Bureau\\mindful-journey-ui\\back-mindful-journey-iu\\mindful-journey-back\\vendor\\laravel\\framework\\src\\Illuminate\\Routing\\Middleware\\SubstituteBindings.php(50): Illuminate\\Pipeline\\Pipeline->Illuminate\\Pipeline\\{closure}()
#8 C:\\Users\\camar\\Bureau\\mindful-journey-ui\\back-mindful-journey-iu\\mindful-journey-back\\vendor\\laravel\\framework\\src\\Illuminate\\Pipeline\\Pipeline.php(208): Illuminate\\Routing\\Middleware\\SubstituteBindings->handle()
#9 C:\\Users\\camar\\Bureau\\mindful-journey-ui\\back-mindful-journey-iu\\mindful-journey-back\\vendor\\laravel\\framework\\src\\Illuminate\\Auth\\Middleware\\Authenticate.php(63): Illuminate\\Pipeline\\Pipeline->Illuminate\\Pipeline\\{closure}()
#10 C:\\Users\\camar\\Bureau\\mindful-journey-ui\\back-mindful-journey-iu\\mindful-journey-back\\vendor\\laravel\\framework\\src\\Illuminate\\Pipeline\\Pipeline.php(208): Illuminate\\Auth\\Middleware\\Authenticate->handle()
#11 C:\\Users\\camar\\Bureau\\mindful-journey-ui\\back-mindful-journey-iu\\mindful-journey-back\\vendor\\laravel\\framework\\src\\Illuminate\\Pipeline\\Pipeline.php(126): Illuminate\\Pipeline\\Pipeline->Illuminate\\Pipeline\\{closure}()
#12 C:\\Users\\camar\\Bureau\\mindful-journey-ui\\back-mindful-journey-iu\\mindful-journey-back\\vendor\\laravel\\framework\\src\\Illuminate\\Routing\\Router.php(807): Illuminate\\Pipeline\\Pipeline->then()
#13 C:\\Users\\camar\\Bureau\\mindful-journey-ui\\back-mindful-journey-iu\\mindful-journey-back\\vendor\\laravel\\framework\\src\\Illuminate\\Routing\\Router.php(786): Illuminate\\Routing\\Router->runRouteWithinStack()
#14 C:\\Users\\camar\\Bureau\\mindful-journey-ui\\back-mindful-journey-iu\\mindful-journey-back\\vendor\\laravel\\framework\\src\\Illuminate\\Routing\\Router.php(750): Illuminate\\Routing\\Router->runRoute()
#15 C:\\Users\\camar\\Bureau\\mindful-journey-ui\\back-mindful-journey-iu\\mindful-journey-back\\vendor\\laravel\\framework\\src\\Illuminate\\Routing\\Router.php(739): Illuminate\\Routing\\Router->dispatchToRoute()
#16 C:\\Users\\camar\\Bureau\\mindful-journey-ui\\back-mindful-journey-iu\\mindful-journey-back\\vendor\\laravel\\framework\\src\\Illuminate\\Foundation\\Http\\Kernel.php(200): Illuminate\\Routing\\Router->dispatch()
#17 C:\\Users\\camar\\Bureau\\mindful-journey-ui\\back-mindful-journey-iu\\mindful-journey-back\\vendor\\laravel\\framework\\src\\Illuminate\\Pipeline\\Pipeline.php(169): Illuminate\\Foundation\\Http\\Kernel->Illuminate\\Foundation\\Http\\{closure}()
#18 C:\\Users\\camar\\Bureau\\mindful-journey-ui\\back-mindful-journey-iu\\mindful-journey-back\\vendor\\laravel\\framework\\src\\Illuminate\\Foundation\\Http\\Middleware\\TransformsRequest.php(21): Illuminate\\Pipeline\\Pipeline->Illuminate\\Pipeline\\{closure}()
#19 C:\\Users\\camar\\Bureau\\mindful-journey-ui\\back-mindful-journey-iu\\mindful-journey-back\\vendor\\laravel\\framework\\src\\Illuminate\\Foundation\\Http\\Middleware\\ConvertEmptyStringsToNull.php(31): Illuminate\\Foundation\\Http\\Middleware\\TransformsRequest->handle()
#20 C:\\Users\\camar\\Bureau\\mindful-journey-ui\\back-mindful-journey-iu\\mindful-journey-back\\vendor\\laravel\\framework\\src\\Illuminate\\Pipeline\\Pipeline.php(208): Illuminate\\Foundation\\Http\\Middleware\\ConvertEmptyStringsToNull->handle()
#21 C:\\Users\\camar\\Bureau\\mindful-journey-ui\\back-mindful-journey-iu\\mindful-journey-back\\vendor\\laravel\\framework\\src\\Illuminate\\Foundation\\Http\\Middleware\\TransformsRequest.php(21): Illuminate\\Pipeline\\Pipeline->Illuminate\\Pipeline\\{closure}()
#22 C:\\Users\\camar\\Bureau\\mindful-journey-ui\\back-mindful-journey-iu\\mindful-journey-back\\vendor\\laravel\\framework\\src\\Illuminate\\Foundation\\Http\\Middleware\\TrimStrings.php(51): Illuminate\\Foundation\\Http\\Middleware\\TransformsRequest->handle()
#23 C:\\Users\\camar\\Bureau\\mindful-journey-ui\\back-mindful-journey-iu\\mindful-journey-back\\vendor\\laravel\\framework\\src\\Illuminate\\Pipeline\\Pipeline.php(208): Illuminate\\Foundation\\Http\\Middleware\\TrimStrings->handle()
#24 C:\\Users\\camar\\Bureau\\mindful-journey-ui\\back-mindful-journey-iu\\mindful-journey-back\\vendor\\laravel\\framework\\src\\Illuminate\\Http\\Middleware\\ValidatePostSize.php(27): Illuminate\\Pipeline\\Pipeline->Illuminate\\Pipeline\\{closure}()
#25 C:\\Users\\camar\\Bureau\\mindful-journey-ui\\back-mindful-journey-iu\\mindful-journey-back\\vendor\\laravel\\framework\\src\\Illuminate\\Pipeline\\Pipeline.php(208): Illuminate\\Http\\Middleware\\ValidatePostSize->handle()
#26 C:\\Users\\camar\\Bureau\\mindful-journey-ui\\back-mindful-journey-iu\\mindful-journey-back\\vendor\\laravel\\framework\\src\\Illuminate\\Foundation\\Http\\Middleware\\PreventRequestsDuringMaintenance.php(109): Illuminate\\Pipeline\\Pipeline->Illuminate\\Pipeline\\{closure}()
#27 C:\\Users\\camar\\Bureau\\mindful-journey-ui\\back-mindful-journey-iu\\mindful-journey-back\\vendor\\laravel\\framework\\src\\Illuminate\\Pipeline\\Pipeline.php(208): Illuminate\\Foundation\\Http\\Middleware\\PreventRequestsDuringMaintenance->handle()
#28 C:\\Users\\camar\\Bureau\\mindful-journey-ui\\back-mindful-journey-iu\\mindful-journey-back\\vendor\\laravel\\framework\\src\\Illuminate\\Http\\Middleware\\HandleCors.php(61): Illuminate\\Pipeline\\Pipeline->Illuminate\\Pipeline\\{closure}()
#29 C:\\Users\\camar\\Bureau\\mindful-journey-ui\\back-mindful-journey-iu\\mindful-journey-back\\vendor\\laravel\\framework\\src\\Illuminate\\Pipeline\\Pipeline.php(208): Illuminate\\Http\\Middleware\\HandleCors->handle()
#30 C:\\Users\\camar\\Bureau\\mindful-journey-ui\\back-mindful-journey-iu\\mindful-journey-back\\vendor\\laravel\\framework\\src\\Illuminate\\Http\\Middleware\\TrustProxies.php(58): Illuminate\\Pipeline\\Pipeline->Illuminate\\Pipeline\\{closure}()
#31 C:\\Users\\camar\\Bureau\\mindful-journey-ui\\back-mindful-journey-iu\\mindful-journey-back\\vendor\\laravel\\framework\\src\\Illuminate\\Pipeline\\Pipeline.php(208): Illuminate\\Http\\Middleware\\TrustProxies->handle()
#32 C:\\Users\\camar\\Bureau\\mindful-journey-ui\\back-mindful-journey-iu\\mindful-journey-back\\vendor\\laravel\\framework\\src\\Illuminate\\Foundation\\Http\\Middleware\\InvokeDeferredCallbacks.php(22): Illuminate\\Pipeline\\Pipeline->Illuminate\\Pipeline\\{closure}()
#33 C:\\Users\\camar\\Bureau\\mindful-journey-ui\\back-mindful-journey-iu\\mindful-journey-back\\vendor\\laravel\\framework\\src\\Illuminate\\Pipeline\\Pipeline.php(208): Illuminate\\Foundation\\Http\\Middleware\\InvokeDeferredCallbacks->handle()
#34 C:\\Users\\camar\\Bureau\\mindful-journey-ui\\back-mindful-journey-iu\\mindful-journey-back\\vendor\\laravel\\framework\\src\\Illuminate\\Http\\Middleware\\ValidatePathEncoding.php(26): Illuminate\\Pipeline\\Pipeline->Illuminate\\Pipeline\\{closure}()
#35 C:\\Users\\camar\\Bureau\\mindful-journey-ui\\back-mindful-journey-iu\\mindful-journey-back\\vendor\\laravel\\framework\\src\\Illuminate\\Pipeline\\Pipeline.php(208): Illuminate\\Http\\Middleware\\ValidatePathEncoding->handle()
#36 C:\\Users\\camar\\Bureau\\mindful-journey-ui\\back-mindful-journey-iu\\mindful-journey-back\\vendor\\laravel\\framework\\src\\Illuminate\\Pipeline\\Pipeline.php(126): Illuminate\\Pipeline\\Pipeline->Illuminate\\Pipeline\\{closure}()
#37 C:\\Users\\camar\\Bureau\\mindful-journey-ui\\back-mindful-journey-iu\\mindful-journey-back\\vendor\\laravel\\framework\\src\\Illuminate\\Foundation\\Http\\Kernel.php(175): Illuminate\\Pipeline\\Pipeline->then()
#38 C:\\Users\\camar\\Bureau\\mindful-journey-ui\\back-mindful-journey-iu\\mindful-journey-back\\vendor\\laravel\\framework\\src\\Illuminate\\Foundation\\Http\\Kernel.php(144): Illuminate\\Foundation\\Http\\Kernel->sendRequestThroughRouter()
#39 C:\\Users\\camar\\Bureau\\mindful-journey-ui\\back-mindful-journey-iu\\mindful-journey-back\\vendor\\laravel\\framework\\src\\Illuminate\\Foundation\\Application.php(1219): Illuminate\\Foundation\\Http\\Kernel->handle()
#40 C:\\Users\\camar\\Bureau\\mindful-journey-ui\\back-mindful-journey-iu\\mindful-journey-back\\public\\index.php(20): Illuminate\\Foundation\\Application->handleRequest()
#41 C:\\Users\\camar\\Bureau\\mindful-journey-ui\\back-mindful-journey-iu\\mindful-journey-back\\vendor\\laravel\\framework\\src\\Illuminate\\Foundation\\resources\\server.php(23): require_once('...')
#42 {main}
"} 
