[2025-08-14 09:51:25] production.ERROR: No application encryption key has been specified. {"exception":"[object] (Illuminate\\Encryption\\MissingAppKeyException(code: 0): No application encryption key has been specified. at C:\\Users\\baxxe\\Documents\\Web2\\Stage\\mindful-journey-ui\\backend\\mindful-journey-back\\vendor\\laravel\\framework\\src\\Illuminate\\Encryption\\EncryptionServiceProvider.php:83)
[stacktrace]
#0 C:\\Users\\baxxe\\Documents\\Web2\\Stage\\mindful-journey-ui\\backend\\mindful-journey-back\\vendor\\laravel\\framework\\src\\Illuminate\\Support\\helpers.php(399): Illuminate\\Encryption\\EncryptionServiceProvider->{closure:Illuminate\\Encryption\\EncryptionServiceProvider::key():81}()
#1 C:\\Users\\baxxe\\Documents\\Web2\\Stage\\mindful-journey-ui\\backend\\mindful-journey-back\\vendor\\laravel\\framework\\src\\Illuminate\\Encryption\\EncryptionServiceProvider.php(81): tap()
#2 C:\\Users\\baxxe\\Documents\\Web2\\Stage\\mindful-journey-ui\\backend\\mindful-journey-back\\vendor\\laravel\\framework\\src\\Illuminate\\Encryption\\EncryptionServiceProvider.php(64): Illuminate\\Encryption\\EncryptionServiceProvider->key()
#3 C:\\Users\\baxxe\\Documents\\Web2\\Stage\\mindful-journey-ui\\backend\\mindful-journey-back\\vendor\\laravel\\framework\\src\\Illuminate\\Encryption\\EncryptionServiceProvider.php(32): Illuminate\\Encryption\\EncryptionServiceProvider->parseKey()
#4 C:\\Users\\baxxe\\Documents\\Web2\\Stage\\mindful-journey-ui\\backend\\mindful-journey-back\\vendor\\laravel\\framework\\src\\Illuminate\\Container\\Container.php(1036): Illuminate\\Encryption\\EncryptionServiceProvider->{closure:Illuminate\\Encryption\\EncryptionServiceProvider::registerEncrypter():29}()
#5 C:\\Users\\baxxe\\Documents\\Web2\\Stage\\mindful-journey-ui\\backend\\mindful-journey-back\\vendor\\laravel\\framework\\src\\Illuminate\\Container\\Container.php(916): Illuminate\\Container\\Container->build()
#6 C:\\Users\\baxxe\\Documents\\Web2\\Stage\\mindful-journey-ui\\backend\\mindful-journey-back\\vendor\\laravel\\framework\\src\\Illuminate\\Foundation\\Application.php(1077): Illuminate\\Container\\Container->resolve()
#7 C:\\Users\\baxxe\\Documents\\Web2\\Stage\\mindful-journey-ui\\backend\\mindful-journey-back\\vendor\\laravel\\framework\\src\\Illuminate\\Container\\Container.php(847): Illuminate\\Foundation\\Application->resolve()
#8 C:\\Users\\baxxe\\Documents\\Web2\\Stage\\mindful-journey-ui\\backend\\mindful-journey-back\\vendor\\laravel\\framework\\src\\Illuminate\\Foundation\\Application.php(1057): Illuminate\\Container\\Container->make()
#9 C:\\Users\\baxxe\\Documents\\Web2\\Stage\\mindful-journey-ui\\backend\\mindful-journey-back\\vendor\\laravel\\framework\\src\\Illuminate\\Container\\Container.php(1228): Illuminate\\Foundation\\Application->make()
#10 C:\\Users\\baxxe\\Documents\\Web2\\Stage\\mindful-journey-ui\\backend\\mindful-journey-back\\vendor\\laravel\\framework\\src\\Illuminate\\Container\\Container.php(1127): Illuminate\\Container\\Container->resolveClass()
#11 C:\\Users\\baxxe\\Documents\\Web2\\Stage\\mindful-journey-ui\\backend\\mindful-journey-back\\vendor\\laravel\\framework\\src\\Illuminate\\Container\\Container.php(1078): Illuminate\\Container\\Container->resolveDependencies()
#12 C:\\Users\\baxxe\\Documents\\Web2\\Stage\\mindful-journey-ui\\backend\\mindful-journey-back\\vendor\\laravel\\framework\\src\\Illuminate\\Container\\Container.php(916): Illuminate\\Container\\Container->build()
#13 C:\\Users\\baxxe\\Documents\\Web2\\Stage\\mindful-journey-ui\\backend\\mindful-journey-back\\vendor\\laravel\\framework\\src\\Illuminate\\Foundation\\Application.php(1077): Illuminate\\Container\\Container->resolve()
#14 C:\\Users\\baxxe\\Documents\\Web2\\Stage\\mindful-journey-ui\\backend\\mindful-journey-back\\vendor\\laravel\\framework\\src\\Illuminate\\Container\\Container.php(847): Illuminate\\Foundation\\Application->resolve()
#15 C:\\Users\\baxxe\\Documents\\Web2\\Stage\\mindful-journey-ui\\backend\\mindful-journey-back\\vendor\\laravel\\framework\\src\\Illuminate\\Foundation\\Application.php(1057): Illuminate\\Container\\Container->make()
#16 C:\\Users\\baxxe\\Documents\\Web2\\Stage\\mindful-journey-ui\\backend\\mindful-journey-back\\vendor\\laravel\\framework\\src\\Illuminate\\Pipeline\\Pipeline.php(197): Illuminate\\Foundation\\Application->make()
#17 C:\\Users\\baxxe\\Documents\\Web2\\Stage\\mindful-journey-ui\\backend\\mindful-journey-back\\vendor\\laravel\\framework\\src\\Illuminate\\Pipeline\\Pipeline.php(126): Illuminate\\Pipeline\\Pipeline->{closure:{closure:Illuminate\\Pipeline\\Pipeline::carry():183}:184}()
#18 C:\\Users\\baxxe\\Documents\\Web2\\Stage\\mindful-journey-ui\\backend\\mindful-journey-back\\vendor\\laravel\\framework\\src\\Illuminate\\Routing\\Router.php(807): Illuminate\\Pipeline\\Pipeline->then()
#19 C:\\Users\\baxxe\\Documents\\Web2\\Stage\\mindful-journey-ui\\backend\\mindful-journey-back\\vendor\\laravel\\framework\\src\\Illuminate\\Routing\\Router.php(786): Illuminate\\Routing\\Router->runRouteWithinStack()
#20 C:\\Users\\baxxe\\Documents\\Web2\\Stage\\mindful-journey-ui\\backend\\mindful-journey-back\\vendor\\laravel\\framework\\src\\Illuminate\\Routing\\Router.php(750): Illuminate\\Routing\\Router->runRoute()
#21 C:\\Users\\baxxe\\Documents\\Web2\\Stage\\mindful-journey-ui\\backend\\mindful-journey-back\\vendor\\laravel\\framework\\src\\Illuminate\\Routing\\Router.php(739): Illuminate\\Routing\\Router->dispatchToRoute()
#22 C:\\Users\\baxxe\\Documents\\Web2\\Stage\\mindful-journey-ui\\backend\\mindful-journey-back\\vendor\\laravel\\framework\\src\\Illuminate\\Foundation\\Http\\Kernel.php(200): Illuminate\\Routing\\Router->dispatch()
#23 C:\\Users\\baxxe\\Documents\\Web2\\Stage\\mindful-journey-ui\\backend\\mindful-journey-back\\vendor\\laravel\\framework\\src\\Illuminate\\Pipeline\\Pipeline.php(169): Illuminate\\Foundation\\Http\\Kernel->{closure:Illuminate\\Foundation\\Http\\Kernel::dispatchToRouter():197}()
#24 C:\\Users\\baxxe\\Documents\\Web2\\Stage\\mindful-journey-ui\\backend\\mindful-journey-back\\vendor\\laravel\\framework\\src\\Illuminate\\Foundation\\Http\\Middleware\\TransformsRequest.php(21): Illuminate\\Pipeline\\Pipeline->{closure:Illuminate\\Pipeline\\Pipeline::prepareDestination():167}()
#25 C:\\Users\\baxxe\\Documents\\Web2\\Stage\\mindful-journey-ui\\backend\\mindful-journey-back\\vendor\\laravel\\framework\\src\\Illuminate\\Foundation\\Http\\Middleware\\ConvertEmptyStringsToNull.php(31): Illuminate\\Foundation\\Http\\Middleware\\TransformsRequest->handle()
#26 C:\\Users\\baxxe\\Documents\\Web2\\Stage\\mindful-journey-ui\\backend\\mindful-journey-back\\vendor\\laravel\\framework\\src\\Illuminate\\Pipeline\\Pipeline.php(208): Illuminate\\Foundation\\Http\\Middleware\\ConvertEmptyStringsToNull->handle()
#27 C:\\Users\\baxxe\\Documents\\Web2\\Stage\\mindful-journey-ui\\backend\\mindful-journey-back\\vendor\\laravel\\framework\\src\\Illuminate\\Foundation\\Http\\Middleware\\TransformsRequest.php(21): Illuminate\\Pipeline\\Pipeline->{closure:{closure:Illuminate\\Pipeline\\Pipeline::carry():183}:184}()
#28 C:\\Users\\baxxe\\Documents\\Web2\\Stage\\mindful-journey-ui\\backend\\mindful-journey-back\\vendor\\laravel\\framework\\src\\Illuminate\\Foundation\\Http\\Middleware\\TrimStrings.php(51): Illuminate\\Foundation\\Http\\Middleware\\TransformsRequest->handle()
#29 C:\\Users\\baxxe\\Documents\\Web2\\Stage\\mindful-journey-ui\\backend\\mindful-journey-back\\vendor\\laravel\\framework\\src\\Illuminate\\Pipeline\\Pipeline.php(208): Illuminate\\Foundation\\Http\\Middleware\\TrimStrings->handle()
#30 C:\\Users\\baxxe\\Documents\\Web2\\Stage\\mindful-journey-ui\\backend\\mindful-journey-back\\vendor\\laravel\\framework\\src\\Illuminate\\Http\\Middleware\\ValidatePostSize.php(27): Illuminate\\Pipeline\\Pipeline->{closure:{closure:Illuminate\\Pipeline\\Pipeline::carry():183}:184}()
#31 C:\\Users\\baxxe\\Documents\\Web2\\Stage\\mindful-journey-ui\\backend\\mindful-journey-back\\vendor\\laravel\\framework\\src\\Illuminate\\Pipeline\\Pipeline.php(208): Illuminate\\Http\\Middleware\\ValidatePostSize->handle()
#32 C:\\Users\\baxxe\\Documents\\Web2\\Stage\\mindful-journey-ui\\backend\\mindful-journey-back\\vendor\\laravel\\framework\\src\\Illuminate\\Foundation\\Http\\Middleware\\PreventRequestsDuringMaintenance.php(109): Illuminate\\Pipeline\\Pipeline->{closure:{closure:Illuminate\\Pipeline\\Pipeline::carry():183}:184}()
#33 C:\\Users\\baxxe\\Documents\\Web2\\Stage\\mindful-journey-ui\\backend\\mindful-journey-back\\vendor\\laravel\\framework\\src\\Illuminate\\Pipeline\\Pipeline.php(208): Illuminate\\Foundation\\Http\\Middleware\\PreventRequestsDuringMaintenance->handle()
#34 C:\\Users\\baxxe\\Documents\\Web2\\Stage\\mindful-journey-ui\\backend\\mindful-journey-back\\vendor\\laravel\\framework\\src\\Illuminate\\Http\\Middleware\\HandleCors.php(61): Illuminate\\Pipeline\\Pipeline->{closure:{closure:Illuminate\\Pipeline\\Pipeline::carry():183}:184}()
#35 C:\\Users\\baxxe\\Documents\\Web2\\Stage\\mindful-journey-ui\\backend\\mindful-journey-back\\vendor\\laravel\\framework\\src\\Illuminate\\Pipeline\\Pipeline.php(208): Illuminate\\Http\\Middleware\\HandleCors->handle()
#36 C:\\Users\\baxxe\\Documents\\Web2\\Stage\\mindful-journey-ui\\backend\\mindful-journey-back\\vendor\\laravel\\framework\\src\\Illuminate\\Http\\Middleware\\TrustProxies.php(58): Illuminate\\Pipeline\\Pipeline->{closure:{closure:Illuminate\\Pipeline\\Pipeline::carry():183}:184}()
#37 C:\\Users\\baxxe\\Documents\\Web2\\Stage\\mindful-journey-ui\\backend\\mindful-journey-back\\vendor\\laravel\\framework\\src\\Illuminate\\Pipeline\\Pipeline.php(208): Illuminate\\Http\\Middleware\\TrustProxies->handle()
#38 C:\\Users\\baxxe\\Documents\\Web2\\Stage\\mindful-journey-ui\\backend\\mindful-journey-back\\vendor\\laravel\\framework\\src\\Illuminate\\Foundation\\Http\\Middleware\\InvokeDeferredCallbacks.php(22): Illuminate\\Pipeline\\Pipeline->{closure:{closure:Illuminate\\Pipeline\\Pipeline::carry():183}:184}()
#39 C:\\Users\\baxxe\\Documents\\Web2\\Stage\\mindful-journey-ui\\backend\\mindful-journey-back\\vendor\\laravel\\framework\\src\\Illuminate\\Pipeline\\Pipeline.php(208): Illuminate\\Foundation\\Http\\Middleware\\InvokeDeferredCallbacks->handle()
#40 C:\\Users\\baxxe\\Documents\\Web2\\Stage\\mindful-journey-ui\\backend\\mindful-journey-back\\vendor\\laravel\\framework\\src\\Illuminate\\Http\\Middleware\\ValidatePathEncoding.php(26): Illuminate\\Pipeline\\Pipeline->{closure:{closure:Illuminate\\Pipeline\\Pipeline::carry():183}:184}()
#41 C:\\Users\\baxxe\\Documents\\Web2\\Stage\\mindful-journey-ui\\backend\\mindful-journey-back\\vendor\\laravel\\framework\\src\\Illuminate\\Pipeline\\Pipeline.php(208): Illuminate\\Http\\Middleware\\ValidatePathEncoding->handle()
#42 C:\\Users\\baxxe\\Documents\\Web2\\Stage\\mindful-journey-ui\\backend\\mindful-journey-back\\vendor\\laravel\\framework\\src\\Illuminate\\Pipeline\\Pipeline.php(126): Illuminate\\Pipeline\\Pipeline->{closure:{closure:Illuminate\\Pipeline\\Pipeline::carry():183}:184}()
#43 C:\\Users\\baxxe\\Documents\\Web2\\Stage\\mindful-journey-ui\\backend\\mindful-journey-back\\vendor\\laravel\\framework\\src\\Illuminate\\Foundation\\Http\\Kernel.php(175): Illuminate\\Pipeline\\Pipeline->then()
#44 C:\\Users\\baxxe\\Documents\\Web2\\Stage\\mindful-journey-ui\\backend\\mindful-journey-back\\vendor\\laravel\\framework\\src\\Illuminate\\Foundation\\Http\\Kernel.php(144): Illuminate\\Foundation\\Http\\Kernel->sendRequestThroughRouter()
#45 C:\\Users\\baxxe\\Documents\\Web2\\Stage\\mindful-journey-ui\\backend\\mindful-journey-back\\vendor\\laravel\\framework\\src\\Illuminate\\Foundation\\Application.php(1219): Illuminate\\Foundation\\Http\\Kernel->handle()
#46 C:\\Users\\baxxe\\Documents\\Web2\\Stage\\mindful-journey-ui\\backend\\mindful-journey-back\\public\\index.php(20): Illuminate\\Foundation\\Application->handleRequest()
#47 C:\\Users\\baxxe\\Documents\\Web2\\Stage\\mindful-journey-ui\\backend\\mindful-journey-back\\vendor\\laravel\\framework\\src\\Illuminate\\Foundation\\resources\\server.php(23): require_once('...')
#48 {main}
"} 
[2025-08-14 09:51:25] production.ERROR: No application encryption key has been specified. {"exception":"[object] (Illuminate\\Encryption\\MissingAppKeyException(code: 0): No application encryption key has been specified. at C:\\Users\\baxxe\\Documents\\Web2\\Stage\\mindful-journey-ui\\backend\\mindful-journey-back\\vendor\\laravel\\framework\\src\\Illuminate\\Encryption\\EncryptionServiceProvider.php:83)
[stacktrace]
#0 C:\\Users\\baxxe\\Documents\\Web2\\Stage\\mindful-journey-ui\\backend\\mindful-journey-back\\vendor\\laravel\\framework\\src\\Illuminate\\Support\\helpers.php(399): Illuminate\\Encryption\\EncryptionServiceProvider->{closure:Illuminate\\Encryption\\EncryptionServiceProvider::key():81}()
#1 C:\\Users\\baxxe\\Documents\\Web2\\Stage\\mindful-journey-ui\\backend\\mindful-journey-back\\vendor\\laravel\\framework\\src\\Illuminate\\Encryption\\EncryptionServiceProvider.php(81): tap()
#2 C:\\Users\\baxxe\\Documents\\Web2\\Stage\\mindful-journey-ui\\backend\\mindful-journey-back\\vendor\\laravel\\framework\\src\\Illuminate\\Encryption\\EncryptionServiceProvider.php(64): Illuminate\\Encryption\\EncryptionServiceProvider->key()
#3 C:\\Users\\baxxe\\Documents\\Web2\\Stage\\mindful-journey-ui\\backend\\mindful-journey-back\\vendor\\laravel\\framework\\src\\Illuminate\\Encryption\\EncryptionServiceProvider.php(32): Illuminate\\Encryption\\EncryptionServiceProvider->parseKey()
#4 C:\\Users\\baxxe\\Documents\\Web2\\Stage\\mindful-journey-ui\\backend\\mindful-journey-back\\vendor\\laravel\\framework\\src\\Illuminate\\Container\\Container.php(1036): Illuminate\\Encryption\\EncryptionServiceProvider->{closure:Illuminate\\Encryption\\EncryptionServiceProvider::registerEncrypter():29}()
#5 C:\\Users\\baxxe\\Documents\\Web2\\Stage\\mindful-journey-ui\\backend\\mindful-journey-back\\vendor\\laravel\\framework\\src\\Illuminate\\Container\\Container.php(916): Illuminate\\Container\\Container->build()
#6 C:\\Users\\baxxe\\Documents\\Web2\\Stage\\mindful-journey-ui\\backend\\mindful-journey-back\\vendor\\laravel\\framework\\src\\Illuminate\\Foundation\\Application.php(1077): Illuminate\\Container\\Container->resolve()
#7 C:\\Users\\baxxe\\Documents\\Web2\\Stage\\mindful-journey-ui\\backend\\mindful-journey-back\\vendor\\laravel\\framework\\src\\Illuminate\\Container\\Container.php(847): Illuminate\\Foundation\\Application->resolve()
#8 C:\\Users\\baxxe\\Documents\\Web2\\Stage\\mindful-journey-ui\\backend\\mindful-journey-back\\vendor\\laravel\\framework\\src\\Illuminate\\Foundation\\Application.php(1057): Illuminate\\Container\\Container->make()
#9 C:\\Users\\baxxe\\Documents\\Web2\\Stage\\mindful-journey-ui\\backend\\mindful-journey-back\\vendor\\laravel\\framework\\src\\Illuminate\\Container\\Container.php(1228): Illuminate\\Foundation\\Application->make()
#10 C:\\Users\\baxxe\\Documents\\Web2\\Stage\\mindful-journey-ui\\backend\\mindful-journey-back\\vendor\\laravel\\framework\\src\\Illuminate\\Container\\Container.php(1127): Illuminate\\Container\\Container->resolveClass()
#11 C:\\Users\\baxxe\\Documents\\Web2\\Stage\\mindful-journey-ui\\backend\\mindful-journey-back\\vendor\\laravel\\framework\\src\\Illuminate\\Container\\Container.php(1078): Illuminate\\Container\\Container->resolveDependencies()
#12 C:\\Users\\baxxe\\Documents\\Web2\\Stage\\mindful-journey-ui\\backend\\mindful-journey-back\\vendor\\laravel\\framework\\src\\Illuminate\\Container\\Container.php(916): Illuminate\\Container\\Container->build()
#13 C:\\Users\\baxxe\\Documents\\Web2\\Stage\\mindful-journey-ui\\backend\\mindful-journey-back\\vendor\\laravel\\framework\\src\\Illuminate\\Foundation\\Application.php(1077): Illuminate\\Container\\Container->resolve()
#14 C:\\Users\\baxxe\\Documents\\Web2\\Stage\\mindful-journey-ui\\backend\\mindful-journey-back\\vendor\\laravel\\framework\\src\\Illuminate\\Container\\Container.php(847): Illuminate\\Foundation\\Application->resolve()
#15 C:\\Users\\baxxe\\Documents\\Web2\\Stage\\mindful-journey-ui\\backend\\mindful-journey-back\\vendor\\laravel\\framework\\src\\Illuminate\\Foundation\\Application.php(1057): Illuminate\\Container\\Container->make()
#16 C:\\Users\\baxxe\\Documents\\Web2\\Stage\\mindful-journey-ui\\backend\\mindful-journey-back\\vendor\\laravel\\framework\\src\\Illuminate\\Foundation\\Http\\Kernel.php(257): Illuminate\\Foundation\\Application->make()
#17 C:\\Users\\baxxe\\Documents\\Web2\\Stage\\mindful-journey-ui\\backend\\mindful-journey-back\\vendor\\laravel\\framework\\src\\Illuminate\\Foundation\\Http\\Kernel.php(215): Illuminate\\Foundation\\Http\\Kernel->terminateMiddleware()
#18 C:\\Users\\baxxe\\Documents\\Web2\\Stage\\mindful-journey-ui\\backend\\mindful-journey-back\\vendor\\laravel\\framework\\src\\Illuminate\\Foundation\\Application.php(1221): Illuminate\\Foundation\\Http\\Kernel->terminate()
#19 C:\\Users\\baxxe\\Documents\\Web2\\Stage\\mindful-journey-ui\\backend\\mindful-journey-back\\public\\index.php(20): Illuminate\\Foundation\\Application->handleRequest()
#20 C:\\Users\\baxxe\\Documents\\Web2\\Stage\\mindful-journey-ui\\backend\\mindful-journey-back\\vendor\\laravel\\framework\\src\\Illuminate\\Foundation\\resources\\server.php(23): require_once('...')
#21 {main}
"} 
[2025-08-14 09:51:26] production.ERROR: Database file at path [C:\Users\baxxe\Documents\Web2\Stage\mindful-journey-ui\backend\mindful-journey-back\database\database.sqlite] does not exist. Ensure this is an absolute path to the database. (Connection: sqlite, SQL: select * from "users" where "email" = bax@gmail.com limit 1) {"exception":"[object] (Illuminate\\Database\\QueryException(code: 0): Database file at path [C:\\Users\\baxxe\\Documents\\Web2\\Stage\\mindful-journey-ui\\backend\\mindful-journey-back\\database\\database.sqlite] does not exist. Ensure this is an absolute path to the database. (Connection: sqlite, SQL: select * from \"users\" where \"email\" = bax@gmail.com limit 1) at C:\\Users\\baxxe\\Documents\\Web2\\Stage\\mindful-journey-ui\\backend\\mindful-journey-back\\vendor\\laravel\\framework\\src\\Illuminate\\Database\\Connection.php:824)
[stacktrace]
#0 C:\\Users\\baxxe\\Documents\\Web2\\Stage\\mindful-journey-ui\\backend\\mindful-journey-back\\vendor\\laravel\\framework\\src\\Illuminate\\Database\\Connection.php(778): Illuminate\\Database\\Connection->runQueryCallback()
#1 C:\\Users\\baxxe\\Documents\\Web2\\Stage\\mindful-journey-ui\\backend\\mindful-journey-back\\vendor\\laravel\\framework\\src\\Illuminate\\Database\\Connection.php(397): Illuminate\\Database\\Connection->run()
#2 C:\\Users\\baxxe\\Documents\\Web2\\Stage\\mindful-journey-ui\\backend\\mindful-journey-back\\vendor\\laravel\\framework\\src\\Illuminate\\Database\\Query\\Builder.php(3188): Illuminate\\Database\\Connection->select()
#3 C:\\Users\\baxxe\\Documents\\Web2\\Stage\\mindful-journey-ui\\backend\\mindful-journey-back\\vendor\\laravel\\framework\\src\\Illuminate\\Database\\Query\\Builder.php(3173): Illuminate\\Database\\Query\\Builder->runSelect()
#4 C:\\Users\\baxxe\\Documents\\Web2\\Stage\\mindful-journey-ui\\backend\\mindful-journey-back\\vendor\\laravel\\framework\\src\\Illuminate\\Database\\Query\\Builder.php(3763): Illuminate\\Database\\Query\\Builder->{closure:Illuminate\\Database\\Query\\Builder::get():3172}()
#5 C:\\Users\\baxxe\\Documents\\Web2\\Stage\\mindful-journey-ui\\backend\\mindful-journey-back\\vendor\\laravel\\framework\\src\\Illuminate\\Database\\Query\\Builder.php(3172): Illuminate\\Database\\Query\\Builder->onceWithColumns()
#6 C:\\Users\\baxxe\\Documents\\Web2\\Stage\\mindful-journey-ui\\backend\\mindful-journey-back\\vendor\\laravel\\framework\\src\\Illuminate\\Database\\Eloquent\\Builder.php(872): Illuminate\\Database\\Query\\Builder->get()
#7 C:\\Users\\baxxe\\Documents\\Web2\\Stage\\mindful-journey-ui\\backend\\mindful-journey-back\\vendor\\laravel\\framework\\src\\Illuminate\\Database\\Eloquent\\Builder.php(854): Illuminate\\Database\\Eloquent\\Builder->getModels()
#8 C:\\Users\\baxxe\\Documents\\Web2\\Stage\\mindful-journey-ui\\backend\\mindful-journey-back\\vendor\\laravel\\framework\\src\\Illuminate\\Database\\Concerns\\BuildsQueries.php(366): Illuminate\\Database\\Eloquent\\Builder->get()
#9 C:\\Users\\baxxe\\Documents\\Web2\\Stage\\mindful-journey-ui\\backend\\mindful-journey-back\\app\\Http\\Controllers\\Api\\AuthController.php(53): Illuminate\\Database\\Eloquent\\Builder->first()
#10 C:\\Users\\baxxe\\Documents\\Web2\\Stage\\mindful-journey-ui\\backend\\mindful-journey-back\\vendor\\laravel\\framework\\src\\Illuminate\\Routing\\ControllerDispatcher.php(46): App\\Http\\Controllers\\Api\\AuthController->login()
#11 C:\\Users\\baxxe\\Documents\\Web2\\Stage\\mindful-journey-ui\\backend\\mindful-journey-back\\vendor\\laravel\\framework\\src\\Illuminate\\Routing\\Route.php(265): Illuminate\\Routing\\ControllerDispatcher->dispatch()
#12 C:\\Users\\baxxe\\Documents\\Web2\\Stage\\mindful-journey-ui\\backend\\mindful-journey-back\\vendor\\laravel\\framework\\src\\Illuminate\\Routing\\Route.php(211): Illuminate\\Routing\\Route->runController()
#13 C:\\Users\\baxxe\\Documents\\Web2\\Stage\\mindful-journey-ui\\backend\\mindful-journey-back\\vendor\\laravel\\framework\\src\\Illuminate\\Routing\\Router.php(808): Illuminate\\Routing\\Route->run()
#14 C:\\Users\\baxxe\\Documents\\Web2\\Stage\\mindful-journey-ui\\backend\\mindful-journey-back\\vendor\\laravel\\framework\\src\\Illuminate\\Pipeline\\Pipeline.php(169): Illuminate\\Routing\\Router->{closure:Illuminate\\Routing\\Router::runRouteWithinStack():807}()
#15 C:\\Users\\baxxe\\Documents\\Web2\\Stage\\mindful-journey-ui\\backend\\mindful-journey-back\\vendor\\laravel\\framework\\src\\Illuminate\\Routing\\Middleware\\SubstituteBindings.php(50): Illuminate\\Pipeline\\Pipeline->{closure:Illuminate\\Pipeline\\Pipeline::prepareDestination():167}()
#16 C:\\Users\\baxxe\\Documents\\Web2\\Stage\\mindful-journey-ui\\backend\\mindful-journey-back\\vendor\\laravel\\framework\\src\\Illuminate\\Pipeline\\Pipeline.php(208): Illuminate\\Routing\\Middleware\\SubstituteBindings->handle()
#17 C:\\Users\\baxxe\\Documents\\Web2\\Stage\\mindful-journey-ui\\backend\\mindful-journey-back\\vendor\\laravel\\framework\\src\\Illuminate\\Pipeline\\Pipeline.php(126): Illuminate\\Pipeline\\Pipeline->{closure:{closure:Illuminate\\Pipeline\\Pipeline::carry():183}:184}()
#18 C:\\Users\\baxxe\\Documents\\Web2\\Stage\\mindful-journey-ui\\backend\\mindful-journey-back\\vendor\\laravel\\framework\\src\\Illuminate\\Routing\\Router.php(807): Illuminate\\Pipeline\\Pipeline->then()
#19 C:\\Users\\baxxe\\Documents\\Web2\\Stage\\mindful-journey-ui\\backend\\mindful-journey-back\\vendor\\laravel\\framework\\src\\Illuminate\\Routing\\Router.php(786): Illuminate\\Routing\\Router->runRouteWithinStack()
#20 C:\\Users\\baxxe\\Documents\\Web2\\Stage\\mindful-journey-ui\\backend\\mindful-journey-back\\vendor\\laravel\\framework\\src\\Illuminate\\Routing\\Router.php(750): Illuminate\\Routing\\Router->runRoute()
#21 C:\\Users\\baxxe\\Documents\\Web2\\Stage\\mindful-journey-ui\\backend\\mindful-journey-back\\vendor\\laravel\\framework\\src\\Illuminate\\Routing\\Router.php(739): Illuminate\\Routing\\Router->dispatchToRoute()
#22 C:\\Users\\baxxe\\Documents\\Web2\\Stage\\mindful-journey-ui\\backend\\mindful-journey-back\\vendor\\laravel\\framework\\src\\Illuminate\\Foundation\\Http\\Kernel.php(200): Illuminate\\Routing\\Router->dispatch()
#23 C:\\Users\\baxxe\\Documents\\Web2\\Stage\\mindful-journey-ui\\backend\\mindful-journey-back\\vendor\\laravel\\framework\\src\\Illuminate\\Pipeline\\Pipeline.php(169): Illuminate\\Foundation\\Http\\Kernel->{closure:Illuminate\\Foundation\\Http\\Kernel::dispatchToRouter():197}()
#24 C:\\Users\\baxxe\\Documents\\Web2\\Stage\\mindful-journey-ui\\backend\\mindful-journey-back\\vendor\\laravel\\framework\\src\\Illuminate\\Foundation\\Http\\Middleware\\TransformsRequest.php(21): Illuminate\\Pipeline\\Pipeline->{closure:Illuminate\\Pipeline\\Pipeline::prepareDestination():167}()
#25 C:\\Users\\baxxe\\Documents\\Web2\\Stage\\mindful-journey-ui\\backend\\mindful-journey-back\\vendor\\laravel\\framework\\src\\Illuminate\\Foundation\\Http\\Middleware\\ConvertEmptyStringsToNull.php(31): Illuminate\\Foundation\\Http\\Middleware\\TransformsRequest->handle()
#26 C:\\Users\\baxxe\\Documents\\Web2\\Stage\\mindful-journey-ui\\backend\\mindful-journey-back\\vendor\\laravel\\framework\\src\\Illuminate\\Pipeline\\Pipeline.php(208): Illuminate\\Foundation\\Http\\Middleware\\ConvertEmptyStringsToNull->handle()
#27 C:\\Users\\baxxe\\Documents\\Web2\\Stage\\mindful-journey-ui\\backend\\mindful-journey-back\\vendor\\laravel\\framework\\src\\Illuminate\\Foundation\\Http\\Middleware\\TransformsRequest.php(21): Illuminate\\Pipeline\\Pipeline->{closure:{closure:Illuminate\\Pipeline\\Pipeline::carry():183}:184}()
#28 C:\\Users\\baxxe\\Documents\\Web2\\Stage\\mindful-journey-ui\\backend\\mindful-journey-back\\vendor\\laravel\\framework\\src\\Illuminate\\Foundation\\Http\\Middleware\\TrimStrings.php(51): Illuminate\\Foundation\\Http\\Middleware\\TransformsRequest->handle()
#29 C:\\Users\\baxxe\\Documents\\Web2\\Stage\\mindful-journey-ui\\backend\\mindful-journey-back\\vendor\\laravel\\framework\\src\\Illuminate\\Pipeline\\Pipeline.php(208): Illuminate\\Foundation\\Http\\Middleware\\TrimStrings->handle()
#30 C:\\Users\\baxxe\\Documents\\Web2\\Stage\\mindful-journey-ui\\backend\\mindful-journey-back\\vendor\\laravel\\framework\\src\\Illuminate\\Http\\Middleware\\ValidatePostSize.php(27): Illuminate\\Pipeline\\Pipeline->{closure:{closure:Illuminate\\Pipeline\\Pipeline::carry():183}:184}()
#31 C:\\Users\\baxxe\\Documents\\Web2\\Stage\\mindful-journey-ui\\backend\\mindful-journey-back\\vendor\\laravel\\framework\\src\\Illuminate\\Pipeline\\Pipeline.php(208): Illuminate\\Http\\Middleware\\ValidatePostSize->handle()
#32 C:\\Users\\baxxe\\Documents\\Web2\\Stage\\mindful-journey-ui\\backend\\mindful-journey-back\\vendor\\laravel\\framework\\src\\Illuminate\\Foundation\\Http\\Middleware\\PreventRequestsDuringMaintenance.php(109): Illuminate\\Pipeline\\Pipeline->{closure:{closure:Illuminate\\Pipeline\\Pipeline::carry():183}:184}()
#33 C:\\Users\\baxxe\\Documents\\Web2\\Stage\\mindful-journey-ui\\backend\\mindful-journey-back\\vendor\\laravel\\framework\\src\\Illuminate\\Pipeline\\Pipeline.php(208): Illuminate\\Foundation\\Http\\Middleware\\PreventRequestsDuringMaintenance->handle()
#34 C:\\Users\\baxxe\\Documents\\Web2\\Stage\\mindful-journey-ui\\backend\\mindful-journey-back\\vendor\\laravel\\framework\\src\\Illuminate\\Http\\Middleware\\HandleCors.php(61): Illuminate\\Pipeline\\Pipeline->{closure:{closure:Illuminate\\Pipeline\\Pipeline::carry():183}:184}()
#35 C:\\Users\\baxxe\\Documents\\Web2\\Stage\\mindful-journey-ui\\backend\\mindful-journey-back\\vendor\\laravel\\framework\\src\\Illuminate\\Pipeline\\Pipeline.php(208): Illuminate\\Http\\Middleware\\HandleCors->handle()
#36 C:\\Users\\baxxe\\Documents\\Web2\\Stage\\mindful-journey-ui\\backend\\mindful-journey-back\\vendor\\laravel\\framework\\src\\Illuminate\\Http\\Middleware\\TrustProxies.php(58): Illuminate\\Pipeline\\Pipeline->{closure:{closure:Illuminate\\Pipeline\\Pipeline::carry():183}:184}()
#37 C:\\Users\\baxxe\\Documents\\Web2\\Stage\\mindful-journey-ui\\backend\\mindful-journey-back\\vendor\\laravel\\framework\\src\\Illuminate\\Pipeline\\Pipeline.php(208): Illuminate\\Http\\Middleware\\TrustProxies->handle()
#38 C:\\Users\\baxxe\\Documents\\Web2\\Stage\\mindful-journey-ui\\backend\\mindful-journey-back\\vendor\\laravel\\framework\\src\\Illuminate\\Foundation\\Http\\Middleware\\InvokeDeferredCallbacks.php(22): Illuminate\\Pipeline\\Pipeline->{closure:{closure:Illuminate\\Pipeline\\Pipeline::carry():183}:184}()
#39 C:\\Users\\baxxe\\Documents\\Web2\\Stage\\mindful-journey-ui\\backend\\mindful-journey-back\\vendor\\laravel\\framework\\src\\Illuminate\\Pipeline\\Pipeline.php(208): Illuminate\\Foundation\\Http\\Middleware\\InvokeDeferredCallbacks->handle()
#40 C:\\Users\\baxxe\\Documents\\Web2\\Stage\\mindful-journey-ui\\backend\\mindful-journey-back\\vendor\\laravel\\framework\\src\\Illuminate\\Http\\Middleware\\ValidatePathEncoding.php(26): Illuminate\\Pipeline\\Pipeline->{closure:{closure:Illuminate\\Pipeline\\Pipeline::carry():183}:184}()
#41 C:\\Users\\baxxe\\Documents\\Web2\\Stage\\mindful-journey-ui\\backend\\mindful-journey-back\\vendor\\laravel\\framework\\src\\Illuminate\\Pipeline\\Pipeline.php(208): Illuminate\\Http\\Middleware\\ValidatePathEncoding->handle()
#42 C:\\Users\\baxxe\\Documents\\Web2\\Stage\\mindful-journey-ui\\backend\\mindful-journey-back\\vendor\\laravel\\framework\\src\\Illuminate\\Pipeline\\Pipeline.php(126): Illuminate\\Pipeline\\Pipeline->{closure:{closure:Illuminate\\Pipeline\\Pipeline::carry():183}:184}()
#43 C:\\Users\\baxxe\\Documents\\Web2\\Stage\\mindful-journey-ui\\backend\\mindful-journey-back\\vendor\\laravel\\framework\\src\\Illuminate\\Foundation\\Http\\Kernel.php(175): Illuminate\\Pipeline\\Pipeline->then()
#44 C:\\Users\\baxxe\\Documents\\Web2\\Stage\\mindful-journey-ui\\backend\\mindful-journey-back\\vendor\\laravel\\framework\\src\\Illuminate\\Foundation\\Http\\Kernel.php(144): Illuminate\\Foundation\\Http\\Kernel->sendRequestThroughRouter()
#45 C:\\Users\\baxxe\\Documents\\Web2\\Stage\\mindful-journey-ui\\backend\\mindful-journey-back\\vendor\\laravel\\framework\\src\\Illuminate\\Foundation\\Application.php(1219): Illuminate\\Foundation\\Http\\Kernel->handle()
#46 C:\\Users\\baxxe\\Documents\\Web2\\Stage\\mindful-journey-ui\\backend\\mindful-journey-back\\public\\index.php(20): Illuminate\\Foundation\\Application->handleRequest()
#47 C:\\Users\\baxxe\\Documents\\Web2\\Stage\\mindful-journey-ui\\backend\\mindful-journey-back\\vendor\\laravel\\framework\\src\\Illuminate\\Foundation\\resources\\server.php(23): require_once('...')
#48 {main}

[previous exception] [object] (Illuminate\\Database\\SQLiteDatabaseDoesNotExistException(code: 0): Database file at path [C:\\Users\\baxxe\\Documents\\Web2\\Stage\\mindful-journey-ui\\backend\\mindful-journey-back\\database\\database.sqlite] does not exist. Ensure this is an absolute path to the database. at C:\\Users\\baxxe\\Documents\\Web2\\Stage\\mindful-journey-ui\\backend\\mindful-journey-back\\vendor\\laravel\\framework\\src\\Illuminate\\Database\\Connectors\\SQLiteConnector.php:59)
[stacktrace]
#0 C:\\Users\\baxxe\\Documents\\Web2\\Stage\\mindful-journey-ui\\backend\\mindful-journey-back\\vendor\\laravel\\framework\\src\\Illuminate\\Database\\Connectors\\SQLiteConnector.php(19): Illuminate\\Database\\Connectors\\SQLiteConnector->parseDatabasePath()
#1 C:\\Users\\baxxe\\Documents\\Web2\\Stage\\mindful-journey-ui\\backend\\mindful-journey-back\\vendor\\laravel\\framework\\src\\Illuminate\\Database\\Connectors\\ConnectionFactory.php(223): Illuminate\\Database\\Connectors\\SQLiteConnector->connect()
#2 [internal function]: Illuminate\\Database\\Connectors\\ConnectionFactory->{closure:Illuminate\\Database\\Connectors\\ConnectionFactory::createPdoResolverWithoutHosts():223}()
#3 C:\\Users\\baxxe\\Documents\\Web2\\Stage\\mindful-journey-ui\\backend\\mindful-journey-back\\vendor\\laravel\\framework\\src\\Illuminate\\Database\\Connection.php(1230): call_user_func()
#4 C:\\Users\\baxxe\\Documents\\Web2\\Stage\\mindful-journey-ui\\backend\\mindful-journey-back\\vendor\\laravel\\framework\\src\\Illuminate\\Database\\Connection.php(1266): Illuminate\\Database\\Connection->getPdo()
#5 C:\\Users\\baxxe\\Documents\\Web2\\Stage\\mindful-journey-ui\\backend\\mindful-journey-back\\vendor\\laravel\\framework\\src\\Illuminate\\Database\\Connection.php(511): Illuminate\\Database\\Connection->getReadPdo()
#6 C:\\Users\\baxxe\\Documents\\Web2\\Stage\\mindful-journey-ui\\backend\\mindful-journey-back\\vendor\\laravel\\framework\\src\\Illuminate\\Database\\Connection.php(406): Illuminate\\Database\\Connection->getPdoForSelect()
#7 C:\\Users\\baxxe\\Documents\\Web2\\Stage\\mindful-journey-ui\\backend\\mindful-journey-back\\vendor\\laravel\\framework\\src\\Illuminate\\Database\\Connection.php(811): Illuminate\\Database\\Connection->{closure:Illuminate\\Database\\Connection::select():397}()
#8 C:\\Users\\baxxe\\Documents\\Web2\\Stage\\mindful-journey-ui\\backend\\mindful-journey-back\\vendor\\laravel\\framework\\src\\Illuminate\\Database\\Connection.php(778): Illuminate\\Database\\Connection->runQueryCallback()
#9 C:\\Users\\baxxe\\Documents\\Web2\\Stage\\mindful-journey-ui\\backend\\mindful-journey-back\\vendor\\laravel\\framework\\src\\Illuminate\\Database\\Connection.php(397): Illuminate\\Database\\Connection->run()
#10 C:\\Users\\baxxe\\Documents\\Web2\\Stage\\mindful-journey-ui\\backend\\mindful-journey-back\\vendor\\laravel\\framework\\src\\Illuminate\\Database\\Query\\Builder.php(3188): Illuminate\\Database\\Connection->select()
#11 C:\\Users\\baxxe\\Documents\\Web2\\Stage\\mindful-journey-ui\\backend\\mindful-journey-back\\vendor\\laravel\\framework\\src\\Illuminate\\Database\\Query\\Builder.php(3173): Illuminate\\Database\\Query\\Builder->runSelect()
#12 C:\\Users\\baxxe\\Documents\\Web2\\Stage\\mindful-journey-ui\\backend\\mindful-journey-back\\vendor\\laravel\\framework\\src\\Illuminate\\Database\\Query\\Builder.php(3763): Illuminate\\Database\\Query\\Builder->{closure:Illuminate\\Database\\Query\\Builder::get():3172}()
#13 C:\\Users\\baxxe\\Documents\\Web2\\Stage\\mindful-journey-ui\\backend\\mindful-journey-back\\vendor\\laravel\\framework\\src\\Illuminate\\Database\\Query\\Builder.php(3172): Illuminate\\Database\\Query\\Builder->onceWithColumns()
#14 C:\\Users\\baxxe\\Documents\\Web2\\Stage\\mindful-journey-ui\\backend\\mindful-journey-back\\vendor\\laravel\\framework\\src\\Illuminate\\Database\\Eloquent\\Builder.php(872): Illuminate\\Database\\Query\\Builder->get()
#15 C:\\Users\\baxxe\\Documents\\Web2\\Stage\\mindful-journey-ui\\backend\\mindful-journey-back\\vendor\\laravel\\framework\\src\\Illuminate\\Database\\Eloquent\\Builder.php(854): Illuminate\\Database\\Eloquent\\Builder->getModels()
#16 C:\\Users\\baxxe\\Documents\\Web2\\Stage\\mindful-journey-ui\\backend\\mindful-journey-back\\vendor\\laravel\\framework\\src\\Illuminate\\Database\\Concerns\\BuildsQueries.php(366): Illuminate\\Database\\Eloquent\\Builder->get()
#17 C:\\Users\\baxxe\\Documents\\Web2\\Stage\\mindful-journey-ui\\backend\\mindful-journey-back\\app\\Http\\Controllers\\Api\\AuthController.php(53): Illuminate\\Database\\Eloquent\\Builder->first()
#18 C:\\Users\\baxxe\\Documents\\Web2\\Stage\\mindful-journey-ui\\backend\\mindful-journey-back\\vendor\\laravel\\framework\\src\\Illuminate\\Routing\\ControllerDispatcher.php(46): App\\Http\\Controllers\\Api\\AuthController->login()
#19 C:\\Users\\baxxe\\Documents\\Web2\\Stage\\mindful-journey-ui\\backend\\mindful-journey-back\\vendor\\laravel\\framework\\src\\Illuminate\\Routing\\Route.php(265): Illuminate\\Routing\\ControllerDispatcher->dispatch()
#20 C:\\Users\\baxxe\\Documents\\Web2\\Stage\\mindful-journey-ui\\backend\\mindful-journey-back\\vendor\\laravel\\framework\\src\\Illuminate\\Routing\\Route.php(211): Illuminate\\Routing\\Route->runController()
#21 C:\\Users\\baxxe\\Documents\\Web2\\Stage\\mindful-journey-ui\\backend\\mindful-journey-back\\vendor\\laravel\\framework\\src\\Illuminate\\Routing\\Router.php(808): Illuminate\\Routing\\Route->run()
#22 C:\\Users\\baxxe\\Documents\\Web2\\Stage\\mindful-journey-ui\\backend\\mindful-journey-back\\vendor\\laravel\\framework\\src\\Illuminate\\Pipeline\\Pipeline.php(169): Illuminate\\Routing\\Router->{closure:Illuminate\\Routing\\Router::runRouteWithinStack():807}()
#23 C:\\Users\\baxxe\\Documents\\Web2\\Stage\\mindful-journey-ui\\backend\\mindful-journey-back\\vendor\\laravel\\framework\\src\\Illuminate\\Routing\\Middleware\\SubstituteBindings.php(50): Illuminate\\Pipeline\\Pipeline->{closure:Illuminate\\Pipeline\\Pipeline::prepareDestination():167}()
#24 C:\\Users\\baxxe\\Documents\\Web2\\Stage\\mindful-journey-ui\\backend\\mindful-journey-back\\vendor\\laravel\\framework\\src\\Illuminate\\Pipeline\\Pipeline.php(208): Illuminate\\Routing\\Middleware\\SubstituteBindings->handle()
#25 C:\\Users\\baxxe\\Documents\\Web2\\Stage\\mindful-journey-ui\\backend\\mindful-journey-back\\vendor\\laravel\\framework\\src\\Illuminate\\Pipeline\\Pipeline.php(126): Illuminate\\Pipeline\\Pipeline->{closure:{closure:Illuminate\\Pipeline\\Pipeline::carry():183}:184}()
#26 C:\\Users\\baxxe\\Documents\\Web2\\Stage\\mindful-journey-ui\\backend\\mindful-journey-back\\vendor\\laravel\\framework\\src\\Illuminate\\Routing\\Router.php(807): Illuminate\\Pipeline\\Pipeline->then()
#27 C:\\Users\\baxxe\\Documents\\Web2\\Stage\\mindful-journey-ui\\backend\\mindful-journey-back\\vendor\\laravel\\framework\\src\\Illuminate\\Routing\\Router.php(786): Illuminate\\Routing\\Router->runRouteWithinStack()
#28 C:\\Users\\baxxe\\Documents\\Web2\\Stage\\mindful-journey-ui\\backend\\mindful-journey-back\\vendor\\laravel\\framework\\src\\Illuminate\\Routing\\Router.php(750): Illuminate\\Routing\\Router->runRoute()
#29 C:\\Users\\baxxe\\Documents\\Web2\\Stage\\mindful-journey-ui\\backend\\mindful-journey-back\\vendor\\laravel\\framework\\src\\Illuminate\\Routing\\Router.php(739): Illuminate\\Routing\\Router->dispatchToRoute()
#30 C:\\Users\\baxxe\\Documents\\Web2\\Stage\\mindful-journey-ui\\backend\\mindful-journey-back\\vendor\\laravel\\framework\\src\\Illuminate\\Foundation\\Http\\Kernel.php(200): Illuminate\\Routing\\Router->dispatch()
#31 C:\\Users\\baxxe\\Documents\\Web2\\Stage\\mindful-journey-ui\\backend\\mindful-journey-back\\vendor\\laravel\\framework\\src\\Illuminate\\Pipeline\\Pipeline.php(169): Illuminate\\Foundation\\Http\\Kernel->{closure:Illuminate\\Foundation\\Http\\Kernel::dispatchToRouter():197}()
#32 C:\\Users\\baxxe\\Documents\\Web2\\Stage\\mindful-journey-ui\\backend\\mindful-journey-back\\vendor\\laravel\\framework\\src\\Illuminate\\Foundation\\Http\\Middleware\\TransformsRequest.php(21): Illuminate\\Pipeline\\Pipeline->{closure:Illuminate\\Pipeline\\Pipeline::prepareDestination():167}()
#33 C:\\Users\\baxxe\\Documents\\Web2\\Stage\\mindful-journey-ui\\backend\\mindful-journey-back\\vendor\\laravel\\framework\\src\\Illuminate\\Foundation\\Http\\Middleware\\ConvertEmptyStringsToNull.php(31): Illuminate\\Foundation\\Http\\Middleware\\TransformsRequest->handle()
#34 C:\\Users\\baxxe\\Documents\\Web2\\Stage\\mindful-journey-ui\\backend\\mindful-journey-back\\vendor\\laravel\\framework\\src\\Illuminate\\Pipeline\\Pipeline.php(208): Illuminate\\Foundation\\Http\\Middleware\\ConvertEmptyStringsToNull->handle()
#35 C:\\Users\\baxxe\\Documents\\Web2\\Stage\\mindful-journey-ui\\backend\\mindful-journey-back\\vendor\\laravel\\framework\\src\\Illuminate\\Foundation\\Http\\Middleware\\TransformsRequest.php(21): Illuminate\\Pipeline\\Pipeline->{closure:{closure:Illuminate\\Pipeline\\Pipeline::carry():183}:184}()
#36 C:\\Users\\baxxe\\Documents\\Web2\\Stage\\mindful-journey-ui\\backend\\mindful-journey-back\\vendor\\laravel\\framework\\src\\Illuminate\\Foundation\\Http\\Middleware\\TrimStrings.php(51): Illuminate\\Foundation\\Http\\Middleware\\TransformsRequest->handle()
#37 C:\\Users\\baxxe\\Documents\\Web2\\Stage\\mindful-journey-ui\\backend\\mindful-journey-back\\vendor\\laravel\\framework\\src\\Illuminate\\Pipeline\\Pipeline.php(208): Illuminate\\Foundation\\Http\\Middleware\\TrimStrings->handle()
#38 C:\\Users\\baxxe\\Documents\\Web2\\Stage\\mindful-journey-ui\\backend\\mindful-journey-back\\vendor\\laravel\\framework\\src\\Illuminate\\Http\\Middleware\\ValidatePostSize.php(27): Illuminate\\Pipeline\\Pipeline->{closure:{closure:Illuminate\\Pipeline\\Pipeline::carry():183}:184}()
#39 C:\\Users\\baxxe\\Documents\\Web2\\Stage\\mindful-journey-ui\\backend\\mindful-journey-back\\vendor\\laravel\\framework\\src\\Illuminate\\Pipeline\\Pipeline.php(208): Illuminate\\Http\\Middleware\\ValidatePostSize->handle()
#40 C:\\Users\\baxxe\\Documents\\Web2\\Stage\\mindful-journey-ui\\backend\\mindful-journey-back\\vendor\\laravel\\framework\\src\\Illuminate\\Foundation\\Http\\Middleware\\PreventRequestsDuringMaintenance.php(109): Illuminate\\Pipeline\\Pipeline->{closure:{closure:Illuminate\\Pipeline\\Pipeline::carry():183}:184}()
#41 C:\\Users\\baxxe\\Documents\\Web2\\Stage\\mindful-journey-ui\\backend\\mindful-journey-back\\vendor\\laravel\\framework\\src\\Illuminate\\Pipeline\\Pipeline.php(208): Illuminate\\Foundation\\Http\\Middleware\\PreventRequestsDuringMaintenance->handle()
#42 C:\\Users\\baxxe\\Documents\\Web2\\Stage\\mindful-journey-ui\\backend\\mindful-journey-back\\vendor\\laravel\\framework\\src\\Illuminate\\Http\\Middleware\\HandleCors.php(61): Illuminate\\Pipeline\\Pipeline->{closure:{closure:Illuminate\\Pipeline\\Pipeline::carry():183}:184}()
#43 C:\\Users\\baxxe\\Documents\\Web2\\Stage\\mindful-journey-ui\\backend\\mindful-journey-back\\vendor\\laravel\\framework\\src\\Illuminate\\Pipeline\\Pipeline.php(208): Illuminate\\Http\\Middleware\\HandleCors->handle()
#44 C:\\Users\\baxxe\\Documents\\Web2\\Stage\\mindful-journey-ui\\backend\\mindful-journey-back\\vendor\\laravel\\framework\\src\\Illuminate\\Http\\Middleware\\TrustProxies.php(58): Illuminate\\Pipeline\\Pipeline->{closure:{closure:Illuminate\\Pipeline\\Pipeline::carry():183}:184}()
#45 C:\\Users\\baxxe\\Documents\\Web2\\Stage\\mindful-journey-ui\\backend\\mindful-journey-back\\vendor\\laravel\\framework\\src\\Illuminate\\Pipeline\\Pipeline.php(208): Illuminate\\Http\\Middleware\\TrustProxies->handle()
#46 C:\\Users\\baxxe\\Documents\\Web2\\Stage\\mindful-journey-ui\\backend\\mindful-journey-back\\vendor\\laravel\\framework\\src\\Illuminate\\Foundation\\Http\\Middleware\\InvokeDeferredCallbacks.php(22): Illuminate\\Pipeline\\Pipeline->{closure:{closure:Illuminate\\Pipeline\\Pipeline::carry():183}:184}()
#47 C:\\Users\\baxxe\\Documents\\Web2\\Stage\\mindful-journey-ui\\backend\\mindful-journey-back\\vendor\\laravel\\framework\\src\\Illuminate\\Pipeline\\Pipeline.php(208): Illuminate\\Foundation\\Http\\Middleware\\InvokeDeferredCallbacks->handle()
#48 C:\\Users\\baxxe\\Documents\\Web2\\Stage\\mindful-journey-ui\\backend\\mindful-journey-back\\vendor\\laravel\\framework\\src\\Illuminate\\Http\\Middleware\\ValidatePathEncoding.php(26): Illuminate\\Pipeline\\Pipeline->{closure:{closure:Illuminate\\Pipeline\\Pipeline::carry():183}:184}()
#49 C:\\Users\\baxxe\\Documents\\Web2\\Stage\\mindful-journey-ui\\backend\\mindful-journey-back\\vendor\\laravel\\framework\\src\\Illuminate\\Pipeline\\Pipeline.php(208): Illuminate\\Http\\Middleware\\ValidatePathEncoding->handle()
#50 C:\\Users\\baxxe\\Documents\\Web2\\Stage\\mindful-journey-ui\\backend\\mindful-journey-back\\vendor\\laravel\\framework\\src\\Illuminate\\Pipeline\\Pipeline.php(126): Illuminate\\Pipeline\\Pipeline->{closure:{closure:Illuminate\\Pipeline\\Pipeline::carry():183}:184}()
#51 C:\\Users\\baxxe\\Documents\\Web2\\Stage\\mindful-journey-ui\\backend\\mindful-journey-back\\vendor\\laravel\\framework\\src\\Illuminate\\Foundation\\Http\\Kernel.php(175): Illuminate\\Pipeline\\Pipeline->then()
#52 C:\\Users\\baxxe\\Documents\\Web2\\Stage\\mindful-journey-ui\\backend\\mindful-journey-back\\vendor\\laravel\\framework\\src\\Illuminate\\Foundation\\Http\\Kernel.php(144): Illuminate\\Foundation\\Http\\Kernel->sendRequestThroughRouter()
#53 C:\\Users\\baxxe\\Documents\\Web2\\Stage\\mindful-journey-ui\\backend\\mindful-journey-back\\vendor\\laravel\\framework\\src\\Illuminate\\Foundation\\Application.php(1219): Illuminate\\Foundation\\Http\\Kernel->handle()
#54 C:\\Users\\baxxe\\Documents\\Web2\\Stage\\mindful-journey-ui\\backend\\mindful-journey-back\\public\\index.php(20): Illuminate\\Foundation\\Application->handleRequest()
#55 C:\\Users\\baxxe\\Documents\\Web2\\Stage\\mindful-journey-ui\\backend\\mindful-journey-back\\vendor\\laravel\\framework\\src\\Illuminate\\Foundation\\resources\\server.php(23): require_once('...')
#56 {main}
"} 
[2025-08-14 09:51:30] production.ERROR: No application encryption key has been specified. {"exception":"[object] (Illuminate\\Encryption\\MissingAppKeyException(code: 0): No application encryption key has been specified. at C:\\Users\\baxxe\\Documents\\Web2\\Stage\\mindful-journey-ui\\backend\\mindful-journey-back\\vendor\\laravel\\framework\\src\\Illuminate\\Encryption\\EncryptionServiceProvider.php:83)
[stacktrace]
#0 C:\\Users\\baxxe\\Documents\\Web2\\Stage\\mindful-journey-ui\\backend\\mindful-journey-back\\vendor\\laravel\\framework\\src\\Illuminate\\Support\\helpers.php(399): Illuminate\\Encryption\\EncryptionServiceProvider->{closure:Illuminate\\Encryption\\EncryptionServiceProvider::key():81}()
#1 C:\\Users\\baxxe\\Documents\\Web2\\Stage\\mindful-journey-ui\\backend\\mindful-journey-back\\vendor\\laravel\\framework\\src\\Illuminate\\Encryption\\EncryptionServiceProvider.php(81): tap()
#2 C:\\Users\\baxxe\\Documents\\Web2\\Stage\\mindful-journey-ui\\backend\\mindful-journey-back\\vendor\\laravel\\framework\\src\\Illuminate\\Encryption\\EncryptionServiceProvider.php(64): Illuminate\\Encryption\\EncryptionServiceProvider->key()
#3 C:\\Users\\baxxe\\Documents\\Web2\\Stage\\mindful-journey-ui\\backend\\mindful-journey-back\\vendor\\laravel\\framework\\src\\Illuminate\\Encryption\\EncryptionServiceProvider.php(32): Illuminate\\Encryption\\EncryptionServiceProvider->parseKey()
#4 C:\\Users\\baxxe\\Documents\\Web2\\Stage\\mindful-journey-ui\\backend\\mindful-journey-back\\vendor\\laravel\\framework\\src\\Illuminate\\Container\\Container.php(1036): Illuminate\\Encryption\\EncryptionServiceProvider->{closure:Illuminate\\Encryption\\EncryptionServiceProvider::registerEncrypter():29}()
#5 C:\\Users\\baxxe\\Documents\\Web2\\Stage\\mindful-journey-ui\\backend\\mindful-journey-back\\vendor\\laravel\\framework\\src\\Illuminate\\Container\\Container.php(916): Illuminate\\Container\\Container->build()
#6 C:\\Users\\baxxe\\Documents\\Web2\\Stage\\mindful-journey-ui\\backend\\mindful-journey-back\\vendor\\laravel\\framework\\src\\Illuminate\\Foundation\\Application.php(1077): Illuminate\\Container\\Container->resolve()
#7 C:\\Users\\baxxe\\Documents\\Web2\\Stage\\mindful-journey-ui\\backend\\mindful-journey-back\\vendor\\laravel\\framework\\src\\Illuminate\\Container\\Container.php(847): Illuminate\\Foundation\\Application->resolve()
#8 C:\\Users\\baxxe\\Documents\\Web2\\Stage\\mindful-journey-ui\\backend\\mindful-journey-back\\vendor\\laravel\\framework\\src\\Illuminate\\Foundation\\Application.php(1057): Illuminate\\Container\\Container->make()
#9 C:\\Users\\baxxe\\Documents\\Web2\\Stage\\mindful-journey-ui\\backend\\mindful-journey-back\\vendor\\laravel\\framework\\src\\Illuminate\\Container\\Container.php(1228): Illuminate\\Foundation\\Application->make()
#10 C:\\Users\\baxxe\\Documents\\Web2\\Stage\\mindful-journey-ui\\backend\\mindful-journey-back\\vendor\\laravel\\framework\\src\\Illuminate\\Container\\Container.php(1127): Illuminate\\Container\\Container->resolveClass()
#11 C:\\Users\\baxxe\\Documents\\Web2\\Stage\\mindful-journey-ui\\backend\\mindful-journey-back\\vendor\\laravel\\framework\\src\\Illuminate\\Container\\Container.php(1078): Illuminate\\Container\\Container->resolveDependencies()
#12 C:\\Users\\baxxe\\Documents\\Web2\\Stage\\mindful-journey-ui\\backend\\mindful-journey-back\\vendor\\laravel\\framework\\src\\Illuminate\\Container\\Container.php(916): Illuminate\\Container\\Container->build()
#13 C:\\Users\\baxxe\\Documents\\Web2\\Stage\\mindful-journey-ui\\backend\\mindful-journey-back\\vendor\\laravel\\framework\\src\\Illuminate\\Foundation\\Application.php(1077): Illuminate\\Container\\Container->resolve()
#14 C:\\Users\\baxxe\\Documents\\Web2\\Stage\\mindful-journey-ui\\backend\\mindful-journey-back\\vendor\\laravel\\framework\\src\\Illuminate\\Container\\Container.php(847): Illuminate\\Foundation\\Application->resolve()
#15 C:\\Users\\baxxe\\Documents\\Web2\\Stage\\mindful-journey-ui\\backend\\mindful-journey-back\\vendor\\laravel\\framework\\src\\Illuminate\\Foundation\\Application.php(1057): Illuminate\\Container\\Container->make()
#16 C:\\Users\\baxxe\\Documents\\Web2\\Stage\\mindful-journey-ui\\backend\\mindful-journey-back\\vendor\\laravel\\framework\\src\\Illuminate\\Pipeline\\Pipeline.php(197): Illuminate\\Foundation\\Application->make()
#17 C:\\Users\\baxxe\\Documents\\Web2\\Stage\\mindful-journey-ui\\backend\\mindful-journey-back\\vendor\\laravel\\framework\\src\\Illuminate\\Pipeline\\Pipeline.php(126): Illuminate\\Pipeline\\Pipeline->{closure:{closure:Illuminate\\Pipeline\\Pipeline::carry():183}:184}()
#18 C:\\Users\\baxxe\\Documents\\Web2\\Stage\\mindful-journey-ui\\backend\\mindful-journey-back\\vendor\\laravel\\framework\\src\\Illuminate\\Routing\\Router.php(807): Illuminate\\Pipeline\\Pipeline->then()
#19 C:\\Users\\baxxe\\Documents\\Web2\\Stage\\mindful-journey-ui\\backend\\mindful-journey-back\\vendor\\laravel\\framework\\src\\Illuminate\\Routing\\Router.php(786): Illuminate\\Routing\\Router->runRouteWithinStack()
#20 C:\\Users\\baxxe\\Documents\\Web2\\Stage\\mindful-journey-ui\\backend\\mindful-journey-back\\vendor\\laravel\\framework\\src\\Illuminate\\Routing\\Router.php(750): Illuminate\\Routing\\Router->runRoute()
#21 C:\\Users\\baxxe\\Documents\\Web2\\Stage\\mindful-journey-ui\\backend\\mindful-journey-back\\vendor\\laravel\\framework\\src\\Illuminate\\Routing\\Router.php(739): Illuminate\\Routing\\Router->dispatchToRoute()
#22 C:\\Users\\baxxe\\Documents\\Web2\\Stage\\mindful-journey-ui\\backend\\mindful-journey-back\\vendor\\laravel\\framework\\src\\Illuminate\\Foundation\\Http\\Kernel.php(200): Illuminate\\Routing\\Router->dispatch()
#23 C:\\Users\\baxxe\\Documents\\Web2\\Stage\\mindful-journey-ui\\backend\\mindful-journey-back\\vendor\\laravel\\framework\\src\\Illuminate\\Pipeline\\Pipeline.php(169): Illuminate\\Foundation\\Http\\Kernel->{closure:Illuminate\\Foundation\\Http\\Kernel::dispatchToRouter():197}()
#24 C:\\Users\\baxxe\\Documents\\Web2\\Stage\\mindful-journey-ui\\backend\\mindful-journey-back\\vendor\\laravel\\framework\\src\\Illuminate\\Foundation\\Http\\Middleware\\TransformsRequest.php(21): Illuminate\\Pipeline\\Pipeline->{closure:Illuminate\\Pipeline\\Pipeline::prepareDestination():167}()
#25 C:\\Users\\baxxe\\Documents\\Web2\\Stage\\mindful-journey-ui\\backend\\mindful-journey-back\\vendor\\laravel\\framework\\src\\Illuminate\\Foundation\\Http\\Middleware\\ConvertEmptyStringsToNull.php(31): Illuminate\\Foundation\\Http\\Middleware\\TransformsRequest->handle()
#26 C:\\Users\\baxxe\\Documents\\Web2\\Stage\\mindful-journey-ui\\backend\\mindful-journey-back\\vendor\\laravel\\framework\\src\\Illuminate\\Pipeline\\Pipeline.php(208): Illuminate\\Foundation\\Http\\Middleware\\ConvertEmptyStringsToNull->handle()
#27 C:\\Users\\baxxe\\Documents\\Web2\\Stage\\mindful-journey-ui\\backend\\mindful-journey-back\\vendor\\laravel\\framework\\src\\Illuminate\\Foundation\\Http\\Middleware\\TransformsRequest.php(21): Illuminate\\Pipeline\\Pipeline->{closure:{closure:Illuminate\\Pipeline\\Pipeline::carry():183}:184}()
#28 C:\\Users\\baxxe\\Documents\\Web2\\Stage\\mindful-journey-ui\\backend\\mindful-journey-back\\vendor\\laravel\\framework\\src\\Illuminate\\Foundation\\Http\\Middleware\\TrimStrings.php(51): Illuminate\\Foundation\\Http\\Middleware\\TransformsRequest->handle()
#29 C:\\Users\\baxxe\\Documents\\Web2\\Stage\\mindful-journey-ui\\backend\\mindful-journey-back\\vendor\\laravel\\framework\\src\\Illuminate\\Pipeline\\Pipeline.php(208): Illuminate\\Foundation\\Http\\Middleware\\TrimStrings->handle()
#30 C:\\Users\\baxxe\\Documents\\Web2\\Stage\\mindful-journey-ui\\backend\\mindful-journey-back\\vendor\\laravel\\framework\\src\\Illuminate\\Http\\Middleware\\ValidatePostSize.php(27): Illuminate\\Pipeline\\Pipeline->{closure:{closure:Illuminate\\Pipeline\\Pipeline::carry():183}:184}()
#31 C:\\Users\\baxxe\\Documents\\Web2\\Stage\\mindful-journey-ui\\backend\\mindful-journey-back\\vendor\\laravel\\framework\\src\\Illuminate\\Pipeline\\Pipeline.php(208): Illuminate\\Http\\Middleware\\ValidatePostSize->handle()
#32 C:\\Users\\baxxe\\Documents\\Web2\\Stage\\mindful-journey-ui\\backend\\mindful-journey-back\\vendor\\laravel\\framework\\src\\Illuminate\\Foundation\\Http\\Middleware\\PreventRequestsDuringMaintenance.php(109): Illuminate\\Pipeline\\Pipeline->{closure:{closure:Illuminate\\Pipeline\\Pipeline::carry():183}:184}()
#33 C:\\Users\\baxxe\\Documents\\Web2\\Stage\\mindful-journey-ui\\backend\\mindful-journey-back\\vendor\\laravel\\framework\\src\\Illuminate\\Pipeline\\Pipeline.php(208): Illuminate\\Foundation\\Http\\Middleware\\PreventRequestsDuringMaintenance->handle()
#34 C:\\Users\\baxxe\\Documents\\Web2\\Stage\\mindful-journey-ui\\backend\\mindful-journey-back\\vendor\\laravel\\framework\\src\\Illuminate\\Http\\Middleware\\HandleCors.php(61): Illuminate\\Pipeline\\Pipeline->{closure:{closure:Illuminate\\Pipeline\\Pipeline::carry():183}:184}()
#35 C:\\Users\\baxxe\\Documents\\Web2\\Stage\\mindful-journey-ui\\backend\\mindful-journey-back\\vendor\\laravel\\framework\\src\\Illuminate\\Pipeline\\Pipeline.php(208): Illuminate\\Http\\Middleware\\HandleCors->handle()
#36 C:\\Users\\baxxe\\Documents\\Web2\\Stage\\mindful-journey-ui\\backend\\mindful-journey-back\\vendor\\laravel\\framework\\src\\Illuminate\\Http\\Middleware\\TrustProxies.php(58): Illuminate\\Pipeline\\Pipeline->{closure:{closure:Illuminate\\Pipeline\\Pipeline::carry():183}:184}()
#37 C:\\Users\\baxxe\\Documents\\Web2\\Stage\\mindful-journey-ui\\backend\\mindful-journey-back\\vendor\\laravel\\framework\\src\\Illuminate\\Pipeline\\Pipeline.php(208): Illuminate\\Http\\Middleware\\TrustProxies->handle()
#38 C:\\Users\\baxxe\\Documents\\Web2\\Stage\\mindful-journey-ui\\backend\\mindful-journey-back\\vendor\\laravel\\framework\\src\\Illuminate\\Foundation\\Http\\Middleware\\InvokeDeferredCallbacks.php(22): Illuminate\\Pipeline\\Pipeline->{closure:{closure:Illuminate\\Pipeline\\Pipeline::carry():183}:184}()
#39 C:\\Users\\baxxe\\Documents\\Web2\\Stage\\mindful-journey-ui\\backend\\mindful-journey-back\\vendor\\laravel\\framework\\src\\Illuminate\\Pipeline\\Pipeline.php(208): Illuminate\\Foundation\\Http\\Middleware\\InvokeDeferredCallbacks->handle()
#40 C:\\Users\\baxxe\\Documents\\Web2\\Stage\\mindful-journey-ui\\backend\\mindful-journey-back\\vendor\\laravel\\framework\\src\\Illuminate\\Http\\Middleware\\ValidatePathEncoding.php(26): Illuminate\\Pipeline\\Pipeline->{closure:{closure:Illuminate\\Pipeline\\Pipeline::carry():183}:184}()
#41 C:\\Users\\baxxe\\Documents\\Web2\\Stage\\mindful-journey-ui\\backend\\mindful-journey-back\\vendor\\laravel\\framework\\src\\Illuminate\\Pipeline\\Pipeline.php(208): Illuminate\\Http\\Middleware\\ValidatePathEncoding->handle()
#42 C:\\Users\\baxxe\\Documents\\Web2\\Stage\\mindful-journey-ui\\backend\\mindful-journey-back\\vendor\\laravel\\framework\\src\\Illuminate\\Pipeline\\Pipeline.php(126): Illuminate\\Pipeline\\Pipeline->{closure:{closure:Illuminate\\Pipeline\\Pipeline::carry():183}:184}()
#43 C:\\Users\\baxxe\\Documents\\Web2\\Stage\\mindful-journey-ui\\backend\\mindful-journey-back\\vendor\\laravel\\framework\\src\\Illuminate\\Foundation\\Http\\Kernel.php(175): Illuminate\\Pipeline\\Pipeline->then()
#44 C:\\Users\\baxxe\\Documents\\Web2\\Stage\\mindful-journey-ui\\backend\\mindful-journey-back\\vendor\\laravel\\framework\\src\\Illuminate\\Foundation\\Http\\Kernel.php(144): Illuminate\\Foundation\\Http\\Kernel->sendRequestThroughRouter()
#45 C:\\Users\\baxxe\\Documents\\Web2\\Stage\\mindful-journey-ui\\backend\\mindful-journey-back\\vendor\\laravel\\framework\\src\\Illuminate\\Foundation\\Application.php(1219): Illuminate\\Foundation\\Http\\Kernel->handle()
#46 C:\\Users\\baxxe\\Documents\\Web2\\Stage\\mindful-journey-ui\\backend\\mindful-journey-back\\public\\index.php(20): Illuminate\\Foundation\\Application->handleRequest()
#47 C:\\Users\\baxxe\\Documents\\Web2\\Stage\\mindful-journey-ui\\backend\\mindful-journey-back\\vendor\\laravel\\framework\\src\\Illuminate\\Foundation\\resources\\server.php(23): require_once('...')
#48 {main}
"} 
[2025-08-14 09:51:30] production.ERROR: No application encryption key has been specified. {"exception":"[object] (Illuminate\\Encryption\\MissingAppKeyException(code: 0): No application encryption key has been specified. at C:\\Users\\baxxe\\Documents\\Web2\\Stage\\mindful-journey-ui\\backend\\mindful-journey-back\\vendor\\laravel\\framework\\src\\Illuminate\\Encryption\\EncryptionServiceProvider.php:83)
[stacktrace]
#0 C:\\Users\\baxxe\\Documents\\Web2\\Stage\\mindful-journey-ui\\backend\\mindful-journey-back\\vendor\\laravel\\framework\\src\\Illuminate\\Support\\helpers.php(399): Illuminate\\Encryption\\EncryptionServiceProvider->{closure:Illuminate\\Encryption\\EncryptionServiceProvider::key():81}()
#1 C:\\Users\\baxxe\\Documents\\Web2\\Stage\\mindful-journey-ui\\backend\\mindful-journey-back\\vendor\\laravel\\framework\\src\\Illuminate\\Encryption\\EncryptionServiceProvider.php(81): tap()
#2 C:\\Users\\baxxe\\Documents\\Web2\\Stage\\mindful-journey-ui\\backend\\mindful-journey-back\\vendor\\laravel\\framework\\src\\Illuminate\\Encryption\\EncryptionServiceProvider.php(64): Illuminate\\Encryption\\EncryptionServiceProvider->key()
#3 C:\\Users\\baxxe\\Documents\\Web2\\Stage\\mindful-journey-ui\\backend\\mindful-journey-back\\vendor\\laravel\\framework\\src\\Illuminate\\Encryption\\EncryptionServiceProvider.php(32): Illuminate\\Encryption\\EncryptionServiceProvider->parseKey()
#4 C:\\Users\\baxxe\\Documents\\Web2\\Stage\\mindful-journey-ui\\backend\\mindful-journey-back\\vendor\\laravel\\framework\\src\\Illuminate\\Container\\Container.php(1036): Illuminate\\Encryption\\EncryptionServiceProvider->{closure:Illuminate\\Encryption\\EncryptionServiceProvider::registerEncrypter():29}()
#5 C:\\Users\\baxxe\\Documents\\Web2\\Stage\\mindful-journey-ui\\backend\\mindful-journey-back\\vendor\\laravel\\framework\\src\\Illuminate\\Container\\Container.php(916): Illuminate\\Container\\Container->build()
#6 C:\\Users\\baxxe\\Documents\\Web2\\Stage\\mindful-journey-ui\\backend\\mindful-journey-back\\vendor\\laravel\\framework\\src\\Illuminate\\Foundation\\Application.php(1077): Illuminate\\Container\\Container->resolve()
#7 C:\\Users\\baxxe\\Documents\\Web2\\Stage\\mindful-journey-ui\\backend\\mindful-journey-back\\vendor\\laravel\\framework\\src\\Illuminate\\Container\\Container.php(847): Illuminate\\Foundation\\Application->resolve()
#8 C:\\Users\\baxxe\\Documents\\Web2\\Stage\\mindful-journey-ui\\backend\\mindful-journey-back\\vendor\\laravel\\framework\\src\\Illuminate\\Foundation\\Application.php(1057): Illuminate\\Container\\Container->make()
#9 C:\\Users\\baxxe\\Documents\\Web2\\Stage\\mindful-journey-ui\\backend\\mindful-journey-back\\vendor\\laravel\\framework\\src\\Illuminate\\Container\\Container.php(1228): Illuminate\\Foundation\\Application->make()
#10 C:\\Users\\baxxe\\Documents\\Web2\\Stage\\mindful-journey-ui\\backend\\mindful-journey-back\\vendor\\laravel\\framework\\src\\Illuminate\\Container\\Container.php(1127): Illuminate\\Container\\Container->resolveClass()
#11 C:\\Users\\baxxe\\Documents\\Web2\\Stage\\mindful-journey-ui\\backend\\mindful-journey-back\\vendor\\laravel\\framework\\src\\Illuminate\\Container\\Container.php(1078): Illuminate\\Container\\Container->resolveDependencies()
#12 C:\\Users\\baxxe\\Documents\\Web2\\Stage\\mindful-journey-ui\\backend\\mindful-journey-back\\vendor\\laravel\\framework\\src\\Illuminate\\Container\\Container.php(916): Illuminate\\Container\\Container->build()
#13 C:\\Users\\baxxe\\Documents\\Web2\\Stage\\mindful-journey-ui\\backend\\mindful-journey-back\\vendor\\laravel\\framework\\src\\Illuminate\\Foundation\\Application.php(1077): Illuminate\\Container\\Container->resolve()
#14 C:\\Users\\baxxe\\Documents\\Web2\\Stage\\mindful-journey-ui\\backend\\mindful-journey-back\\vendor\\laravel\\framework\\src\\Illuminate\\Container\\Container.php(847): Illuminate\\Foundation\\Application->resolve()
#15 C:\\Users\\baxxe\\Documents\\Web2\\Stage\\mindful-journey-ui\\backend\\mindful-journey-back\\vendor\\laravel\\framework\\src\\Illuminate\\Foundation\\Application.php(1057): Illuminate\\Container\\Container->make()
#16 C:\\Users\\baxxe\\Documents\\Web2\\Stage\\mindful-journey-ui\\backend\\mindful-journey-back\\vendor\\laravel\\framework\\src\\Illuminate\\Foundation\\Http\\Kernel.php(257): Illuminate\\Foundation\\Application->make()
#17 C:\\Users\\baxxe\\Documents\\Web2\\Stage\\mindful-journey-ui\\backend\\mindful-journey-back\\vendor\\laravel\\framework\\src\\Illuminate\\Foundation\\Http\\Kernel.php(215): Illuminate\\Foundation\\Http\\Kernel->terminateMiddleware()
#18 C:\\Users\\baxxe\\Documents\\Web2\\Stage\\mindful-journey-ui\\backend\\mindful-journey-back\\vendor\\laravel\\framework\\src\\Illuminate\\Foundation\\Application.php(1221): Illuminate\\Foundation\\Http\\Kernel->terminate()
#19 C:\\Users\\baxxe\\Documents\\Web2\\Stage\\mindful-journey-ui\\backend\\mindful-journey-back\\public\\index.php(20): Illuminate\\Foundation\\Application->handleRequest()
#20 C:\\Users\\baxxe\\Documents\\Web2\\Stage\\mindful-journey-ui\\backend\\mindful-journey-back\\vendor\\laravel\\framework\\src\\Illuminate\\Foundation\\resources\\server.php(23): require_once('...')
#21 {main}
"} 
[2025-08-14 09:51:31] production.ERROR: Database file at path [C:\Users\baxxe\Documents\Web2\Stage\mindful-journey-ui\backend\mindful-journey-back\database\database.sqlite] does not exist. Ensure this is an absolute path to the database. (Connection: sqlite, SQL: select * from "users" where "email" = bax@gmail.com limit 1) {"exception":"[object] (Illuminate\\Database\\QueryException(code: 0): Database file at path [C:\\Users\\baxxe\\Documents\\Web2\\Stage\\mindful-journey-ui\\backend\\mindful-journey-back\\database\\database.sqlite] does not exist. Ensure this is an absolute path to the database. (Connection: sqlite, SQL: select * from \"users\" where \"email\" = bax@gmail.com limit 1) at C:\\Users\\baxxe\\Documents\\Web2\\Stage\\mindful-journey-ui\\backend\\mindful-journey-back\\vendor\\laravel\\framework\\src\\Illuminate\\Database\\Connection.php:824)
[stacktrace]
#0 C:\\Users\\baxxe\\Documents\\Web2\\Stage\\mindful-journey-ui\\backend\\mindful-journey-back\\vendor\\laravel\\framework\\src\\Illuminate\\Database\\Connection.php(778): Illuminate\\Database\\Connection->runQueryCallback()
#1 C:\\Users\\baxxe\\Documents\\Web2\\Stage\\mindful-journey-ui\\backend\\mindful-journey-back\\vendor\\laravel\\framework\\src\\Illuminate\\Database\\Connection.php(397): Illuminate\\Database\\Connection->run()
#2 C:\\Users\\baxxe\\Documents\\Web2\\Stage\\mindful-journey-ui\\backend\\mindful-journey-back\\vendor\\laravel\\framework\\src\\Illuminate\\Database\\Query\\Builder.php(3188): Illuminate\\Database\\Connection->select()
#3 C:\\Users\\baxxe\\Documents\\Web2\\Stage\\mindful-journey-ui\\backend\\mindful-journey-back\\vendor\\laravel\\framework\\src\\Illuminate\\Database\\Query\\Builder.php(3173): Illuminate\\Database\\Query\\Builder->runSelect()
#4 C:\\Users\\baxxe\\Documents\\Web2\\Stage\\mindful-journey-ui\\backend\\mindful-journey-back\\vendor\\laravel\\framework\\src\\Illuminate\\Database\\Query\\Builder.php(3763): Illuminate\\Database\\Query\\Builder->{closure:Illuminate\\Database\\Query\\Builder::get():3172}()
#5 C:\\Users\\baxxe\\Documents\\Web2\\Stage\\mindful-journey-ui\\backend\\mindful-journey-back\\vendor\\laravel\\framework\\src\\Illuminate\\Database\\Query\\Builder.php(3172): Illuminate\\Database\\Query\\Builder->onceWithColumns()
#6 C:\\Users\\baxxe\\Documents\\Web2\\Stage\\mindful-journey-ui\\backend\\mindful-journey-back\\vendor\\laravel\\framework\\src\\Illuminate\\Database\\Eloquent\\Builder.php(872): Illuminate\\Database\\Query\\Builder->get()
#7 C:\\Users\\baxxe\\Documents\\Web2\\Stage\\mindful-journey-ui\\backend\\mindful-journey-back\\vendor\\laravel\\framework\\src\\Illuminate\\Database\\Eloquent\\Builder.php(854): Illuminate\\Database\\Eloquent\\Builder->getModels()
#8 C:\\Users\\baxxe\\Documents\\Web2\\Stage\\mindful-journey-ui\\backend\\mindful-journey-back\\vendor\\laravel\\framework\\src\\Illuminate\\Database\\Concerns\\BuildsQueries.php(366): Illuminate\\Database\\Eloquent\\Builder->get()
#9 C:\\Users\\baxxe\\Documents\\Web2\\Stage\\mindful-journey-ui\\backend\\mindful-journey-back\\app\\Http\\Controllers\\Api\\AuthController.php(53): Illuminate\\Database\\Eloquent\\Builder->first()
#10 C:\\Users\\baxxe\\Documents\\Web2\\Stage\\mindful-journey-ui\\backend\\mindful-journey-back\\vendor\\laravel\\framework\\src\\Illuminate\\Routing\\ControllerDispatcher.php(46): App\\Http\\Controllers\\Api\\AuthController->login()
#11 C:\\Users\\baxxe\\Documents\\Web2\\Stage\\mindful-journey-ui\\backend\\mindful-journey-back\\vendor\\laravel\\framework\\src\\Illuminate\\Routing\\Route.php(265): Illuminate\\Routing\\ControllerDispatcher->dispatch()
#12 C:\\Users\\baxxe\\Documents\\Web2\\Stage\\mindful-journey-ui\\backend\\mindful-journey-back\\vendor\\laravel\\framework\\src\\Illuminate\\Routing\\Route.php(211): Illuminate\\Routing\\Route->runController()
#13 C:\\Users\\baxxe\\Documents\\Web2\\Stage\\mindful-journey-ui\\backend\\mindful-journey-back\\vendor\\laravel\\framework\\src\\Illuminate\\Routing\\Router.php(808): Illuminate\\Routing\\Route->run()
#14 C:\\Users\\baxxe\\Documents\\Web2\\Stage\\mindful-journey-ui\\backend\\mindful-journey-back\\vendor\\laravel\\framework\\src\\Illuminate\\Pipeline\\Pipeline.php(169): Illuminate\\Routing\\Router->{closure:Illuminate\\Routing\\Router::runRouteWithinStack():807}()
#15 C:\\Users\\baxxe\\Documents\\Web2\\Stage\\mindful-journey-ui\\backend\\mindful-journey-back\\vendor\\laravel\\framework\\src\\Illuminate\\Routing\\Middleware\\SubstituteBindings.php(50): Illuminate\\Pipeline\\Pipeline->{closure:Illuminate\\Pipeline\\Pipeline::prepareDestination():167}()
#16 C:\\Users\\baxxe\\Documents\\Web2\\Stage\\mindful-journey-ui\\backend\\mindful-journey-back\\vendor\\laravel\\framework\\src\\Illuminate\\Pipeline\\Pipeline.php(208): Illuminate\\Routing\\Middleware\\SubstituteBindings->handle()
#17 C:\\Users\\baxxe\\Documents\\Web2\\Stage\\mindful-journey-ui\\backend\\mindful-journey-back\\vendor\\laravel\\framework\\src\\Illuminate\\Pipeline\\Pipeline.php(126): Illuminate\\Pipeline\\Pipeline->{closure:{closure:Illuminate\\Pipeline\\Pipeline::carry():183}:184}()
#18 C:\\Users\\baxxe\\Documents\\Web2\\Stage\\mindful-journey-ui\\backend\\mindful-journey-back\\vendor\\laravel\\framework\\src\\Illuminate\\Routing\\Router.php(807): Illuminate\\Pipeline\\Pipeline->then()
#19 C:\\Users\\baxxe\\Documents\\Web2\\Stage\\mindful-journey-ui\\backend\\mindful-journey-back\\vendor\\laravel\\framework\\src\\Illuminate\\Routing\\Router.php(786): Illuminate\\Routing\\Router->runRouteWithinStack()
#20 C:\\Users\\baxxe\\Documents\\Web2\\Stage\\mindful-journey-ui\\backend\\mindful-journey-back\\vendor\\laravel\\framework\\src\\Illuminate\\Routing\\Router.php(750): Illuminate\\Routing\\Router->runRoute()
#21 C:\\Users\\baxxe\\Documents\\Web2\\Stage\\mindful-journey-ui\\backend\\mindful-journey-back\\vendor\\laravel\\framework\\src\\Illuminate\\Routing\\Router.php(739): Illuminate\\Routing\\Router->dispatchToRoute()
#22 C:\\Users\\baxxe\\Documents\\Web2\\Stage\\mindful-journey-ui\\backend\\mindful-journey-back\\vendor\\laravel\\framework\\src\\Illuminate\\Foundation\\Http\\Kernel.php(200): Illuminate\\Routing\\Router->dispatch()
#23 C:\\Users\\baxxe\\Documents\\Web2\\Stage\\mindful-journey-ui\\backend\\mindful-journey-back\\vendor\\laravel\\framework\\src\\Illuminate\\Pipeline\\Pipeline.php(169): Illuminate\\Foundation\\Http\\Kernel->{closure:Illuminate\\Foundation\\Http\\Kernel::dispatchToRouter():197}()
#24 C:\\Users\\baxxe\\Documents\\Web2\\Stage\\mindful-journey-ui\\backend\\mindful-journey-back\\vendor\\laravel\\framework\\src\\Illuminate\\Foundation\\Http\\Middleware\\TransformsRequest.php(21): Illuminate\\Pipeline\\Pipeline->{closure:Illuminate\\Pipeline\\Pipeline::prepareDestination():167}()
#25 C:\\Users\\baxxe\\Documents\\Web2\\Stage\\mindful-journey-ui\\backend\\mindful-journey-back\\vendor\\laravel\\framework\\src\\Illuminate\\Foundation\\Http\\Middleware\\ConvertEmptyStringsToNull.php(31): Illuminate\\Foundation\\Http\\Middleware\\TransformsRequest->handle()
#26 C:\\Users\\baxxe\\Documents\\Web2\\Stage\\mindful-journey-ui\\backend\\mindful-journey-back\\vendor\\laravel\\framework\\src\\Illuminate\\Pipeline\\Pipeline.php(208): Illuminate\\Foundation\\Http\\Middleware\\ConvertEmptyStringsToNull->handle()
#27 C:\\Users\\baxxe\\Documents\\Web2\\Stage\\mindful-journey-ui\\backend\\mindful-journey-back\\vendor\\laravel\\framework\\src\\Illuminate\\Foundation\\Http\\Middleware\\TransformsRequest.php(21): Illuminate\\Pipeline\\Pipeline->{closure:{closure:Illuminate\\Pipeline\\Pipeline::carry():183}:184}()
#28 C:\\Users\\baxxe\\Documents\\Web2\\Stage\\mindful-journey-ui\\backend\\mindful-journey-back\\vendor\\laravel\\framework\\src\\Illuminate\\Foundation\\Http\\Middleware\\TrimStrings.php(51): Illuminate\\Foundation\\Http\\Middleware\\TransformsRequest->handle()
#29 C:\\Users\\baxxe\\Documents\\Web2\\Stage\\mindful-journey-ui\\backend\\mindful-journey-back\\vendor\\laravel\\framework\\src\\Illuminate\\Pipeline\\Pipeline.php(208): Illuminate\\Foundation\\Http\\Middleware\\TrimStrings->handle()
#30 C:\\Users\\baxxe\\Documents\\Web2\\Stage\\mindful-journey-ui\\backend\\mindful-journey-back\\vendor\\laravel\\framework\\src\\Illuminate\\Http\\Middleware\\ValidatePostSize.php(27): Illuminate\\Pipeline\\Pipeline->{closure:{closure:Illuminate\\Pipeline\\Pipeline::carry():183}:184}()
#31 C:\\Users\\baxxe\\Documents\\Web2\\Stage\\mindful-journey-ui\\backend\\mindful-journey-back\\vendor\\laravel\\framework\\src\\Illuminate\\Pipeline\\Pipeline.php(208): Illuminate\\Http\\Middleware\\ValidatePostSize->handle()
#32 C:\\Users\\baxxe\\Documents\\Web2\\Stage\\mindful-journey-ui\\backend\\mindful-journey-back\\vendor\\laravel\\framework\\src\\Illuminate\\Foundation\\Http\\Middleware\\PreventRequestsDuringMaintenance.php(109): Illuminate\\Pipeline\\Pipeline->{closure:{closure:Illuminate\\Pipeline\\Pipeline::carry():183}:184}()
#33 C:\\Users\\baxxe\\Documents\\Web2\\Stage\\mindful-journey-ui\\backend\\mindful-journey-back\\vendor\\laravel\\framework\\src\\Illuminate\\Pipeline\\Pipeline.php(208): Illuminate\\Foundation\\Http\\Middleware\\PreventRequestsDuringMaintenance->handle()
#34 C:\\Users\\baxxe\\Documents\\Web2\\Stage\\mindful-journey-ui\\backend\\mindful-journey-back\\vendor\\laravel\\framework\\src\\Illuminate\\Http\\Middleware\\HandleCors.php(61): Illuminate\\Pipeline\\Pipeline->{closure:{closure:Illuminate\\Pipeline\\Pipeline::carry():183}:184}()
#35 C:\\Users\\baxxe\\Documents\\Web2\\Stage\\mindful-journey-ui\\backend\\mindful-journey-back\\vendor\\laravel\\framework\\src\\Illuminate\\Pipeline\\Pipeline.php(208): Illuminate\\Http\\Middleware\\HandleCors->handle()
#36 C:\\Users\\baxxe\\Documents\\Web2\\Stage\\mindful-journey-ui\\backend\\mindful-journey-back\\vendor\\laravel\\framework\\src\\Illuminate\\Http\\Middleware\\TrustProxies.php(58): Illuminate\\Pipeline\\Pipeline->{closure:{closure:Illuminate\\Pipeline\\Pipeline::carry():183}:184}()
#37 C:\\Users\\baxxe\\Documents\\Web2\\Stage\\mindful-journey-ui\\backend\\mindful-journey-back\\vendor\\laravel\\framework\\src\\Illuminate\\Pipeline\\Pipeline.php(208): Illuminate\\Http\\Middleware\\TrustProxies->handle()
#38 C:\\Users\\baxxe\\Documents\\Web2\\Stage\\mindful-journey-ui\\backend\\mindful-journey-back\\vendor\\laravel\\framework\\src\\Illuminate\\Foundation\\Http\\Middleware\\InvokeDeferredCallbacks.php(22): Illuminate\\Pipeline\\Pipeline->{closure:{closure:Illuminate\\Pipeline\\Pipeline::carry():183}:184}()
#39 C:\\Users\\baxxe\\Documents\\Web2\\Stage\\mindful-journey-ui\\backend\\mindful-journey-back\\vendor\\laravel\\framework\\src\\Illuminate\\Pipeline\\Pipeline.php(208): Illuminate\\Foundation\\Http\\Middleware\\InvokeDeferredCallbacks->handle()
#40 C:\\Users\\baxxe\\Documents\\Web2\\Stage\\mindful-journey-ui\\backend\\mindful-journey-back\\vendor\\laravel\\framework\\src\\Illuminate\\Http\\Middleware\\ValidatePathEncoding.php(26): Illuminate\\Pipeline\\Pipeline->{closure:{closure:Illuminate\\Pipeline\\Pipeline::carry():183}:184}()
#41 C:\\Users\\baxxe\\Documents\\Web2\\Stage\\mindful-journey-ui\\backend\\mindful-journey-back\\vendor\\laravel\\framework\\src\\Illuminate\\Pipeline\\Pipeline.php(208): Illuminate\\Http\\Middleware\\ValidatePathEncoding->handle()
#42 C:\\Users\\baxxe\\Documents\\Web2\\Stage\\mindful-journey-ui\\backend\\mindful-journey-back\\vendor\\laravel\\framework\\src\\Illuminate\\Pipeline\\Pipeline.php(126): Illuminate\\Pipeline\\Pipeline->{closure:{closure:Illuminate\\Pipeline\\Pipeline::carry():183}:184}()
#43 C:\\Users\\baxxe\\Documents\\Web2\\Stage\\mindful-journey-ui\\backend\\mindful-journey-back\\vendor\\laravel\\framework\\src\\Illuminate\\Foundation\\Http\\Kernel.php(175): Illuminate\\Pipeline\\Pipeline->then()
#44 C:\\Users\\baxxe\\Documents\\Web2\\Stage\\mindful-journey-ui\\backend\\mindful-journey-back\\vendor\\laravel\\framework\\src\\Illuminate\\Foundation\\Http\\Kernel.php(144): Illuminate\\Foundation\\Http\\Kernel->sendRequestThroughRouter()
#45 C:\\Users\\baxxe\\Documents\\Web2\\Stage\\mindful-journey-ui\\backend\\mindful-journey-back\\vendor\\laravel\\framework\\src\\Illuminate\\Foundation\\Application.php(1219): Illuminate\\Foundation\\Http\\Kernel->handle()
#46 C:\\Users\\baxxe\\Documents\\Web2\\Stage\\mindful-journey-ui\\backend\\mindful-journey-back\\public\\index.php(20): Illuminate\\Foundation\\Application->handleRequest()
#47 C:\\Users\\baxxe\\Documents\\Web2\\Stage\\mindful-journey-ui\\backend\\mindful-journey-back\\vendor\\laravel\\framework\\src\\Illuminate\\Foundation\\resources\\server.php(23): require_once('...')
#48 {main}

[previous exception] [object] (Illuminate\\Database\\SQLiteDatabaseDoesNotExistException(code: 0): Database file at path [C:\\Users\\baxxe\\Documents\\Web2\\Stage\\mindful-journey-ui\\backend\\mindful-journey-back\\database\\database.sqlite] does not exist. Ensure this is an absolute path to the database. at C:\\Users\\baxxe\\Documents\\Web2\\Stage\\mindful-journey-ui\\backend\\mindful-journey-back\\vendor\\laravel\\framework\\src\\Illuminate\\Database\\Connectors\\SQLiteConnector.php:59)
[stacktrace]
#0 C:\\Users\\baxxe\\Documents\\Web2\\Stage\\mindful-journey-ui\\backend\\mindful-journey-back\\vendor\\laravel\\framework\\src\\Illuminate\\Database\\Connectors\\SQLiteConnector.php(19): Illuminate\\Database\\Connectors\\SQLiteConnector->parseDatabasePath()
#1 C:\\Users\\baxxe\\Documents\\Web2\\Stage\\mindful-journey-ui\\backend\\mindful-journey-back\\vendor\\laravel\\framework\\src\\Illuminate\\Database\\Connectors\\ConnectionFactory.php(223): Illuminate\\Database\\Connectors\\SQLiteConnector->connect()
#2 [internal function]: Illuminate\\Database\\Connectors\\ConnectionFactory->{closure:Illuminate\\Database\\Connectors\\ConnectionFactory::createPdoResolverWithoutHosts():223}()
#3 C:\\Users\\baxxe\\Documents\\Web2\\Stage\\mindful-journey-ui\\backend\\mindful-journey-back\\vendor\\laravel\\framework\\src\\Illuminate\\Database\\Connection.php(1230): call_user_func()
#4 C:\\Users\\baxxe\\Documents\\Web2\\Stage\\mindful-journey-ui\\backend\\mindful-journey-back\\vendor\\laravel\\framework\\src\\Illuminate\\Database\\Connection.php(1266): Illuminate\\Database\\Connection->getPdo()
#5 C:\\Users\\baxxe\\Documents\\Web2\\Stage\\mindful-journey-ui\\backend\\mindful-journey-back\\vendor\\laravel\\framework\\src\\Illuminate\\Database\\Connection.php(511): Illuminate\\Database\\Connection->getReadPdo()
#6 C:\\Users\\baxxe\\Documents\\Web2\\Stage\\mindful-journey-ui\\backend\\mindful-journey-back\\vendor\\laravel\\framework\\src\\Illuminate\\Database\\Connection.php(406): Illuminate\\Database\\Connection->getPdoForSelect()
#7 C:\\Users\\baxxe\\Documents\\Web2\\Stage\\mindful-journey-ui\\backend\\mindful-journey-back\\vendor\\laravel\\framework\\src\\Illuminate\\Database\\Connection.php(811): Illuminate\\Database\\Connection->{closure:Illuminate\\Database\\Connection::select():397}()
#8 C:\\Users\\baxxe\\Documents\\Web2\\Stage\\mindful-journey-ui\\backend\\mindful-journey-back\\vendor\\laravel\\framework\\src\\Illuminate\\Database\\Connection.php(778): Illuminate\\Database\\Connection->runQueryCallback()
#9 C:\\Users\\baxxe\\Documents\\Web2\\Stage\\mindful-journey-ui\\backend\\mindful-journey-back\\vendor\\laravel\\framework\\src\\Illuminate\\Database\\Connection.php(397): Illuminate\\Database\\Connection->run()
#10 C:\\Users\\baxxe\\Documents\\Web2\\Stage\\mindful-journey-ui\\backend\\mindful-journey-back\\vendor\\laravel\\framework\\src\\Illuminate\\Database\\Query\\Builder.php(3188): Illuminate\\Database\\Connection->select()
#11 C:\\Users\\baxxe\\Documents\\Web2\\Stage\\mindful-journey-ui\\backend\\mindful-journey-back\\vendor\\laravel\\framework\\src\\Illuminate\\Database\\Query\\Builder.php(3173): Illuminate\\Database\\Query\\Builder->runSelect()
#12 C:\\Users\\baxxe\\Documents\\Web2\\Stage\\mindful-journey-ui\\backend\\mindful-journey-back\\vendor\\laravel\\framework\\src\\Illuminate\\Database\\Query\\Builder.php(3763): Illuminate\\Database\\Query\\Builder->{closure:Illuminate\\Database\\Query\\Builder::get():3172}()
#13 C:\\Users\\baxxe\\Documents\\Web2\\Stage\\mindful-journey-ui\\backend\\mindful-journey-back\\vendor\\laravel\\framework\\src\\Illuminate\\Database\\Query\\Builder.php(3172): Illuminate\\Database\\Query\\Builder->onceWithColumns()
#14 C:\\Users\\baxxe\\Documents\\Web2\\Stage\\mindful-journey-ui\\backend\\mindful-journey-back\\vendor\\laravel\\framework\\src\\Illuminate\\Database\\Eloquent\\Builder.php(872): Illuminate\\Database\\Query\\Builder->get()
#15 C:\\Users\\baxxe\\Documents\\Web2\\Stage\\mindful-journey-ui\\backend\\mindful-journey-back\\vendor\\laravel\\framework\\src\\Illuminate\\Database\\Eloquent\\Builder.php(854): Illuminate\\Database\\Eloquent\\Builder->getModels()
#16 C:\\Users\\baxxe\\Documents\\Web2\\Stage\\mindful-journey-ui\\backend\\mindful-journey-back\\vendor\\laravel\\framework\\src\\Illuminate\\Database\\Concerns\\BuildsQueries.php(366): Illuminate\\Database\\Eloquent\\Builder->get()
#17 C:\\Users\\baxxe\\Documents\\Web2\\Stage\\mindful-journey-ui\\backend\\mindful-journey-back\\app\\Http\\Controllers\\Api\\AuthController.php(53): Illuminate\\Database\\Eloquent\\Builder->first()
#18 C:\\Users\\baxxe\\Documents\\Web2\\Stage\\mindful-journey-ui\\backend\\mindful-journey-back\\vendor\\laravel\\framework\\src\\Illuminate\\Routing\\ControllerDispatcher.php(46): App\\Http\\Controllers\\Api\\AuthController->login()
#19 C:\\Users\\baxxe\\Documents\\Web2\\Stage\\mindful-journey-ui\\backend\\mindful-journey-back\\vendor\\laravel\\framework\\src\\Illuminate\\Routing\\Route.php(265): Illuminate\\Routing\\ControllerDispatcher->dispatch()
#20 C:\\Users\\baxxe\\Documents\\Web2\\Stage\\mindful-journey-ui\\backend\\mindful-journey-back\\vendor\\laravel\\framework\\src\\Illuminate\\Routing\\Route.php(211): Illuminate\\Routing\\Route->runController()
#21 C:\\Users\\baxxe\\Documents\\Web2\\Stage\\mindful-journey-ui\\backend\\mindful-journey-back\\vendor\\laravel\\framework\\src\\Illuminate\\Routing\\Router.php(808): Illuminate\\Routing\\Route->run()
#22 C:\\Users\\baxxe\\Documents\\Web2\\Stage\\mindful-journey-ui\\backend\\mindful-journey-back\\vendor\\laravel\\framework\\src\\Illuminate\\Pipeline\\Pipeline.php(169): Illuminate\\Routing\\Router->{closure:Illuminate\\Routing\\Router::runRouteWithinStack():807}()
#23 C:\\Users\\baxxe\\Documents\\Web2\\Stage\\mindful-journey-ui\\backend\\mindful-journey-back\\vendor\\laravel\\framework\\src\\Illuminate\\Routing\\Middleware\\SubstituteBindings.php(50): Illuminate\\Pipeline\\Pipeline->{closure:Illuminate\\Pipeline\\Pipeline::prepareDestination():167}()
#24 C:\\Users\\baxxe\\Documents\\Web2\\Stage\\mindful-journey-ui\\backend\\mindful-journey-back\\vendor\\laravel\\framework\\src\\Illuminate\\Pipeline\\Pipeline.php(208): Illuminate\\Routing\\Middleware\\SubstituteBindings->handle()
#25 C:\\Users\\baxxe\\Documents\\Web2\\Stage\\mindful-journey-ui\\backend\\mindful-journey-back\\vendor\\laravel\\framework\\src\\Illuminate\\Pipeline\\Pipeline.php(126): Illuminate\\Pipeline\\Pipeline->{closure:{closure:Illuminate\\Pipeline\\Pipeline::carry():183}:184}()
#26 C:\\Users\\baxxe\\Documents\\Web2\\Stage\\mindful-journey-ui\\backend\\mindful-journey-back\\vendor\\laravel\\framework\\src\\Illuminate\\Routing\\Router.php(807): Illuminate\\Pipeline\\Pipeline->then()
#27 C:\\Users\\baxxe\\Documents\\Web2\\Stage\\mindful-journey-ui\\backend\\mindful-journey-back\\vendor\\laravel\\framework\\src\\Illuminate\\Routing\\Router.php(786): Illuminate\\Routing\\Router->runRouteWithinStack()
#28 C:\\Users\\baxxe\\Documents\\Web2\\Stage\\mindful-journey-ui\\backend\\mindful-journey-back\\vendor\\laravel\\framework\\src\\Illuminate\\Routing\\Router.php(750): Illuminate\\Routing\\Router->runRoute()
#29 C:\\Users\\baxxe\\Documents\\Web2\\Stage\\mindful-journey-ui\\backend\\mindful-journey-back\\vendor\\laravel\\framework\\src\\Illuminate\\Routing\\Router.php(739): Illuminate\\Routing\\Router->dispatchToRoute()
#30 C:\\Users\\baxxe\\Documents\\Web2\\Stage\\mindful-journey-ui\\backend\\mindful-journey-back\\vendor\\laravel\\framework\\src\\Illuminate\\Foundation\\Http\\Kernel.php(200): Illuminate\\Routing\\Router->dispatch()
#31 C:\\Users\\baxxe\\Documents\\Web2\\Stage\\mindful-journey-ui\\backend\\mindful-journey-back\\vendor\\laravel\\framework\\src\\Illuminate\\Pipeline\\Pipeline.php(169): Illuminate\\Foundation\\Http\\Kernel->{closure:Illuminate\\Foundation\\Http\\Kernel::dispatchToRouter():197}()
#32 C:\\Users\\baxxe\\Documents\\Web2\\Stage\\mindful-journey-ui\\backend\\mindful-journey-back\\vendor\\laravel\\framework\\src\\Illuminate\\Foundation\\Http\\Middleware\\TransformsRequest.php(21): Illuminate\\Pipeline\\Pipeline->{closure:Illuminate\\Pipeline\\Pipeline::prepareDestination():167}()
#33 C:\\Users\\baxxe\\Documents\\Web2\\Stage\\mindful-journey-ui\\backend\\mindful-journey-back\\vendor\\laravel\\framework\\src\\Illuminate\\Foundation\\Http\\Middleware\\ConvertEmptyStringsToNull.php(31): Illuminate\\Foundation\\Http\\Middleware\\TransformsRequest->handle()
#34 C:\\Users\\baxxe\\Documents\\Web2\\Stage\\mindful-journey-ui\\backend\\mindful-journey-back\\vendor\\laravel\\framework\\src\\Illuminate\\Pipeline\\Pipeline.php(208): Illuminate\\Foundation\\Http\\Middleware\\ConvertEmptyStringsToNull->handle()
#35 C:\\Users\\baxxe\\Documents\\Web2\\Stage\\mindful-journey-ui\\backend\\mindful-journey-back\\vendor\\laravel\\framework\\src\\Illuminate\\Foundation\\Http\\Middleware\\TransformsRequest.php(21): Illuminate\\Pipeline\\Pipeline->{closure:{closure:Illuminate\\Pipeline\\Pipeline::carry():183}:184}()
#36 C:\\Users\\baxxe\\Documents\\Web2\\Stage\\mindful-journey-ui\\backend\\mindful-journey-back\\vendor\\laravel\\framework\\src\\Illuminate\\Foundation\\Http\\Middleware\\TrimStrings.php(51): Illuminate\\Foundation\\Http\\Middleware\\TransformsRequest->handle()
#37 C:\\Users\\baxxe\\Documents\\Web2\\Stage\\mindful-journey-ui\\backend\\mindful-journey-back\\vendor\\laravel\\framework\\src\\Illuminate\\Pipeline\\Pipeline.php(208): Illuminate\\Foundation\\Http\\Middleware\\TrimStrings->handle()
#38 C:\\Users\\baxxe\\Documents\\Web2\\Stage\\mindful-journey-ui\\backend\\mindful-journey-back\\vendor\\laravel\\framework\\src\\Illuminate\\Http\\Middleware\\ValidatePostSize.php(27): Illuminate\\Pipeline\\Pipeline->{closure:{closure:Illuminate\\Pipeline\\Pipeline::carry():183}:184}()
#39 C:\\Users\\baxxe\\Documents\\Web2\\Stage\\mindful-journey-ui\\backend\\mindful-journey-back\\vendor\\laravel\\framework\\src\\Illuminate\\Pipeline\\Pipeline.php(208): Illuminate\\Http\\Middleware\\ValidatePostSize->handle()
#40 C:\\Users\\baxxe\\Documents\\Web2\\Stage\\mindful-journey-ui\\backend\\mindful-journey-back\\vendor\\laravel\\framework\\src\\Illuminate\\Foundation\\Http\\Middleware\\PreventRequestsDuringMaintenance.php(109): Illuminate\\Pipeline\\Pipeline->{closure:{closure:Illuminate\\Pipeline\\Pipeline::carry():183}:184}()
#41 C:\\Users\\baxxe\\Documents\\Web2\\Stage\\mindful-journey-ui\\backend\\mindful-journey-back\\vendor\\laravel\\framework\\src\\Illuminate\\Pipeline\\Pipeline.php(208): Illuminate\\Foundation\\Http\\Middleware\\PreventRequestsDuringMaintenance->handle()
#42 C:\\Users\\baxxe\\Documents\\Web2\\Stage\\mindful-journey-ui\\backend\\mindful-journey-back\\vendor\\laravel\\framework\\src\\Illuminate\\Http\\Middleware\\HandleCors.php(61): Illuminate\\Pipeline\\Pipeline->{closure:{closure:Illuminate\\Pipeline\\Pipeline::carry():183}:184}()
#43 C:\\Users\\baxxe\\Documents\\Web2\\Stage\\mindful-journey-ui\\backend\\mindful-journey-back\\vendor\\laravel\\framework\\src\\Illuminate\\Pipeline\\Pipeline.php(208): Illuminate\\Http\\Middleware\\HandleCors->handle()
#44 C:\\Users\\baxxe\\Documents\\Web2\\Stage\\mindful-journey-ui\\backend\\mindful-journey-back\\vendor\\laravel\\framework\\src\\Illuminate\\Http\\Middleware\\TrustProxies.php(58): Illuminate\\Pipeline\\Pipeline->{closure:{closure:Illuminate\\Pipeline\\Pipeline::carry():183}:184}()
#45 C:\\Users\\baxxe\\Documents\\Web2\\Stage\\mindful-journey-ui\\backend\\mindful-journey-back\\vendor\\laravel\\framework\\src\\Illuminate\\Pipeline\\Pipeline.php(208): Illuminate\\Http\\Middleware\\TrustProxies->handle()
#46 C:\\Users\\baxxe\\Documents\\Web2\\Stage\\mindful-journey-ui\\backend\\mindful-journey-back\\vendor\\laravel\\framework\\src\\Illuminate\\Foundation\\Http\\Middleware\\InvokeDeferredCallbacks.php(22): Illuminate\\Pipeline\\Pipeline->{closure:{closure:Illuminate\\Pipeline\\Pipeline::carry():183}:184}()
#47 C:\\Users\\baxxe\\Documents\\Web2\\Stage\\mindful-journey-ui\\backend\\mindful-journey-back\\vendor\\laravel\\framework\\src\\Illuminate\\Pipeline\\Pipeline.php(208): Illuminate\\Foundation\\Http\\Middleware\\InvokeDeferredCallbacks->handle()
#48 C:\\Users\\baxxe\\Documents\\Web2\\Stage\\mindful-journey-ui\\backend\\mindful-journey-back\\vendor\\laravel\\framework\\src\\Illuminate\\Http\\Middleware\\ValidatePathEncoding.php(26): Illuminate\\Pipeline\\Pipeline->{closure:{closure:Illuminate\\Pipeline\\Pipeline::carry():183}:184}()
#49 C:\\Users\\baxxe\\Documents\\Web2\\Stage\\mindful-journey-ui\\backend\\mindful-journey-back\\vendor\\laravel\\framework\\src\\Illuminate\\Pipeline\\Pipeline.php(208): Illuminate\\Http\\Middleware\\ValidatePathEncoding->handle()
#50 C:\\Users\\baxxe\\Documents\\Web2\\Stage\\mindful-journey-ui\\backend\\mindful-journey-back\\vendor\\laravel\\framework\\src\\Illuminate\\Pipeline\\Pipeline.php(126): Illuminate\\Pipeline\\Pipeline->{closure:{closure:Illuminate\\Pipeline\\Pipeline::carry():183}:184}()
#51 C:\\Users\\baxxe\\Documents\\Web2\\Stage\\mindful-journey-ui\\backend\\mindful-journey-back\\vendor\\laravel\\framework\\src\\Illuminate\\Foundation\\Http\\Kernel.php(175): Illuminate\\Pipeline\\Pipeline->then()
#52 C:\\Users\\baxxe\\Documents\\Web2\\Stage\\mindful-journey-ui\\backend\\mindful-journey-back\\vendor\\laravel\\framework\\src\\Illuminate\\Foundation\\Http\\Kernel.php(144): Illuminate\\Foundation\\Http\\Kernel->sendRequestThroughRouter()
#53 C:\\Users\\baxxe\\Documents\\Web2\\Stage\\mindful-journey-ui\\backend\\mindful-journey-back\\vendor\\laravel\\framework\\src\\Illuminate\\Foundation\\Application.php(1219): Illuminate\\Foundation\\Http\\Kernel->handle()
#54 C:\\Users\\baxxe\\Documents\\Web2\\Stage\\mindful-journey-ui\\backend\\mindful-journey-back\\public\\index.php(20): Illuminate\\Foundation\\Application->handleRequest()
#55 C:\\Users\\baxxe\\Documents\\Web2\\Stage\\mindful-journey-ui\\backend\\mindful-journey-back\\vendor\\laravel\\framework\\src\\Illuminate\\Foundation\\resources\\server.php(23): require_once('...')
#56 {main}
"} 
[2025-08-14 09:51:48] production.ERROR: No application encryption key has been specified. {"exception":"[object] (Illuminate\\Encryption\\MissingAppKeyException(code: 0): No application encryption key has been specified. at C:\\Users\\baxxe\\Documents\\Web2\\Stage\\mindful-journey-ui\\backend\\mindful-journey-back\\vendor\\laravel\\framework\\src\\Illuminate\\Encryption\\EncryptionServiceProvider.php:83)
[stacktrace]
#0 C:\\Users\\baxxe\\Documents\\Web2\\Stage\\mindful-journey-ui\\backend\\mindful-journey-back\\vendor\\laravel\\framework\\src\\Illuminate\\Support\\helpers.php(399): Illuminate\\Encryption\\EncryptionServiceProvider->{closure:Illuminate\\Encryption\\EncryptionServiceProvider::key():81}()
#1 C:\\Users\\baxxe\\Documents\\Web2\\Stage\\mindful-journey-ui\\backend\\mindful-journey-back\\vendor\\laravel\\framework\\src\\Illuminate\\Encryption\\EncryptionServiceProvider.php(81): tap()
#2 C:\\Users\\baxxe\\Documents\\Web2\\Stage\\mindful-journey-ui\\backend\\mindful-journey-back\\vendor\\laravel\\framework\\src\\Illuminate\\Encryption\\EncryptionServiceProvider.php(64): Illuminate\\Encryption\\EncryptionServiceProvider->key()
#3 C:\\Users\\baxxe\\Documents\\Web2\\Stage\\mindful-journey-ui\\backend\\mindful-journey-back\\vendor\\laravel\\framework\\src\\Illuminate\\Encryption\\EncryptionServiceProvider.php(32): Illuminate\\Encryption\\EncryptionServiceProvider->parseKey()
#4 C:\\Users\\baxxe\\Documents\\Web2\\Stage\\mindful-journey-ui\\backend\\mindful-journey-back\\vendor\\laravel\\framework\\src\\Illuminate\\Container\\Container.php(1036): Illuminate\\Encryption\\EncryptionServiceProvider->{closure:Illuminate\\Encryption\\EncryptionServiceProvider::registerEncrypter():29}()
#5 C:\\Users\\baxxe\\Documents\\Web2\\Stage\\mindful-journey-ui\\backend\\mindful-journey-back\\vendor\\laravel\\framework\\src\\Illuminate\\Container\\Container.php(916): Illuminate\\Container\\Container->build()
#6 C:\\Users\\baxxe\\Documents\\Web2\\Stage\\mindful-journey-ui\\backend\\mindful-journey-back\\vendor\\laravel\\framework\\src\\Illuminate\\Foundation\\Application.php(1077): Illuminate\\Container\\Container->resolve()
#7 C:\\Users\\baxxe\\Documents\\Web2\\Stage\\mindful-journey-ui\\backend\\mindful-journey-back\\vendor\\laravel\\framework\\src\\Illuminate\\Container\\Container.php(847): Illuminate\\Foundation\\Application->resolve()
#8 C:\\Users\\baxxe\\Documents\\Web2\\Stage\\mindful-journey-ui\\backend\\mindful-journey-back\\vendor\\laravel\\framework\\src\\Illuminate\\Foundation\\Application.php(1057): Illuminate\\Container\\Container->make()
#9 C:\\Users\\baxxe\\Documents\\Web2\\Stage\\mindful-journey-ui\\backend\\mindful-journey-back\\vendor\\laravel\\framework\\src\\Illuminate\\Container\\Container.php(1228): Illuminate\\Foundation\\Application->make()
#10 C:\\Users\\baxxe\\Documents\\Web2\\Stage\\mindful-journey-ui\\backend\\mindful-journey-back\\vendor\\laravel\\framework\\src\\Illuminate\\Container\\Container.php(1127): Illuminate\\Container\\Container->resolveClass()
#11 C:\\Users\\baxxe\\Documents\\Web2\\Stage\\mindful-journey-ui\\backend\\mindful-journey-back\\vendor\\laravel\\framework\\src\\Illuminate\\Container\\Container.php(1078): Illuminate\\Container\\Container->resolveDependencies()
#12 C:\\Users\\baxxe\\Documents\\Web2\\Stage\\mindful-journey-ui\\backend\\mindful-journey-back\\vendor\\laravel\\framework\\src\\Illuminate\\Container\\Container.php(916): Illuminate\\Container\\Container->build()
#13 C:\\Users\\baxxe\\Documents\\Web2\\Stage\\mindful-journey-ui\\backend\\mindful-journey-back\\vendor\\laravel\\framework\\src\\Illuminate\\Foundation\\Application.php(1077): Illuminate\\Container\\Container->resolve()
#14 C:\\Users\\baxxe\\Documents\\Web2\\Stage\\mindful-journey-ui\\backend\\mindful-journey-back\\vendor\\laravel\\framework\\src\\Illuminate\\Container\\Container.php(847): Illuminate\\Foundation\\Application->resolve()
#15 C:\\Users\\baxxe\\Documents\\Web2\\Stage\\mindful-journey-ui\\backend\\mindful-journey-back\\vendor\\laravel\\framework\\src\\Illuminate\\Foundation\\Application.php(1057): Illuminate\\Container\\Container->make()
#16 C:\\Users\\baxxe\\Documents\\Web2\\Stage\\mindful-journey-ui\\backend\\mindful-journey-back\\vendor\\laravel\\framework\\src\\Illuminate\\Pipeline\\Pipeline.php(197): Illuminate\\Foundation\\Application->make()
#17 C:\\Users\\baxxe\\Documents\\Web2\\Stage\\mindful-journey-ui\\backend\\mindful-journey-back\\vendor\\laravel\\framework\\src\\Illuminate\\Pipeline\\Pipeline.php(126): Illuminate\\Pipeline\\Pipeline->{closure:{closure:Illuminate\\Pipeline\\Pipeline::carry():183}:184}()
#18 C:\\Users\\baxxe\\Documents\\Web2\\Stage\\mindful-journey-ui\\backend\\mindful-journey-back\\vendor\\laravel\\framework\\src\\Illuminate\\Routing\\Router.php(807): Illuminate\\Pipeline\\Pipeline->then()
#19 C:\\Users\\baxxe\\Documents\\Web2\\Stage\\mindful-journey-ui\\backend\\mindful-journey-back\\vendor\\laravel\\framework\\src\\Illuminate\\Routing\\Router.php(786): Illuminate\\Routing\\Router->runRouteWithinStack()
#20 C:\\Users\\baxxe\\Documents\\Web2\\Stage\\mindful-journey-ui\\backend\\mindful-journey-back\\vendor\\laravel\\framework\\src\\Illuminate\\Routing\\Router.php(750): Illuminate\\Routing\\Router->runRoute()
#21 C:\\Users\\baxxe\\Documents\\Web2\\Stage\\mindful-journey-ui\\backend\\mindful-journey-back\\vendor\\laravel\\framework\\src\\Illuminate\\Routing\\Router.php(739): Illuminate\\Routing\\Router->dispatchToRoute()
#22 C:\\Users\\baxxe\\Documents\\Web2\\Stage\\mindful-journey-ui\\backend\\mindful-journey-back\\vendor\\laravel\\framework\\src\\Illuminate\\Foundation\\Http\\Kernel.php(200): Illuminate\\Routing\\Router->dispatch()
#23 C:\\Users\\baxxe\\Documents\\Web2\\Stage\\mindful-journey-ui\\backend\\mindful-journey-back\\vendor\\laravel\\framework\\src\\Illuminate\\Pipeline\\Pipeline.php(169): Illuminate\\Foundation\\Http\\Kernel->{closure:Illuminate\\Foundation\\Http\\Kernel::dispatchToRouter():197}()
#24 C:\\Users\\baxxe\\Documents\\Web2\\Stage\\mindful-journey-ui\\backend\\mindful-journey-back\\vendor\\laravel\\framework\\src\\Illuminate\\Foundation\\Http\\Middleware\\TransformsRequest.php(21): Illuminate\\Pipeline\\Pipeline->{closure:Illuminate\\Pipeline\\Pipeline::prepareDestination():167}()
#25 C:\\Users\\baxxe\\Documents\\Web2\\Stage\\mindful-journey-ui\\backend\\mindful-journey-back\\vendor\\laravel\\framework\\src\\Illuminate\\Foundation\\Http\\Middleware\\ConvertEmptyStringsToNull.php(31): Illuminate\\Foundation\\Http\\Middleware\\TransformsRequest->handle()
#26 C:\\Users\\baxxe\\Documents\\Web2\\Stage\\mindful-journey-ui\\backend\\mindful-journey-back\\vendor\\laravel\\framework\\src\\Illuminate\\Pipeline\\Pipeline.php(208): Illuminate\\Foundation\\Http\\Middleware\\ConvertEmptyStringsToNull->handle()
#27 C:\\Users\\baxxe\\Documents\\Web2\\Stage\\mindful-journey-ui\\backend\\mindful-journey-back\\vendor\\laravel\\framework\\src\\Illuminate\\Foundation\\Http\\Middleware\\TransformsRequest.php(21): Illuminate\\Pipeline\\Pipeline->{closure:{closure:Illuminate\\Pipeline\\Pipeline::carry():183}:184}()
#28 C:\\Users\\baxxe\\Documents\\Web2\\Stage\\mindful-journey-ui\\backend\\mindful-journey-back\\vendor\\laravel\\framework\\src\\Illuminate\\Foundation\\Http\\Middleware\\TrimStrings.php(51): Illuminate\\Foundation\\Http\\Middleware\\TransformsRequest->handle()
#29 C:\\Users\\baxxe\\Documents\\Web2\\Stage\\mindful-journey-ui\\backend\\mindful-journey-back\\vendor\\laravel\\framework\\src\\Illuminate\\Pipeline\\Pipeline.php(208): Illuminate\\Foundation\\Http\\Middleware\\TrimStrings->handle()
#30 C:\\Users\\baxxe\\Documents\\Web2\\Stage\\mindful-journey-ui\\backend\\mindful-journey-back\\vendor\\laravel\\framework\\src\\Illuminate\\Http\\Middleware\\ValidatePostSize.php(27): Illuminate\\Pipeline\\Pipeline->{closure:{closure:Illuminate\\Pipeline\\Pipeline::carry():183}:184}()
#31 C:\\Users\\baxxe\\Documents\\Web2\\Stage\\mindful-journey-ui\\backend\\mindful-journey-back\\vendor\\laravel\\framework\\src\\Illuminate\\Pipeline\\Pipeline.php(208): Illuminate\\Http\\Middleware\\ValidatePostSize->handle()
#32 C:\\Users\\baxxe\\Documents\\Web2\\Stage\\mindful-journey-ui\\backend\\mindful-journey-back\\vendor\\laravel\\framework\\src\\Illuminate\\Foundation\\Http\\Middleware\\PreventRequestsDuringMaintenance.php(109): Illuminate\\Pipeline\\Pipeline->{closure:{closure:Illuminate\\Pipeline\\Pipeline::carry():183}:184}()
#33 C:\\Users\\baxxe\\Documents\\Web2\\Stage\\mindful-journey-ui\\backend\\mindful-journey-back\\vendor\\laravel\\framework\\src\\Illuminate\\Pipeline\\Pipeline.php(208): Illuminate\\Foundation\\Http\\Middleware\\PreventRequestsDuringMaintenance->handle()
#34 C:\\Users\\baxxe\\Documents\\Web2\\Stage\\mindful-journey-ui\\backend\\mindful-journey-back\\vendor\\laravel\\framework\\src\\Illuminate\\Http\\Middleware\\HandleCors.php(61): Illuminate\\Pipeline\\Pipeline->{closure:{closure:Illuminate\\Pipeline\\Pipeline::carry():183}:184}()
#35 C:\\Users\\baxxe\\Documents\\Web2\\Stage\\mindful-journey-ui\\backend\\mindful-journey-back\\vendor\\laravel\\framework\\src\\Illuminate\\Pipeline\\Pipeline.php(208): Illuminate\\Http\\Middleware\\HandleCors->handle()
#36 C:\\Users\\baxxe\\Documents\\Web2\\Stage\\mindful-journey-ui\\backend\\mindful-journey-back\\vendor\\laravel\\framework\\src\\Illuminate\\Http\\Middleware\\TrustProxies.php(58): Illuminate\\Pipeline\\Pipeline->{closure:{closure:Illuminate\\Pipeline\\Pipeline::carry():183}:184}()
#37 C:\\Users\\baxxe\\Documents\\Web2\\Stage\\mindful-journey-ui\\backend\\mindful-journey-back\\vendor\\laravel\\framework\\src\\Illuminate\\Pipeline\\Pipeline.php(208): Illuminate\\Http\\Middleware\\TrustProxies->handle()
#38 C:\\Users\\baxxe\\Documents\\Web2\\Stage\\mindful-journey-ui\\backend\\mindful-journey-back\\vendor\\laravel\\framework\\src\\Illuminate\\Foundation\\Http\\Middleware\\InvokeDeferredCallbacks.php(22): Illuminate\\Pipeline\\Pipeline->{closure:{closure:Illuminate\\Pipeline\\Pipeline::carry():183}:184}()
#39 C:\\Users\\baxxe\\Documents\\Web2\\Stage\\mindful-journey-ui\\backend\\mindful-journey-back\\vendor\\laravel\\framework\\src\\Illuminate\\Pipeline\\Pipeline.php(208): Illuminate\\Foundation\\Http\\Middleware\\InvokeDeferredCallbacks->handle()
#40 C:\\Users\\baxxe\\Documents\\Web2\\Stage\\mindful-journey-ui\\backend\\mindful-journey-back\\vendor\\laravel\\framework\\src\\Illuminate\\Http\\Middleware\\ValidatePathEncoding.php(26): Illuminate\\Pipeline\\Pipeline->{closure:{closure:Illuminate\\Pipeline\\Pipeline::carry():183}:184}()
#41 C:\\Users\\baxxe\\Documents\\Web2\\Stage\\mindful-journey-ui\\backend\\mindful-journey-back\\vendor\\laravel\\framework\\src\\Illuminate\\Pipeline\\Pipeline.php(208): Illuminate\\Http\\Middleware\\ValidatePathEncoding->handle()
#42 C:\\Users\\baxxe\\Documents\\Web2\\Stage\\mindful-journey-ui\\backend\\mindful-journey-back\\vendor\\laravel\\framework\\src\\Illuminate\\Pipeline\\Pipeline.php(126): Illuminate\\Pipeline\\Pipeline->{closure:{closure:Illuminate\\Pipeline\\Pipeline::carry():183}:184}()
#43 C:\\Users\\baxxe\\Documents\\Web2\\Stage\\mindful-journey-ui\\backend\\mindful-journey-back\\vendor\\laravel\\framework\\src\\Illuminate\\Foundation\\Http\\Kernel.php(175): Illuminate\\Pipeline\\Pipeline->then()
#44 C:\\Users\\baxxe\\Documents\\Web2\\Stage\\mindful-journey-ui\\backend\\mindful-journey-back\\vendor\\laravel\\framework\\src\\Illuminate\\Foundation\\Http\\Kernel.php(144): Illuminate\\Foundation\\Http\\Kernel->sendRequestThroughRouter()
#45 C:\\Users\\baxxe\\Documents\\Web2\\Stage\\mindful-journey-ui\\backend\\mindful-journey-back\\vendor\\laravel\\framework\\src\\Illuminate\\Foundation\\Application.php(1219): Illuminate\\Foundation\\Http\\Kernel->handle()
#46 C:\\Users\\baxxe\\Documents\\Web2\\Stage\\mindful-journey-ui\\backend\\mindful-journey-back\\public\\index.php(20): Illuminate\\Foundation\\Application->handleRequest()
#47 C:\\Users\\baxxe\\Documents\\Web2\\Stage\\mindful-journey-ui\\backend\\mindful-journey-back\\vendor\\laravel\\framework\\src\\Illuminate\\Foundation\\resources\\server.php(23): require_once('...')
#48 {main}
"} 
[2025-08-14 09:51:48] production.ERROR: No application encryption key has been specified. {"exception":"[object] (Illuminate\\Encryption\\MissingAppKeyException(code: 0): No application encryption key has been specified. at C:\\Users\\baxxe\\Documents\\Web2\\Stage\\mindful-journey-ui\\backend\\mindful-journey-back\\vendor\\laravel\\framework\\src\\Illuminate\\Encryption\\EncryptionServiceProvider.php:83)
[stacktrace]
#0 C:\\Users\\baxxe\\Documents\\Web2\\Stage\\mindful-journey-ui\\backend\\mindful-journey-back\\vendor\\laravel\\framework\\src\\Illuminate\\Support\\helpers.php(399): Illuminate\\Encryption\\EncryptionServiceProvider->{closure:Illuminate\\Encryption\\EncryptionServiceProvider::key():81}()
#1 C:\\Users\\baxxe\\Documents\\Web2\\Stage\\mindful-journey-ui\\backend\\mindful-journey-back\\vendor\\laravel\\framework\\src\\Illuminate\\Encryption\\EncryptionServiceProvider.php(81): tap()
#2 C:\\Users\\baxxe\\Documents\\Web2\\Stage\\mindful-journey-ui\\backend\\mindful-journey-back\\vendor\\laravel\\framework\\src\\Illuminate\\Encryption\\EncryptionServiceProvider.php(64): Illuminate\\Encryption\\EncryptionServiceProvider->key()
#3 C:\\Users\\baxxe\\Documents\\Web2\\Stage\\mindful-journey-ui\\backend\\mindful-journey-back\\vendor\\laravel\\framework\\src\\Illuminate\\Encryption\\EncryptionServiceProvider.php(32): Illuminate\\Encryption\\EncryptionServiceProvider->parseKey()
#4 C:\\Users\\baxxe\\Documents\\Web2\\Stage\\mindful-journey-ui\\backend\\mindful-journey-back\\vendor\\laravel\\framework\\src\\Illuminate\\Container\\Container.php(1036): Illuminate\\Encryption\\EncryptionServiceProvider->{closure:Illuminate\\Encryption\\EncryptionServiceProvider::registerEncrypter():29}()
#5 C:\\Users\\baxxe\\Documents\\Web2\\Stage\\mindful-journey-ui\\backend\\mindful-journey-back\\vendor\\laravel\\framework\\src\\Illuminate\\Container\\Container.php(916): Illuminate\\Container\\Container->build()
#6 C:\\Users\\baxxe\\Documents\\Web2\\Stage\\mindful-journey-ui\\backend\\mindful-journey-back\\vendor\\laravel\\framework\\src\\Illuminate\\Foundation\\Application.php(1077): Illuminate\\Container\\Container->resolve()
#7 C:\\Users\\baxxe\\Documents\\Web2\\Stage\\mindful-journey-ui\\backend\\mindful-journey-back\\vendor\\laravel\\framework\\src\\Illuminate\\Container\\Container.php(847): Illuminate\\Foundation\\Application->resolve()
#8 C:\\Users\\baxxe\\Documents\\Web2\\Stage\\mindful-journey-ui\\backend\\mindful-journey-back\\vendor\\laravel\\framework\\src\\Illuminate\\Foundation\\Application.php(1057): Illuminate\\Container\\Container->make()
#9 C:\\Users\\baxxe\\Documents\\Web2\\Stage\\mindful-journey-ui\\backend\\mindful-journey-back\\vendor\\laravel\\framework\\src\\Illuminate\\Container\\Container.php(1228): Illuminate\\Foundation\\Application->make()
#10 C:\\Users\\baxxe\\Documents\\Web2\\Stage\\mindful-journey-ui\\backend\\mindful-journey-back\\vendor\\laravel\\framework\\src\\Illuminate\\Container\\Container.php(1127): Illuminate\\Container\\Container->resolveClass()
#11 C:\\Users\\baxxe\\Documents\\Web2\\Stage\\mindful-journey-ui\\backend\\mindful-journey-back\\vendor\\laravel\\framework\\src\\Illuminate\\Container\\Container.php(1078): Illuminate\\Container\\Container->resolveDependencies()
#12 C:\\Users\\baxxe\\Documents\\Web2\\Stage\\mindful-journey-ui\\backend\\mindful-journey-back\\vendor\\laravel\\framework\\src\\Illuminate\\Container\\Container.php(916): Illuminate\\Container\\Container->build()
#13 C:\\Users\\baxxe\\Documents\\Web2\\Stage\\mindful-journey-ui\\backend\\mindful-journey-back\\vendor\\laravel\\framework\\src\\Illuminate\\Foundation\\Application.php(1077): Illuminate\\Container\\Container->resolve()
#14 C:\\Users\\baxxe\\Documents\\Web2\\Stage\\mindful-journey-ui\\backend\\mindful-journey-back\\vendor\\laravel\\framework\\src\\Illuminate\\Container\\Container.php(847): Illuminate\\Foundation\\Application->resolve()
#15 C:\\Users\\baxxe\\Documents\\Web2\\Stage\\mindful-journey-ui\\backend\\mindful-journey-back\\vendor\\laravel\\framework\\src\\Illuminate\\Foundation\\Application.php(1057): Illuminate\\Container\\Container->make()
#16 C:\\Users\\baxxe\\Documents\\Web2\\Stage\\mindful-journey-ui\\backend\\mindful-journey-back\\vendor\\laravel\\framework\\src\\Illuminate\\Foundation\\Http\\Kernel.php(257): Illuminate\\Foundation\\Application->make()
#17 C:\\Users\\baxxe\\Documents\\Web2\\Stage\\mindful-journey-ui\\backend\\mindful-journey-back\\vendor\\laravel\\framework\\src\\Illuminate\\Foundation\\Http\\Kernel.php(215): Illuminate\\Foundation\\Http\\Kernel->terminateMiddleware()
#18 C:\\Users\\baxxe\\Documents\\Web2\\Stage\\mindful-journey-ui\\backend\\mindful-journey-back\\vendor\\laravel\\framework\\src\\Illuminate\\Foundation\\Application.php(1221): Illuminate\\Foundation\\Http\\Kernel->terminate()
#19 C:\\Users\\baxxe\\Documents\\Web2\\Stage\\mindful-journey-ui\\backend\\mindful-journey-back\\public\\index.php(20): Illuminate\\Foundation\\Application->handleRequest()
#20 C:\\Users\\baxxe\\Documents\\Web2\\Stage\\mindful-journey-ui\\backend\\mindful-journey-back\\vendor\\laravel\\framework\\src\\Illuminate\\Foundation\\resources\\server.php(23): require_once('...')
#21 {main}
"} 
[2025-08-14 09:51:48] production.ERROR: Database file at path [C:\Users\baxxe\Documents\Web2\Stage\mindful-journey-ui\backend\mindful-journey-back\database\database.sqlite] does not exist. Ensure this is an absolute path to the database. (Connection: sqlite, SQL: select * from "users" where "email" = bax@gmail.com limit 1) {"exception":"[object] (Illuminate\\Database\\QueryException(code: 0): Database file at path [C:\\Users\\baxxe\\Documents\\Web2\\Stage\\mindful-journey-ui\\backend\\mindful-journey-back\\database\\database.sqlite] does not exist. Ensure this is an absolute path to the database. (Connection: sqlite, SQL: select * from \"users\" where \"email\" = bax@gmail.com limit 1) at C:\\Users\\baxxe\\Documents\\Web2\\Stage\\mindful-journey-ui\\backend\\mindful-journey-back\\vendor\\laravel\\framework\\src\\Illuminate\\Database\\Connection.php:824)
[stacktrace]
#0 C:\\Users\\baxxe\\Documents\\Web2\\Stage\\mindful-journey-ui\\backend\\mindful-journey-back\\vendor\\laravel\\framework\\src\\Illuminate\\Database\\Connection.php(778): Illuminate\\Database\\Connection->runQueryCallback()
#1 C:\\Users\\baxxe\\Documents\\Web2\\Stage\\mindful-journey-ui\\backend\\mindful-journey-back\\vendor\\laravel\\framework\\src\\Illuminate\\Database\\Connection.php(397): Illuminate\\Database\\Connection->run()
#2 C:\\Users\\baxxe\\Documents\\Web2\\Stage\\mindful-journey-ui\\backend\\mindful-journey-back\\vendor\\laravel\\framework\\src\\Illuminate\\Database\\Query\\Builder.php(3188): Illuminate\\Database\\Connection->select()
#3 C:\\Users\\baxxe\\Documents\\Web2\\Stage\\mindful-journey-ui\\backend\\mindful-journey-back\\vendor\\laravel\\framework\\src\\Illuminate\\Database\\Query\\Builder.php(3173): Illuminate\\Database\\Query\\Builder->runSelect()
#4 C:\\Users\\baxxe\\Documents\\Web2\\Stage\\mindful-journey-ui\\backend\\mindful-journey-back\\vendor\\laravel\\framework\\src\\Illuminate\\Database\\Query\\Builder.php(3763): Illuminate\\Database\\Query\\Builder->{closure:Illuminate\\Database\\Query\\Builder::get():3172}()
#5 C:\\Users\\baxxe\\Documents\\Web2\\Stage\\mindful-journey-ui\\backend\\mindful-journey-back\\vendor\\laravel\\framework\\src\\Illuminate\\Database\\Query\\Builder.php(3172): Illuminate\\Database\\Query\\Builder->onceWithColumns()
#6 C:\\Users\\baxxe\\Documents\\Web2\\Stage\\mindful-journey-ui\\backend\\mindful-journey-back\\vendor\\laravel\\framework\\src\\Illuminate\\Database\\Eloquent\\Builder.php(872): Illuminate\\Database\\Query\\Builder->get()
#7 C:\\Users\\baxxe\\Documents\\Web2\\Stage\\mindful-journey-ui\\backend\\mindful-journey-back\\vendor\\laravel\\framework\\src\\Illuminate\\Database\\Eloquent\\Builder.php(854): Illuminate\\Database\\Eloquent\\Builder->getModels()
#8 C:\\Users\\baxxe\\Documents\\Web2\\Stage\\mindful-journey-ui\\backend\\mindful-journey-back\\vendor\\laravel\\framework\\src\\Illuminate\\Database\\Concerns\\BuildsQueries.php(366): Illuminate\\Database\\Eloquent\\Builder->get()
#9 C:\\Users\\baxxe\\Documents\\Web2\\Stage\\mindful-journey-ui\\backend\\mindful-journey-back\\app\\Http\\Controllers\\Api\\AuthController.php(53): Illuminate\\Database\\Eloquent\\Builder->first()
#10 C:\\Users\\baxxe\\Documents\\Web2\\Stage\\mindful-journey-ui\\backend\\mindful-journey-back\\vendor\\laravel\\framework\\src\\Illuminate\\Routing\\ControllerDispatcher.php(46): App\\Http\\Controllers\\Api\\AuthController->login()
#11 C:\\Users\\baxxe\\Documents\\Web2\\Stage\\mindful-journey-ui\\backend\\mindful-journey-back\\vendor\\laravel\\framework\\src\\Illuminate\\Routing\\Route.php(265): Illuminate\\Routing\\ControllerDispatcher->dispatch()
#12 C:\\Users\\baxxe\\Documents\\Web2\\Stage\\mindful-journey-ui\\backend\\mindful-journey-back\\vendor\\laravel\\framework\\src\\Illuminate\\Routing\\Route.php(211): Illuminate\\Routing\\Route->runController()
#13 C:\\Users\\baxxe\\Documents\\Web2\\Stage\\mindful-journey-ui\\backend\\mindful-journey-back\\vendor\\laravel\\framework\\src\\Illuminate\\Routing\\Router.php(808): Illuminate\\Routing\\Route->run()
#14 C:\\Users\\baxxe\\Documents\\Web2\\Stage\\mindful-journey-ui\\backend\\mindful-journey-back\\vendor\\laravel\\framework\\src\\Illuminate\\Pipeline\\Pipeline.php(169): Illuminate\\Routing\\Router->{closure:Illuminate\\Routing\\Router::runRouteWithinStack():807}()
#15 C:\\Users\\baxxe\\Documents\\Web2\\Stage\\mindful-journey-ui\\backend\\mindful-journey-back\\vendor\\laravel\\framework\\src\\Illuminate\\Routing\\Middleware\\SubstituteBindings.php(50): Illuminate\\Pipeline\\Pipeline->{closure:Illuminate\\Pipeline\\Pipeline::prepareDestination():167}()
#16 C:\\Users\\baxxe\\Documents\\Web2\\Stage\\mindful-journey-ui\\backend\\mindful-journey-back\\vendor\\laravel\\framework\\src\\Illuminate\\Pipeline\\Pipeline.php(208): Illuminate\\Routing\\Middleware\\SubstituteBindings->handle()
#17 C:\\Users\\baxxe\\Documents\\Web2\\Stage\\mindful-journey-ui\\backend\\mindful-journey-back\\vendor\\laravel\\framework\\src\\Illuminate\\Pipeline\\Pipeline.php(126): Illuminate\\Pipeline\\Pipeline->{closure:{closure:Illuminate\\Pipeline\\Pipeline::carry():183}:184}()
#18 C:\\Users\\baxxe\\Documents\\Web2\\Stage\\mindful-journey-ui\\backend\\mindful-journey-back\\vendor\\laravel\\framework\\src\\Illuminate\\Routing\\Router.php(807): Illuminate\\Pipeline\\Pipeline->then()
#19 C:\\Users\\baxxe\\Documents\\Web2\\Stage\\mindful-journey-ui\\backend\\mindful-journey-back\\vendor\\laravel\\framework\\src\\Illuminate\\Routing\\Router.php(786): Illuminate\\Routing\\Router->runRouteWithinStack()
#20 C:\\Users\\baxxe\\Documents\\Web2\\Stage\\mindful-journey-ui\\backend\\mindful-journey-back\\vendor\\laravel\\framework\\src\\Illuminate\\Routing\\Router.php(750): Illuminate\\Routing\\Router->runRoute()
#21 C:\\Users\\baxxe\\Documents\\Web2\\Stage\\mindful-journey-ui\\backend\\mindful-journey-back\\vendor\\laravel\\framework\\src\\Illuminate\\Routing\\Router.php(739): Illuminate\\Routing\\Router->dispatchToRoute()
#22 C:\\Users\\baxxe\\Documents\\Web2\\Stage\\mindful-journey-ui\\backend\\mindful-journey-back\\vendor\\laravel\\framework\\src\\Illuminate\\Foundation\\Http\\Kernel.php(200): Illuminate\\Routing\\Router->dispatch()
#23 C:\\Users\\baxxe\\Documents\\Web2\\Stage\\mindful-journey-ui\\backend\\mindful-journey-back\\vendor\\laravel\\framework\\src\\Illuminate\\Pipeline\\Pipeline.php(169): Illuminate\\Foundation\\Http\\Kernel->{closure:Illuminate\\Foundation\\Http\\Kernel::dispatchToRouter():197}()
#24 C:\\Users\\baxxe\\Documents\\Web2\\Stage\\mindful-journey-ui\\backend\\mindful-journey-back\\vendor\\laravel\\framework\\src\\Illuminate\\Foundation\\Http\\Middleware\\TransformsRequest.php(21): Illuminate\\Pipeline\\Pipeline->{closure:Illuminate\\Pipeline\\Pipeline::prepareDestination():167}()
#25 C:\\Users\\baxxe\\Documents\\Web2\\Stage\\mindful-journey-ui\\backend\\mindful-journey-back\\vendor\\laravel\\framework\\src\\Illuminate\\Foundation\\Http\\Middleware\\ConvertEmptyStringsToNull.php(31): Illuminate\\Foundation\\Http\\Middleware\\TransformsRequest->handle()
#26 C:\\Users\\baxxe\\Documents\\Web2\\Stage\\mindful-journey-ui\\backend\\mindful-journey-back\\vendor\\laravel\\framework\\src\\Illuminate\\Pipeline\\Pipeline.php(208): Illuminate\\Foundation\\Http\\Middleware\\ConvertEmptyStringsToNull->handle()
#27 C:\\Users\\baxxe\\Documents\\Web2\\Stage\\mindful-journey-ui\\backend\\mindful-journey-back\\vendor\\laravel\\framework\\src\\Illuminate\\Foundation\\Http\\Middleware\\TransformsRequest.php(21): Illuminate\\Pipeline\\Pipeline->{closure:{closure:Illuminate\\Pipeline\\Pipeline::carry():183}:184}()
#28 C:\\Users\\baxxe\\Documents\\Web2\\Stage\\mindful-journey-ui\\backend\\mindful-journey-back\\vendor\\laravel\\framework\\src\\Illuminate\\Foundation\\Http\\Middleware\\TrimStrings.php(51): Illuminate\\Foundation\\Http\\Middleware\\TransformsRequest->handle()
#29 C:\\Users\\baxxe\\Documents\\Web2\\Stage\\mindful-journey-ui\\backend\\mindful-journey-back\\vendor\\laravel\\framework\\src\\Illuminate\\Pipeline\\Pipeline.php(208): Illuminate\\Foundation\\Http\\Middleware\\TrimStrings->handle()
#30 C:\\Users\\baxxe\\Documents\\Web2\\Stage\\mindful-journey-ui\\backend\\mindful-journey-back\\vendor\\laravel\\framework\\src\\Illuminate\\Http\\Middleware\\ValidatePostSize.php(27): Illuminate\\Pipeline\\Pipeline->{closure:{closure:Illuminate\\Pipeline\\Pipeline::carry():183}:184}()
#31 C:\\Users\\baxxe\\Documents\\Web2\\Stage\\mindful-journey-ui\\backend\\mindful-journey-back\\vendor\\laravel\\framework\\src\\Illuminate\\Pipeline\\Pipeline.php(208): Illuminate\\Http\\Middleware\\ValidatePostSize->handle()
#32 C:\\Users\\baxxe\\Documents\\Web2\\Stage\\mindful-journey-ui\\backend\\mindful-journey-back\\vendor\\laravel\\framework\\src\\Illuminate\\Foundation\\Http\\Middleware\\PreventRequestsDuringMaintenance.php(109): Illuminate\\Pipeline\\Pipeline->{closure:{closure:Illuminate\\Pipeline\\Pipeline::carry():183}:184}()
#33 C:\\Users\\baxxe\\Documents\\Web2\\Stage\\mindful-journey-ui\\backend\\mindful-journey-back\\vendor\\laravel\\framework\\src\\Illuminate\\Pipeline\\Pipeline.php(208): Illuminate\\Foundation\\Http\\Middleware\\PreventRequestsDuringMaintenance->handle()
#34 C:\\Users\\baxxe\\Documents\\Web2\\Stage\\mindful-journey-ui\\backend\\mindful-journey-back\\vendor\\laravel\\framework\\src\\Illuminate\\Http\\Middleware\\HandleCors.php(61): Illuminate\\Pipeline\\Pipeline->{closure:{closure:Illuminate\\Pipeline\\Pipeline::carry():183}:184}()
#35 C:\\Users\\baxxe\\Documents\\Web2\\Stage\\mindful-journey-ui\\backend\\mindful-journey-back\\vendor\\laravel\\framework\\src\\Illuminate\\Pipeline\\Pipeline.php(208): Illuminate\\Http\\Middleware\\HandleCors->handle()
#36 C:\\Users\\baxxe\\Documents\\Web2\\Stage\\mindful-journey-ui\\backend\\mindful-journey-back\\vendor\\laravel\\framework\\src\\Illuminate\\Http\\Middleware\\TrustProxies.php(58): Illuminate\\Pipeline\\Pipeline->{closure:{closure:Illuminate\\Pipeline\\Pipeline::carry():183}:184}()
#37 C:\\Users\\baxxe\\Documents\\Web2\\Stage\\mindful-journey-ui\\backend\\mindful-journey-back\\vendor\\laravel\\framework\\src\\Illuminate\\Pipeline\\Pipeline.php(208): Illuminate\\Http\\Middleware\\TrustProxies->handle()
#38 C:\\Users\\baxxe\\Documents\\Web2\\Stage\\mindful-journey-ui\\backend\\mindful-journey-back\\vendor\\laravel\\framework\\src\\Illuminate\\Foundation\\Http\\Middleware\\InvokeDeferredCallbacks.php(22): Illuminate\\Pipeline\\Pipeline->{closure:{closure:Illuminate\\Pipeline\\Pipeline::carry():183}:184}()
#39 C:\\Users\\baxxe\\Documents\\Web2\\Stage\\mindful-journey-ui\\backend\\mindful-journey-back\\vendor\\laravel\\framework\\src\\Illuminate\\Pipeline\\Pipeline.php(208): Illuminate\\Foundation\\Http\\Middleware\\InvokeDeferredCallbacks->handle()
#40 C:\\Users\\baxxe\\Documents\\Web2\\Stage\\mindful-journey-ui\\backend\\mindful-journey-back\\vendor\\laravel\\framework\\src\\Illuminate\\Http\\Middleware\\ValidatePathEncoding.php(26): Illuminate\\Pipeline\\Pipeline->{closure:{closure:Illuminate\\Pipeline\\Pipeline::carry():183}:184}()
#41 C:\\Users\\baxxe\\Documents\\Web2\\Stage\\mindful-journey-ui\\backend\\mindful-journey-back\\vendor\\laravel\\framework\\src\\Illuminate\\Pipeline\\Pipeline.php(208): Illuminate\\Http\\Middleware\\ValidatePathEncoding->handle()
#42 C:\\Users\\baxxe\\Documents\\Web2\\Stage\\mindful-journey-ui\\backend\\mindful-journey-back\\vendor\\laravel\\framework\\src\\Illuminate\\Pipeline\\Pipeline.php(126): Illuminate\\Pipeline\\Pipeline->{closure:{closure:Illuminate\\Pipeline\\Pipeline::carry():183}:184}()
#43 C:\\Users\\baxxe\\Documents\\Web2\\Stage\\mindful-journey-ui\\backend\\mindful-journey-back\\vendor\\laravel\\framework\\src\\Illuminate\\Foundation\\Http\\Kernel.php(175): Illuminate\\Pipeline\\Pipeline->then()
#44 C:\\Users\\baxxe\\Documents\\Web2\\Stage\\mindful-journey-ui\\backend\\mindful-journey-back\\vendor\\laravel\\framework\\src\\Illuminate\\Foundation\\Http\\Kernel.php(144): Illuminate\\Foundation\\Http\\Kernel->sendRequestThroughRouter()
#45 C:\\Users\\baxxe\\Documents\\Web2\\Stage\\mindful-journey-ui\\backend\\mindful-journey-back\\vendor\\laravel\\framework\\src\\Illuminate\\Foundation\\Application.php(1219): Illuminate\\Foundation\\Http\\Kernel->handle()
#46 C:\\Users\\baxxe\\Documents\\Web2\\Stage\\mindful-journey-ui\\backend\\mindful-journey-back\\public\\index.php(20): Illuminate\\Foundation\\Application->handleRequest()
#47 C:\\Users\\baxxe\\Documents\\Web2\\Stage\\mindful-journey-ui\\backend\\mindful-journey-back\\vendor\\laravel\\framework\\src\\Illuminate\\Foundation\\resources\\server.php(23): require_once('...')
#48 {main}

[previous exception] [object] (Illuminate\\Database\\SQLiteDatabaseDoesNotExistException(code: 0): Database file at path [C:\\Users\\baxxe\\Documents\\Web2\\Stage\\mindful-journey-ui\\backend\\mindful-journey-back\\database\\database.sqlite] does not exist. Ensure this is an absolute path to the database. at C:\\Users\\baxxe\\Documents\\Web2\\Stage\\mindful-journey-ui\\backend\\mindful-journey-back\\vendor\\laravel\\framework\\src\\Illuminate\\Database\\Connectors\\SQLiteConnector.php:59)
[stacktrace]
#0 C:\\Users\\baxxe\\Documents\\Web2\\Stage\\mindful-journey-ui\\backend\\mindful-journey-back\\vendor\\laravel\\framework\\src\\Illuminate\\Database\\Connectors\\SQLiteConnector.php(19): Illuminate\\Database\\Connectors\\SQLiteConnector->parseDatabasePath()
#1 C:\\Users\\baxxe\\Documents\\Web2\\Stage\\mindful-journey-ui\\backend\\mindful-journey-back\\vendor\\laravel\\framework\\src\\Illuminate\\Database\\Connectors\\ConnectionFactory.php(223): Illuminate\\Database\\Connectors\\SQLiteConnector->connect()
#2 [internal function]: Illuminate\\Database\\Connectors\\ConnectionFactory->{closure:Illuminate\\Database\\Connectors\\ConnectionFactory::createPdoResolverWithoutHosts():223}()
#3 C:\\Users\\baxxe\\Documents\\Web2\\Stage\\mindful-journey-ui\\backend\\mindful-journey-back\\vendor\\laravel\\framework\\src\\Illuminate\\Database\\Connection.php(1230): call_user_func()
#4 C:\\Users\\baxxe\\Documents\\Web2\\Stage\\mindful-journey-ui\\backend\\mindful-journey-back\\vendor\\laravel\\framework\\src\\Illuminate\\Database\\Connection.php(1266): Illuminate\\Database\\Connection->getPdo()
#5 C:\\Users\\baxxe\\Documents\\Web2\\Stage\\mindful-journey-ui\\backend\\mindful-journey-back\\vendor\\laravel\\framework\\src\\Illuminate\\Database\\Connection.php(511): Illuminate\\Database\\Connection->getReadPdo()
#6 C:\\Users\\baxxe\\Documents\\Web2\\Stage\\mindful-journey-ui\\backend\\mindful-journey-back\\vendor\\laravel\\framework\\src\\Illuminate\\Database\\Connection.php(406): Illuminate\\Database\\Connection->getPdoForSelect()
#7 C:\\Users\\baxxe\\Documents\\Web2\\Stage\\mindful-journey-ui\\backend\\mindful-journey-back\\vendor\\laravel\\framework\\src\\Illuminate\\Database\\Connection.php(811): Illuminate\\Database\\Connection->{closure:Illuminate\\Database\\Connection::select():397}()
#8 C:\\Users\\baxxe\\Documents\\Web2\\Stage\\mindful-journey-ui\\backend\\mindful-journey-back\\vendor\\laravel\\framework\\src\\Illuminate\\Database\\Connection.php(778): Illuminate\\Database\\Connection->runQueryCallback()
#9 C:\\Users\\baxxe\\Documents\\Web2\\Stage\\mindful-journey-ui\\backend\\mindful-journey-back\\vendor\\laravel\\framework\\src\\Illuminate\\Database\\Connection.php(397): Illuminate\\Database\\Connection->run()
#10 C:\\Users\\baxxe\\Documents\\Web2\\Stage\\mindful-journey-ui\\backend\\mindful-journey-back\\vendor\\laravel\\framework\\src\\Illuminate\\Database\\Query\\Builder.php(3188): Illuminate\\Database\\Connection->select()
#11 C:\\Users\\baxxe\\Documents\\Web2\\Stage\\mindful-journey-ui\\backend\\mindful-journey-back\\vendor\\laravel\\framework\\src\\Illuminate\\Database\\Query\\Builder.php(3173): Illuminate\\Database\\Query\\Builder->runSelect()
#12 C:\\Users\\baxxe\\Documents\\Web2\\Stage\\mindful-journey-ui\\backend\\mindful-journey-back\\vendor\\laravel\\framework\\src\\Illuminate\\Database\\Query\\Builder.php(3763): Illuminate\\Database\\Query\\Builder->{closure:Illuminate\\Database\\Query\\Builder::get():3172}()
#13 C:\\Users\\baxxe\\Documents\\Web2\\Stage\\mindful-journey-ui\\backend\\mindful-journey-back\\vendor\\laravel\\framework\\src\\Illuminate\\Database\\Query\\Builder.php(3172): Illuminate\\Database\\Query\\Builder->onceWithColumns()
#14 C:\\Users\\baxxe\\Documents\\Web2\\Stage\\mindful-journey-ui\\backend\\mindful-journey-back\\vendor\\laravel\\framework\\src\\Illuminate\\Database\\Eloquent\\Builder.php(872): Illuminate\\Database\\Query\\Builder->get()
#15 C:\\Users\\baxxe\\Documents\\Web2\\Stage\\mindful-journey-ui\\backend\\mindful-journey-back\\vendor\\laravel\\framework\\src\\Illuminate\\Database\\Eloquent\\Builder.php(854): Illuminate\\Database\\Eloquent\\Builder->getModels()
#16 C:\\Users\\baxxe\\Documents\\Web2\\Stage\\mindful-journey-ui\\backend\\mindful-journey-back\\vendor\\laravel\\framework\\src\\Illuminate\\Database\\Concerns\\BuildsQueries.php(366): Illuminate\\Database\\Eloquent\\Builder->get()
#17 C:\\Users\\baxxe\\Documents\\Web2\\Stage\\mindful-journey-ui\\backend\\mindful-journey-back\\app\\Http\\Controllers\\Api\\AuthController.php(53): Illuminate\\Database\\Eloquent\\Builder->first()
#18 C:\\Users\\baxxe\\Documents\\Web2\\Stage\\mindful-journey-ui\\backend\\mindful-journey-back\\vendor\\laravel\\framework\\src\\Illuminate\\Routing\\ControllerDispatcher.php(46): App\\Http\\Controllers\\Api\\AuthController->login()
#19 C:\\Users\\baxxe\\Documents\\Web2\\Stage\\mindful-journey-ui\\backend\\mindful-journey-back\\vendor\\laravel\\framework\\src\\Illuminate\\Routing\\Route.php(265): Illuminate\\Routing\\ControllerDispatcher->dispatch()
#20 C:\\Users\\baxxe\\Documents\\Web2\\Stage\\mindful-journey-ui\\backend\\mindful-journey-back\\vendor\\laravel\\framework\\src\\Illuminate\\Routing\\Route.php(211): Illuminate\\Routing\\Route->runController()
#21 C:\\Users\\baxxe\\Documents\\Web2\\Stage\\mindful-journey-ui\\backend\\mindful-journey-back\\vendor\\laravel\\framework\\src\\Illuminate\\Routing\\Router.php(808): Illuminate\\Routing\\Route->run()
#22 C:\\Users\\baxxe\\Documents\\Web2\\Stage\\mindful-journey-ui\\backend\\mindful-journey-back\\vendor\\laravel\\framework\\src\\Illuminate\\Pipeline\\Pipeline.php(169): Illuminate\\Routing\\Router->{closure:Illuminate\\Routing\\Router::runRouteWithinStack():807}()
#23 C:\\Users\\baxxe\\Documents\\Web2\\Stage\\mindful-journey-ui\\backend\\mindful-journey-back\\vendor\\laravel\\framework\\src\\Illuminate\\Routing\\Middleware\\SubstituteBindings.php(50): Illuminate\\Pipeline\\Pipeline->{closure:Illuminate\\Pipeline\\Pipeline::prepareDestination():167}()
#24 C:\\Users\\baxxe\\Documents\\Web2\\Stage\\mindful-journey-ui\\backend\\mindful-journey-back\\vendor\\laravel\\framework\\src\\Illuminate\\Pipeline\\Pipeline.php(208): Illuminate\\Routing\\Middleware\\SubstituteBindings->handle()
#25 C:\\Users\\baxxe\\Documents\\Web2\\Stage\\mindful-journey-ui\\backend\\mindful-journey-back\\vendor\\laravel\\framework\\src\\Illuminate\\Pipeline\\Pipeline.php(126): Illuminate\\Pipeline\\Pipeline->{closure:{closure:Illuminate\\Pipeline\\Pipeline::carry():183}:184}()
#26 C:\\Users\\baxxe\\Documents\\Web2\\Stage\\mindful-journey-ui\\backend\\mindful-journey-back\\vendor\\laravel\\framework\\src\\Illuminate\\Routing\\Router.php(807): Illuminate\\Pipeline\\Pipeline->then()
#27 C:\\Users\\baxxe\\Documents\\Web2\\Stage\\mindful-journey-ui\\backend\\mindful-journey-back\\vendor\\laravel\\framework\\src\\Illuminate\\Routing\\Router.php(786): Illuminate\\Routing\\Router->runRouteWithinStack()
#28 C:\\Users\\baxxe\\Documents\\Web2\\Stage\\mindful-journey-ui\\backend\\mindful-journey-back\\vendor\\laravel\\framework\\src\\Illuminate\\Routing\\Router.php(750): Illuminate\\Routing\\Router->runRoute()
#29 C:\\Users\\baxxe\\Documents\\Web2\\Stage\\mindful-journey-ui\\backend\\mindful-journey-back\\vendor\\laravel\\framework\\src\\Illuminate\\Routing\\Router.php(739): Illuminate\\Routing\\Router->dispatchToRoute()
#30 C:\\Users\\baxxe\\Documents\\Web2\\Stage\\mindful-journey-ui\\backend\\mindful-journey-back\\vendor\\laravel\\framework\\src\\Illuminate\\Foundation\\Http\\Kernel.php(200): Illuminate\\Routing\\Router->dispatch()
#31 C:\\Users\\baxxe\\Documents\\Web2\\Stage\\mindful-journey-ui\\backend\\mindful-journey-back\\vendor\\laravel\\framework\\src\\Illuminate\\Pipeline\\Pipeline.php(169): Illuminate\\Foundation\\Http\\Kernel->{closure:Illuminate\\Foundation\\Http\\Kernel::dispatchToRouter():197}()
#32 C:\\Users\\baxxe\\Documents\\Web2\\Stage\\mindful-journey-ui\\backend\\mindful-journey-back\\vendor\\laravel\\framework\\src\\Illuminate\\Foundation\\Http\\Middleware\\TransformsRequest.php(21): Illuminate\\Pipeline\\Pipeline->{closure:Illuminate\\Pipeline\\Pipeline::prepareDestination():167}()
#33 C:\\Users\\baxxe\\Documents\\Web2\\Stage\\mindful-journey-ui\\backend\\mindful-journey-back\\vendor\\laravel\\framework\\src\\Illuminate\\Foundation\\Http\\Middleware\\ConvertEmptyStringsToNull.php(31): Illuminate\\Foundation\\Http\\Middleware\\TransformsRequest->handle()
#34 C:\\Users\\baxxe\\Documents\\Web2\\Stage\\mindful-journey-ui\\backend\\mindful-journey-back\\vendor\\laravel\\framework\\src\\Illuminate\\Pipeline\\Pipeline.php(208): Illuminate\\Foundation\\Http\\Middleware\\ConvertEmptyStringsToNull->handle()
#35 C:\\Users\\baxxe\\Documents\\Web2\\Stage\\mindful-journey-ui\\backend\\mindful-journey-back\\vendor\\laravel\\framework\\src\\Illuminate\\Foundation\\Http\\Middleware\\TransformsRequest.php(21): Illuminate\\Pipeline\\Pipeline->{closure:{closure:Illuminate\\Pipeline\\Pipeline::carry():183}:184}()
#36 C:\\Users\\baxxe\\Documents\\Web2\\Stage\\mindful-journey-ui\\backend\\mindful-journey-back\\vendor\\laravel\\framework\\src\\Illuminate\\Foundation\\Http\\Middleware\\TrimStrings.php(51): Illuminate\\Foundation\\Http\\Middleware\\TransformsRequest->handle()
#37 C:\\Users\\baxxe\\Documents\\Web2\\Stage\\mindful-journey-ui\\backend\\mindful-journey-back\\vendor\\laravel\\framework\\src\\Illuminate\\Pipeline\\Pipeline.php(208): Illuminate\\Foundation\\Http\\Middleware\\TrimStrings->handle()
#38 C:\\Users\\baxxe\\Documents\\Web2\\Stage\\mindful-journey-ui\\backend\\mindful-journey-back\\vendor\\laravel\\framework\\src\\Illuminate\\Http\\Middleware\\ValidatePostSize.php(27): Illuminate\\Pipeline\\Pipeline->{closure:{closure:Illuminate\\Pipeline\\Pipeline::carry():183}:184}()
#39 C:\\Users\\baxxe\\Documents\\Web2\\Stage\\mindful-journey-ui\\backend\\mindful-journey-back\\vendor\\laravel\\framework\\src\\Illuminate\\Pipeline\\Pipeline.php(208): Illuminate\\Http\\Middleware\\ValidatePostSize->handle()
#40 C:\\Users\\baxxe\\Documents\\Web2\\Stage\\mindful-journey-ui\\backend\\mindful-journey-back\\vendor\\laravel\\framework\\src\\Illuminate\\Foundation\\Http\\Middleware\\PreventRequestsDuringMaintenance.php(109): Illuminate\\Pipeline\\Pipeline->{closure:{closure:Illuminate\\Pipeline\\Pipeline::carry():183}:184}()
#41 C:\\Users\\baxxe\\Documents\\Web2\\Stage\\mindful-journey-ui\\backend\\mindful-journey-back\\vendor\\laravel\\framework\\src\\Illuminate\\Pipeline\\Pipeline.php(208): Illuminate\\Foundation\\Http\\Middleware\\PreventRequestsDuringMaintenance->handle()
#42 C:\\Users\\baxxe\\Documents\\Web2\\Stage\\mindful-journey-ui\\backend\\mindful-journey-back\\vendor\\laravel\\framework\\src\\Illuminate\\Http\\Middleware\\HandleCors.php(61): Illuminate\\Pipeline\\Pipeline->{closure:{closure:Illuminate\\Pipeline\\Pipeline::carry():183}:184}()
#43 C:\\Users\\baxxe\\Documents\\Web2\\Stage\\mindful-journey-ui\\backend\\mindful-journey-back\\vendor\\laravel\\framework\\src\\Illuminate\\Pipeline\\Pipeline.php(208): Illuminate\\Http\\Middleware\\HandleCors->handle()
#44 C:\\Users\\baxxe\\Documents\\Web2\\Stage\\mindful-journey-ui\\backend\\mindful-journey-back\\vendor\\laravel\\framework\\src\\Illuminate\\Http\\Middleware\\TrustProxies.php(58): Illuminate\\Pipeline\\Pipeline->{closure:{closure:Illuminate\\Pipeline\\Pipeline::carry():183}:184}()
#45 C:\\Users\\baxxe\\Documents\\Web2\\Stage\\mindful-journey-ui\\backend\\mindful-journey-back\\vendor\\laravel\\framework\\src\\Illuminate\\Pipeline\\Pipeline.php(208): Illuminate\\Http\\Middleware\\TrustProxies->handle()
#46 C:\\Users\\baxxe\\Documents\\Web2\\Stage\\mindful-journey-ui\\backend\\mindful-journey-back\\vendor\\laravel\\framework\\src\\Illuminate\\Foundation\\Http\\Middleware\\InvokeDeferredCallbacks.php(22): Illuminate\\Pipeline\\Pipeline->{closure:{closure:Illuminate\\Pipeline\\Pipeline::carry():183}:184}()
#47 C:\\Users\\baxxe\\Documents\\Web2\\Stage\\mindful-journey-ui\\backend\\mindful-journey-back\\vendor\\laravel\\framework\\src\\Illuminate\\Pipeline\\Pipeline.php(208): Illuminate\\Foundation\\Http\\Middleware\\InvokeDeferredCallbacks->handle()
#48 C:\\Users\\baxxe\\Documents\\Web2\\Stage\\mindful-journey-ui\\backend\\mindful-journey-back\\vendor\\laravel\\framework\\src\\Illuminate\\Http\\Middleware\\ValidatePathEncoding.php(26): Illuminate\\Pipeline\\Pipeline->{closure:{closure:Illuminate\\Pipeline\\Pipeline::carry():183}:184}()
#49 C:\\Users\\baxxe\\Documents\\Web2\\Stage\\mindful-journey-ui\\backend\\mindful-journey-back\\vendor\\laravel\\framework\\src\\Illuminate\\Pipeline\\Pipeline.php(208): Illuminate\\Http\\Middleware\\ValidatePathEncoding->handle()
#50 C:\\Users\\baxxe\\Documents\\Web2\\Stage\\mindful-journey-ui\\backend\\mindful-journey-back\\vendor\\laravel\\framework\\src\\Illuminate\\Pipeline\\Pipeline.php(126): Illuminate\\Pipeline\\Pipeline->{closure:{closure:Illuminate\\Pipeline\\Pipeline::carry():183}:184}()
#51 C:\\Users\\baxxe\\Documents\\Web2\\Stage\\mindful-journey-ui\\backend\\mindful-journey-back\\vendor\\laravel\\framework\\src\\Illuminate\\Foundation\\Http\\Kernel.php(175): Illuminate\\Pipeline\\Pipeline->then()
#52 C:\\Users\\baxxe\\Documents\\Web2\\Stage\\mindful-journey-ui\\backend\\mindful-journey-back\\vendor\\laravel\\framework\\src\\Illuminate\\Foundation\\Http\\Kernel.php(144): Illuminate\\Foundation\\Http\\Kernel->sendRequestThroughRouter()
#53 C:\\Users\\baxxe\\Documents\\Web2\\Stage\\mindful-journey-ui\\backend\\mindful-journey-back\\vendor\\laravel\\framework\\src\\Illuminate\\Foundation\\Application.php(1219): Illuminate\\Foundation\\Http\\Kernel->handle()
#54 C:\\Users\\baxxe\\Documents\\Web2\\Stage\\mindful-journey-ui\\backend\\mindful-journey-back\\public\\index.php(20): Illuminate\\Foundation\\Application->handleRequest()
#55 C:\\Users\\baxxe\\Documents\\Web2\\Stage\\mindful-journey-ui\\backend\\mindful-journey-back\\vendor\\laravel\\framework\\src\\Illuminate\\Foundation\\resources\\server.php(23): require_once('...')
#56 {main}
"} 
[2025-08-14 09:51:59] production.ERROR: No application encryption key has been specified. {"exception":"[object] (Illuminate\\Encryption\\MissingAppKeyException(code: 0): No application encryption key has been specified. at C:\\Users\\baxxe\\Documents\\Web2\\Stage\\mindful-journey-ui\\backend\\mindful-journey-back\\vendor\\laravel\\framework\\src\\Illuminate\\Encryption\\EncryptionServiceProvider.php:83)
[stacktrace]
#0 C:\\Users\\baxxe\\Documents\\Web2\\Stage\\mindful-journey-ui\\backend\\mindful-journey-back\\vendor\\laravel\\framework\\src\\Illuminate\\Support\\helpers.php(399): Illuminate\\Encryption\\EncryptionServiceProvider->{closure:Illuminate\\Encryption\\EncryptionServiceProvider::key():81}()
#1 C:\\Users\\baxxe\\Documents\\Web2\\Stage\\mindful-journey-ui\\backend\\mindful-journey-back\\vendor\\laravel\\framework\\src\\Illuminate\\Encryption\\EncryptionServiceProvider.php(81): tap()
#2 C:\\Users\\baxxe\\Documents\\Web2\\Stage\\mindful-journey-ui\\backend\\mindful-journey-back\\vendor\\laravel\\framework\\src\\Illuminate\\Encryption\\EncryptionServiceProvider.php(64): Illuminate\\Encryption\\EncryptionServiceProvider->key()
#3 C:\\Users\\baxxe\\Documents\\Web2\\Stage\\mindful-journey-ui\\backend\\mindful-journey-back\\vendor\\laravel\\framework\\src\\Illuminate\\Encryption\\EncryptionServiceProvider.php(32): Illuminate\\Encryption\\EncryptionServiceProvider->parseKey()
#4 C:\\Users\\baxxe\\Documents\\Web2\\Stage\\mindful-journey-ui\\backend\\mindful-journey-back\\vendor\\laravel\\framework\\src\\Illuminate\\Container\\Container.php(1036): Illuminate\\Encryption\\EncryptionServiceProvider->{closure:Illuminate\\Encryption\\EncryptionServiceProvider::registerEncrypter():29}()
#5 C:\\Users\\baxxe\\Documents\\Web2\\Stage\\mindful-journey-ui\\backend\\mindful-journey-back\\vendor\\laravel\\framework\\src\\Illuminate\\Container\\Container.php(916): Illuminate\\Container\\Container->build()
#6 C:\\Users\\baxxe\\Documents\\Web2\\Stage\\mindful-journey-ui\\backend\\mindful-journey-back\\vendor\\laravel\\framework\\src\\Illuminate\\Foundation\\Application.php(1077): Illuminate\\Container\\Container->resolve()
#7 C:\\Users\\baxxe\\Documents\\Web2\\Stage\\mindful-journey-ui\\backend\\mindful-journey-back\\vendor\\laravel\\framework\\src\\Illuminate\\Container\\Container.php(847): Illuminate\\Foundation\\Application->resolve()
#8 C:\\Users\\baxxe\\Documents\\Web2\\Stage\\mindful-journey-ui\\backend\\mindful-journey-back\\vendor\\laravel\\framework\\src\\Illuminate\\Foundation\\Application.php(1057): Illuminate\\Container\\Container->make()
#9 C:\\Users\\baxxe\\Documents\\Web2\\Stage\\mindful-journey-ui\\backend\\mindful-journey-back\\vendor\\laravel\\framework\\src\\Illuminate\\Container\\Container.php(1228): Illuminate\\Foundation\\Application->make()
#10 C:\\Users\\baxxe\\Documents\\Web2\\Stage\\mindful-journey-ui\\backend\\mindful-journey-back\\vendor\\laravel\\framework\\src\\Illuminate\\Container\\Container.php(1127): Illuminate\\Container\\Container->resolveClass()
#11 C:\\Users\\baxxe\\Documents\\Web2\\Stage\\mindful-journey-ui\\backend\\mindful-journey-back\\vendor\\laravel\\framework\\src\\Illuminate\\Container\\Container.php(1078): Illuminate\\Container\\Container->resolveDependencies()
#12 C:\\Users\\baxxe\\Documents\\Web2\\Stage\\mindful-journey-ui\\backend\\mindful-journey-back\\vendor\\laravel\\framework\\src\\Illuminate\\Container\\Container.php(916): Illuminate\\Container\\Container->build()
#13 C:\\Users\\baxxe\\Documents\\Web2\\Stage\\mindful-journey-ui\\backend\\mindful-journey-back\\vendor\\laravel\\framework\\src\\Illuminate\\Foundation\\Application.php(1077): Illuminate\\Container\\Container->resolve()
#14 C:\\Users\\baxxe\\Documents\\Web2\\Stage\\mindful-journey-ui\\backend\\mindful-journey-back\\vendor\\laravel\\framework\\src\\Illuminate\\Container\\Container.php(847): Illuminate\\Foundation\\Application->resolve()
#15 C:\\Users\\baxxe\\Documents\\Web2\\Stage\\mindful-journey-ui\\backend\\mindful-journey-back\\vendor\\laravel\\framework\\src\\Illuminate\\Foundation\\Application.php(1057): Illuminate\\Container\\Container->make()
#16 C:\\Users\\baxxe\\Documents\\Web2\\Stage\\mindful-journey-ui\\backend\\mindful-journey-back\\vendor\\laravel\\framework\\src\\Illuminate\\Pipeline\\Pipeline.php(197): Illuminate\\Foundation\\Application->make()
#17 C:\\Users\\baxxe\\Documents\\Web2\\Stage\\mindful-journey-ui\\backend\\mindful-journey-back\\vendor\\laravel\\framework\\src\\Illuminate\\Pipeline\\Pipeline.php(126): Illuminate\\Pipeline\\Pipeline->{closure:{closure:Illuminate\\Pipeline\\Pipeline::carry():183}:184}()
#18 C:\\Users\\baxxe\\Documents\\Web2\\Stage\\mindful-journey-ui\\backend\\mindful-journey-back\\vendor\\laravel\\framework\\src\\Illuminate\\Routing\\Router.php(807): Illuminate\\Pipeline\\Pipeline->then()
#19 C:\\Users\\baxxe\\Documents\\Web2\\Stage\\mindful-journey-ui\\backend\\mindful-journey-back\\vendor\\laravel\\framework\\src\\Illuminate\\Routing\\Router.php(786): Illuminate\\Routing\\Router->runRouteWithinStack()
#20 C:\\Users\\baxxe\\Documents\\Web2\\Stage\\mindful-journey-ui\\backend\\mindful-journey-back\\vendor\\laravel\\framework\\src\\Illuminate\\Routing\\Router.php(750): Illuminate\\Routing\\Router->runRoute()
#21 C:\\Users\\baxxe\\Documents\\Web2\\Stage\\mindful-journey-ui\\backend\\mindful-journey-back\\vendor\\laravel\\framework\\src\\Illuminate\\Routing\\Router.php(739): Illuminate\\Routing\\Router->dispatchToRoute()
#22 C:\\Users\\baxxe\\Documents\\Web2\\Stage\\mindful-journey-ui\\backend\\mindful-journey-back\\vendor\\laravel\\framework\\src\\Illuminate\\Foundation\\Http\\Kernel.php(200): Illuminate\\Routing\\Router->dispatch()
#23 C:\\Users\\baxxe\\Documents\\Web2\\Stage\\mindful-journey-ui\\backend\\mindful-journey-back\\vendor\\laravel\\framework\\src\\Illuminate\\Pipeline\\Pipeline.php(169): Illuminate\\Foundation\\Http\\Kernel->{closure:Illuminate\\Foundation\\Http\\Kernel::dispatchToRouter():197}()
#24 C:\\Users\\baxxe\\Documents\\Web2\\Stage\\mindful-journey-ui\\backend\\mindful-journey-back\\vendor\\laravel\\framework\\src\\Illuminate\\Foundation\\Http\\Middleware\\TransformsRequest.php(21): Illuminate\\Pipeline\\Pipeline->{closure:Illuminate\\Pipeline\\Pipeline::prepareDestination():167}()
#25 C:\\Users\\baxxe\\Documents\\Web2\\Stage\\mindful-journey-ui\\backend\\mindful-journey-back\\vendor\\laravel\\framework\\src\\Illuminate\\Foundation\\Http\\Middleware\\ConvertEmptyStringsToNull.php(31): Illuminate\\Foundation\\Http\\Middleware\\TransformsRequest->handle()
#26 C:\\Users\\baxxe\\Documents\\Web2\\Stage\\mindful-journey-ui\\backend\\mindful-journey-back\\vendor\\laravel\\framework\\src\\Illuminate\\Pipeline\\Pipeline.php(208): Illuminate\\Foundation\\Http\\Middleware\\ConvertEmptyStringsToNull->handle()
#27 C:\\Users\\baxxe\\Documents\\Web2\\Stage\\mindful-journey-ui\\backend\\mindful-journey-back\\vendor\\laravel\\framework\\src\\Illuminate\\Foundation\\Http\\Middleware\\TransformsRequest.php(21): Illuminate\\Pipeline\\Pipeline->{closure:{closure:Illuminate\\Pipeline\\Pipeline::carry():183}:184}()
#28 C:\\Users\\baxxe\\Documents\\Web2\\Stage\\mindful-journey-ui\\backend\\mindful-journey-back\\vendor\\laravel\\framework\\src\\Illuminate\\Foundation\\Http\\Middleware\\TrimStrings.php(51): Illuminate\\Foundation\\Http\\Middleware\\TransformsRequest->handle()
#29 C:\\Users\\baxxe\\Documents\\Web2\\Stage\\mindful-journey-ui\\backend\\mindful-journey-back\\vendor\\laravel\\framework\\src\\Illuminate\\Pipeline\\Pipeline.php(208): Illuminate\\Foundation\\Http\\Middleware\\TrimStrings->handle()
#30 C:\\Users\\baxxe\\Documents\\Web2\\Stage\\mindful-journey-ui\\backend\\mindful-journey-back\\vendor\\laravel\\framework\\src\\Illuminate\\Http\\Middleware\\ValidatePostSize.php(27): Illuminate\\Pipeline\\Pipeline->{closure:{closure:Illuminate\\Pipeline\\Pipeline::carry():183}:184}()
#31 C:\\Users\\baxxe\\Documents\\Web2\\Stage\\mindful-journey-ui\\backend\\mindful-journey-back\\vendor\\laravel\\framework\\src\\Illuminate\\Pipeline\\Pipeline.php(208): Illuminate\\Http\\Middleware\\ValidatePostSize->handle()
#32 C:\\Users\\baxxe\\Documents\\Web2\\Stage\\mindful-journey-ui\\backend\\mindful-journey-back\\vendor\\laravel\\framework\\src\\Illuminate\\Foundation\\Http\\Middleware\\PreventRequestsDuringMaintenance.php(109): Illuminate\\Pipeline\\Pipeline->{closure:{closure:Illuminate\\Pipeline\\Pipeline::carry():183}:184}()
#33 C:\\Users\\baxxe\\Documents\\Web2\\Stage\\mindful-journey-ui\\backend\\mindful-journey-back\\vendor\\laravel\\framework\\src\\Illuminate\\Pipeline\\Pipeline.php(208): Illuminate\\Foundation\\Http\\Middleware\\PreventRequestsDuringMaintenance->handle()
#34 C:\\Users\\baxxe\\Documents\\Web2\\Stage\\mindful-journey-ui\\backend\\mindful-journey-back\\vendor\\laravel\\framework\\src\\Illuminate\\Http\\Middleware\\HandleCors.php(61): Illuminate\\Pipeline\\Pipeline->{closure:{closure:Illuminate\\Pipeline\\Pipeline::carry():183}:184}()
#35 C:\\Users\\baxxe\\Documents\\Web2\\Stage\\mindful-journey-ui\\backend\\mindful-journey-back\\vendor\\laravel\\framework\\src\\Illuminate\\Pipeline\\Pipeline.php(208): Illuminate\\Http\\Middleware\\HandleCors->handle()
#36 C:\\Users\\baxxe\\Documents\\Web2\\Stage\\mindful-journey-ui\\backend\\mindful-journey-back\\vendor\\laravel\\framework\\src\\Illuminate\\Http\\Middleware\\TrustProxies.php(58): Illuminate\\Pipeline\\Pipeline->{closure:{closure:Illuminate\\Pipeline\\Pipeline::carry():183}:184}()
#37 C:\\Users\\baxxe\\Documents\\Web2\\Stage\\mindful-journey-ui\\backend\\mindful-journey-back\\vendor\\laravel\\framework\\src\\Illuminate\\Pipeline\\Pipeline.php(208): Illuminate\\Http\\Middleware\\TrustProxies->handle()
#38 C:\\Users\\baxxe\\Documents\\Web2\\Stage\\mindful-journey-ui\\backend\\mindful-journey-back\\vendor\\laravel\\framework\\src\\Illuminate\\Foundation\\Http\\Middleware\\InvokeDeferredCallbacks.php(22): Illuminate\\Pipeline\\Pipeline->{closure:{closure:Illuminate\\Pipeline\\Pipeline::carry():183}:184}()
#39 C:\\Users\\baxxe\\Documents\\Web2\\Stage\\mindful-journey-ui\\backend\\mindful-journey-back\\vendor\\laravel\\framework\\src\\Illuminate\\Pipeline\\Pipeline.php(208): Illuminate\\Foundation\\Http\\Middleware\\InvokeDeferredCallbacks->handle()
#40 C:\\Users\\baxxe\\Documents\\Web2\\Stage\\mindful-journey-ui\\backend\\mindful-journey-back\\vendor\\laravel\\framework\\src\\Illuminate\\Http\\Middleware\\ValidatePathEncoding.php(26): Illuminate\\Pipeline\\Pipeline->{closure:{closure:Illuminate\\Pipeline\\Pipeline::carry():183}:184}()
#41 C:\\Users\\baxxe\\Documents\\Web2\\Stage\\mindful-journey-ui\\backend\\mindful-journey-back\\vendor\\laravel\\framework\\src\\Illuminate\\Pipeline\\Pipeline.php(208): Illuminate\\Http\\Middleware\\ValidatePathEncoding->handle()
#42 C:\\Users\\baxxe\\Documents\\Web2\\Stage\\mindful-journey-ui\\backend\\mindful-journey-back\\vendor\\laravel\\framework\\src\\Illuminate\\Pipeline\\Pipeline.php(126): Illuminate\\Pipeline\\Pipeline->{closure:{closure:Illuminate\\Pipeline\\Pipeline::carry():183}:184}()
#43 C:\\Users\\baxxe\\Documents\\Web2\\Stage\\mindful-journey-ui\\backend\\mindful-journey-back\\vendor\\laravel\\framework\\src\\Illuminate\\Foundation\\Http\\Kernel.php(175): Illuminate\\Pipeline\\Pipeline->then()
#44 C:\\Users\\baxxe\\Documents\\Web2\\Stage\\mindful-journey-ui\\backend\\mindful-journey-back\\vendor\\laravel\\framework\\src\\Illuminate\\Foundation\\Http\\Kernel.php(144): Illuminate\\Foundation\\Http\\Kernel->sendRequestThroughRouter()
#45 C:\\Users\\baxxe\\Documents\\Web2\\Stage\\mindful-journey-ui\\backend\\mindful-journey-back\\vendor\\laravel\\framework\\src\\Illuminate\\Foundation\\Application.php(1219): Illuminate\\Foundation\\Http\\Kernel->handle()
#46 C:\\Users\\baxxe\\Documents\\Web2\\Stage\\mindful-journey-ui\\backend\\mindful-journey-back\\public\\index.php(20): Illuminate\\Foundation\\Application->handleRequest()
#47 C:\\Users\\baxxe\\Documents\\Web2\\Stage\\mindful-journey-ui\\backend\\mindful-journey-back\\vendor\\laravel\\framework\\src\\Illuminate\\Foundation\\resources\\server.php(23): require_once('...')
#48 {main}
"} 
[2025-08-14 09:51:59] production.ERROR: No application encryption key has been specified. {"exception":"[object] (Illuminate\\Encryption\\MissingAppKeyException(code: 0): No application encryption key has been specified. at C:\\Users\\baxxe\\Documents\\Web2\\Stage\\mindful-journey-ui\\backend\\mindful-journey-back\\vendor\\laravel\\framework\\src\\Illuminate\\Encryption\\EncryptionServiceProvider.php:83)
[stacktrace]
#0 C:\\Users\\baxxe\\Documents\\Web2\\Stage\\mindful-journey-ui\\backend\\mindful-journey-back\\vendor\\laravel\\framework\\src\\Illuminate\\Support\\helpers.php(399): Illuminate\\Encryption\\EncryptionServiceProvider->{closure:Illuminate\\Encryption\\EncryptionServiceProvider::key():81}()
#1 C:\\Users\\baxxe\\Documents\\Web2\\Stage\\mindful-journey-ui\\backend\\mindful-journey-back\\vendor\\laravel\\framework\\src\\Illuminate\\Encryption\\EncryptionServiceProvider.php(81): tap()
#2 C:\\Users\\baxxe\\Documents\\Web2\\Stage\\mindful-journey-ui\\backend\\mindful-journey-back\\vendor\\laravel\\framework\\src\\Illuminate\\Encryption\\EncryptionServiceProvider.php(64): Illuminate\\Encryption\\EncryptionServiceProvider->key()
#3 C:\\Users\\baxxe\\Documents\\Web2\\Stage\\mindful-journey-ui\\backend\\mindful-journey-back\\vendor\\laravel\\framework\\src\\Illuminate\\Encryption\\EncryptionServiceProvider.php(32): Illuminate\\Encryption\\EncryptionServiceProvider->parseKey()
#4 C:\\Users\\baxxe\\Documents\\Web2\\Stage\\mindful-journey-ui\\backend\\mindful-journey-back\\vendor\\laravel\\framework\\src\\Illuminate\\Container\\Container.php(1036): Illuminate\\Encryption\\EncryptionServiceProvider->{closure:Illuminate\\Encryption\\EncryptionServiceProvider::registerEncrypter():29}()
#5 C:\\Users\\baxxe\\Documents\\Web2\\Stage\\mindful-journey-ui\\backend\\mindful-journey-back\\vendor\\laravel\\framework\\src\\Illuminate\\Container\\Container.php(916): Illuminate\\Container\\Container->build()
#6 C:\\Users\\baxxe\\Documents\\Web2\\Stage\\mindful-journey-ui\\backend\\mindful-journey-back\\vendor\\laravel\\framework\\src\\Illuminate\\Foundation\\Application.php(1077): Illuminate\\Container\\Container->resolve()
#7 C:\\Users\\baxxe\\Documents\\Web2\\Stage\\mindful-journey-ui\\backend\\mindful-journey-back\\vendor\\laravel\\framework\\src\\Illuminate\\Container\\Container.php(847): Illuminate\\Foundation\\Application->resolve()
#8 C:\\Users\\baxxe\\Documents\\Web2\\Stage\\mindful-journey-ui\\backend\\mindful-journey-back\\vendor\\laravel\\framework\\src\\Illuminate\\Foundation\\Application.php(1057): Illuminate\\Container\\Container->make()
#9 C:\\Users\\baxxe\\Documents\\Web2\\Stage\\mindful-journey-ui\\backend\\mindful-journey-back\\vendor\\laravel\\framework\\src\\Illuminate\\Container\\Container.php(1228): Illuminate\\Foundation\\Application->make()
#10 C:\\Users\\baxxe\\Documents\\Web2\\Stage\\mindful-journey-ui\\backend\\mindful-journey-back\\vendor\\laravel\\framework\\src\\Illuminate\\Container\\Container.php(1127): Illuminate\\Container\\Container->resolveClass()
#11 C:\\Users\\baxxe\\Documents\\Web2\\Stage\\mindful-journey-ui\\backend\\mindful-journey-back\\vendor\\laravel\\framework\\src\\Illuminate\\Container\\Container.php(1078): Illuminate\\Container\\Container->resolveDependencies()
#12 C:\\Users\\baxxe\\Documents\\Web2\\Stage\\mindful-journey-ui\\backend\\mindful-journey-back\\vendor\\laravel\\framework\\src\\Illuminate\\Container\\Container.php(916): Illuminate\\Container\\Container->build()
#13 C:\\Users\\baxxe\\Documents\\Web2\\Stage\\mindful-journey-ui\\backend\\mindful-journey-back\\vendor\\laravel\\framework\\src\\Illuminate\\Foundation\\Application.php(1077): Illuminate\\Container\\Container->resolve()
#14 C:\\Users\\baxxe\\Documents\\Web2\\Stage\\mindful-journey-ui\\backend\\mindful-journey-back\\vendor\\laravel\\framework\\src\\Illuminate\\Container\\Container.php(847): Illuminate\\Foundation\\Application->resolve()
#15 C:\\Users\\baxxe\\Documents\\Web2\\Stage\\mindful-journey-ui\\backend\\mindful-journey-back\\vendor\\laravel\\framework\\src\\Illuminate\\Foundation\\Application.php(1057): Illuminate\\Container\\Container->make()
#16 C:\\Users\\baxxe\\Documents\\Web2\\Stage\\mindful-journey-ui\\backend\\mindful-journey-back\\vendor\\laravel\\framework\\src\\Illuminate\\Foundation\\Http\\Kernel.php(257): Illuminate\\Foundation\\Application->make()
#17 C:\\Users\\baxxe\\Documents\\Web2\\Stage\\mindful-journey-ui\\backend\\mindful-journey-back\\vendor\\laravel\\framework\\src\\Illuminate\\Foundation\\Http\\Kernel.php(215): Illuminate\\Foundation\\Http\\Kernel->terminateMiddleware()
#18 C:\\Users\\baxxe\\Documents\\Web2\\Stage\\mindful-journey-ui\\backend\\mindful-journey-back\\vendor\\laravel\\framework\\src\\Illuminate\\Foundation\\Application.php(1221): Illuminate\\Foundation\\Http\\Kernel->terminate()
#19 C:\\Users\\baxxe\\Documents\\Web2\\Stage\\mindful-journey-ui\\backend\\mindful-journey-back\\public\\index.php(20): Illuminate\\Foundation\\Application->handleRequest()
#20 C:\\Users\\baxxe\\Documents\\Web2\\Stage\\mindful-journey-ui\\backend\\mindful-journey-back\\vendor\\laravel\\framework\\src\\Illuminate\\Foundation\\resources\\server.php(23): require_once('...')
#21 {main}
"} 
[2025-08-14 09:51:59] production.ERROR: Database file at path [C:\Users\baxxe\Documents\Web2\Stage\mindful-journey-ui\backend\mindful-journey-back\database\database.sqlite] does not exist. Ensure this is an absolute path to the database. (Connection: sqlite, SQL: select * from "users" where "email" = bax@gmail.com limit 1) {"exception":"[object] (Illuminate\\Database\\QueryException(code: 0): Database file at path [C:\\Users\\baxxe\\Documents\\Web2\\Stage\\mindful-journey-ui\\backend\\mindful-journey-back\\database\\database.sqlite] does not exist. Ensure this is an absolute path to the database. (Connection: sqlite, SQL: select * from \"users\" where \"email\" = bax@gmail.com limit 1) at C:\\Users\\baxxe\\Documents\\Web2\\Stage\\mindful-journey-ui\\backend\\mindful-journey-back\\vendor\\laravel\\framework\\src\\Illuminate\\Database\\Connection.php:824)
[stacktrace]
#0 C:\\Users\\baxxe\\Documents\\Web2\\Stage\\mindful-journey-ui\\backend\\mindful-journey-back\\vendor\\laravel\\framework\\src\\Illuminate\\Database\\Connection.php(778): Illuminate\\Database\\Connection->runQueryCallback()
#1 C:\\Users\\baxxe\\Documents\\Web2\\Stage\\mindful-journey-ui\\backend\\mindful-journey-back\\vendor\\laravel\\framework\\src\\Illuminate\\Database\\Connection.php(397): Illuminate\\Database\\Connection->run()
#2 C:\\Users\\baxxe\\Documents\\Web2\\Stage\\mindful-journey-ui\\backend\\mindful-journey-back\\vendor\\laravel\\framework\\src\\Illuminate\\Database\\Query\\Builder.php(3188): Illuminate\\Database\\Connection->select()
#3 C:\\Users\\baxxe\\Documents\\Web2\\Stage\\mindful-journey-ui\\backend\\mindful-journey-back\\vendor\\laravel\\framework\\src\\Illuminate\\Database\\Query\\Builder.php(3173): Illuminate\\Database\\Query\\Builder->runSelect()
#4 C:\\Users\\baxxe\\Documents\\Web2\\Stage\\mindful-journey-ui\\backend\\mindful-journey-back\\vendor\\laravel\\framework\\src\\Illuminate\\Database\\Query\\Builder.php(3763): Illuminate\\Database\\Query\\Builder->{closure:Illuminate\\Database\\Query\\Builder::get():3172}()
#5 C:\\Users\\baxxe\\Documents\\Web2\\Stage\\mindful-journey-ui\\backend\\mindful-journey-back\\vendor\\laravel\\framework\\src\\Illuminate\\Database\\Query\\Builder.php(3172): Illuminate\\Database\\Query\\Builder->onceWithColumns()
#6 C:\\Users\\baxxe\\Documents\\Web2\\Stage\\mindful-journey-ui\\backend\\mindful-journey-back\\vendor\\laravel\\framework\\src\\Illuminate\\Database\\Eloquent\\Builder.php(872): Illuminate\\Database\\Query\\Builder->get()
#7 C:\\Users\\baxxe\\Documents\\Web2\\Stage\\mindful-journey-ui\\backend\\mindful-journey-back\\vendor\\laravel\\framework\\src\\Illuminate\\Database\\Eloquent\\Builder.php(854): Illuminate\\Database\\Eloquent\\Builder->getModels()
#8 C:\\Users\\baxxe\\Documents\\Web2\\Stage\\mindful-journey-ui\\backend\\mindful-journey-back\\vendor\\laravel\\framework\\src\\Illuminate\\Database\\Concerns\\BuildsQueries.php(366): Illuminate\\Database\\Eloquent\\Builder->get()
#9 C:\\Users\\baxxe\\Documents\\Web2\\Stage\\mindful-journey-ui\\backend\\mindful-journey-back\\app\\Http\\Controllers\\Api\\AuthController.php(53): Illuminate\\Database\\Eloquent\\Builder->first()
#10 C:\\Users\\baxxe\\Documents\\Web2\\Stage\\mindful-journey-ui\\backend\\mindful-journey-back\\vendor\\laravel\\framework\\src\\Illuminate\\Routing\\ControllerDispatcher.php(46): App\\Http\\Controllers\\Api\\AuthController->login()
#11 C:\\Users\\baxxe\\Documents\\Web2\\Stage\\mindful-journey-ui\\backend\\mindful-journey-back\\vendor\\laravel\\framework\\src\\Illuminate\\Routing\\Route.php(265): Illuminate\\Routing\\ControllerDispatcher->dispatch()
#12 C:\\Users\\baxxe\\Documents\\Web2\\Stage\\mindful-journey-ui\\backend\\mindful-journey-back\\vendor\\laravel\\framework\\src\\Illuminate\\Routing\\Route.php(211): Illuminate\\Routing\\Route->runController()
#13 C:\\Users\\baxxe\\Documents\\Web2\\Stage\\mindful-journey-ui\\backend\\mindful-journey-back\\vendor\\laravel\\framework\\src\\Illuminate\\Routing\\Router.php(808): Illuminate\\Routing\\Route->run()
#14 C:\\Users\\baxxe\\Documents\\Web2\\Stage\\mindful-journey-ui\\backend\\mindful-journey-back\\vendor\\laravel\\framework\\src\\Illuminate\\Pipeline\\Pipeline.php(169): Illuminate\\Routing\\Router->{closure:Illuminate\\Routing\\Router::runRouteWithinStack():807}()
#15 C:\\Users\\baxxe\\Documents\\Web2\\Stage\\mindful-journey-ui\\backend\\mindful-journey-back\\vendor\\laravel\\framework\\src\\Illuminate\\Routing\\Middleware\\SubstituteBindings.php(50): Illuminate\\Pipeline\\Pipeline->{closure:Illuminate\\Pipeline\\Pipeline::prepareDestination():167}()
#16 C:\\Users\\baxxe\\Documents\\Web2\\Stage\\mindful-journey-ui\\backend\\mindful-journey-back\\vendor\\laravel\\framework\\src\\Illuminate\\Pipeline\\Pipeline.php(208): Illuminate\\Routing\\Middleware\\SubstituteBindings->handle()
#17 C:\\Users\\baxxe\\Documents\\Web2\\Stage\\mindful-journey-ui\\backend\\mindful-journey-back\\vendor\\laravel\\framework\\src\\Illuminate\\Pipeline\\Pipeline.php(126): Illuminate\\Pipeline\\Pipeline->{closure:{closure:Illuminate\\Pipeline\\Pipeline::carry():183}:184}()
#18 C:\\Users\\baxxe\\Documents\\Web2\\Stage\\mindful-journey-ui\\backend\\mindful-journey-back\\vendor\\laravel\\framework\\src\\Illuminate\\Routing\\Router.php(807): Illuminate\\Pipeline\\Pipeline->then()
#19 C:\\Users\\baxxe\\Documents\\Web2\\Stage\\mindful-journey-ui\\backend\\mindful-journey-back\\vendor\\laravel\\framework\\src\\Illuminate\\Routing\\Router.php(786): Illuminate\\Routing\\Router->runRouteWithinStack()
#20 C:\\Users\\baxxe\\Documents\\Web2\\Stage\\mindful-journey-ui\\backend\\mindful-journey-back\\vendor\\laravel\\framework\\src\\Illuminate\\Routing\\Router.php(750): Illuminate\\Routing\\Router->runRoute()
#21 C:\\Users\\baxxe\\Documents\\Web2\\Stage\\mindful-journey-ui\\backend\\mindful-journey-back\\vendor\\laravel\\framework\\src\\Illuminate\\Routing\\Router.php(739): Illuminate\\Routing\\Router->dispatchToRoute()
#22 C:\\Users\\baxxe\\Documents\\Web2\\Stage\\mindful-journey-ui\\backend\\mindful-journey-back\\vendor\\laravel\\framework\\src\\Illuminate\\Foundation\\Http\\Kernel.php(200): Illuminate\\Routing\\Router->dispatch()
#23 C:\\Users\\baxxe\\Documents\\Web2\\Stage\\mindful-journey-ui\\backend\\mindful-journey-back\\vendor\\laravel\\framework\\src\\Illuminate\\Pipeline\\Pipeline.php(169): Illuminate\\Foundation\\Http\\Kernel->{closure:Illuminate\\Foundation\\Http\\Kernel::dispatchToRouter():197}()
#24 C:\\Users\\baxxe\\Documents\\Web2\\Stage\\mindful-journey-ui\\backend\\mindful-journey-back\\vendor\\laravel\\framework\\src\\Illuminate\\Foundation\\Http\\Middleware\\TransformsRequest.php(21): Illuminate\\Pipeline\\Pipeline->{closure:Illuminate\\Pipeline\\Pipeline::prepareDestination():167}()
#25 C:\\Users\\baxxe\\Documents\\Web2\\Stage\\mindful-journey-ui\\backend\\mindful-journey-back\\vendor\\laravel\\framework\\src\\Illuminate\\Foundation\\Http\\Middleware\\ConvertEmptyStringsToNull.php(31): Illuminate\\Foundation\\Http\\Middleware\\TransformsRequest->handle()
#26 C:\\Users\\baxxe\\Documents\\Web2\\Stage\\mindful-journey-ui\\backend\\mindful-journey-back\\vendor\\laravel\\framework\\src\\Illuminate\\Pipeline\\Pipeline.php(208): Illuminate\\Foundation\\Http\\Middleware\\ConvertEmptyStringsToNull->handle()
#27 C:\\Users\\baxxe\\Documents\\Web2\\Stage\\mindful-journey-ui\\backend\\mindful-journey-back\\vendor\\laravel\\framework\\src\\Illuminate\\Foundation\\Http\\Middleware\\TransformsRequest.php(21): Illuminate\\Pipeline\\Pipeline->{closure:{closure:Illuminate\\Pipeline\\Pipeline::carry():183}:184}()
#28 C:\\Users\\baxxe\\Documents\\Web2\\Stage\\mindful-journey-ui\\backend\\mindful-journey-back\\vendor\\laravel\\framework\\src\\Illuminate\\Foundation\\Http\\Middleware\\TrimStrings.php(51): Illuminate\\Foundation\\Http\\Middleware\\TransformsRequest->handle()
#29 C:\\Users\\baxxe\\Documents\\Web2\\Stage\\mindful-journey-ui\\backend\\mindful-journey-back\\vendor\\laravel\\framework\\src\\Illuminate\\Pipeline\\Pipeline.php(208): Illuminate\\Foundation\\Http\\Middleware\\TrimStrings->handle()
#30 C:\\Users\\baxxe\\Documents\\Web2\\Stage\\mindful-journey-ui\\backend\\mindful-journey-back\\vendor\\laravel\\framework\\src\\Illuminate\\Http\\Middleware\\ValidatePostSize.php(27): Illuminate\\Pipeline\\Pipeline->{closure:{closure:Illuminate\\Pipeline\\Pipeline::carry():183}:184}()
#31 C:\\Users\\baxxe\\Documents\\Web2\\Stage\\mindful-journey-ui\\backend\\mindful-journey-back\\vendor\\laravel\\framework\\src\\Illuminate\\Pipeline\\Pipeline.php(208): Illuminate\\Http\\Middleware\\ValidatePostSize->handle()
#32 C:\\Users\\baxxe\\Documents\\Web2\\Stage\\mindful-journey-ui\\backend\\mindful-journey-back\\vendor\\laravel\\framework\\src\\Illuminate\\Foundation\\Http\\Middleware\\PreventRequestsDuringMaintenance.php(109): Illuminate\\Pipeline\\Pipeline->{closure:{closure:Illuminate\\Pipeline\\Pipeline::carry():183}:184}()
#33 C:\\Users\\baxxe\\Documents\\Web2\\Stage\\mindful-journey-ui\\backend\\mindful-journey-back\\vendor\\laravel\\framework\\src\\Illuminate\\Pipeline\\Pipeline.php(208): Illuminate\\Foundation\\Http\\Middleware\\PreventRequestsDuringMaintenance->handle()
#34 C:\\Users\\baxxe\\Documents\\Web2\\Stage\\mindful-journey-ui\\backend\\mindful-journey-back\\vendor\\laravel\\framework\\src\\Illuminate\\Http\\Middleware\\HandleCors.php(61): Illuminate\\Pipeline\\Pipeline->{closure:{closure:Illuminate\\Pipeline\\Pipeline::carry():183}:184}()
#35 C:\\Users\\baxxe\\Documents\\Web2\\Stage\\mindful-journey-ui\\backend\\mindful-journey-back\\vendor\\laravel\\framework\\src\\Illuminate\\Pipeline\\Pipeline.php(208): Illuminate\\Http\\Middleware\\HandleCors->handle()
#36 C:\\Users\\baxxe\\Documents\\Web2\\Stage\\mindful-journey-ui\\backend\\mindful-journey-back\\vendor\\laravel\\framework\\src\\Illuminate\\Http\\Middleware\\TrustProxies.php(58): Illuminate\\Pipeline\\Pipeline->{closure:{closure:Illuminate\\Pipeline\\Pipeline::carry():183}:184}()
#37 C:\\Users\\baxxe\\Documents\\Web2\\Stage\\mindful-journey-ui\\backend\\mindful-journey-back\\vendor\\laravel\\framework\\src\\Illuminate\\Pipeline\\Pipeline.php(208): Illuminate\\Http\\Middleware\\TrustProxies->handle()
#38 C:\\Users\\baxxe\\Documents\\Web2\\Stage\\mindful-journey-ui\\backend\\mindful-journey-back\\vendor\\laravel\\framework\\src\\Illuminate\\Foundation\\Http\\Middleware\\InvokeDeferredCallbacks.php(22): Illuminate\\Pipeline\\Pipeline->{closure:{closure:Illuminate\\Pipeline\\Pipeline::carry():183}:184}()
#39 C:\\Users\\baxxe\\Documents\\Web2\\Stage\\mindful-journey-ui\\backend\\mindful-journey-back\\vendor\\laravel\\framework\\src\\Illuminate\\Pipeline\\Pipeline.php(208): Illuminate\\Foundation\\Http\\Middleware\\InvokeDeferredCallbacks->handle()
#40 C:\\Users\\baxxe\\Documents\\Web2\\Stage\\mindful-journey-ui\\backend\\mindful-journey-back\\vendor\\laravel\\framework\\src\\Illuminate\\Http\\Middleware\\ValidatePathEncoding.php(26): Illuminate\\Pipeline\\Pipeline->{closure:{closure:Illuminate\\Pipeline\\Pipeline::carry():183}:184}()
#41 C:\\Users\\baxxe\\Documents\\Web2\\Stage\\mindful-journey-ui\\backend\\mindful-journey-back\\vendor\\laravel\\framework\\src\\Illuminate\\Pipeline\\Pipeline.php(208): Illuminate\\Http\\Middleware\\ValidatePathEncoding->handle()
#42 C:\\Users\\baxxe\\Documents\\Web2\\Stage\\mindful-journey-ui\\backend\\mindful-journey-back\\vendor\\laravel\\framework\\src\\Illuminate\\Pipeline\\Pipeline.php(126): Illuminate\\Pipeline\\Pipeline->{closure:{closure:Illuminate\\Pipeline\\Pipeline::carry():183}:184}()
#43 C:\\Users\\baxxe\\Documents\\Web2\\Stage\\mindful-journey-ui\\backend\\mindful-journey-back\\vendor\\laravel\\framework\\src\\Illuminate\\Foundation\\Http\\Kernel.php(175): Illuminate\\Pipeline\\Pipeline->then()
#44 C:\\Users\\baxxe\\Documents\\Web2\\Stage\\mindful-journey-ui\\backend\\mindful-journey-back\\vendor\\laravel\\framework\\src\\Illuminate\\Foundation\\Http\\Kernel.php(144): Illuminate\\Foundation\\Http\\Kernel->sendRequestThroughRouter()
#45 C:\\Users\\baxxe\\Documents\\Web2\\Stage\\mindful-journey-ui\\backend\\mindful-journey-back\\vendor\\laravel\\framework\\src\\Illuminate\\Foundation\\Application.php(1219): Illuminate\\Foundation\\Http\\Kernel->handle()
#46 C:\\Users\\baxxe\\Documents\\Web2\\Stage\\mindful-journey-ui\\backend\\mindful-journey-back\\public\\index.php(20): Illuminate\\Foundation\\Application->handleRequest()
#47 C:\\Users\\baxxe\\Documents\\Web2\\Stage\\mindful-journey-ui\\backend\\mindful-journey-back\\vendor\\laravel\\framework\\src\\Illuminate\\Foundation\\resources\\server.php(23): require_once('...')
#48 {main}

[previous exception] [object] (Illuminate\\Database\\SQLiteDatabaseDoesNotExistException(code: 0): Database file at path [C:\\Users\\baxxe\\Documents\\Web2\\Stage\\mindful-journey-ui\\backend\\mindful-journey-back\\database\\database.sqlite] does not exist. Ensure this is an absolute path to the database. at C:\\Users\\baxxe\\Documents\\Web2\\Stage\\mindful-journey-ui\\backend\\mindful-journey-back\\vendor\\laravel\\framework\\src\\Illuminate\\Database\\Connectors\\SQLiteConnector.php:59)
[stacktrace]
#0 C:\\Users\\baxxe\\Documents\\Web2\\Stage\\mindful-journey-ui\\backend\\mindful-journey-back\\vendor\\laravel\\framework\\src\\Illuminate\\Database\\Connectors\\SQLiteConnector.php(19): Illuminate\\Database\\Connectors\\SQLiteConnector->parseDatabasePath()
#1 C:\\Users\\baxxe\\Documents\\Web2\\Stage\\mindful-journey-ui\\backend\\mindful-journey-back\\vendor\\laravel\\framework\\src\\Illuminate\\Database\\Connectors\\ConnectionFactory.php(223): Illuminate\\Database\\Connectors\\SQLiteConnector->connect()
#2 [internal function]: Illuminate\\Database\\Connectors\\ConnectionFactory->{closure:Illuminate\\Database\\Connectors\\ConnectionFactory::createPdoResolverWithoutHosts():223}()
#3 C:\\Users\\baxxe\\Documents\\Web2\\Stage\\mindful-journey-ui\\backend\\mindful-journey-back\\vendor\\laravel\\framework\\src\\Illuminate\\Database\\Connection.php(1230): call_user_func()
#4 C:\\Users\\baxxe\\Documents\\Web2\\Stage\\mindful-journey-ui\\backend\\mindful-journey-back\\vendor\\laravel\\framework\\src\\Illuminate\\Database\\Connection.php(1266): Illuminate\\Database\\Connection->getPdo()
#5 C:\\Users\\baxxe\\Documents\\Web2\\Stage\\mindful-journey-ui\\backend\\mindful-journey-back\\vendor\\laravel\\framework\\src\\Illuminate\\Database\\Connection.php(511): Illuminate\\Database\\Connection->getReadPdo()
#6 C:\\Users\\baxxe\\Documents\\Web2\\Stage\\mindful-journey-ui\\backend\\mindful-journey-back\\vendor\\laravel\\framework\\src\\Illuminate\\Database\\Connection.php(406): Illuminate\\Database\\Connection->getPdoForSelect()
#7 C:\\Users\\baxxe\\Documents\\Web2\\Stage\\mindful-journey-ui\\backend\\mindful-journey-back\\vendor\\laravel\\framework\\src\\Illuminate\\Database\\Connection.php(811): Illuminate\\Database\\Connection->{closure:Illuminate\\Database\\Connection::select():397}()
#8 C:\\Users\\baxxe\\Documents\\Web2\\Stage\\mindful-journey-ui\\backend\\mindful-journey-back\\vendor\\laravel\\framework\\src\\Illuminate\\Database\\Connection.php(778): Illuminate\\Database\\Connection->runQueryCallback()
#9 C:\\Users\\baxxe\\Documents\\Web2\\Stage\\mindful-journey-ui\\backend\\mindful-journey-back\\vendor\\laravel\\framework\\src\\Illuminate\\Database\\Connection.php(397): Illuminate\\Database\\Connection->run()
#10 C:\\Users\\baxxe\\Documents\\Web2\\Stage\\mindful-journey-ui\\backend\\mindful-journey-back\\vendor\\laravel\\framework\\src\\Illuminate\\Database\\Query\\Builder.php(3188): Illuminate\\Database\\Connection->select()
#11 C:\\Users\\baxxe\\Documents\\Web2\\Stage\\mindful-journey-ui\\backend\\mindful-journey-back\\vendor\\laravel\\framework\\src\\Illuminate\\Database\\Query\\Builder.php(3173): Illuminate\\Database\\Query\\Builder->runSelect()
#12 C:\\Users\\baxxe\\Documents\\Web2\\Stage\\mindful-journey-ui\\backend\\mindful-journey-back\\vendor\\laravel\\framework\\src\\Illuminate\\Database\\Query\\Builder.php(3763): Illuminate\\Database\\Query\\Builder->{closure:Illuminate\\Database\\Query\\Builder::get():3172}()
#13 C:\\Users\\baxxe\\Documents\\Web2\\Stage\\mindful-journey-ui\\backend\\mindful-journey-back\\vendor\\laravel\\framework\\src\\Illuminate\\Database\\Query\\Builder.php(3172): Illuminate\\Database\\Query\\Builder->onceWithColumns()
#14 C:\\Users\\baxxe\\Documents\\Web2\\Stage\\mindful-journey-ui\\backend\\mindful-journey-back\\vendor\\laravel\\framework\\src\\Illuminate\\Database\\Eloquent\\Builder.php(872): Illuminate\\Database\\Query\\Builder->get()
#15 C:\\Users\\baxxe\\Documents\\Web2\\Stage\\mindful-journey-ui\\backend\\mindful-journey-back\\vendor\\laravel\\framework\\src\\Illuminate\\Database\\Eloquent\\Builder.php(854): Illuminate\\Database\\Eloquent\\Builder->getModels()
#16 C:\\Users\\baxxe\\Documents\\Web2\\Stage\\mindful-journey-ui\\backend\\mindful-journey-back\\vendor\\laravel\\framework\\src\\Illuminate\\Database\\Concerns\\BuildsQueries.php(366): Illuminate\\Database\\Eloquent\\Builder->get()
#17 C:\\Users\\baxxe\\Documents\\Web2\\Stage\\mindful-journey-ui\\backend\\mindful-journey-back\\app\\Http\\Controllers\\Api\\AuthController.php(53): Illuminate\\Database\\Eloquent\\Builder->first()
#18 C:\\Users\\baxxe\\Documents\\Web2\\Stage\\mindful-journey-ui\\backend\\mindful-journey-back\\vendor\\laravel\\framework\\src\\Illuminate\\Routing\\ControllerDispatcher.php(46): App\\Http\\Controllers\\Api\\AuthController->login()
#19 C:\\Users\\baxxe\\Documents\\Web2\\Stage\\mindful-journey-ui\\backend\\mindful-journey-back\\vendor\\laravel\\framework\\src\\Illuminate\\Routing\\Route.php(265): Illuminate\\Routing\\ControllerDispatcher->dispatch()
#20 C:\\Users\\baxxe\\Documents\\Web2\\Stage\\mindful-journey-ui\\backend\\mindful-journey-back\\vendor\\laravel\\framework\\src\\Illuminate\\Routing\\Route.php(211): Illuminate\\Routing\\Route->runController()
#21 C:\\Users\\baxxe\\Documents\\Web2\\Stage\\mindful-journey-ui\\backend\\mindful-journey-back\\vendor\\laravel\\framework\\src\\Illuminate\\Routing\\Router.php(808): Illuminate\\Routing\\Route->run()
#22 C:\\Users\\baxxe\\Documents\\Web2\\Stage\\mindful-journey-ui\\backend\\mindful-journey-back\\vendor\\laravel\\framework\\src\\Illuminate\\Pipeline\\Pipeline.php(169): Illuminate\\Routing\\Router->{closure:Illuminate\\Routing\\Router::runRouteWithinStack():807}()
#23 C:\\Users\\baxxe\\Documents\\Web2\\Stage\\mindful-journey-ui\\backend\\mindful-journey-back\\vendor\\laravel\\framework\\src\\Illuminate\\Routing\\Middleware\\SubstituteBindings.php(50): Illuminate\\Pipeline\\Pipeline->{closure:Illuminate\\Pipeline\\Pipeline::prepareDestination():167}()
#24 C:\\Users\\baxxe\\Documents\\Web2\\Stage\\mindful-journey-ui\\backend\\mindful-journey-back\\vendor\\laravel\\framework\\src\\Illuminate\\Pipeline\\Pipeline.php(208): Illuminate\\Routing\\Middleware\\SubstituteBindings->handle()
#25 C:\\Users\\baxxe\\Documents\\Web2\\Stage\\mindful-journey-ui\\backend\\mindful-journey-back\\vendor\\laravel\\framework\\src\\Illuminate\\Pipeline\\Pipeline.php(126): Illuminate\\Pipeline\\Pipeline->{closure:{closure:Illuminate\\Pipeline\\Pipeline::carry():183}:184}()
#26 C:\\Users\\baxxe\\Documents\\Web2\\Stage\\mindful-journey-ui\\backend\\mindful-journey-back\\vendor\\laravel\\framework\\src\\Illuminate\\Routing\\Router.php(807): Illuminate\\Pipeline\\Pipeline->then()
#27 C:\\Users\\baxxe\\Documents\\Web2\\Stage\\mindful-journey-ui\\backend\\mindful-journey-back\\vendor\\laravel\\framework\\src\\Illuminate\\Routing\\Router.php(786): Illuminate\\Routing\\Router->runRouteWithinStack()
#28 C:\\Users\\baxxe\\Documents\\Web2\\Stage\\mindful-journey-ui\\backend\\mindful-journey-back\\vendor\\laravel\\framework\\src\\Illuminate\\Routing\\Router.php(750): Illuminate\\Routing\\Router->runRoute()
#29 C:\\Users\\baxxe\\Documents\\Web2\\Stage\\mindful-journey-ui\\backend\\mindful-journey-back\\vendor\\laravel\\framework\\src\\Illuminate\\Routing\\Router.php(739): Illuminate\\Routing\\Router->dispatchToRoute()
#30 C:\\Users\\baxxe\\Documents\\Web2\\Stage\\mindful-journey-ui\\backend\\mindful-journey-back\\vendor\\laravel\\framework\\src\\Illuminate\\Foundation\\Http\\Kernel.php(200): Illuminate\\Routing\\Router->dispatch()
#31 C:\\Users\\baxxe\\Documents\\Web2\\Stage\\mindful-journey-ui\\backend\\mindful-journey-back\\vendor\\laravel\\framework\\src\\Illuminate\\Pipeline\\Pipeline.php(169): Illuminate\\Foundation\\Http\\Kernel->{closure:Illuminate\\Foundation\\Http\\Kernel::dispatchToRouter():197}()
#32 C:\\Users\\baxxe\\Documents\\Web2\\Stage\\mindful-journey-ui\\backend\\mindful-journey-back\\vendor\\laravel\\framework\\src\\Illuminate\\Foundation\\Http\\Middleware\\TransformsRequest.php(21): Illuminate\\Pipeline\\Pipeline->{closure:Illuminate\\Pipeline\\Pipeline::prepareDestination():167}()
#33 C:\\Users\\baxxe\\Documents\\Web2\\Stage\\mindful-journey-ui\\backend\\mindful-journey-back\\vendor\\laravel\\framework\\src\\Illuminate\\Foundation\\Http\\Middleware\\ConvertEmptyStringsToNull.php(31): Illuminate\\Foundation\\Http\\Middleware\\TransformsRequest->handle()
#34 C:\\Users\\baxxe\\Documents\\Web2\\Stage\\mindful-journey-ui\\backend\\mindful-journey-back\\vendor\\laravel\\framework\\src\\Illuminate\\Pipeline\\Pipeline.php(208): Illuminate\\Foundation\\Http\\Middleware\\ConvertEmptyStringsToNull->handle()
#35 C:\\Users\\baxxe\\Documents\\Web2\\Stage\\mindful-journey-ui\\backend\\mindful-journey-back\\vendor\\laravel\\framework\\src\\Illuminate\\Foundation\\Http\\Middleware\\TransformsRequest.php(21): Illuminate\\Pipeline\\Pipeline->{closure:{closure:Illuminate\\Pipeline\\Pipeline::carry():183}:184}()
#36 C:\\Users\\baxxe\\Documents\\Web2\\Stage\\mindful-journey-ui\\backend\\mindful-journey-back\\vendor\\laravel\\framework\\src\\Illuminate\\Foundation\\Http\\Middleware\\TrimStrings.php(51): Illuminate\\Foundation\\Http\\Middleware\\TransformsRequest->handle()
#37 C:\\Users\\baxxe\\Documents\\Web2\\Stage\\mindful-journey-ui\\backend\\mindful-journey-back\\vendor\\laravel\\framework\\src\\Illuminate\\Pipeline\\Pipeline.php(208): Illuminate\\Foundation\\Http\\Middleware\\TrimStrings->handle()
#38 C:\\Users\\baxxe\\Documents\\Web2\\Stage\\mindful-journey-ui\\backend\\mindful-journey-back\\vendor\\laravel\\framework\\src\\Illuminate\\Http\\Middleware\\ValidatePostSize.php(27): Illuminate\\Pipeline\\Pipeline->{closure:{closure:Illuminate\\Pipeline\\Pipeline::carry():183}:184}()
#39 C:\\Users\\baxxe\\Documents\\Web2\\Stage\\mindful-journey-ui\\backend\\mindful-journey-back\\vendor\\laravel\\framework\\src\\Illuminate\\Pipeline\\Pipeline.php(208): Illuminate\\Http\\Middleware\\ValidatePostSize->handle()
#40 C:\\Users\\baxxe\\Documents\\Web2\\Stage\\mindful-journey-ui\\backend\\mindful-journey-back\\vendor\\laravel\\framework\\src\\Illuminate\\Foundation\\Http\\Middleware\\PreventRequestsDuringMaintenance.php(109): Illuminate\\Pipeline\\Pipeline->{closure:{closure:Illuminate\\Pipeline\\Pipeline::carry():183}:184}()
#41 C:\\Users\\baxxe\\Documents\\Web2\\Stage\\mindful-journey-ui\\backend\\mindful-journey-back\\vendor\\laravel\\framework\\src\\Illuminate\\Pipeline\\Pipeline.php(208): Illuminate\\Foundation\\Http\\Middleware\\PreventRequestsDuringMaintenance->handle()
#42 C:\\Users\\baxxe\\Documents\\Web2\\Stage\\mindful-journey-ui\\backend\\mindful-journey-back\\vendor\\laravel\\framework\\src\\Illuminate\\Http\\Middleware\\HandleCors.php(61): Illuminate\\Pipeline\\Pipeline->{closure:{closure:Illuminate\\Pipeline\\Pipeline::carry():183}:184}()
#43 C:\\Users\\baxxe\\Documents\\Web2\\Stage\\mindful-journey-ui\\backend\\mindful-journey-back\\vendor\\laravel\\framework\\src\\Illuminate\\Pipeline\\Pipeline.php(208): Illuminate\\Http\\Middleware\\HandleCors->handle()
#44 C:\\Users\\baxxe\\Documents\\Web2\\Stage\\mindful-journey-ui\\backend\\mindful-journey-back\\vendor\\laravel\\framework\\src\\Illuminate\\Http\\Middleware\\TrustProxies.php(58): Illuminate\\Pipeline\\Pipeline->{closure:{closure:Illuminate\\Pipeline\\Pipeline::carry():183}:184}()
#45 C:\\Users\\baxxe\\Documents\\Web2\\Stage\\mindful-journey-ui\\backend\\mindful-journey-back\\vendor\\laravel\\framework\\src\\Illuminate\\Pipeline\\Pipeline.php(208): Illuminate\\Http\\Middleware\\TrustProxies->handle()
#46 C:\\Users\\baxxe\\Documents\\Web2\\Stage\\mindful-journey-ui\\backend\\mindful-journey-back\\vendor\\laravel\\framework\\src\\Illuminate\\Foundation\\Http\\Middleware\\InvokeDeferredCallbacks.php(22): Illuminate\\Pipeline\\Pipeline->{closure:{closure:Illuminate\\Pipeline\\Pipeline::carry():183}:184}()
#47 C:\\Users\\baxxe\\Documents\\Web2\\Stage\\mindful-journey-ui\\backend\\mindful-journey-back\\vendor\\laravel\\framework\\src\\Illuminate\\Pipeline\\Pipeline.php(208): Illuminate\\Foundation\\Http\\Middleware\\InvokeDeferredCallbacks->handle()
#48 C:\\Users\\baxxe\\Documents\\Web2\\Stage\\mindful-journey-ui\\backend\\mindful-journey-back\\vendor\\laravel\\framework\\src\\Illuminate\\Http\\Middleware\\ValidatePathEncoding.php(26): Illuminate\\Pipeline\\Pipeline->{closure:{closure:Illuminate\\Pipeline\\Pipeline::carry():183}:184}()
#49 C:\\Users\\baxxe\\Documents\\Web2\\Stage\\mindful-journey-ui\\backend\\mindful-journey-back\\vendor\\laravel\\framework\\src\\Illuminate\\Pipeline\\Pipeline.php(208): Illuminate\\Http\\Middleware\\ValidatePathEncoding->handle()
#50 C:\\Users\\baxxe\\Documents\\Web2\\Stage\\mindful-journey-ui\\backend\\mindful-journey-back\\vendor\\laravel\\framework\\src\\Illuminate\\Pipeline\\Pipeline.php(126): Illuminate\\Pipeline\\Pipeline->{closure:{closure:Illuminate\\Pipeline\\Pipeline::carry():183}:184}()
#51 C:\\Users\\baxxe\\Documents\\Web2\\Stage\\mindful-journey-ui\\backend\\mindful-journey-back\\vendor\\laravel\\framework\\src\\Illuminate\\Foundation\\Http\\Kernel.php(175): Illuminate\\Pipeline\\Pipeline->then()
#52 C:\\Users\\baxxe\\Documents\\Web2\\Stage\\mindful-journey-ui\\backend\\mindful-journey-back\\vendor\\laravel\\framework\\src\\Illuminate\\Foundation\\Http\\Kernel.php(144): Illuminate\\Foundation\\Http\\Kernel->sendRequestThroughRouter()
#53 C:\\Users\\baxxe\\Documents\\Web2\\Stage\\mindful-journey-ui\\backend\\mindful-journey-back\\vendor\\laravel\\framework\\src\\Illuminate\\Foundation\\Application.php(1219): Illuminate\\Foundation\\Http\\Kernel->handle()
#54 C:\\Users\\baxxe\\Documents\\Web2\\Stage\\mindful-journey-ui\\backend\\mindful-journey-back\\public\\index.php(20): Illuminate\\Foundation\\Application->handleRequest()
#55 C:\\Users\\baxxe\\Documents\\Web2\\Stage\\mindful-journey-ui\\backend\\mindful-journey-back\\vendor\\laravel\\framework\\src\\Illuminate\\Foundation\\resources\\server.php(23): require_once('...')
#56 {main}
"} 
[2025-08-14 09:52:14] production.ERROR: No application encryption key has been specified. {"exception":"[object] (Illuminate\\Encryption\\MissingAppKeyException(code: 0): No application encryption key has been specified. at C:\\Users\\baxxe\\Documents\\Web2\\Stage\\mindful-journey-ui\\backend\\mindful-journey-back\\vendor\\laravel\\framework\\src\\Illuminate\\Encryption\\EncryptionServiceProvider.php:83)
[stacktrace]
#0 C:\\Users\\baxxe\\Documents\\Web2\\Stage\\mindful-journey-ui\\backend\\mindful-journey-back\\vendor\\laravel\\framework\\src\\Illuminate\\Support\\helpers.php(399): Illuminate\\Encryption\\EncryptionServiceProvider->{closure:Illuminate\\Encryption\\EncryptionServiceProvider::key():81}()
#1 C:\\Users\\baxxe\\Documents\\Web2\\Stage\\mindful-journey-ui\\backend\\mindful-journey-back\\vendor\\laravel\\framework\\src\\Illuminate\\Encryption\\EncryptionServiceProvider.php(81): tap()
#2 C:\\Users\\baxxe\\Documents\\Web2\\Stage\\mindful-journey-ui\\backend\\mindful-journey-back\\vendor\\laravel\\framework\\src\\Illuminate\\Encryption\\EncryptionServiceProvider.php(64): Illuminate\\Encryption\\EncryptionServiceProvider->key()
#3 C:\\Users\\baxxe\\Documents\\Web2\\Stage\\mindful-journey-ui\\backend\\mindful-journey-back\\vendor\\laravel\\framework\\src\\Illuminate\\Encryption\\EncryptionServiceProvider.php(32): Illuminate\\Encryption\\EncryptionServiceProvider->parseKey()
#4 C:\\Users\\baxxe\\Documents\\Web2\\Stage\\mindful-journey-ui\\backend\\mindful-journey-back\\vendor\\laravel\\framework\\src\\Illuminate\\Container\\Container.php(1036): Illuminate\\Encryption\\EncryptionServiceProvider->{closure:Illuminate\\Encryption\\EncryptionServiceProvider::registerEncrypter():29}()
#5 C:\\Users\\baxxe\\Documents\\Web2\\Stage\\mindful-journey-ui\\backend\\mindful-journey-back\\vendor\\laravel\\framework\\src\\Illuminate\\Container\\Container.php(916): Illuminate\\Container\\Container->build()
#6 C:\\Users\\baxxe\\Documents\\Web2\\Stage\\mindful-journey-ui\\backend\\mindful-journey-back\\vendor\\laravel\\framework\\src\\Illuminate\\Foundation\\Application.php(1077): Illuminate\\Container\\Container->resolve()
#7 C:\\Users\\baxxe\\Documents\\Web2\\Stage\\mindful-journey-ui\\backend\\mindful-journey-back\\vendor\\laravel\\framework\\src\\Illuminate\\Container\\Container.php(847): Illuminate\\Foundation\\Application->resolve()
#8 C:\\Users\\baxxe\\Documents\\Web2\\Stage\\mindful-journey-ui\\backend\\mindful-journey-back\\vendor\\laravel\\framework\\src\\Illuminate\\Foundation\\Application.php(1057): Illuminate\\Container\\Container->make()
#9 C:\\Users\\baxxe\\Documents\\Web2\\Stage\\mindful-journey-ui\\backend\\mindful-journey-back\\vendor\\laravel\\framework\\src\\Illuminate\\Container\\Container.php(1228): Illuminate\\Foundation\\Application->make()
#10 C:\\Users\\baxxe\\Documents\\Web2\\Stage\\mindful-journey-ui\\backend\\mindful-journey-back\\vendor\\laravel\\framework\\src\\Illuminate\\Container\\Container.php(1127): Illuminate\\Container\\Container->resolveClass()
#11 C:\\Users\\baxxe\\Documents\\Web2\\Stage\\mindful-journey-ui\\backend\\mindful-journey-back\\vendor\\laravel\\framework\\src\\Illuminate\\Container\\Container.php(1078): Illuminate\\Container\\Container->resolveDependencies()
#12 C:\\Users\\baxxe\\Documents\\Web2\\Stage\\mindful-journey-ui\\backend\\mindful-journey-back\\vendor\\laravel\\framework\\src\\Illuminate\\Container\\Container.php(916): Illuminate\\Container\\Container->build()
#13 C:\\Users\\baxxe\\Documents\\Web2\\Stage\\mindful-journey-ui\\backend\\mindful-journey-back\\vendor\\laravel\\framework\\src\\Illuminate\\Foundation\\Application.php(1077): Illuminate\\Container\\Container->resolve()
#14 C:\\Users\\baxxe\\Documents\\Web2\\Stage\\mindful-journey-ui\\backend\\mindful-journey-back\\vendor\\laravel\\framework\\src\\Illuminate\\Container\\Container.php(847): Illuminate\\Foundation\\Application->resolve()
#15 C:\\Users\\baxxe\\Documents\\Web2\\Stage\\mindful-journey-ui\\backend\\mindful-journey-back\\vendor\\laravel\\framework\\src\\Illuminate\\Foundation\\Application.php(1057): Illuminate\\Container\\Container->make()
#16 C:\\Users\\baxxe\\Documents\\Web2\\Stage\\mindful-journey-ui\\backend\\mindful-journey-back\\vendor\\laravel\\framework\\src\\Illuminate\\Pipeline\\Pipeline.php(197): Illuminate\\Foundation\\Application->make()
#17 C:\\Users\\baxxe\\Documents\\Web2\\Stage\\mindful-journey-ui\\backend\\mindful-journey-back\\vendor\\laravel\\framework\\src\\Illuminate\\Pipeline\\Pipeline.php(126): Illuminate\\Pipeline\\Pipeline->{closure:{closure:Illuminate\\Pipeline\\Pipeline::carry():183}:184}()
#18 C:\\Users\\baxxe\\Documents\\Web2\\Stage\\mindful-journey-ui\\backend\\mindful-journey-back\\vendor\\laravel\\framework\\src\\Illuminate\\Routing\\Router.php(807): Illuminate\\Pipeline\\Pipeline->then()
#19 C:\\Users\\baxxe\\Documents\\Web2\\Stage\\mindful-journey-ui\\backend\\mindful-journey-back\\vendor\\laravel\\framework\\src\\Illuminate\\Routing\\Router.php(786): Illuminate\\Routing\\Router->runRouteWithinStack()
#20 C:\\Users\\baxxe\\Documents\\Web2\\Stage\\mindful-journey-ui\\backend\\mindful-journey-back\\vendor\\laravel\\framework\\src\\Illuminate\\Routing\\Router.php(750): Illuminate\\Routing\\Router->runRoute()
#21 C:\\Users\\baxxe\\Documents\\Web2\\Stage\\mindful-journey-ui\\backend\\mindful-journey-back\\vendor\\laravel\\framework\\src\\Illuminate\\Routing\\Router.php(739): Illuminate\\Routing\\Router->dispatchToRoute()
#22 C:\\Users\\baxxe\\Documents\\Web2\\Stage\\mindful-journey-ui\\backend\\mindful-journey-back\\vendor\\laravel\\framework\\src\\Illuminate\\Foundation\\Http\\Kernel.php(200): Illuminate\\Routing\\Router->dispatch()
#23 C:\\Users\\baxxe\\Documents\\Web2\\Stage\\mindful-journey-ui\\backend\\mindful-journey-back\\vendor\\laravel\\framework\\src\\Illuminate\\Pipeline\\Pipeline.php(169): Illuminate\\Foundation\\Http\\Kernel->{closure:Illuminate\\Foundation\\Http\\Kernel::dispatchToRouter():197}()
#24 C:\\Users\\baxxe\\Documents\\Web2\\Stage\\mindful-journey-ui\\backend\\mindful-journey-back\\vendor\\laravel\\framework\\src\\Illuminate\\Foundation\\Http\\Middleware\\TransformsRequest.php(21): Illuminate\\Pipeline\\Pipeline->{closure:Illuminate\\Pipeline\\Pipeline::prepareDestination():167}()
#25 C:\\Users\\baxxe\\Documents\\Web2\\Stage\\mindful-journey-ui\\backend\\mindful-journey-back\\vendor\\laravel\\framework\\src\\Illuminate\\Foundation\\Http\\Middleware\\ConvertEmptyStringsToNull.php(31): Illuminate\\Foundation\\Http\\Middleware\\TransformsRequest->handle()
#26 C:\\Users\\baxxe\\Documents\\Web2\\Stage\\mindful-journey-ui\\backend\\mindful-journey-back\\vendor\\laravel\\framework\\src\\Illuminate\\Pipeline\\Pipeline.php(208): Illuminate\\Foundation\\Http\\Middleware\\ConvertEmptyStringsToNull->handle()
#27 C:\\Users\\baxxe\\Documents\\Web2\\Stage\\mindful-journey-ui\\backend\\mindful-journey-back\\vendor\\laravel\\framework\\src\\Illuminate\\Foundation\\Http\\Middleware\\TransformsRequest.php(21): Illuminate\\Pipeline\\Pipeline->{closure:{closure:Illuminate\\Pipeline\\Pipeline::carry():183}:184}()
#28 C:\\Users\\baxxe\\Documents\\Web2\\Stage\\mindful-journey-ui\\backend\\mindful-journey-back\\vendor\\laravel\\framework\\src\\Illuminate\\Foundation\\Http\\Middleware\\TrimStrings.php(51): Illuminate\\Foundation\\Http\\Middleware\\TransformsRequest->handle()
#29 C:\\Users\\baxxe\\Documents\\Web2\\Stage\\mindful-journey-ui\\backend\\mindful-journey-back\\vendor\\laravel\\framework\\src\\Illuminate\\Pipeline\\Pipeline.php(208): Illuminate\\Foundation\\Http\\Middleware\\TrimStrings->handle()
#30 C:\\Users\\baxxe\\Documents\\Web2\\Stage\\mindful-journey-ui\\backend\\mindful-journey-back\\vendor\\laravel\\framework\\src\\Illuminate\\Http\\Middleware\\ValidatePostSize.php(27): Illuminate\\Pipeline\\Pipeline->{closure:{closure:Illuminate\\Pipeline\\Pipeline::carry():183}:184}()
#31 C:\\Users\\baxxe\\Documents\\Web2\\Stage\\mindful-journey-ui\\backend\\mindful-journey-back\\vendor\\laravel\\framework\\src\\Illuminate\\Pipeline\\Pipeline.php(208): Illuminate\\Http\\Middleware\\ValidatePostSize->handle()
#32 C:\\Users\\baxxe\\Documents\\Web2\\Stage\\mindful-journey-ui\\backend\\mindful-journey-back\\vendor\\laravel\\framework\\src\\Illuminate\\Foundation\\Http\\Middleware\\PreventRequestsDuringMaintenance.php(109): Illuminate\\Pipeline\\Pipeline->{closure:{closure:Illuminate\\Pipeline\\Pipeline::carry():183}:184}()
#33 C:\\Users\\baxxe\\Documents\\Web2\\Stage\\mindful-journey-ui\\backend\\mindful-journey-back\\vendor\\laravel\\framework\\src\\Illuminate\\Pipeline\\Pipeline.php(208): Illuminate\\Foundation\\Http\\Middleware\\PreventRequestsDuringMaintenance->handle()
#34 C:\\Users\\baxxe\\Documents\\Web2\\Stage\\mindful-journey-ui\\backend\\mindful-journey-back\\vendor\\laravel\\framework\\src\\Illuminate\\Http\\Middleware\\HandleCors.php(61): Illuminate\\Pipeline\\Pipeline->{closure:{closure:Illuminate\\Pipeline\\Pipeline::carry():183}:184}()
#35 C:\\Users\\baxxe\\Documents\\Web2\\Stage\\mindful-journey-ui\\backend\\mindful-journey-back\\vendor\\laravel\\framework\\src\\Illuminate\\Pipeline\\Pipeline.php(208): Illuminate\\Http\\Middleware\\HandleCors->handle()
#36 C:\\Users\\baxxe\\Documents\\Web2\\Stage\\mindful-journey-ui\\backend\\mindful-journey-back\\vendor\\laravel\\framework\\src\\Illuminate\\Http\\Middleware\\TrustProxies.php(58): Illuminate\\Pipeline\\Pipeline->{closure:{closure:Illuminate\\Pipeline\\Pipeline::carry():183}:184}()
#37 C:\\Users\\baxxe\\Documents\\Web2\\Stage\\mindful-journey-ui\\backend\\mindful-journey-back\\vendor\\laravel\\framework\\src\\Illuminate\\Pipeline\\Pipeline.php(208): Illuminate\\Http\\Middleware\\TrustProxies->handle()
#38 C:\\Users\\baxxe\\Documents\\Web2\\Stage\\mindful-journey-ui\\backend\\mindful-journey-back\\vendor\\laravel\\framework\\src\\Illuminate\\Foundation\\Http\\Middleware\\InvokeDeferredCallbacks.php(22): Illuminate\\Pipeline\\Pipeline->{closure:{closure:Illuminate\\Pipeline\\Pipeline::carry():183}:184}()
#39 C:\\Users\\baxxe\\Documents\\Web2\\Stage\\mindful-journey-ui\\backend\\mindful-journey-back\\vendor\\laravel\\framework\\src\\Illuminate\\Pipeline\\Pipeline.php(208): Illuminate\\Foundation\\Http\\Middleware\\InvokeDeferredCallbacks->handle()
#40 C:\\Users\\baxxe\\Documents\\Web2\\Stage\\mindful-journey-ui\\backend\\mindful-journey-back\\vendor\\laravel\\framework\\src\\Illuminate\\Http\\Middleware\\ValidatePathEncoding.php(26): Illuminate\\Pipeline\\Pipeline->{closure:{closure:Illuminate\\Pipeline\\Pipeline::carry():183}:184}()
#41 C:\\Users\\baxxe\\Documents\\Web2\\Stage\\mindful-journey-ui\\backend\\mindful-journey-back\\vendor\\laravel\\framework\\src\\Illuminate\\Pipeline\\Pipeline.php(208): Illuminate\\Http\\Middleware\\ValidatePathEncoding->handle()
#42 C:\\Users\\baxxe\\Documents\\Web2\\Stage\\mindful-journey-ui\\backend\\mindful-journey-back\\vendor\\laravel\\framework\\src\\Illuminate\\Pipeline\\Pipeline.php(126): Illuminate\\Pipeline\\Pipeline->{closure:{closure:Illuminate\\Pipeline\\Pipeline::carry():183}:184}()
#43 C:\\Users\\baxxe\\Documents\\Web2\\Stage\\mindful-journey-ui\\backend\\mindful-journey-back\\vendor\\laravel\\framework\\src\\Illuminate\\Foundation\\Http\\Kernel.php(175): Illuminate\\Pipeline\\Pipeline->then()
#44 C:\\Users\\baxxe\\Documents\\Web2\\Stage\\mindful-journey-ui\\backend\\mindful-journey-back\\vendor\\laravel\\framework\\src\\Illuminate\\Foundation\\Http\\Kernel.php(144): Illuminate\\Foundation\\Http\\Kernel->sendRequestThroughRouter()
#45 C:\\Users\\baxxe\\Documents\\Web2\\Stage\\mindful-journey-ui\\backend\\mindful-journey-back\\vendor\\laravel\\framework\\src\\Illuminate\\Foundation\\Application.php(1219): Illuminate\\Foundation\\Http\\Kernel->handle()
#46 C:\\Users\\baxxe\\Documents\\Web2\\Stage\\mindful-journey-ui\\backend\\mindful-journey-back\\public\\index.php(20): Illuminate\\Foundation\\Application->handleRequest()
#47 C:\\Users\\baxxe\\Documents\\Web2\\Stage\\mindful-journey-ui\\backend\\mindful-journey-back\\vendor\\laravel\\framework\\src\\Illuminate\\Foundation\\resources\\server.php(23): require_once('...')
#48 {main}
"} 
[2025-08-14 09:52:14] production.ERROR: No application encryption key has been specified. {"exception":"[object] (Illuminate\\Encryption\\MissingAppKeyException(code: 0): No application encryption key has been specified. at C:\\Users\\baxxe\\Documents\\Web2\\Stage\\mindful-journey-ui\\backend\\mindful-journey-back\\vendor\\laravel\\framework\\src\\Illuminate\\Encryption\\EncryptionServiceProvider.php:83)
[stacktrace]
#0 C:\\Users\\baxxe\\Documents\\Web2\\Stage\\mindful-journey-ui\\backend\\mindful-journey-back\\vendor\\laravel\\framework\\src\\Illuminate\\Support\\helpers.php(399): Illuminate\\Encryption\\EncryptionServiceProvider->{closure:Illuminate\\Encryption\\EncryptionServiceProvider::key():81}()
#1 C:\\Users\\baxxe\\Documents\\Web2\\Stage\\mindful-journey-ui\\backend\\mindful-journey-back\\vendor\\laravel\\framework\\src\\Illuminate\\Encryption\\EncryptionServiceProvider.php(81): tap()
#2 C:\\Users\\baxxe\\Documents\\Web2\\Stage\\mindful-journey-ui\\backend\\mindful-journey-back\\vendor\\laravel\\framework\\src\\Illuminate\\Encryption\\EncryptionServiceProvider.php(64): Illuminate\\Encryption\\EncryptionServiceProvider->key()
#3 C:\\Users\\baxxe\\Documents\\Web2\\Stage\\mindful-journey-ui\\backend\\mindful-journey-back\\vendor\\laravel\\framework\\src\\Illuminate\\Encryption\\EncryptionServiceProvider.php(32): Illuminate\\Encryption\\EncryptionServiceProvider->parseKey()
#4 C:\\Users\\baxxe\\Documents\\Web2\\Stage\\mindful-journey-ui\\backend\\mindful-journey-back\\vendor\\laravel\\framework\\src\\Illuminate\\Container\\Container.php(1036): Illuminate\\Encryption\\EncryptionServiceProvider->{closure:Illuminate\\Encryption\\EncryptionServiceProvider::registerEncrypter():29}()
#5 C:\\Users\\baxxe\\Documents\\Web2\\Stage\\mindful-journey-ui\\backend\\mindful-journey-back\\vendor\\laravel\\framework\\src\\Illuminate\\Container\\Container.php(916): Illuminate\\Container\\Container->build()
#6 C:\\Users\\baxxe\\Documents\\Web2\\Stage\\mindful-journey-ui\\backend\\mindful-journey-back\\vendor\\laravel\\framework\\src\\Illuminate\\Foundation\\Application.php(1077): Illuminate\\Container\\Container->resolve()
#7 C:\\Users\\baxxe\\Documents\\Web2\\Stage\\mindful-journey-ui\\backend\\mindful-journey-back\\vendor\\laravel\\framework\\src\\Illuminate\\Container\\Container.php(847): Illuminate\\Foundation\\Application->resolve()
#8 C:\\Users\\baxxe\\Documents\\Web2\\Stage\\mindful-journey-ui\\backend\\mindful-journey-back\\vendor\\laravel\\framework\\src\\Illuminate\\Foundation\\Application.php(1057): Illuminate\\Container\\Container->make()
#9 C:\\Users\\baxxe\\Documents\\Web2\\Stage\\mindful-journey-ui\\backend\\mindful-journey-back\\vendor\\laravel\\framework\\src\\Illuminate\\Container\\Container.php(1228): Illuminate\\Foundation\\Application->make()
#10 C:\\Users\\baxxe\\Documents\\Web2\\Stage\\mindful-journey-ui\\backend\\mindful-journey-back\\vendor\\laravel\\framework\\src\\Illuminate\\Container\\Container.php(1127): Illuminate\\Container\\Container->resolveClass()
#11 C:\\Users\\baxxe\\Documents\\Web2\\Stage\\mindful-journey-ui\\backend\\mindful-journey-back\\vendor\\laravel\\framework\\src\\Illuminate\\Container\\Container.php(1078): Illuminate\\Container\\Container->resolveDependencies()
#12 C:\\Users\\baxxe\\Documents\\Web2\\Stage\\mindful-journey-ui\\backend\\mindful-journey-back\\vendor\\laravel\\framework\\src\\Illuminate\\Container\\Container.php(916): Illuminate\\Container\\Container->build()
#13 C:\\Users\\baxxe\\Documents\\Web2\\Stage\\mindful-journey-ui\\backend\\mindful-journey-back\\vendor\\laravel\\framework\\src\\Illuminate\\Foundation\\Application.php(1077): Illuminate\\Container\\Container->resolve()
#14 C:\\Users\\baxxe\\Documents\\Web2\\Stage\\mindful-journey-ui\\backend\\mindful-journey-back\\vendor\\laravel\\framework\\src\\Illuminate\\Container\\Container.php(847): Illuminate\\Foundation\\Application->resolve()
#15 C:\\Users\\baxxe\\Documents\\Web2\\Stage\\mindful-journey-ui\\backend\\mindful-journey-back\\vendor\\laravel\\framework\\src\\Illuminate\\Foundation\\Application.php(1057): Illuminate\\Container\\Container->make()
#16 C:\\Users\\baxxe\\Documents\\Web2\\Stage\\mindful-journey-ui\\backend\\mindful-journey-back\\vendor\\laravel\\framework\\src\\Illuminate\\Foundation\\Http\\Kernel.php(257): Illuminate\\Foundation\\Application->make()
#17 C:\\Users\\baxxe\\Documents\\Web2\\Stage\\mindful-journey-ui\\backend\\mindful-journey-back\\vendor\\laravel\\framework\\src\\Illuminate\\Foundation\\Http\\Kernel.php(215): Illuminate\\Foundation\\Http\\Kernel->terminateMiddleware()
#18 C:\\Users\\baxxe\\Documents\\Web2\\Stage\\mindful-journey-ui\\backend\\mindful-journey-back\\vendor\\laravel\\framework\\src\\Illuminate\\Foundation\\Application.php(1221): Illuminate\\Foundation\\Http\\Kernel->terminate()
#19 C:\\Users\\baxxe\\Documents\\Web2\\Stage\\mindful-journey-ui\\backend\\mindful-journey-back\\public\\index.php(20): Illuminate\\Foundation\\Application->handleRequest()
#20 C:\\Users\\baxxe\\Documents\\Web2\\Stage\\mindful-journey-ui\\backend\\mindful-journey-back\\vendor\\laravel\\framework\\src\\Illuminate\\Foundation\\resources\\server.php(23): require_once('...')
#21 {main}
"} 
[2025-08-14 09:52:14] production.ERROR: Database file at path [C:\Users\baxxe\Documents\Web2\Stage\mindful-journey-ui\backend\mindful-journey-back\database\database.sqlite] does not exist. Ensure this is an absolute path to the database. (Connection: sqlite, SQL: select * from "users" where "email" = bax@gmail.com limit 1) {"exception":"[object] (Illuminate\\Database\\QueryException(code: 0): Database file at path [C:\\Users\\baxxe\\Documents\\Web2\\Stage\\mindful-journey-ui\\backend\\mindful-journey-back\\database\\database.sqlite] does not exist. Ensure this is an absolute path to the database. (Connection: sqlite, SQL: select * from \"users\" where \"email\" = bax@gmail.com limit 1) at C:\\Users\\baxxe\\Documents\\Web2\\Stage\\mindful-journey-ui\\backend\\mindful-journey-back\\vendor\\laravel\\framework\\src\\Illuminate\\Database\\Connection.php:824)
[stacktrace]
#0 C:\\Users\\baxxe\\Documents\\Web2\\Stage\\mindful-journey-ui\\backend\\mindful-journey-back\\vendor\\laravel\\framework\\src\\Illuminate\\Database\\Connection.php(778): Illuminate\\Database\\Connection->runQueryCallback()
#1 C:\\Users\\baxxe\\Documents\\Web2\\Stage\\mindful-journey-ui\\backend\\mindful-journey-back\\vendor\\laravel\\framework\\src\\Illuminate\\Database\\Connection.php(397): Illuminate\\Database\\Connection->run()
#2 C:\\Users\\baxxe\\Documents\\Web2\\Stage\\mindful-journey-ui\\backend\\mindful-journey-back\\vendor\\laravel\\framework\\src\\Illuminate\\Database\\Query\\Builder.php(3188): Illuminate\\Database\\Connection->select()
#3 C:\\Users\\baxxe\\Documents\\Web2\\Stage\\mindful-journey-ui\\backend\\mindful-journey-back\\vendor\\laravel\\framework\\src\\Illuminate\\Database\\Query\\Builder.php(3173): Illuminate\\Database\\Query\\Builder->runSelect()
#4 C:\\Users\\baxxe\\Documents\\Web2\\Stage\\mindful-journey-ui\\backend\\mindful-journey-back\\vendor\\laravel\\framework\\src\\Illuminate\\Database\\Query\\Builder.php(3763): Illuminate\\Database\\Query\\Builder->{closure:Illuminate\\Database\\Query\\Builder::get():3172}()
#5 C:\\Users\\baxxe\\Documents\\Web2\\Stage\\mindful-journey-ui\\backend\\mindful-journey-back\\vendor\\laravel\\framework\\src\\Illuminate\\Database\\Query\\Builder.php(3172): Illuminate\\Database\\Query\\Builder->onceWithColumns()
#6 C:\\Users\\baxxe\\Documents\\Web2\\Stage\\mindful-journey-ui\\backend\\mindful-journey-back\\vendor\\laravel\\framework\\src\\Illuminate\\Database\\Eloquent\\Builder.php(872): Illuminate\\Database\\Query\\Builder->get()
#7 C:\\Users\\baxxe\\Documents\\Web2\\Stage\\mindful-journey-ui\\backend\\mindful-journey-back\\vendor\\laravel\\framework\\src\\Illuminate\\Database\\Eloquent\\Builder.php(854): Illuminate\\Database\\Eloquent\\Builder->getModels()
#8 C:\\Users\\baxxe\\Documents\\Web2\\Stage\\mindful-journey-ui\\backend\\mindful-journey-back\\vendor\\laravel\\framework\\src\\Illuminate\\Database\\Concerns\\BuildsQueries.php(366): Illuminate\\Database\\Eloquent\\Builder->get()
#9 C:\\Users\\baxxe\\Documents\\Web2\\Stage\\mindful-journey-ui\\backend\\mindful-journey-back\\app\\Http\\Controllers\\Api\\AuthController.php(53): Illuminate\\Database\\Eloquent\\Builder->first()
#10 C:\\Users\\baxxe\\Documents\\Web2\\Stage\\mindful-journey-ui\\backend\\mindful-journey-back\\vendor\\laravel\\framework\\src\\Illuminate\\Routing\\ControllerDispatcher.php(46): App\\Http\\Controllers\\Api\\AuthController->login()
#11 C:\\Users\\baxxe\\Documents\\Web2\\Stage\\mindful-journey-ui\\backend\\mindful-journey-back\\vendor\\laravel\\framework\\src\\Illuminate\\Routing\\Route.php(265): Illuminate\\Routing\\ControllerDispatcher->dispatch()
#12 C:\\Users\\baxxe\\Documents\\Web2\\Stage\\mindful-journey-ui\\backend\\mindful-journey-back\\vendor\\laravel\\framework\\src\\Illuminate\\Routing\\Route.php(211): Illuminate\\Routing\\Route->runController()
#13 C:\\Users\\baxxe\\Documents\\Web2\\Stage\\mindful-journey-ui\\backend\\mindful-journey-back\\vendor\\laravel\\framework\\src\\Illuminate\\Routing\\Router.php(808): Illuminate\\Routing\\Route->run()
#14 C:\\Users\\baxxe\\Documents\\Web2\\Stage\\mindful-journey-ui\\backend\\mindful-journey-back\\vendor\\laravel\\framework\\src\\Illuminate\\Pipeline\\Pipeline.php(169): Illuminate\\Routing\\Router->{closure:Illuminate\\Routing\\Router::runRouteWithinStack():807}()
#15 C:\\Users\\baxxe\\Documents\\Web2\\Stage\\mindful-journey-ui\\backend\\mindful-journey-back\\vendor\\laravel\\framework\\src\\Illuminate\\Routing\\Middleware\\SubstituteBindings.php(50): Illuminate\\Pipeline\\Pipeline->{closure:Illuminate\\Pipeline\\Pipeline::prepareDestination():167}()
#16 C:\\Users\\baxxe\\Documents\\Web2\\Stage\\mindful-journey-ui\\backend\\mindful-journey-back\\vendor\\laravel\\framework\\src\\Illuminate\\Pipeline\\Pipeline.php(208): Illuminate\\Routing\\Middleware\\SubstituteBindings->handle()
#17 C:\\Users\\baxxe\\Documents\\Web2\\Stage\\mindful-journey-ui\\backend\\mindful-journey-back\\vendor\\laravel\\framework\\src\\Illuminate\\Pipeline\\Pipeline.php(126): Illuminate\\Pipeline\\Pipeline->{closure:{closure:Illuminate\\Pipeline\\Pipeline::carry():183}:184}()
#18 C:\\Users\\baxxe\\Documents\\Web2\\Stage\\mindful-journey-ui\\backend\\mindful-journey-back\\vendor\\laravel\\framework\\src\\Illuminate\\Routing\\Router.php(807): Illuminate\\Pipeline\\Pipeline->then()
#19 C:\\Users\\baxxe\\Documents\\Web2\\Stage\\mindful-journey-ui\\backend\\mindful-journey-back\\vendor\\laravel\\framework\\src\\Illuminate\\Routing\\Router.php(786): Illuminate\\Routing\\Router->runRouteWithinStack()
#20 C:\\Users\\baxxe\\Documents\\Web2\\Stage\\mindful-journey-ui\\backend\\mindful-journey-back\\vendor\\laravel\\framework\\src\\Illuminate\\Routing\\Router.php(750): Illuminate\\Routing\\Router->runRoute()
#21 C:\\Users\\baxxe\\Documents\\Web2\\Stage\\mindful-journey-ui\\backend\\mindful-journey-back\\vendor\\laravel\\framework\\src\\Illuminate\\Routing\\Router.php(739): Illuminate\\Routing\\Router->dispatchToRoute()
#22 C:\\Users\\baxxe\\Documents\\Web2\\Stage\\mindful-journey-ui\\backend\\mindful-journey-back\\vendor\\laravel\\framework\\src\\Illuminate\\Foundation\\Http\\Kernel.php(200): Illuminate\\Routing\\Router->dispatch()
#23 C:\\Users\\baxxe\\Documents\\Web2\\Stage\\mindful-journey-ui\\backend\\mindful-journey-back\\vendor\\laravel\\framework\\src\\Illuminate\\Pipeline\\Pipeline.php(169): Illuminate\\Foundation\\Http\\Kernel->{closure:Illuminate\\Foundation\\Http\\Kernel::dispatchToRouter():197}()
#24 C:\\Users\\baxxe\\Documents\\Web2\\Stage\\mindful-journey-ui\\backend\\mindful-journey-back\\vendor\\laravel\\framework\\src\\Illuminate\\Foundation\\Http\\Middleware\\TransformsRequest.php(21): Illuminate\\Pipeline\\Pipeline->{closure:Illuminate\\Pipeline\\Pipeline::prepareDestination():167}()
#25 C:\\Users\\baxxe\\Documents\\Web2\\Stage\\mindful-journey-ui\\backend\\mindful-journey-back\\vendor\\laravel\\framework\\src\\Illuminate\\Foundation\\Http\\Middleware\\ConvertEmptyStringsToNull.php(31): Illuminate\\Foundation\\Http\\Middleware\\TransformsRequest->handle()
#26 C:\\Users\\baxxe\\Documents\\Web2\\Stage\\mindful-journey-ui\\backend\\mindful-journey-back\\vendor\\laravel\\framework\\src\\Illuminate\\Pipeline\\Pipeline.php(208): Illuminate\\Foundation\\Http\\Middleware\\ConvertEmptyStringsToNull->handle()
#27 C:\\Users\\baxxe\\Documents\\Web2\\Stage\\mindful-journey-ui\\backend\\mindful-journey-back\\vendor\\laravel\\framework\\src\\Illuminate\\Foundation\\Http\\Middleware\\TransformsRequest.php(21): Illuminate\\Pipeline\\Pipeline->{closure:{closure:Illuminate\\Pipeline\\Pipeline::carry():183}:184}()
#28 C:\\Users\\baxxe\\Documents\\Web2\\Stage\\mindful-journey-ui\\backend\\mindful-journey-back\\vendor\\laravel\\framework\\src\\Illuminate\\Foundation\\Http\\Middleware\\TrimStrings.php(51): Illuminate\\Foundation\\Http\\Middleware\\TransformsRequest->handle()
#29 C:\\Users\\baxxe\\Documents\\Web2\\Stage\\mindful-journey-ui\\backend\\mindful-journey-back\\vendor\\laravel\\framework\\src\\Illuminate\\Pipeline\\Pipeline.php(208): Illuminate\\Foundation\\Http\\Middleware\\TrimStrings->handle()
#30 C:\\Users\\baxxe\\Documents\\Web2\\Stage\\mindful-journey-ui\\backend\\mindful-journey-back\\vendor\\laravel\\framework\\src\\Illuminate\\Http\\Middleware\\ValidatePostSize.php(27): Illuminate\\Pipeline\\Pipeline->{closure:{closure:Illuminate\\Pipeline\\Pipeline::carry():183}:184}()
#31 C:\\Users\\baxxe\\Documents\\Web2\\Stage\\mindful-journey-ui\\backend\\mindful-journey-back\\vendor\\laravel\\framework\\src\\Illuminate\\Pipeline\\Pipeline.php(208): Illuminate\\Http\\Middleware\\ValidatePostSize->handle()
#32 C:\\Users\\baxxe\\Documents\\Web2\\Stage\\mindful-journey-ui\\backend\\mindful-journey-back\\vendor\\laravel\\framework\\src\\Illuminate\\Foundation\\Http\\Middleware\\PreventRequestsDuringMaintenance.php(109): Illuminate\\Pipeline\\Pipeline->{closure:{closure:Illuminate\\Pipeline\\Pipeline::carry():183}:184}()
#33 C:\\Users\\baxxe\\Documents\\Web2\\Stage\\mindful-journey-ui\\backend\\mindful-journey-back\\vendor\\laravel\\framework\\src\\Illuminate\\Pipeline\\Pipeline.php(208): Illuminate\\Foundation\\Http\\Middleware\\PreventRequestsDuringMaintenance->handle()
#34 C:\\Users\\baxxe\\Documents\\Web2\\Stage\\mindful-journey-ui\\backend\\mindful-journey-back\\vendor\\laravel\\framework\\src\\Illuminate\\Http\\Middleware\\HandleCors.php(61): Illuminate\\Pipeline\\Pipeline->{closure:{closure:Illuminate\\Pipeline\\Pipeline::carry():183}:184}()
#35 C:\\Users\\baxxe\\Documents\\Web2\\Stage\\mindful-journey-ui\\backend\\mindful-journey-back\\vendor\\laravel\\framework\\src\\Illuminate\\Pipeline\\Pipeline.php(208): Illuminate\\Http\\Middleware\\HandleCors->handle()
#36 C:\\Users\\baxxe\\Documents\\Web2\\Stage\\mindful-journey-ui\\backend\\mindful-journey-back\\vendor\\laravel\\framework\\src\\Illuminate\\Http\\Middleware\\TrustProxies.php(58): Illuminate\\Pipeline\\Pipeline->{closure:{closure:Illuminate\\Pipeline\\Pipeline::carry():183}:184}()
#37 C:\\Users\\baxxe\\Documents\\Web2\\Stage\\mindful-journey-ui\\backend\\mindful-journey-back\\vendor\\laravel\\framework\\src\\Illuminate\\Pipeline\\Pipeline.php(208): Illuminate\\Http\\Middleware\\TrustProxies->handle()
#38 C:\\Users\\baxxe\\Documents\\Web2\\Stage\\mindful-journey-ui\\backend\\mindful-journey-back\\vendor\\laravel\\framework\\src\\Illuminate\\Foundation\\Http\\Middleware\\InvokeDeferredCallbacks.php(22): Illuminate\\Pipeline\\Pipeline->{closure:{closure:Illuminate\\Pipeline\\Pipeline::carry():183}:184}()
#39 C:\\Users\\baxxe\\Documents\\Web2\\Stage\\mindful-journey-ui\\backend\\mindful-journey-back\\vendor\\laravel\\framework\\src\\Illuminate\\Pipeline\\Pipeline.php(208): Illuminate\\Foundation\\Http\\Middleware\\InvokeDeferredCallbacks->handle()
#40 C:\\Users\\baxxe\\Documents\\Web2\\Stage\\mindful-journey-ui\\backend\\mindful-journey-back\\vendor\\laravel\\framework\\src\\Illuminate\\Http\\Middleware\\ValidatePathEncoding.php(26): Illuminate\\Pipeline\\Pipeline->{closure:{closure:Illuminate\\Pipeline\\Pipeline::carry():183}:184}()
#41 C:\\Users\\baxxe\\Documents\\Web2\\Stage\\mindful-journey-ui\\backend\\mindful-journey-back\\vendor\\laravel\\framework\\src\\Illuminate\\Pipeline\\Pipeline.php(208): Illuminate\\Http\\Middleware\\ValidatePathEncoding->handle()
#42 C:\\Users\\baxxe\\Documents\\Web2\\Stage\\mindful-journey-ui\\backend\\mindful-journey-back\\vendor\\laravel\\framework\\src\\Illuminate\\Pipeline\\Pipeline.php(126): Illuminate\\Pipeline\\Pipeline->{closure:{closure:Illuminate\\Pipeline\\Pipeline::carry():183}:184}()
#43 C:\\Users\\baxxe\\Documents\\Web2\\Stage\\mindful-journey-ui\\backend\\mindful-journey-back\\vendor\\laravel\\framework\\src\\Illuminate\\Foundation\\Http\\Kernel.php(175): Illuminate\\Pipeline\\Pipeline->then()
#44 C:\\Users\\baxxe\\Documents\\Web2\\Stage\\mindful-journey-ui\\backend\\mindful-journey-back\\vendor\\laravel\\framework\\src\\Illuminate\\Foundation\\Http\\Kernel.php(144): Illuminate\\Foundation\\Http\\Kernel->sendRequestThroughRouter()
#45 C:\\Users\\baxxe\\Documents\\Web2\\Stage\\mindful-journey-ui\\backend\\mindful-journey-back\\vendor\\laravel\\framework\\src\\Illuminate\\Foundation\\Application.php(1219): Illuminate\\Foundation\\Http\\Kernel->handle()
#46 C:\\Users\\baxxe\\Documents\\Web2\\Stage\\mindful-journey-ui\\backend\\mindful-journey-back\\public\\index.php(20): Illuminate\\Foundation\\Application->handleRequest()
#47 C:\\Users\\baxxe\\Documents\\Web2\\Stage\\mindful-journey-ui\\backend\\mindful-journey-back\\vendor\\laravel\\framework\\src\\Illuminate\\Foundation\\resources\\server.php(23): require_once('...')
#48 {main}

[previous exception] [object] (Illuminate\\Database\\SQLiteDatabaseDoesNotExistException(code: 0): Database file at path [C:\\Users\\baxxe\\Documents\\Web2\\Stage\\mindful-journey-ui\\backend\\mindful-journey-back\\database\\database.sqlite] does not exist. Ensure this is an absolute path to the database. at C:\\Users\\baxxe\\Documents\\Web2\\Stage\\mindful-journey-ui\\backend\\mindful-journey-back\\vendor\\laravel\\framework\\src\\Illuminate\\Database\\Connectors\\SQLiteConnector.php:59)
[stacktrace]
#0 C:\\Users\\baxxe\\Documents\\Web2\\Stage\\mindful-journey-ui\\backend\\mindful-journey-back\\vendor\\laravel\\framework\\src\\Illuminate\\Database\\Connectors\\SQLiteConnector.php(19): Illuminate\\Database\\Connectors\\SQLiteConnector->parseDatabasePath()
#1 C:\\Users\\baxxe\\Documents\\Web2\\Stage\\mindful-journey-ui\\backend\\mindful-journey-back\\vendor\\laravel\\framework\\src\\Illuminate\\Database\\Connectors\\ConnectionFactory.php(223): Illuminate\\Database\\Connectors\\SQLiteConnector->connect()
#2 [internal function]: Illuminate\\Database\\Connectors\\ConnectionFactory->{closure:Illuminate\\Database\\Connectors\\ConnectionFactory::createPdoResolverWithoutHosts():223}()
#3 C:\\Users\\baxxe\\Documents\\Web2\\Stage\\mindful-journey-ui\\backend\\mindful-journey-back\\vendor\\laravel\\framework\\src\\Illuminate\\Database\\Connection.php(1230): call_user_func()
#4 C:\\Users\\baxxe\\Documents\\Web2\\Stage\\mindful-journey-ui\\backend\\mindful-journey-back\\vendor\\laravel\\framework\\src\\Illuminate\\Database\\Connection.php(1266): Illuminate\\Database\\Connection->getPdo()
#5 C:\\Users\\baxxe\\Documents\\Web2\\Stage\\mindful-journey-ui\\backend\\mindful-journey-back\\vendor\\laravel\\framework\\src\\Illuminate\\Database\\Connection.php(511): Illuminate\\Database\\Connection->getReadPdo()
#6 C:\\Users\\baxxe\\Documents\\Web2\\Stage\\mindful-journey-ui\\backend\\mindful-journey-back\\vendor\\laravel\\framework\\src\\Illuminate\\Database\\Connection.php(406): Illuminate\\Database\\Connection->getPdoForSelect()
#7 C:\\Users\\baxxe\\Documents\\Web2\\Stage\\mindful-journey-ui\\backend\\mindful-journey-back\\vendor\\laravel\\framework\\src\\Illuminate\\Database\\Connection.php(811): Illuminate\\Database\\Connection->{closure:Illuminate\\Database\\Connection::select():397}()
#8 C:\\Users\\baxxe\\Documents\\Web2\\Stage\\mindful-journey-ui\\backend\\mindful-journey-back\\vendor\\laravel\\framework\\src\\Illuminate\\Database\\Connection.php(778): Illuminate\\Database\\Connection->runQueryCallback()
#9 C:\\Users\\baxxe\\Documents\\Web2\\Stage\\mindful-journey-ui\\backend\\mindful-journey-back\\vendor\\laravel\\framework\\src\\Illuminate\\Database\\Connection.php(397): Illuminate\\Database\\Connection->run()
#10 C:\\Users\\baxxe\\Documents\\Web2\\Stage\\mindful-journey-ui\\backend\\mindful-journey-back\\vendor\\laravel\\framework\\src\\Illuminate\\Database\\Query\\Builder.php(3188): Illuminate\\Database\\Connection->select()
#11 C:\\Users\\baxxe\\Documents\\Web2\\Stage\\mindful-journey-ui\\backend\\mindful-journey-back\\vendor\\laravel\\framework\\src\\Illuminate\\Database\\Query\\Builder.php(3173): Illuminate\\Database\\Query\\Builder->runSelect()
#12 C:\\Users\\baxxe\\Documents\\Web2\\Stage\\mindful-journey-ui\\backend\\mindful-journey-back\\vendor\\laravel\\framework\\src\\Illuminate\\Database\\Query\\Builder.php(3763): Illuminate\\Database\\Query\\Builder->{closure:Illuminate\\Database\\Query\\Builder::get():3172}()
#13 C:\\Users\\baxxe\\Documents\\Web2\\Stage\\mindful-journey-ui\\backend\\mindful-journey-back\\vendor\\laravel\\framework\\src\\Illuminate\\Database\\Query\\Builder.php(3172): Illuminate\\Database\\Query\\Builder->onceWithColumns()
#14 C:\\Users\\baxxe\\Documents\\Web2\\Stage\\mindful-journey-ui\\backend\\mindful-journey-back\\vendor\\laravel\\framework\\src\\Illuminate\\Database\\Eloquent\\Builder.php(872): Illuminate\\Database\\Query\\Builder->get()
#15 C:\\Users\\baxxe\\Documents\\Web2\\Stage\\mindful-journey-ui\\backend\\mindful-journey-back\\vendor\\laravel\\framework\\src\\Illuminate\\Database\\Eloquent\\Builder.php(854): Illuminate\\Database\\Eloquent\\Builder->getModels()
#16 C:\\Users\\baxxe\\Documents\\Web2\\Stage\\mindful-journey-ui\\backend\\mindful-journey-back\\vendor\\laravel\\framework\\src\\Illuminate\\Database\\Concerns\\BuildsQueries.php(366): Illuminate\\Database\\Eloquent\\Builder->get()
#17 C:\\Users\\baxxe\\Documents\\Web2\\Stage\\mindful-journey-ui\\backend\\mindful-journey-back\\app\\Http\\Controllers\\Api\\AuthController.php(53): Illuminate\\Database\\Eloquent\\Builder->first()
#18 C:\\Users\\baxxe\\Documents\\Web2\\Stage\\mindful-journey-ui\\backend\\mindful-journey-back\\vendor\\laravel\\framework\\src\\Illuminate\\Routing\\ControllerDispatcher.php(46): App\\Http\\Controllers\\Api\\AuthController->login()
#19 C:\\Users\\baxxe\\Documents\\Web2\\Stage\\mindful-journey-ui\\backend\\mindful-journey-back\\vendor\\laravel\\framework\\src\\Illuminate\\Routing\\Route.php(265): Illuminate\\Routing\\ControllerDispatcher->dispatch()
#20 C:\\Users\\baxxe\\Documents\\Web2\\Stage\\mindful-journey-ui\\backend\\mindful-journey-back\\vendor\\laravel\\framework\\src\\Illuminate\\Routing\\Route.php(211): Illuminate\\Routing\\Route->runController()
#21 C:\\Users\\baxxe\\Documents\\Web2\\Stage\\mindful-journey-ui\\backend\\mindful-journey-back\\vendor\\laravel\\framework\\src\\Illuminate\\Routing\\Router.php(808): Illuminate\\Routing\\Route->run()
#22 C:\\Users\\baxxe\\Documents\\Web2\\Stage\\mindful-journey-ui\\backend\\mindful-journey-back\\vendor\\laravel\\framework\\src\\Illuminate\\Pipeline\\Pipeline.php(169): Illuminate\\Routing\\Router->{closure:Illuminate\\Routing\\Router::runRouteWithinStack():807}()
#23 C:\\Users\\baxxe\\Documents\\Web2\\Stage\\mindful-journey-ui\\backend\\mindful-journey-back\\vendor\\laravel\\framework\\src\\Illuminate\\Routing\\Middleware\\SubstituteBindings.php(50): Illuminate\\Pipeline\\Pipeline->{closure:Illuminate\\Pipeline\\Pipeline::prepareDestination():167}()
#24 C:\\Users\\baxxe\\Documents\\Web2\\Stage\\mindful-journey-ui\\backend\\mindful-journey-back\\vendor\\laravel\\framework\\src\\Illuminate\\Pipeline\\Pipeline.php(208): Illuminate\\Routing\\Middleware\\SubstituteBindings->handle()
#25 C:\\Users\\baxxe\\Documents\\Web2\\Stage\\mindful-journey-ui\\backend\\mindful-journey-back\\vendor\\laravel\\framework\\src\\Illuminate\\Pipeline\\Pipeline.php(126): Illuminate\\Pipeline\\Pipeline->{closure:{closure:Illuminate\\Pipeline\\Pipeline::carry():183}:184}()
#26 C:\\Users\\baxxe\\Documents\\Web2\\Stage\\mindful-journey-ui\\backend\\mindful-journey-back\\vendor\\laravel\\framework\\src\\Illuminate\\Routing\\Router.php(807): Illuminate\\Pipeline\\Pipeline->then()
#27 C:\\Users\\baxxe\\Documents\\Web2\\Stage\\mindful-journey-ui\\backend\\mindful-journey-back\\vendor\\laravel\\framework\\src\\Illuminate\\Routing\\Router.php(786): Illuminate\\Routing\\Router->runRouteWithinStack()
#28 C:\\Users\\baxxe\\Documents\\Web2\\Stage\\mindful-journey-ui\\backend\\mindful-journey-back\\vendor\\laravel\\framework\\src\\Illuminate\\Routing\\Router.php(750): Illuminate\\Routing\\Router->runRoute()
#29 C:\\Users\\baxxe\\Documents\\Web2\\Stage\\mindful-journey-ui\\backend\\mindful-journey-back\\vendor\\laravel\\framework\\src\\Illuminate\\Routing\\Router.php(739): Illuminate\\Routing\\Router->dispatchToRoute()
#30 C:\\Users\\baxxe\\Documents\\Web2\\Stage\\mindful-journey-ui\\backend\\mindful-journey-back\\vendor\\laravel\\framework\\src\\Illuminate\\Foundation\\Http\\Kernel.php(200): Illuminate\\Routing\\Router->dispatch()
#31 C:\\Users\\baxxe\\Documents\\Web2\\Stage\\mindful-journey-ui\\backend\\mindful-journey-back\\vendor\\laravel\\framework\\src\\Illuminate\\Pipeline\\Pipeline.php(169): Illuminate\\Foundation\\Http\\Kernel->{closure:Illuminate\\Foundation\\Http\\Kernel::dispatchToRouter():197}()
#32 C:\\Users\\baxxe\\Documents\\Web2\\Stage\\mindful-journey-ui\\backend\\mindful-journey-back\\vendor\\laravel\\framework\\src\\Illuminate\\Foundation\\Http\\Middleware\\TransformsRequest.php(21): Illuminate\\Pipeline\\Pipeline->{closure:Illuminate\\Pipeline\\Pipeline::prepareDestination():167}()
#33 C:\\Users\\baxxe\\Documents\\Web2\\Stage\\mindful-journey-ui\\backend\\mindful-journey-back\\vendor\\laravel\\framework\\src\\Illuminate\\Foundation\\Http\\Middleware\\ConvertEmptyStringsToNull.php(31): Illuminate\\Foundation\\Http\\Middleware\\TransformsRequest->handle()
#34 C:\\Users\\baxxe\\Documents\\Web2\\Stage\\mindful-journey-ui\\backend\\mindful-journey-back\\vendor\\laravel\\framework\\src\\Illuminate\\Pipeline\\Pipeline.php(208): Illuminate\\Foundation\\Http\\Middleware\\ConvertEmptyStringsToNull->handle()
#35 C:\\Users\\baxxe\\Documents\\Web2\\Stage\\mindful-journey-ui\\backend\\mindful-journey-back\\vendor\\laravel\\framework\\src\\Illuminate\\Foundation\\Http\\Middleware\\TransformsRequest.php(21): Illuminate\\Pipeline\\Pipeline->{closure:{closure:Illuminate\\Pipeline\\Pipeline::carry():183}:184}()
#36 C:\\Users\\baxxe\\Documents\\Web2\\Stage\\mindful-journey-ui\\backend\\mindful-journey-back\\vendor\\laravel\\framework\\src\\Illuminate\\Foundation\\Http\\Middleware\\TrimStrings.php(51): Illuminate\\Foundation\\Http\\Middleware\\TransformsRequest->handle()
#37 C:\\Users\\baxxe\\Documents\\Web2\\Stage\\mindful-journey-ui\\backend\\mindful-journey-back\\vendor\\laravel\\framework\\src\\Illuminate\\Pipeline\\Pipeline.php(208): Illuminate\\Foundation\\Http\\Middleware\\TrimStrings->handle()
#38 C:\\Users\\baxxe\\Documents\\Web2\\Stage\\mindful-journey-ui\\backend\\mindful-journey-back\\vendor\\laravel\\framework\\src\\Illuminate\\Http\\Middleware\\ValidatePostSize.php(27): Illuminate\\Pipeline\\Pipeline->{closure:{closure:Illuminate\\Pipeline\\Pipeline::carry():183}:184}()
#39 C:\\Users\\baxxe\\Documents\\Web2\\Stage\\mindful-journey-ui\\backend\\mindful-journey-back\\vendor\\laravel\\framework\\src\\Illuminate\\Pipeline\\Pipeline.php(208): Illuminate\\Http\\Middleware\\ValidatePostSize->handle()
#40 C:\\Users\\baxxe\\Documents\\Web2\\Stage\\mindful-journey-ui\\backend\\mindful-journey-back\\vendor\\laravel\\framework\\src\\Illuminate\\Foundation\\Http\\Middleware\\PreventRequestsDuringMaintenance.php(109): Illuminate\\Pipeline\\Pipeline->{closure:{closure:Illuminate\\Pipeline\\Pipeline::carry():183}:184}()
#41 C:\\Users\\baxxe\\Documents\\Web2\\Stage\\mindful-journey-ui\\backend\\mindful-journey-back\\vendor\\laravel\\framework\\src\\Illuminate\\Pipeline\\Pipeline.php(208): Illuminate\\Foundation\\Http\\Middleware\\PreventRequestsDuringMaintenance->handle()
#42 C:\\Users\\baxxe\\Documents\\Web2\\Stage\\mindful-journey-ui\\backend\\mindful-journey-back\\vendor\\laravel\\framework\\src\\Illuminate\\Http\\Middleware\\HandleCors.php(61): Illuminate\\Pipeline\\Pipeline->{closure:{closure:Illuminate\\Pipeline\\Pipeline::carry():183}:184}()
#43 C:\\Users\\baxxe\\Documents\\Web2\\Stage\\mindful-journey-ui\\backend\\mindful-journey-back\\vendor\\laravel\\framework\\src\\Illuminate\\Pipeline\\Pipeline.php(208): Illuminate\\Http\\Middleware\\HandleCors->handle()
#44 C:\\Users\\baxxe\\Documents\\Web2\\Stage\\mindful-journey-ui\\backend\\mindful-journey-back\\vendor\\laravel\\framework\\src\\Illuminate\\Http\\Middleware\\TrustProxies.php(58): Illuminate\\Pipeline\\Pipeline->{closure:{closure:Illuminate\\Pipeline\\Pipeline::carry():183}:184}()
#45 C:\\Users\\baxxe\\Documents\\Web2\\Stage\\mindful-journey-ui\\backend\\mindful-journey-back\\vendor\\laravel\\framework\\src\\Illuminate\\Pipeline\\Pipeline.php(208): Illuminate\\Http\\Middleware\\TrustProxies->handle()
#46 C:\\Users\\baxxe\\Documents\\Web2\\Stage\\mindful-journey-ui\\backend\\mindful-journey-back\\vendor\\laravel\\framework\\src\\Illuminate\\Foundation\\Http\\Middleware\\InvokeDeferredCallbacks.php(22): Illuminate\\Pipeline\\Pipeline->{closure:{closure:Illuminate\\Pipeline\\Pipeline::carry():183}:184}()
#47 C:\\Users\\baxxe\\Documents\\Web2\\Stage\\mindful-journey-ui\\backend\\mindful-journey-back\\vendor\\laravel\\framework\\src\\Illuminate\\Pipeline\\Pipeline.php(208): Illuminate\\Foundation\\Http\\Middleware\\InvokeDeferredCallbacks->handle()
#48 C:\\Users\\baxxe\\Documents\\Web2\\Stage\\mindful-journey-ui\\backend\\mindful-journey-back\\vendor\\laravel\\framework\\src\\Illuminate\\Http\\Middleware\\ValidatePathEncoding.php(26): Illuminate\\Pipeline\\Pipeline->{closure:{closure:Illuminate\\Pipeline\\Pipeline::carry():183}:184}()
#49 C:\\Users\\baxxe\\Documents\\Web2\\Stage\\mindful-journey-ui\\backend\\mindful-journey-back\\vendor\\laravel\\framework\\src\\Illuminate\\Pipeline\\Pipeline.php(208): Illuminate\\Http\\Middleware\\ValidatePathEncoding->handle()
#50 C:\\Users\\baxxe\\Documents\\Web2\\Stage\\mindful-journey-ui\\backend\\mindful-journey-back\\vendor\\laravel\\framework\\src\\Illuminate\\Pipeline\\Pipeline.php(126): Illuminate\\Pipeline\\Pipeline->{closure:{closure:Illuminate\\Pipeline\\Pipeline::carry():183}:184}()
#51 C:\\Users\\baxxe\\Documents\\Web2\\Stage\\mindful-journey-ui\\backend\\mindful-journey-back\\vendor\\laravel\\framework\\src\\Illuminate\\Foundation\\Http\\Kernel.php(175): Illuminate\\Pipeline\\Pipeline->then()
#52 C:\\Users\\baxxe\\Documents\\Web2\\Stage\\mindful-journey-ui\\backend\\mindful-journey-back\\vendor\\laravel\\framework\\src\\Illuminate\\Foundation\\Http\\Kernel.php(144): Illuminate\\Foundation\\Http\\Kernel->sendRequestThroughRouter()
#53 C:\\Users\\baxxe\\Documents\\Web2\\Stage\\mindful-journey-ui\\backend\\mindful-journey-back\\vendor\\laravel\\framework\\src\\Illuminate\\Foundation\\Application.php(1219): Illuminate\\Foundation\\Http\\Kernel->handle()
#54 C:\\Users\\baxxe\\Documents\\Web2\\Stage\\mindful-journey-ui\\backend\\mindful-journey-back\\public\\index.php(20): Illuminate\\Foundation\\Application->handleRequest()
#55 C:\\Users\\baxxe\\Documents\\Web2\\Stage\\mindful-journey-ui\\backend\\mindful-journey-back\\vendor\\laravel\\framework\\src\\Illuminate\\Foundation\\resources\\server.php(23): require_once('...')
#56 {main}
"} 
[2025-08-14 09:52:41] production.ERROR: No application encryption key has been specified. {"exception":"[object] (Illuminate\\Encryption\\MissingAppKeyException(code: 0): No application encryption key has been specified. at C:\\Users\\baxxe\\Documents\\Web2\\Stage\\mindful-journey-ui\\backend\\mindful-journey-back\\vendor\\laravel\\framework\\src\\Illuminate\\Encryption\\EncryptionServiceProvider.php:83)
[stacktrace]
#0 C:\\Users\\baxxe\\Documents\\Web2\\Stage\\mindful-journey-ui\\backend\\mindful-journey-back\\vendor\\laravel\\framework\\src\\Illuminate\\Support\\helpers.php(399): Illuminate\\Encryption\\EncryptionServiceProvider->{closure:Illuminate\\Encryption\\EncryptionServiceProvider::key():81}()
#1 C:\\Users\\baxxe\\Documents\\Web2\\Stage\\mindful-journey-ui\\backend\\mindful-journey-back\\vendor\\laravel\\framework\\src\\Illuminate\\Encryption\\EncryptionServiceProvider.php(81): tap()
#2 C:\\Users\\baxxe\\Documents\\Web2\\Stage\\mindful-journey-ui\\backend\\mindful-journey-back\\vendor\\laravel\\framework\\src\\Illuminate\\Encryption\\EncryptionServiceProvider.php(64): Illuminate\\Encryption\\EncryptionServiceProvider->key()
#3 C:\\Users\\baxxe\\Documents\\Web2\\Stage\\mindful-journey-ui\\backend\\mindful-journey-back\\vendor\\laravel\\framework\\src\\Illuminate\\Encryption\\EncryptionServiceProvider.php(32): Illuminate\\Encryption\\EncryptionServiceProvider->parseKey()
#4 C:\\Users\\baxxe\\Documents\\Web2\\Stage\\mindful-journey-ui\\backend\\mindful-journey-back\\vendor\\laravel\\framework\\src\\Illuminate\\Container\\Container.php(1036): Illuminate\\Encryption\\EncryptionServiceProvider->{closure:Illuminate\\Encryption\\EncryptionServiceProvider::registerEncrypter():29}()
#5 C:\\Users\\baxxe\\Documents\\Web2\\Stage\\mindful-journey-ui\\backend\\mindful-journey-back\\vendor\\laravel\\framework\\src\\Illuminate\\Container\\Container.php(916): Illuminate\\Container\\Container->build()
#6 C:\\Users\\baxxe\\Documents\\Web2\\Stage\\mindful-journey-ui\\backend\\mindful-journey-back\\vendor\\laravel\\framework\\src\\Illuminate\\Foundation\\Application.php(1077): Illuminate\\Container\\Container->resolve()
#7 C:\\Users\\baxxe\\Documents\\Web2\\Stage\\mindful-journey-ui\\backend\\mindful-journey-back\\vendor\\laravel\\framework\\src\\Illuminate\\Container\\Container.php(847): Illuminate\\Foundation\\Application->resolve()
#8 C:\\Users\\baxxe\\Documents\\Web2\\Stage\\mindful-journey-ui\\backend\\mindful-journey-back\\vendor\\laravel\\framework\\src\\Illuminate\\Foundation\\Application.php(1057): Illuminate\\Container\\Container->make()
#9 C:\\Users\\baxxe\\Documents\\Web2\\Stage\\mindful-journey-ui\\backend\\mindful-journey-back\\vendor\\laravel\\framework\\src\\Illuminate\\Container\\Container.php(1228): Illuminate\\Foundation\\Application->make()
#10 C:\\Users\\baxxe\\Documents\\Web2\\Stage\\mindful-journey-ui\\backend\\mindful-journey-back\\vendor\\laravel\\framework\\src\\Illuminate\\Container\\Container.php(1127): Illuminate\\Container\\Container->resolveClass()
#11 C:\\Users\\baxxe\\Documents\\Web2\\Stage\\mindful-journey-ui\\backend\\mindful-journey-back\\vendor\\laravel\\framework\\src\\Illuminate\\Container\\Container.php(1078): Illuminate\\Container\\Container->resolveDependencies()
#12 C:\\Users\\baxxe\\Documents\\Web2\\Stage\\mindful-journey-ui\\backend\\mindful-journey-back\\vendor\\laravel\\framework\\src\\Illuminate\\Container\\Container.php(916): Illuminate\\Container\\Container->build()
#13 C:\\Users\\baxxe\\Documents\\Web2\\Stage\\mindful-journey-ui\\backend\\mindful-journey-back\\vendor\\laravel\\framework\\src\\Illuminate\\Foundation\\Application.php(1077): Illuminate\\Container\\Container->resolve()
#14 C:\\Users\\baxxe\\Documents\\Web2\\Stage\\mindful-journey-ui\\backend\\mindful-journey-back\\vendor\\laravel\\framework\\src\\Illuminate\\Container\\Container.php(847): Illuminate\\Foundation\\Application->resolve()
#15 C:\\Users\\baxxe\\Documents\\Web2\\Stage\\mindful-journey-ui\\backend\\mindful-journey-back\\vendor\\laravel\\framework\\src\\Illuminate\\Foundation\\Application.php(1057): Illuminate\\Container\\Container->make()
#16 C:\\Users\\baxxe\\Documents\\Web2\\Stage\\mindful-journey-ui\\backend\\mindful-journey-back\\vendor\\laravel\\framework\\src\\Illuminate\\Pipeline\\Pipeline.php(197): Illuminate\\Foundation\\Application->make()
#17 C:\\Users\\baxxe\\Documents\\Web2\\Stage\\mindful-journey-ui\\backend\\mindful-journey-back\\vendor\\laravel\\framework\\src\\Illuminate\\Pipeline\\Pipeline.php(126): Illuminate\\Pipeline\\Pipeline->{closure:{closure:Illuminate\\Pipeline\\Pipeline::carry():183}:184}()
#18 C:\\Users\\baxxe\\Documents\\Web2\\Stage\\mindful-journey-ui\\backend\\mindful-journey-back\\vendor\\laravel\\framework\\src\\Illuminate\\Routing\\Router.php(807): Illuminate\\Pipeline\\Pipeline->then()
#19 C:\\Users\\baxxe\\Documents\\Web2\\Stage\\mindful-journey-ui\\backend\\mindful-journey-back\\vendor\\laravel\\framework\\src\\Illuminate\\Routing\\Router.php(786): Illuminate\\Routing\\Router->runRouteWithinStack()
#20 C:\\Users\\baxxe\\Documents\\Web2\\Stage\\mindful-journey-ui\\backend\\mindful-journey-back\\vendor\\laravel\\framework\\src\\Illuminate\\Routing\\Router.php(750): Illuminate\\Routing\\Router->runRoute()
#21 C:\\Users\\baxxe\\Documents\\Web2\\Stage\\mindful-journey-ui\\backend\\mindful-journey-back\\vendor\\laravel\\framework\\src\\Illuminate\\Routing\\Router.php(739): Illuminate\\Routing\\Router->dispatchToRoute()
#22 C:\\Users\\baxxe\\Documents\\Web2\\Stage\\mindful-journey-ui\\backend\\mindful-journey-back\\vendor\\laravel\\framework\\src\\Illuminate\\Foundation\\Http\\Kernel.php(200): Illuminate\\Routing\\Router->dispatch()
#23 C:\\Users\\baxxe\\Documents\\Web2\\Stage\\mindful-journey-ui\\backend\\mindful-journey-back\\vendor\\laravel\\framework\\src\\Illuminate\\Pipeline\\Pipeline.php(169): Illuminate\\Foundation\\Http\\Kernel->{closure:Illuminate\\Foundation\\Http\\Kernel::dispatchToRouter():197}()
#24 C:\\Users\\baxxe\\Documents\\Web2\\Stage\\mindful-journey-ui\\backend\\mindful-journey-back\\vendor\\laravel\\framework\\src\\Illuminate\\Foundation\\Http\\Middleware\\TransformsRequest.php(21): Illuminate\\Pipeline\\Pipeline->{closure:Illuminate\\Pipeline\\Pipeline::prepareDestination():167}()
#25 C:\\Users\\baxxe\\Documents\\Web2\\Stage\\mindful-journey-ui\\backend\\mindful-journey-back\\vendor\\laravel\\framework\\src\\Illuminate\\Foundation\\Http\\Middleware\\ConvertEmptyStringsToNull.php(31): Illuminate\\Foundation\\Http\\Middleware\\TransformsRequest->handle()
#26 C:\\Users\\baxxe\\Documents\\Web2\\Stage\\mindful-journey-ui\\backend\\mindful-journey-back\\vendor\\laravel\\framework\\src\\Illuminate\\Pipeline\\Pipeline.php(208): Illuminate\\Foundation\\Http\\Middleware\\ConvertEmptyStringsToNull->handle()
#27 C:\\Users\\baxxe\\Documents\\Web2\\Stage\\mindful-journey-ui\\backend\\mindful-journey-back\\vendor\\laravel\\framework\\src\\Illuminate\\Foundation\\Http\\Middleware\\TransformsRequest.php(21): Illuminate\\Pipeline\\Pipeline->{closure:{closure:Illuminate\\Pipeline\\Pipeline::carry():183}:184}()
#28 C:\\Users\\baxxe\\Documents\\Web2\\Stage\\mindful-journey-ui\\backend\\mindful-journey-back\\vendor\\laravel\\framework\\src\\Illuminate\\Foundation\\Http\\Middleware\\TrimStrings.php(51): Illuminate\\Foundation\\Http\\Middleware\\TransformsRequest->handle()
#29 C:\\Users\\baxxe\\Documents\\Web2\\Stage\\mindful-journey-ui\\backend\\mindful-journey-back\\vendor\\laravel\\framework\\src\\Illuminate\\Pipeline\\Pipeline.php(208): Illuminate\\Foundation\\Http\\Middleware\\TrimStrings->handle()
#30 C:\\Users\\baxxe\\Documents\\Web2\\Stage\\mindful-journey-ui\\backend\\mindful-journey-back\\vendor\\laravel\\framework\\src\\Illuminate\\Http\\Middleware\\ValidatePostSize.php(27): Illuminate\\Pipeline\\Pipeline->{closure:{closure:Illuminate\\Pipeline\\Pipeline::carry():183}:184}()
#31 C:\\Users\\baxxe\\Documents\\Web2\\Stage\\mindful-journey-ui\\backend\\mindful-journey-back\\vendor\\laravel\\framework\\src\\Illuminate\\Pipeline\\Pipeline.php(208): Illuminate\\Http\\Middleware\\ValidatePostSize->handle()
#32 C:\\Users\\baxxe\\Documents\\Web2\\Stage\\mindful-journey-ui\\backend\\mindful-journey-back\\vendor\\laravel\\framework\\src\\Illuminate\\Foundation\\Http\\Middleware\\PreventRequestsDuringMaintenance.php(109): Illuminate\\Pipeline\\Pipeline->{closure:{closure:Illuminate\\Pipeline\\Pipeline::carry():183}:184}()
#33 C:\\Users\\baxxe\\Documents\\Web2\\Stage\\mindful-journey-ui\\backend\\mindful-journey-back\\vendor\\laravel\\framework\\src\\Illuminate\\Pipeline\\Pipeline.php(208): Illuminate\\Foundation\\Http\\Middleware\\PreventRequestsDuringMaintenance->handle()
#34 C:\\Users\\baxxe\\Documents\\Web2\\Stage\\mindful-journey-ui\\backend\\mindful-journey-back\\vendor\\laravel\\framework\\src\\Illuminate\\Http\\Middleware\\HandleCors.php(61): Illuminate\\Pipeline\\Pipeline->{closure:{closure:Illuminate\\Pipeline\\Pipeline::carry():183}:184}()
#35 C:\\Users\\baxxe\\Documents\\Web2\\Stage\\mindful-journey-ui\\backend\\mindful-journey-back\\vendor\\laravel\\framework\\src\\Illuminate\\Pipeline\\Pipeline.php(208): Illuminate\\Http\\Middleware\\HandleCors->handle()
#36 C:\\Users\\baxxe\\Documents\\Web2\\Stage\\mindful-journey-ui\\backend\\mindful-journey-back\\vendor\\laravel\\framework\\src\\Illuminate\\Http\\Middleware\\TrustProxies.php(58): Illuminate\\Pipeline\\Pipeline->{closure:{closure:Illuminate\\Pipeline\\Pipeline::carry():183}:184}()
#37 C:\\Users\\baxxe\\Documents\\Web2\\Stage\\mindful-journey-ui\\backend\\mindful-journey-back\\vendor\\laravel\\framework\\src\\Illuminate\\Pipeline\\Pipeline.php(208): Illuminate\\Http\\Middleware\\TrustProxies->handle()
#38 C:\\Users\\baxxe\\Documents\\Web2\\Stage\\mindful-journey-ui\\backend\\mindful-journey-back\\vendor\\laravel\\framework\\src\\Illuminate\\Foundation\\Http\\Middleware\\InvokeDeferredCallbacks.php(22): Illuminate\\Pipeline\\Pipeline->{closure:{closure:Illuminate\\Pipeline\\Pipeline::carry():183}:184}()
#39 C:\\Users\\baxxe\\Documents\\Web2\\Stage\\mindful-journey-ui\\backend\\mindful-journey-back\\vendor\\laravel\\framework\\src\\Illuminate\\Pipeline\\Pipeline.php(208): Illuminate\\Foundation\\Http\\Middleware\\InvokeDeferredCallbacks->handle()
#40 C:\\Users\\baxxe\\Documents\\Web2\\Stage\\mindful-journey-ui\\backend\\mindful-journey-back\\vendor\\laravel\\framework\\src\\Illuminate\\Http\\Middleware\\ValidatePathEncoding.php(26): Illuminate\\Pipeline\\Pipeline->{closure:{closure:Illuminate\\Pipeline\\Pipeline::carry():183}:184}()
#41 C:\\Users\\baxxe\\Documents\\Web2\\Stage\\mindful-journey-ui\\backend\\mindful-journey-back\\vendor\\laravel\\framework\\src\\Illuminate\\Pipeline\\Pipeline.php(208): Illuminate\\Http\\Middleware\\ValidatePathEncoding->handle()
#42 C:\\Users\\baxxe\\Documents\\Web2\\Stage\\mindful-journey-ui\\backend\\mindful-journey-back\\vendor\\laravel\\framework\\src\\Illuminate\\Pipeline\\Pipeline.php(126): Illuminate\\Pipeline\\Pipeline->{closure:{closure:Illuminate\\Pipeline\\Pipeline::carry():183}:184}()
#43 C:\\Users\\baxxe\\Documents\\Web2\\Stage\\mindful-journey-ui\\backend\\mindful-journey-back\\vendor\\laravel\\framework\\src\\Illuminate\\Foundation\\Http\\Kernel.php(175): Illuminate\\Pipeline\\Pipeline->then()
#44 C:\\Users\\baxxe\\Documents\\Web2\\Stage\\mindful-journey-ui\\backend\\mindful-journey-back\\vendor\\laravel\\framework\\src\\Illuminate\\Foundation\\Http\\Kernel.php(144): Illuminate\\Foundation\\Http\\Kernel->sendRequestThroughRouter()
#45 C:\\Users\\baxxe\\Documents\\Web2\\Stage\\mindful-journey-ui\\backend\\mindful-journey-back\\vendor\\laravel\\framework\\src\\Illuminate\\Foundation\\Application.php(1219): Illuminate\\Foundation\\Http\\Kernel->handle()
#46 C:\\Users\\baxxe\\Documents\\Web2\\Stage\\mindful-journey-ui\\backend\\mindful-journey-back\\public\\index.php(20): Illuminate\\Foundation\\Application->handleRequest()
#47 C:\\Users\\baxxe\\Documents\\Web2\\Stage\\mindful-journey-ui\\backend\\mindful-journey-back\\vendor\\laravel\\framework\\src\\Illuminate\\Foundation\\resources\\server.php(23): require_once('...')
#48 {main}
"} 
[2025-08-14 09:52:41] production.ERROR: No application encryption key has been specified. {"exception":"[object] (Illuminate\\Encryption\\MissingAppKeyException(code: 0): No application encryption key has been specified. at C:\\Users\\baxxe\\Documents\\Web2\\Stage\\mindful-journey-ui\\backend\\mindful-journey-back\\vendor\\laravel\\framework\\src\\Illuminate\\Encryption\\EncryptionServiceProvider.php:83)
[stacktrace]
#0 C:\\Users\\baxxe\\Documents\\Web2\\Stage\\mindful-journey-ui\\backend\\mindful-journey-back\\vendor\\laravel\\framework\\src\\Illuminate\\Support\\helpers.php(399): Illuminate\\Encryption\\EncryptionServiceProvider->{closure:Illuminate\\Encryption\\EncryptionServiceProvider::key():81}()
#1 C:\\Users\\baxxe\\Documents\\Web2\\Stage\\mindful-journey-ui\\backend\\mindful-journey-back\\vendor\\laravel\\framework\\src\\Illuminate\\Encryption\\EncryptionServiceProvider.php(81): tap()
#2 C:\\Users\\baxxe\\Documents\\Web2\\Stage\\mindful-journey-ui\\backend\\mindful-journey-back\\vendor\\laravel\\framework\\src\\Illuminate\\Encryption\\EncryptionServiceProvider.php(64): Illuminate\\Encryption\\EncryptionServiceProvider->key()
#3 C:\\Users\\baxxe\\Documents\\Web2\\Stage\\mindful-journey-ui\\backend\\mindful-journey-back\\vendor\\laravel\\framework\\src\\Illuminate\\Encryption\\EncryptionServiceProvider.php(32): Illuminate\\Encryption\\EncryptionServiceProvider->parseKey()
#4 C:\\Users\\baxxe\\Documents\\Web2\\Stage\\mindful-journey-ui\\backend\\mindful-journey-back\\vendor\\laravel\\framework\\src\\Illuminate\\Container\\Container.php(1036): Illuminate\\Encryption\\EncryptionServiceProvider->{closure:Illuminate\\Encryption\\EncryptionServiceProvider::registerEncrypter():29}()
#5 C:\\Users\\baxxe\\Documents\\Web2\\Stage\\mindful-journey-ui\\backend\\mindful-journey-back\\vendor\\laravel\\framework\\src\\Illuminate\\Container\\Container.php(916): Illuminate\\Container\\Container->build()
#6 C:\\Users\\baxxe\\Documents\\Web2\\Stage\\mindful-journey-ui\\backend\\mindful-journey-back\\vendor\\laravel\\framework\\src\\Illuminate\\Foundation\\Application.php(1077): Illuminate\\Container\\Container->resolve()
#7 C:\\Users\\baxxe\\Documents\\Web2\\Stage\\mindful-journey-ui\\backend\\mindful-journey-back\\vendor\\laravel\\framework\\src\\Illuminate\\Container\\Container.php(847): Illuminate\\Foundation\\Application->resolve()
#8 C:\\Users\\baxxe\\Documents\\Web2\\Stage\\mindful-journey-ui\\backend\\mindful-journey-back\\vendor\\laravel\\framework\\src\\Illuminate\\Foundation\\Application.php(1057): Illuminate\\Container\\Container->make()
#9 C:\\Users\\baxxe\\Documents\\Web2\\Stage\\mindful-journey-ui\\backend\\mindful-journey-back\\vendor\\laravel\\framework\\src\\Illuminate\\Container\\Container.php(1228): Illuminate\\Foundation\\Application->make()
#10 C:\\Users\\baxxe\\Documents\\Web2\\Stage\\mindful-journey-ui\\backend\\mindful-journey-back\\vendor\\laravel\\framework\\src\\Illuminate\\Container\\Container.php(1127): Illuminate\\Container\\Container->resolveClass()
#11 C:\\Users\\baxxe\\Documents\\Web2\\Stage\\mindful-journey-ui\\backend\\mindful-journey-back\\vendor\\laravel\\framework\\src\\Illuminate\\Container\\Container.php(1078): Illuminate\\Container\\Container->resolveDependencies()
#12 C:\\Users\\baxxe\\Documents\\Web2\\Stage\\mindful-journey-ui\\backend\\mindful-journey-back\\vendor\\laravel\\framework\\src\\Illuminate\\Container\\Container.php(916): Illuminate\\Container\\Container->build()
#13 C:\\Users\\baxxe\\Documents\\Web2\\Stage\\mindful-journey-ui\\backend\\mindful-journey-back\\vendor\\laravel\\framework\\src\\Illuminate\\Foundation\\Application.php(1077): Illuminate\\Container\\Container->resolve()
#14 C:\\Users\\baxxe\\Documents\\Web2\\Stage\\mindful-journey-ui\\backend\\mindful-journey-back\\vendor\\laravel\\framework\\src\\Illuminate\\Container\\Container.php(847): Illuminate\\Foundation\\Application->resolve()
#15 C:\\Users\\baxxe\\Documents\\Web2\\Stage\\mindful-journey-ui\\backend\\mindful-journey-back\\vendor\\laravel\\framework\\src\\Illuminate\\Foundation\\Application.php(1057): Illuminate\\Container\\Container->make()
#16 C:\\Users\\baxxe\\Documents\\Web2\\Stage\\mindful-journey-ui\\backend\\mindful-journey-back\\vendor\\laravel\\framework\\src\\Illuminate\\Foundation\\Http\\Kernel.php(257): Illuminate\\Foundation\\Application->make()
#17 C:\\Users\\baxxe\\Documents\\Web2\\Stage\\mindful-journey-ui\\backend\\mindful-journey-back\\vendor\\laravel\\framework\\src\\Illuminate\\Foundation\\Http\\Kernel.php(215): Illuminate\\Foundation\\Http\\Kernel->terminateMiddleware()
#18 C:\\Users\\baxxe\\Documents\\Web2\\Stage\\mindful-journey-ui\\backend\\mindful-journey-back\\vendor\\laravel\\framework\\src\\Illuminate\\Foundation\\Application.php(1221): Illuminate\\Foundation\\Http\\Kernel->terminate()
#19 C:\\Users\\baxxe\\Documents\\Web2\\Stage\\mindful-journey-ui\\backend\\mindful-journey-back\\public\\index.php(20): Illuminate\\Foundation\\Application->handleRequest()
#20 C:\\Users\\baxxe\\Documents\\Web2\\Stage\\mindful-journey-ui\\backend\\mindful-journey-back\\vendor\\laravel\\framework\\src\\Illuminate\\Foundation\\resources\\server.php(23): require_once('...')
#21 {main}
"} 
[2025-08-14 09:52:41] production.ERROR: Database file at path [C:\Users\baxxe\Documents\Web2\Stage\mindful-journey-ui\backend\mindful-journey-back\database\database.sqlite] does not exist. Ensure this is an absolute path to the database. (Connection: sqlite, SQL: select * from "users" where "email" = bax@gmail.com limit 1) {"exception":"[object] (Illuminate\\Database\\QueryException(code: 0): Database file at path [C:\\Users\\baxxe\\Documents\\Web2\\Stage\\mindful-journey-ui\\backend\\mindful-journey-back\\database\\database.sqlite] does not exist. Ensure this is an absolute path to the database. (Connection: sqlite, SQL: select * from \"users\" where \"email\" = bax@gmail.com limit 1) at C:\\Users\\baxxe\\Documents\\Web2\\Stage\\mindful-journey-ui\\backend\\mindful-journey-back\\vendor\\laravel\\framework\\src\\Illuminate\\Database\\Connection.php:824)
[stacktrace]
#0 C:\\Users\\baxxe\\Documents\\Web2\\Stage\\mindful-journey-ui\\backend\\mindful-journey-back\\vendor\\laravel\\framework\\src\\Illuminate\\Database\\Connection.php(778): Illuminate\\Database\\Connection->runQueryCallback()
#1 C:\\Users\\baxxe\\Documents\\Web2\\Stage\\mindful-journey-ui\\backend\\mindful-journey-back\\vendor\\laravel\\framework\\src\\Illuminate\\Database\\Connection.php(397): Illuminate\\Database\\Connection->run()
#2 C:\\Users\\baxxe\\Documents\\Web2\\Stage\\mindful-journey-ui\\backend\\mindful-journey-back\\vendor\\laravel\\framework\\src\\Illuminate\\Database\\Query\\Builder.php(3188): Illuminate\\Database\\Connection->select()
#3 C:\\Users\\baxxe\\Documents\\Web2\\Stage\\mindful-journey-ui\\backend\\mindful-journey-back\\vendor\\laravel\\framework\\src\\Illuminate\\Database\\Query\\Builder.php(3173): Illuminate\\Database\\Query\\Builder->runSelect()
#4 C:\\Users\\baxxe\\Documents\\Web2\\Stage\\mindful-journey-ui\\backend\\mindful-journey-back\\vendor\\laravel\\framework\\src\\Illuminate\\Database\\Query\\Builder.php(3763): Illuminate\\Database\\Query\\Builder->{closure:Illuminate\\Database\\Query\\Builder::get():3172}()
#5 C:\\Users\\baxxe\\Documents\\Web2\\Stage\\mindful-journey-ui\\backend\\mindful-journey-back\\vendor\\laravel\\framework\\src\\Illuminate\\Database\\Query\\Builder.php(3172): Illuminate\\Database\\Query\\Builder->onceWithColumns()
#6 C:\\Users\\baxxe\\Documents\\Web2\\Stage\\mindful-journey-ui\\backend\\mindful-journey-back\\vendor\\laravel\\framework\\src\\Illuminate\\Database\\Eloquent\\Builder.php(872): Illuminate\\Database\\Query\\Builder->get()
#7 C:\\Users\\baxxe\\Documents\\Web2\\Stage\\mindful-journey-ui\\backend\\mindful-journey-back\\vendor\\laravel\\framework\\src\\Illuminate\\Database\\Eloquent\\Builder.php(854): Illuminate\\Database\\Eloquent\\Builder->getModels()
#8 C:\\Users\\baxxe\\Documents\\Web2\\Stage\\mindful-journey-ui\\backend\\mindful-journey-back\\vendor\\laravel\\framework\\src\\Illuminate\\Database\\Concerns\\BuildsQueries.php(366): Illuminate\\Database\\Eloquent\\Builder->get()
#9 C:\\Users\\baxxe\\Documents\\Web2\\Stage\\mindful-journey-ui\\backend\\mindful-journey-back\\app\\Http\\Controllers\\Api\\AuthController.php(53): Illuminate\\Database\\Eloquent\\Builder->first()
#10 C:\\Users\\baxxe\\Documents\\Web2\\Stage\\mindful-journey-ui\\backend\\mindful-journey-back\\vendor\\laravel\\framework\\src\\Illuminate\\Routing\\ControllerDispatcher.php(46): App\\Http\\Controllers\\Api\\AuthController->login()
#11 C:\\Users\\baxxe\\Documents\\Web2\\Stage\\mindful-journey-ui\\backend\\mindful-journey-back\\vendor\\laravel\\framework\\src\\Illuminate\\Routing\\Route.php(265): Illuminate\\Routing\\ControllerDispatcher->dispatch()
#12 C:\\Users\\baxxe\\Documents\\Web2\\Stage\\mindful-journey-ui\\backend\\mindful-journey-back\\vendor\\laravel\\framework\\src\\Illuminate\\Routing\\Route.php(211): Illuminate\\Routing\\Route->runController()
#13 C:\\Users\\baxxe\\Documents\\Web2\\Stage\\mindful-journey-ui\\backend\\mindful-journey-back\\vendor\\laravel\\framework\\src\\Illuminate\\Routing\\Router.php(808): Illuminate\\Routing\\Route->run()
#14 C:\\Users\\baxxe\\Documents\\Web2\\Stage\\mindful-journey-ui\\backend\\mindful-journey-back\\vendor\\laravel\\framework\\src\\Illuminate\\Pipeline\\Pipeline.php(169): Illuminate\\Routing\\Router->{closure:Illuminate\\Routing\\Router::runRouteWithinStack():807}()
#15 C:\\Users\\baxxe\\Documents\\Web2\\Stage\\mindful-journey-ui\\backend\\mindful-journey-back\\vendor\\laravel\\framework\\src\\Illuminate\\Routing\\Middleware\\SubstituteBindings.php(50): Illuminate\\Pipeline\\Pipeline->{closure:Illuminate\\Pipeline\\Pipeline::prepareDestination():167}()
#16 C:\\Users\\baxxe\\Documents\\Web2\\Stage\\mindful-journey-ui\\backend\\mindful-journey-back\\vendor\\laravel\\framework\\src\\Illuminate\\Pipeline\\Pipeline.php(208): Illuminate\\Routing\\Middleware\\SubstituteBindings->handle()
#17 C:\\Users\\baxxe\\Documents\\Web2\\Stage\\mindful-journey-ui\\backend\\mindful-journey-back\\vendor\\laravel\\framework\\src\\Illuminate\\Pipeline\\Pipeline.php(126): Illuminate\\Pipeline\\Pipeline->{closure:{closure:Illuminate\\Pipeline\\Pipeline::carry():183}:184}()
#18 C:\\Users\\baxxe\\Documents\\Web2\\Stage\\mindful-journey-ui\\backend\\mindful-journey-back\\vendor\\laravel\\framework\\src\\Illuminate\\Routing\\Router.php(807): Illuminate\\Pipeline\\Pipeline->then()
#19 C:\\Users\\baxxe\\Documents\\Web2\\Stage\\mindful-journey-ui\\backend\\mindful-journey-back\\vendor\\laravel\\framework\\src\\Illuminate\\Routing\\Router.php(786): Illuminate\\Routing\\Router->runRouteWithinStack()
#20 C:\\Users\\baxxe\\Documents\\Web2\\Stage\\mindful-journey-ui\\backend\\mindful-journey-back\\vendor\\laravel\\framework\\src\\Illuminate\\Routing\\Router.php(750): Illuminate\\Routing\\Router->runRoute()
#21 C:\\Users\\baxxe\\Documents\\Web2\\Stage\\mindful-journey-ui\\backend\\mindful-journey-back\\vendor\\laravel\\framework\\src\\Illuminate\\Routing\\Router.php(739): Illuminate\\Routing\\Router->dispatchToRoute()
#22 C:\\Users\\baxxe\\Documents\\Web2\\Stage\\mindful-journey-ui\\backend\\mindful-journey-back\\vendor\\laravel\\framework\\src\\Illuminate\\Foundation\\Http\\Kernel.php(200): Illuminate\\Routing\\Router->dispatch()
#23 C:\\Users\\baxxe\\Documents\\Web2\\Stage\\mindful-journey-ui\\backend\\mindful-journey-back\\vendor\\laravel\\framework\\src\\Illuminate\\Pipeline\\Pipeline.php(169): Illuminate\\Foundation\\Http\\Kernel->{closure:Illuminate\\Foundation\\Http\\Kernel::dispatchToRouter():197}()
#24 C:\\Users\\baxxe\\Documents\\Web2\\Stage\\mindful-journey-ui\\backend\\mindful-journey-back\\vendor\\laravel\\framework\\src\\Illuminate\\Foundation\\Http\\Middleware\\TransformsRequest.php(21): Illuminate\\Pipeline\\Pipeline->{closure:Illuminate\\Pipeline\\Pipeline::prepareDestination():167}()
#25 C:\\Users\\baxxe\\Documents\\Web2\\Stage\\mindful-journey-ui\\backend\\mindful-journey-back\\vendor\\laravel\\framework\\src\\Illuminate\\Foundation\\Http\\Middleware\\ConvertEmptyStringsToNull.php(31): Illuminate\\Foundation\\Http\\Middleware\\TransformsRequest->handle()
#26 C:\\Users\\baxxe\\Documents\\Web2\\Stage\\mindful-journey-ui\\backend\\mindful-journey-back\\vendor\\laravel\\framework\\src\\Illuminate\\Pipeline\\Pipeline.php(208): Illuminate\\Foundation\\Http\\Middleware\\ConvertEmptyStringsToNull->handle()
#27 C:\\Users\\baxxe\\Documents\\Web2\\Stage\\mindful-journey-ui\\backend\\mindful-journey-back\\vendor\\laravel\\framework\\src\\Illuminate\\Foundation\\Http\\Middleware\\TransformsRequest.php(21): Illuminate\\Pipeline\\Pipeline->{closure:{closure:Illuminate\\Pipeline\\Pipeline::carry():183}:184}()
#28 C:\\Users\\baxxe\\Documents\\Web2\\Stage\\mindful-journey-ui\\backend\\mindful-journey-back\\vendor\\laravel\\framework\\src\\Illuminate\\Foundation\\Http\\Middleware\\TrimStrings.php(51): Illuminate\\Foundation\\Http\\Middleware\\TransformsRequest->handle()
#29 C:\\Users\\baxxe\\Documents\\Web2\\Stage\\mindful-journey-ui\\backend\\mindful-journey-back\\vendor\\laravel\\framework\\src\\Illuminate\\Pipeline\\Pipeline.php(208): Illuminate\\Foundation\\Http\\Middleware\\TrimStrings->handle()
#30 C:\\Users\\baxxe\\Documents\\Web2\\Stage\\mindful-journey-ui\\backend\\mindful-journey-back\\vendor\\laravel\\framework\\src\\Illuminate\\Http\\Middleware\\ValidatePostSize.php(27): Illuminate\\Pipeline\\Pipeline->{closure:{closure:Illuminate\\Pipeline\\Pipeline::carry():183}:184}()
#31 C:\\Users\\baxxe\\Documents\\Web2\\Stage\\mindful-journey-ui\\backend\\mindful-journey-back\\vendor\\laravel\\framework\\src\\Illuminate\\Pipeline\\Pipeline.php(208): Illuminate\\Http\\Middleware\\ValidatePostSize->handle()
#32 C:\\Users\\baxxe\\Documents\\Web2\\Stage\\mindful-journey-ui\\backend\\mindful-journey-back\\vendor\\laravel\\framework\\src\\Illuminate\\Foundation\\Http\\Middleware\\PreventRequestsDuringMaintenance.php(109): Illuminate\\Pipeline\\Pipeline->{closure:{closure:Illuminate\\Pipeline\\Pipeline::carry():183}:184}()
#33 C:\\Users\\baxxe\\Documents\\Web2\\Stage\\mindful-journey-ui\\backend\\mindful-journey-back\\vendor\\laravel\\framework\\src\\Illuminate\\Pipeline\\Pipeline.php(208): Illuminate\\Foundation\\Http\\Middleware\\PreventRequestsDuringMaintenance->handle()
#34 C:\\Users\\baxxe\\Documents\\Web2\\Stage\\mindful-journey-ui\\backend\\mindful-journey-back\\vendor\\laravel\\framework\\src\\Illuminate\\Http\\Middleware\\HandleCors.php(61): Illuminate\\Pipeline\\Pipeline->{closure:{closure:Illuminate\\Pipeline\\Pipeline::carry():183}:184}()
#35 C:\\Users\\baxxe\\Documents\\Web2\\Stage\\mindful-journey-ui\\backend\\mindful-journey-back\\vendor\\laravel\\framework\\src\\Illuminate\\Pipeline\\Pipeline.php(208): Illuminate\\Http\\Middleware\\HandleCors->handle()
#36 C:\\Users\\baxxe\\Documents\\Web2\\Stage\\mindful-journey-ui\\backend\\mindful-journey-back\\vendor\\laravel\\framework\\src\\Illuminate\\Http\\Middleware\\TrustProxies.php(58): Illuminate\\Pipeline\\Pipeline->{closure:{closure:Illuminate\\Pipeline\\Pipeline::carry():183}:184}()
#37 C:\\Users\\baxxe\\Documents\\Web2\\Stage\\mindful-journey-ui\\backend\\mindful-journey-back\\vendor\\laravel\\framework\\src\\Illuminate\\Pipeline\\Pipeline.php(208): Illuminate\\Http\\Middleware\\TrustProxies->handle()
#38 C:\\Users\\baxxe\\Documents\\Web2\\Stage\\mindful-journey-ui\\backend\\mindful-journey-back\\vendor\\laravel\\framework\\src\\Illuminate\\Foundation\\Http\\Middleware\\InvokeDeferredCallbacks.php(22): Illuminate\\Pipeline\\Pipeline->{closure:{closure:Illuminate\\Pipeline\\Pipeline::carry():183}:184}()
#39 C:\\Users\\baxxe\\Documents\\Web2\\Stage\\mindful-journey-ui\\backend\\mindful-journey-back\\vendor\\laravel\\framework\\src\\Illuminate\\Pipeline\\Pipeline.php(208): Illuminate\\Foundation\\Http\\Middleware\\InvokeDeferredCallbacks->handle()
#40 C:\\Users\\baxxe\\Documents\\Web2\\Stage\\mindful-journey-ui\\backend\\mindful-journey-back\\vendor\\laravel\\framework\\src\\Illuminate\\Http\\Middleware\\ValidatePathEncoding.php(26): Illuminate\\Pipeline\\Pipeline->{closure:{closure:Illuminate\\Pipeline\\Pipeline::carry():183}:184}()
#41 C:\\Users\\baxxe\\Documents\\Web2\\Stage\\mindful-journey-ui\\backend\\mindful-journey-back\\vendor\\laravel\\framework\\src\\Illuminate\\Pipeline\\Pipeline.php(208): Illuminate\\Http\\Middleware\\ValidatePathEncoding->handle()
#42 C:\\Users\\baxxe\\Documents\\Web2\\Stage\\mindful-journey-ui\\backend\\mindful-journey-back\\vendor\\laravel\\framework\\src\\Illuminate\\Pipeline\\Pipeline.php(126): Illuminate\\Pipeline\\Pipeline->{closure:{closure:Illuminate\\Pipeline\\Pipeline::carry():183}:184}()
#43 C:\\Users\\baxxe\\Documents\\Web2\\Stage\\mindful-journey-ui\\backend\\mindful-journey-back\\vendor\\laravel\\framework\\src\\Illuminate\\Foundation\\Http\\Kernel.php(175): Illuminate\\Pipeline\\Pipeline->then()
#44 C:\\Users\\baxxe\\Documents\\Web2\\Stage\\mindful-journey-ui\\backend\\mindful-journey-back\\vendor\\laravel\\framework\\src\\Illuminate\\Foundation\\Http\\Kernel.php(144): Illuminate\\Foundation\\Http\\Kernel->sendRequestThroughRouter()
#45 C:\\Users\\baxxe\\Documents\\Web2\\Stage\\mindful-journey-ui\\backend\\mindful-journey-back\\vendor\\laravel\\framework\\src\\Illuminate\\Foundation\\Application.php(1219): Illuminate\\Foundation\\Http\\Kernel->handle()
#46 C:\\Users\\baxxe\\Documents\\Web2\\Stage\\mindful-journey-ui\\backend\\mindful-journey-back\\public\\index.php(20): Illuminate\\Foundation\\Application->handleRequest()
#47 C:\\Users\\baxxe\\Documents\\Web2\\Stage\\mindful-journey-ui\\backend\\mindful-journey-back\\vendor\\laravel\\framework\\src\\Illuminate\\Foundation\\resources\\server.php(23): require_once('...')
#48 {main}

[previous exception] [object] (Illuminate\\Database\\SQLiteDatabaseDoesNotExistException(code: 0): Database file at path [C:\\Users\\baxxe\\Documents\\Web2\\Stage\\mindful-journey-ui\\backend\\mindful-journey-back\\database\\database.sqlite] does not exist. Ensure this is an absolute path to the database. at C:\\Users\\baxxe\\Documents\\Web2\\Stage\\mindful-journey-ui\\backend\\mindful-journey-back\\vendor\\laravel\\framework\\src\\Illuminate\\Database\\Connectors\\SQLiteConnector.php:59)
[stacktrace]
#0 C:\\Users\\baxxe\\Documents\\Web2\\Stage\\mindful-journey-ui\\backend\\mindful-journey-back\\vendor\\laravel\\framework\\src\\Illuminate\\Database\\Connectors\\SQLiteConnector.php(19): Illuminate\\Database\\Connectors\\SQLiteConnector->parseDatabasePath()
#1 C:\\Users\\baxxe\\Documents\\Web2\\Stage\\mindful-journey-ui\\backend\\mindful-journey-back\\vendor\\laravel\\framework\\src\\Illuminate\\Database\\Connectors\\ConnectionFactory.php(223): Illuminate\\Database\\Connectors\\SQLiteConnector->connect()
#2 [internal function]: Illuminate\\Database\\Connectors\\ConnectionFactory->{closure:Illuminate\\Database\\Connectors\\ConnectionFactory::createPdoResolverWithoutHosts():223}()
#3 C:\\Users\\baxxe\\Documents\\Web2\\Stage\\mindful-journey-ui\\backend\\mindful-journey-back\\vendor\\laravel\\framework\\src\\Illuminate\\Database\\Connection.php(1230): call_user_func()
#4 C:\\Users\\baxxe\\Documents\\Web2\\Stage\\mindful-journey-ui\\backend\\mindful-journey-back\\vendor\\laravel\\framework\\src\\Illuminate\\Database\\Connection.php(1266): Illuminate\\Database\\Connection->getPdo()
#5 C:\\Users\\baxxe\\Documents\\Web2\\Stage\\mindful-journey-ui\\backend\\mindful-journey-back\\vendor\\laravel\\framework\\src\\Illuminate\\Database\\Connection.php(511): Illuminate\\Database\\Connection->getReadPdo()
#6 C:\\Users\\baxxe\\Documents\\Web2\\Stage\\mindful-journey-ui\\backend\\mindful-journey-back\\vendor\\laravel\\framework\\src\\Illuminate\\Database\\Connection.php(406): Illuminate\\Database\\Connection->getPdoForSelect()
#7 C:\\Users\\baxxe\\Documents\\Web2\\Stage\\mindful-journey-ui\\backend\\mindful-journey-back\\vendor\\laravel\\framework\\src\\Illuminate\\Database\\Connection.php(811): Illuminate\\Database\\Connection->{closure:Illuminate\\Database\\Connection::select():397}()
#8 C:\\Users\\baxxe\\Documents\\Web2\\Stage\\mindful-journey-ui\\backend\\mindful-journey-back\\vendor\\laravel\\framework\\src\\Illuminate\\Database\\Connection.php(778): Illuminate\\Database\\Connection->runQueryCallback()
#9 C:\\Users\\baxxe\\Documents\\Web2\\Stage\\mindful-journey-ui\\backend\\mindful-journey-back\\vendor\\laravel\\framework\\src\\Illuminate\\Database\\Connection.php(397): Illuminate\\Database\\Connection->run()
#10 C:\\Users\\baxxe\\Documents\\Web2\\Stage\\mindful-journey-ui\\backend\\mindful-journey-back\\vendor\\laravel\\framework\\src\\Illuminate\\Database\\Query\\Builder.php(3188): Illuminate\\Database\\Connection->select()
#11 C:\\Users\\baxxe\\Documents\\Web2\\Stage\\mindful-journey-ui\\backend\\mindful-journey-back\\vendor\\laravel\\framework\\src\\Illuminate\\Database\\Query\\Builder.php(3173): Illuminate\\Database\\Query\\Builder->runSelect()
#12 C:\\Users\\baxxe\\Documents\\Web2\\Stage\\mindful-journey-ui\\backend\\mindful-journey-back\\vendor\\laravel\\framework\\src\\Illuminate\\Database\\Query\\Builder.php(3763): Illuminate\\Database\\Query\\Builder->{closure:Illuminate\\Database\\Query\\Builder::get():3172}()
#13 C:\\Users\\baxxe\\Documents\\Web2\\Stage\\mindful-journey-ui\\backend\\mindful-journey-back\\vendor\\laravel\\framework\\src\\Illuminate\\Database\\Query\\Builder.php(3172): Illuminate\\Database\\Query\\Builder->onceWithColumns()
#14 C:\\Users\\baxxe\\Documents\\Web2\\Stage\\mindful-journey-ui\\backend\\mindful-journey-back\\vendor\\laravel\\framework\\src\\Illuminate\\Database\\Eloquent\\Builder.php(872): Illuminate\\Database\\Query\\Builder->get()
#15 C:\\Users\\baxxe\\Documents\\Web2\\Stage\\mindful-journey-ui\\backend\\mindful-journey-back\\vendor\\laravel\\framework\\src\\Illuminate\\Database\\Eloquent\\Builder.php(854): Illuminate\\Database\\Eloquent\\Builder->getModels()
#16 C:\\Users\\baxxe\\Documents\\Web2\\Stage\\mindful-journey-ui\\backend\\mindful-journey-back\\vendor\\laravel\\framework\\src\\Illuminate\\Database\\Concerns\\BuildsQueries.php(366): Illuminate\\Database\\Eloquent\\Builder->get()
#17 C:\\Users\\baxxe\\Documents\\Web2\\Stage\\mindful-journey-ui\\backend\\mindful-journey-back\\app\\Http\\Controllers\\Api\\AuthController.php(53): Illuminate\\Database\\Eloquent\\Builder->first()
#18 C:\\Users\\baxxe\\Documents\\Web2\\Stage\\mindful-journey-ui\\backend\\mindful-journey-back\\vendor\\laravel\\framework\\src\\Illuminate\\Routing\\ControllerDispatcher.php(46): App\\Http\\Controllers\\Api\\AuthController->login()
#19 C:\\Users\\baxxe\\Documents\\Web2\\Stage\\mindful-journey-ui\\backend\\mindful-journey-back\\vendor\\laravel\\framework\\src\\Illuminate\\Routing\\Route.php(265): Illuminate\\Routing\\ControllerDispatcher->dispatch()
#20 C:\\Users\\baxxe\\Documents\\Web2\\Stage\\mindful-journey-ui\\backend\\mindful-journey-back\\vendor\\laravel\\framework\\src\\Illuminate\\Routing\\Route.php(211): Illuminate\\Routing\\Route->runController()
#21 C:\\Users\\baxxe\\Documents\\Web2\\Stage\\mindful-journey-ui\\backend\\mindful-journey-back\\vendor\\laravel\\framework\\src\\Illuminate\\Routing\\Router.php(808): Illuminate\\Routing\\Route->run()
#22 C:\\Users\\baxxe\\Documents\\Web2\\Stage\\mindful-journey-ui\\backend\\mindful-journey-back\\vendor\\laravel\\framework\\src\\Illuminate\\Pipeline\\Pipeline.php(169): Illuminate\\Routing\\Router->{closure:Illuminate\\Routing\\Router::runRouteWithinStack():807}()
#23 C:\\Users\\baxxe\\Documents\\Web2\\Stage\\mindful-journey-ui\\backend\\mindful-journey-back\\vendor\\laravel\\framework\\src\\Illuminate\\Routing\\Middleware\\SubstituteBindings.php(50): Illuminate\\Pipeline\\Pipeline->{closure:Illuminate\\Pipeline\\Pipeline::prepareDestination():167}()
#24 C:\\Users\\baxxe\\Documents\\Web2\\Stage\\mindful-journey-ui\\backend\\mindful-journey-back\\vendor\\laravel\\framework\\src\\Illuminate\\Pipeline\\Pipeline.php(208): Illuminate\\Routing\\Middleware\\SubstituteBindings->handle()
#25 C:\\Users\\baxxe\\Documents\\Web2\\Stage\\mindful-journey-ui\\backend\\mindful-journey-back\\vendor\\laravel\\framework\\src\\Illuminate\\Pipeline\\Pipeline.php(126): Illuminate\\Pipeline\\Pipeline->{closure:{closure:Illuminate\\Pipeline\\Pipeline::carry():183}:184}()
#26 C:\\Users\\baxxe\\Documents\\Web2\\Stage\\mindful-journey-ui\\backend\\mindful-journey-back\\vendor\\laravel\\framework\\src\\Illuminate\\Routing\\Router.php(807): Illuminate\\Pipeline\\Pipeline->then()
#27 C:\\Users\\baxxe\\Documents\\Web2\\Stage\\mindful-journey-ui\\backend\\mindful-journey-back\\vendor\\laravel\\framework\\src\\Illuminate\\Routing\\Router.php(786): Illuminate\\Routing\\Router->runRouteWithinStack()
#28 C:\\Users\\baxxe\\Documents\\Web2\\Stage\\mindful-journey-ui\\backend\\mindful-journey-back\\vendor\\laravel\\framework\\src\\Illuminate\\Routing\\Router.php(750): Illuminate\\Routing\\Router->runRoute()
#29 C:\\Users\\baxxe\\Documents\\Web2\\Stage\\mindful-journey-ui\\backend\\mindful-journey-back\\vendor\\laravel\\framework\\src\\Illuminate\\Routing\\Router.php(739): Illuminate\\Routing\\Router->dispatchToRoute()
#30 C:\\Users\\baxxe\\Documents\\Web2\\Stage\\mindful-journey-ui\\backend\\mindful-journey-back\\vendor\\laravel\\framework\\src\\Illuminate\\Foundation\\Http\\Kernel.php(200): Illuminate\\Routing\\Router->dispatch()
#31 C:\\Users\\baxxe\\Documents\\Web2\\Stage\\mindful-journey-ui\\backend\\mindful-journey-back\\vendor\\laravel\\framework\\src\\Illuminate\\Pipeline\\Pipeline.php(169): Illuminate\\Foundation\\Http\\Kernel->{closure:Illuminate\\Foundation\\Http\\Kernel::dispatchToRouter():197}()
#32 C:\\Users\\baxxe\\Documents\\Web2\\Stage\\mindful-journey-ui\\backend\\mindful-journey-back\\vendor\\laravel\\framework\\src\\Illuminate\\Foundation\\Http\\Middleware\\TransformsRequest.php(21): Illuminate\\Pipeline\\Pipeline->{closure:Illuminate\\Pipeline\\Pipeline::prepareDestination():167}()
#33 C:\\Users\\baxxe\\Documents\\Web2\\Stage\\mindful-journey-ui\\backend\\mindful-journey-back\\vendor\\laravel\\framework\\src\\Illuminate\\Foundation\\Http\\Middleware\\ConvertEmptyStringsToNull.php(31): Illuminate\\Foundation\\Http\\Middleware\\TransformsRequest->handle()
#34 C:\\Users\\baxxe\\Documents\\Web2\\Stage\\mindful-journey-ui\\backend\\mindful-journey-back\\vendor\\laravel\\framework\\src\\Illuminate\\Pipeline\\Pipeline.php(208): Illuminate\\Foundation\\Http\\Middleware\\ConvertEmptyStringsToNull->handle()
#35 C:\\Users\\baxxe\\Documents\\Web2\\Stage\\mindful-journey-ui\\backend\\mindful-journey-back\\vendor\\laravel\\framework\\src\\Illuminate\\Foundation\\Http\\Middleware\\TransformsRequest.php(21): Illuminate\\Pipeline\\Pipeline->{closure:{closure:Illuminate\\Pipeline\\Pipeline::carry():183}:184}()
#36 C:\\Users\\baxxe\\Documents\\Web2\\Stage\\mindful-journey-ui\\backend\\mindful-journey-back\\vendor\\laravel\\framework\\src\\Illuminate\\Foundation\\Http\\Middleware\\TrimStrings.php(51): Illuminate\\Foundation\\Http\\Middleware\\TransformsRequest->handle()
#37 C:\\Users\\baxxe\\Documents\\Web2\\Stage\\mindful-journey-ui\\backend\\mindful-journey-back\\vendor\\laravel\\framework\\src\\Illuminate\\Pipeline\\Pipeline.php(208): Illuminate\\Foundation\\Http\\Middleware\\TrimStrings->handle()
#38 C:\\Users\\baxxe\\Documents\\Web2\\Stage\\mindful-journey-ui\\backend\\mindful-journey-back\\vendor\\laravel\\framework\\src\\Illuminate\\Http\\Middleware\\ValidatePostSize.php(27): Illuminate\\Pipeline\\Pipeline->{closure:{closure:Illuminate\\Pipeline\\Pipeline::carry():183}:184}()
#39 C:\\Users\\baxxe\\Documents\\Web2\\Stage\\mindful-journey-ui\\backend\\mindful-journey-back\\vendor\\laravel\\framework\\src\\Illuminate\\Pipeline\\Pipeline.php(208): Illuminate\\Http\\Middleware\\ValidatePostSize->handle()
#40 C:\\Users\\baxxe\\Documents\\Web2\\Stage\\mindful-journey-ui\\backend\\mindful-journey-back\\vendor\\laravel\\framework\\src\\Illuminate\\Foundation\\Http\\Middleware\\PreventRequestsDuringMaintenance.php(109): Illuminate\\Pipeline\\Pipeline->{closure:{closure:Illuminate\\Pipeline\\Pipeline::carry():183}:184}()
#41 C:\\Users\\baxxe\\Documents\\Web2\\Stage\\mindful-journey-ui\\backend\\mindful-journey-back\\vendor\\laravel\\framework\\src\\Illuminate\\Pipeline\\Pipeline.php(208): Illuminate\\Foundation\\Http\\Middleware\\PreventRequestsDuringMaintenance->handle()
#42 C:\\Users\\baxxe\\Documents\\Web2\\Stage\\mindful-journey-ui\\backend\\mindful-journey-back\\vendor\\laravel\\framework\\src\\Illuminate\\Http\\Middleware\\HandleCors.php(61): Illuminate\\Pipeline\\Pipeline->{closure:{closure:Illuminate\\Pipeline\\Pipeline::carry():183}:184}()
#43 C:\\Users\\baxxe\\Documents\\Web2\\Stage\\mindful-journey-ui\\backend\\mindful-journey-back\\vendor\\laravel\\framework\\src\\Illuminate\\Pipeline\\Pipeline.php(208): Illuminate\\Http\\Middleware\\HandleCors->handle()
#44 C:\\Users\\baxxe\\Documents\\Web2\\Stage\\mindful-journey-ui\\backend\\mindful-journey-back\\vendor\\laravel\\framework\\src\\Illuminate\\Http\\Middleware\\TrustProxies.php(58): Illuminate\\Pipeline\\Pipeline->{closure:{closure:Illuminate\\Pipeline\\Pipeline::carry():183}:184}()
#45 C:\\Users\\baxxe\\Documents\\Web2\\Stage\\mindful-journey-ui\\backend\\mindful-journey-back\\vendor\\laravel\\framework\\src\\Illuminate\\Pipeline\\Pipeline.php(208): Illuminate\\Http\\Middleware\\TrustProxies->handle()
#46 C:\\Users\\baxxe\\Documents\\Web2\\Stage\\mindful-journey-ui\\backend\\mindful-journey-back\\vendor\\laravel\\framework\\src\\Illuminate\\Foundation\\Http\\Middleware\\InvokeDeferredCallbacks.php(22): Illuminate\\Pipeline\\Pipeline->{closure:{closure:Illuminate\\Pipeline\\Pipeline::carry():183}:184}()
#47 C:\\Users\\baxxe\\Documents\\Web2\\Stage\\mindful-journey-ui\\backend\\mindful-journey-back\\vendor\\laravel\\framework\\src\\Illuminate\\Pipeline\\Pipeline.php(208): Illuminate\\Foundation\\Http\\Middleware\\InvokeDeferredCallbacks->handle()
#48 C:\\Users\\baxxe\\Documents\\Web2\\Stage\\mindful-journey-ui\\backend\\mindful-journey-back\\vendor\\laravel\\framework\\src\\Illuminate\\Http\\Middleware\\ValidatePathEncoding.php(26): Illuminate\\Pipeline\\Pipeline->{closure:{closure:Illuminate\\Pipeline\\Pipeline::carry():183}:184}()
#49 C:\\Users\\baxxe\\Documents\\Web2\\Stage\\mindful-journey-ui\\backend\\mindful-journey-back\\vendor\\laravel\\framework\\src\\Illuminate\\Pipeline\\Pipeline.php(208): Illuminate\\Http\\Middleware\\ValidatePathEncoding->handle()
#50 C:\\Users\\baxxe\\Documents\\Web2\\Stage\\mindful-journey-ui\\backend\\mindful-journey-back\\vendor\\laravel\\framework\\src\\Illuminate\\Pipeline\\Pipeline.php(126): Illuminate\\Pipeline\\Pipeline->{closure:{closure:Illuminate\\Pipeline\\Pipeline::carry():183}:184}()
#51 C:\\Users\\baxxe\\Documents\\Web2\\Stage\\mindful-journey-ui\\backend\\mindful-journey-back\\vendor\\laravel\\framework\\src\\Illuminate\\Foundation\\Http\\Kernel.php(175): Illuminate\\Pipeline\\Pipeline->then()
#52 C:\\Users\\baxxe\\Documents\\Web2\\Stage\\mindful-journey-ui\\backend\\mindful-journey-back\\vendor\\laravel\\framework\\src\\Illuminate\\Foundation\\Http\\Kernel.php(144): Illuminate\\Foundation\\Http\\Kernel->sendRequestThroughRouter()
#53 C:\\Users\\baxxe\\Documents\\Web2\\Stage\\mindful-journey-ui\\backend\\mindful-journey-back\\vendor\\laravel\\framework\\src\\Illuminate\\Foundation\\Application.php(1219): Illuminate\\Foundation\\Http\\Kernel->handle()
#54 C:\\Users\\baxxe\\Documents\\Web2\\Stage\\mindful-journey-ui\\backend\\mindful-journey-back\\public\\index.php(20): Illuminate\\Foundation\\Application->handleRequest()
#55 C:\\Users\\baxxe\\Documents\\Web2\\Stage\\mindful-journey-ui\\backend\\mindful-journey-back\\vendor\\laravel\\framework\\src\\Illuminate\\Foundation\\resources\\server.php(23): require_once('...')
#56 {main}
"} 
[2025-08-14 09:53:35] production.ERROR: No application encryption key has been specified. {"exception":"[object] (Illuminate\\Encryption\\MissingAppKeyException(code: 0): No application encryption key has been specified. at C:\\Users\\baxxe\\Documents\\Web2\\Stage\\mindful-journey-ui\\backend\\mindful-journey-back\\vendor\\laravel\\framework\\src\\Illuminate\\Encryption\\EncryptionServiceProvider.php:83)
[stacktrace]
#0 C:\\Users\\baxxe\\Documents\\Web2\\Stage\\mindful-journey-ui\\backend\\mindful-journey-back\\vendor\\laravel\\framework\\src\\Illuminate\\Support\\helpers.php(399): Illuminate\\Encryption\\EncryptionServiceProvider->{closure:Illuminate\\Encryption\\EncryptionServiceProvider::key():81}()
#1 C:\\Users\\baxxe\\Documents\\Web2\\Stage\\mindful-journey-ui\\backend\\mindful-journey-back\\vendor\\laravel\\framework\\src\\Illuminate\\Encryption\\EncryptionServiceProvider.php(81): tap()
#2 C:\\Users\\baxxe\\Documents\\Web2\\Stage\\mindful-journey-ui\\backend\\mindful-journey-back\\vendor\\laravel\\framework\\src\\Illuminate\\Encryption\\EncryptionServiceProvider.php(64): Illuminate\\Encryption\\EncryptionServiceProvider->key()
#3 C:\\Users\\baxxe\\Documents\\Web2\\Stage\\mindful-journey-ui\\backend\\mindful-journey-back\\vendor\\laravel\\framework\\src\\Illuminate\\Encryption\\EncryptionServiceProvider.php(32): Illuminate\\Encryption\\EncryptionServiceProvider->parseKey()
#4 C:\\Users\\baxxe\\Documents\\Web2\\Stage\\mindful-journey-ui\\backend\\mindful-journey-back\\vendor\\laravel\\framework\\src\\Illuminate\\Container\\Container.php(1036): Illuminate\\Encryption\\EncryptionServiceProvider->{closure:Illuminate\\Encryption\\EncryptionServiceProvider::registerEncrypter():29}()
#5 C:\\Users\\baxxe\\Documents\\Web2\\Stage\\mindful-journey-ui\\backend\\mindful-journey-back\\vendor\\laravel\\framework\\src\\Illuminate\\Container\\Container.php(916): Illuminate\\Container\\Container->build()
#6 C:\\Users\\baxxe\\Documents\\Web2\\Stage\\mindful-journey-ui\\backend\\mindful-journey-back\\vendor\\laravel\\framework\\src\\Illuminate\\Foundation\\Application.php(1077): Illuminate\\Container\\Container->resolve()
#7 C:\\Users\\baxxe\\Documents\\Web2\\Stage\\mindful-journey-ui\\backend\\mindful-journey-back\\vendor\\laravel\\framework\\src\\Illuminate\\Container\\Container.php(847): Illuminate\\Foundation\\Application->resolve()
#8 C:\\Users\\baxxe\\Documents\\Web2\\Stage\\mindful-journey-ui\\backend\\mindful-journey-back\\vendor\\laravel\\framework\\src\\Illuminate\\Foundation\\Application.php(1057): Illuminate\\Container\\Container->make()
#9 C:\\Users\\baxxe\\Documents\\Web2\\Stage\\mindful-journey-ui\\backend\\mindful-journey-back\\vendor\\laravel\\framework\\src\\Illuminate\\Container\\Container.php(1228): Illuminate\\Foundation\\Application->make()
#10 C:\\Users\\baxxe\\Documents\\Web2\\Stage\\mindful-journey-ui\\backend\\mindful-journey-back\\vendor\\laravel\\framework\\src\\Illuminate\\Container\\Container.php(1127): Illuminate\\Container\\Container->resolveClass()
#11 C:\\Users\\baxxe\\Documents\\Web2\\Stage\\mindful-journey-ui\\backend\\mindful-journey-back\\vendor\\laravel\\framework\\src\\Illuminate\\Container\\Container.php(1078): Illuminate\\Container\\Container->resolveDependencies()
#12 C:\\Users\\baxxe\\Documents\\Web2\\Stage\\mindful-journey-ui\\backend\\mindful-journey-back\\vendor\\laravel\\framework\\src\\Illuminate\\Container\\Container.php(916): Illuminate\\Container\\Container->build()
#13 C:\\Users\\baxxe\\Documents\\Web2\\Stage\\mindful-journey-ui\\backend\\mindful-journey-back\\vendor\\laravel\\framework\\src\\Illuminate\\Foundation\\Application.php(1077): Illuminate\\Container\\Container->resolve()
#14 C:\\Users\\baxxe\\Documents\\Web2\\Stage\\mindful-journey-ui\\backend\\mindful-journey-back\\vendor\\laravel\\framework\\src\\Illuminate\\Container\\Container.php(847): Illuminate\\Foundation\\Application->resolve()
#15 C:\\Users\\baxxe\\Documents\\Web2\\Stage\\mindful-journey-ui\\backend\\mindful-journey-back\\vendor\\laravel\\framework\\src\\Illuminate\\Foundation\\Application.php(1057): Illuminate\\Container\\Container->make()
#16 C:\\Users\\baxxe\\Documents\\Web2\\Stage\\mindful-journey-ui\\backend\\mindful-journey-back\\vendor\\laravel\\framework\\src\\Illuminate\\Pipeline\\Pipeline.php(197): Illuminate\\Foundation\\Application->make()
#17 C:\\Users\\baxxe\\Documents\\Web2\\Stage\\mindful-journey-ui\\backend\\mindful-journey-back\\vendor\\laravel\\framework\\src\\Illuminate\\Pipeline\\Pipeline.php(126): Illuminate\\Pipeline\\Pipeline->{closure:{closure:Illuminate\\Pipeline\\Pipeline::carry():183}:184}()
#18 C:\\Users\\baxxe\\Documents\\Web2\\Stage\\mindful-journey-ui\\backend\\mindful-journey-back\\vendor\\laravel\\framework\\src\\Illuminate\\Routing\\Router.php(807): Illuminate\\Pipeline\\Pipeline->then()
#19 C:\\Users\\baxxe\\Documents\\Web2\\Stage\\mindful-journey-ui\\backend\\mindful-journey-back\\vendor\\laravel\\framework\\src\\Illuminate\\Routing\\Router.php(786): Illuminate\\Routing\\Router->runRouteWithinStack()
#20 C:\\Users\\baxxe\\Documents\\Web2\\Stage\\mindful-journey-ui\\backend\\mindful-journey-back\\vendor\\laravel\\framework\\src\\Illuminate\\Routing\\Router.php(750): Illuminate\\Routing\\Router->runRoute()
#21 C:\\Users\\baxxe\\Documents\\Web2\\Stage\\mindful-journey-ui\\backend\\mindful-journey-back\\vendor\\laravel\\framework\\src\\Illuminate\\Routing\\Router.php(739): Illuminate\\Routing\\Router->dispatchToRoute()
#22 C:\\Users\\baxxe\\Documents\\Web2\\Stage\\mindful-journey-ui\\backend\\mindful-journey-back\\vendor\\laravel\\framework\\src\\Illuminate\\Foundation\\Http\\Kernel.php(200): Illuminate\\Routing\\Router->dispatch()
#23 C:\\Users\\baxxe\\Documents\\Web2\\Stage\\mindful-journey-ui\\backend\\mindful-journey-back\\vendor\\laravel\\framework\\src\\Illuminate\\Pipeline\\Pipeline.php(169): Illuminate\\Foundation\\Http\\Kernel->{closure:Illuminate\\Foundation\\Http\\Kernel::dispatchToRouter():197}()
#24 C:\\Users\\baxxe\\Documents\\Web2\\Stage\\mindful-journey-ui\\backend\\mindful-journey-back\\vendor\\laravel\\framework\\src\\Illuminate\\Foundation\\Http\\Middleware\\TransformsRequest.php(21): Illuminate\\Pipeline\\Pipeline->{closure:Illuminate\\Pipeline\\Pipeline::prepareDestination():167}()
#25 C:\\Users\\baxxe\\Documents\\Web2\\Stage\\mindful-journey-ui\\backend\\mindful-journey-back\\vendor\\laravel\\framework\\src\\Illuminate\\Foundation\\Http\\Middleware\\ConvertEmptyStringsToNull.php(31): Illuminate\\Foundation\\Http\\Middleware\\TransformsRequest->handle()
#26 C:\\Users\\baxxe\\Documents\\Web2\\Stage\\mindful-journey-ui\\backend\\mindful-journey-back\\vendor\\laravel\\framework\\src\\Illuminate\\Pipeline\\Pipeline.php(208): Illuminate\\Foundation\\Http\\Middleware\\ConvertEmptyStringsToNull->handle()
#27 C:\\Users\\baxxe\\Documents\\Web2\\Stage\\mindful-journey-ui\\backend\\mindful-journey-back\\vendor\\laravel\\framework\\src\\Illuminate\\Foundation\\Http\\Middleware\\TransformsRequest.php(21): Illuminate\\Pipeline\\Pipeline->{closure:{closure:Illuminate\\Pipeline\\Pipeline::carry():183}:184}()
#28 C:\\Users\\baxxe\\Documents\\Web2\\Stage\\mindful-journey-ui\\backend\\mindful-journey-back\\vendor\\laravel\\framework\\src\\Illuminate\\Foundation\\Http\\Middleware\\TrimStrings.php(51): Illuminate\\Foundation\\Http\\Middleware\\TransformsRequest->handle()
#29 C:\\Users\\baxxe\\Documents\\Web2\\Stage\\mindful-journey-ui\\backend\\mindful-journey-back\\vendor\\laravel\\framework\\src\\Illuminate\\Pipeline\\Pipeline.php(208): Illuminate\\Foundation\\Http\\Middleware\\TrimStrings->handle()
#30 C:\\Users\\baxxe\\Documents\\Web2\\Stage\\mindful-journey-ui\\backend\\mindful-journey-back\\vendor\\laravel\\framework\\src\\Illuminate\\Http\\Middleware\\ValidatePostSize.php(27): Illuminate\\Pipeline\\Pipeline->{closure:{closure:Illuminate\\Pipeline\\Pipeline::carry():183}:184}()
#31 C:\\Users\\baxxe\\Documents\\Web2\\Stage\\mindful-journey-ui\\backend\\mindful-journey-back\\vendor\\laravel\\framework\\src\\Illuminate\\Pipeline\\Pipeline.php(208): Illuminate\\Http\\Middleware\\ValidatePostSize->handle()
#32 C:\\Users\\baxxe\\Documents\\Web2\\Stage\\mindful-journey-ui\\backend\\mindful-journey-back\\vendor\\laravel\\framework\\src\\Illuminate\\Foundation\\Http\\Middleware\\PreventRequestsDuringMaintenance.php(109): Illuminate\\Pipeline\\Pipeline->{closure:{closure:Illuminate\\Pipeline\\Pipeline::carry():183}:184}()
#33 C:\\Users\\baxxe\\Documents\\Web2\\Stage\\mindful-journey-ui\\backend\\mindful-journey-back\\vendor\\laravel\\framework\\src\\Illuminate\\Pipeline\\Pipeline.php(208): Illuminate\\Foundation\\Http\\Middleware\\PreventRequestsDuringMaintenance->handle()
#34 C:\\Users\\baxxe\\Documents\\Web2\\Stage\\mindful-journey-ui\\backend\\mindful-journey-back\\vendor\\laravel\\framework\\src\\Illuminate\\Http\\Middleware\\HandleCors.php(61): Illuminate\\Pipeline\\Pipeline->{closure:{closure:Illuminate\\Pipeline\\Pipeline::carry():183}:184}()
#35 C:\\Users\\baxxe\\Documents\\Web2\\Stage\\mindful-journey-ui\\backend\\mindful-journey-back\\vendor\\laravel\\framework\\src\\Illuminate\\Pipeline\\Pipeline.php(208): Illuminate\\Http\\Middleware\\HandleCors->handle()
#36 C:\\Users\\baxxe\\Documents\\Web2\\Stage\\mindful-journey-ui\\backend\\mindful-journey-back\\vendor\\laravel\\framework\\src\\Illuminate\\Http\\Middleware\\TrustProxies.php(58): Illuminate\\Pipeline\\Pipeline->{closure:{closure:Illuminate\\Pipeline\\Pipeline::carry():183}:184}()
#37 C:\\Users\\baxxe\\Documents\\Web2\\Stage\\mindful-journey-ui\\backend\\mindful-journey-back\\vendor\\laravel\\framework\\src\\Illuminate\\Pipeline\\Pipeline.php(208): Illuminate\\Http\\Middleware\\TrustProxies->handle()
#38 C:\\Users\\baxxe\\Documents\\Web2\\Stage\\mindful-journey-ui\\backend\\mindful-journey-back\\vendor\\laravel\\framework\\src\\Illuminate\\Foundation\\Http\\Middleware\\InvokeDeferredCallbacks.php(22): Illuminate\\Pipeline\\Pipeline->{closure:{closure:Illuminate\\Pipeline\\Pipeline::carry():183}:184}()
#39 C:\\Users\\baxxe\\Documents\\Web2\\Stage\\mindful-journey-ui\\backend\\mindful-journey-back\\vendor\\laravel\\framework\\src\\Illuminate\\Pipeline\\Pipeline.php(208): Illuminate\\Foundation\\Http\\Middleware\\InvokeDeferredCallbacks->handle()
#40 C:\\Users\\baxxe\\Documents\\Web2\\Stage\\mindful-journey-ui\\backend\\mindful-journey-back\\vendor\\laravel\\framework\\src\\Illuminate\\Http\\Middleware\\ValidatePathEncoding.php(26): Illuminate\\Pipeline\\Pipeline->{closure:{closure:Illuminate\\Pipeline\\Pipeline::carry():183}:184}()
#41 C:\\Users\\baxxe\\Documents\\Web2\\Stage\\mindful-journey-ui\\backend\\mindful-journey-back\\vendor\\laravel\\framework\\src\\Illuminate\\Pipeline\\Pipeline.php(208): Illuminate\\Http\\Middleware\\ValidatePathEncoding->handle()
#42 C:\\Users\\baxxe\\Documents\\Web2\\Stage\\mindful-journey-ui\\backend\\mindful-journey-back\\vendor\\laravel\\framework\\src\\Illuminate\\Pipeline\\Pipeline.php(126): Illuminate\\Pipeline\\Pipeline->{closure:{closure:Illuminate\\Pipeline\\Pipeline::carry():183}:184}()
#43 C:\\Users\\baxxe\\Documents\\Web2\\Stage\\mindful-journey-ui\\backend\\mindful-journey-back\\vendor\\laravel\\framework\\src\\Illuminate\\Foundation\\Http\\Kernel.php(175): Illuminate\\Pipeline\\Pipeline->then()
#44 C:\\Users\\baxxe\\Documents\\Web2\\Stage\\mindful-journey-ui\\backend\\mindful-journey-back\\vendor\\laravel\\framework\\src\\Illuminate\\Foundation\\Http\\Kernel.php(144): Illuminate\\Foundation\\Http\\Kernel->sendRequestThroughRouter()
#45 C:\\Users\\baxxe\\Documents\\Web2\\Stage\\mindful-journey-ui\\backend\\mindful-journey-back\\vendor\\laravel\\framework\\src\\Illuminate\\Foundation\\Application.php(1219): Illuminate\\Foundation\\Http\\Kernel->handle()
#46 C:\\Users\\baxxe\\Documents\\Web2\\Stage\\mindful-journey-ui\\backend\\mindful-journey-back\\public\\index.php(20): Illuminate\\Foundation\\Application->handleRequest()
#47 C:\\Users\\baxxe\\Documents\\Web2\\Stage\\mindful-journey-ui\\backend\\mindful-journey-back\\vendor\\laravel\\framework\\src\\Illuminate\\Foundation\\resources\\server.php(23): require_once('...')
#48 {main}
"} 
[2025-08-14 09:53:35] production.ERROR: No application encryption key has been specified. {"exception":"[object] (Illuminate\\Encryption\\MissingAppKeyException(code: 0): No application encryption key has been specified. at C:\\Users\\baxxe\\Documents\\Web2\\Stage\\mindful-journey-ui\\backend\\mindful-journey-back\\vendor\\laravel\\framework\\src\\Illuminate\\Encryption\\EncryptionServiceProvider.php:83)
[stacktrace]
#0 C:\\Users\\baxxe\\Documents\\Web2\\Stage\\mindful-journey-ui\\backend\\mindful-journey-back\\vendor\\laravel\\framework\\src\\Illuminate\\Support\\helpers.php(399): Illuminate\\Encryption\\EncryptionServiceProvider->{closure:Illuminate\\Encryption\\EncryptionServiceProvider::key():81}()
#1 C:\\Users\\baxxe\\Documents\\Web2\\Stage\\mindful-journey-ui\\backend\\mindful-journey-back\\vendor\\laravel\\framework\\src\\Illuminate\\Encryption\\EncryptionServiceProvider.php(81): tap()
#2 C:\\Users\\baxxe\\Documents\\Web2\\Stage\\mindful-journey-ui\\backend\\mindful-journey-back\\vendor\\laravel\\framework\\src\\Illuminate\\Encryption\\EncryptionServiceProvider.php(64): Illuminate\\Encryption\\EncryptionServiceProvider->key()
#3 C:\\Users\\baxxe\\Documents\\Web2\\Stage\\mindful-journey-ui\\backend\\mindful-journey-back\\vendor\\laravel\\framework\\src\\Illuminate\\Encryption\\EncryptionServiceProvider.php(32): Illuminate\\Encryption\\EncryptionServiceProvider->parseKey()
#4 C:\\Users\\baxxe\\Documents\\Web2\\Stage\\mindful-journey-ui\\backend\\mindful-journey-back\\vendor\\laravel\\framework\\src\\Illuminate\\Container\\Container.php(1036): Illuminate\\Encryption\\EncryptionServiceProvider->{closure:Illuminate\\Encryption\\EncryptionServiceProvider::registerEncrypter():29}()
#5 C:\\Users\\baxxe\\Documents\\Web2\\Stage\\mindful-journey-ui\\backend\\mindful-journey-back\\vendor\\laravel\\framework\\src\\Illuminate\\Container\\Container.php(916): Illuminate\\Container\\Container->build()
#6 C:\\Users\\baxxe\\Documents\\Web2\\Stage\\mindful-journey-ui\\backend\\mindful-journey-back\\vendor\\laravel\\framework\\src\\Illuminate\\Foundation\\Application.php(1077): Illuminate\\Container\\Container->resolve()
#7 C:\\Users\\baxxe\\Documents\\Web2\\Stage\\mindful-journey-ui\\backend\\mindful-journey-back\\vendor\\laravel\\framework\\src\\Illuminate\\Container\\Container.php(847): Illuminate\\Foundation\\Application->resolve()
#8 C:\\Users\\baxxe\\Documents\\Web2\\Stage\\mindful-journey-ui\\backend\\mindful-journey-back\\vendor\\laravel\\framework\\src\\Illuminate\\Foundation\\Application.php(1057): Illuminate\\Container\\Container->make()
#9 C:\\Users\\baxxe\\Documents\\Web2\\Stage\\mindful-journey-ui\\backend\\mindful-journey-back\\vendor\\laravel\\framework\\src\\Illuminate\\Container\\Container.php(1228): Illuminate\\Foundation\\Application->make()
#10 C:\\Users\\baxxe\\Documents\\Web2\\Stage\\mindful-journey-ui\\backend\\mindful-journey-back\\vendor\\laravel\\framework\\src\\Illuminate\\Container\\Container.php(1127): Illuminate\\Container\\Container->resolveClass()
#11 C:\\Users\\baxxe\\Documents\\Web2\\Stage\\mindful-journey-ui\\backend\\mindful-journey-back\\vendor\\laravel\\framework\\src\\Illuminate\\Container\\Container.php(1078): Illuminate\\Container\\Container->resolveDependencies()
#12 C:\\Users\\baxxe\\Documents\\Web2\\Stage\\mindful-journey-ui\\backend\\mindful-journey-back\\vendor\\laravel\\framework\\src\\Illuminate\\Container\\Container.php(916): Illuminate\\Container\\Container->build()
#13 C:\\Users\\baxxe\\Documents\\Web2\\Stage\\mindful-journey-ui\\backend\\mindful-journey-back\\vendor\\laravel\\framework\\src\\Illuminate\\Foundation\\Application.php(1077): Illuminate\\Container\\Container->resolve()
#14 C:\\Users\\baxxe\\Documents\\Web2\\Stage\\mindful-journey-ui\\backend\\mindful-journey-back\\vendor\\laravel\\framework\\src\\Illuminate\\Container\\Container.php(847): Illuminate\\Foundation\\Application->resolve()
#15 C:\\Users\\baxxe\\Documents\\Web2\\Stage\\mindful-journey-ui\\backend\\mindful-journey-back\\vendor\\laravel\\framework\\src\\Illuminate\\Foundation\\Application.php(1057): Illuminate\\Container\\Container->make()
#16 C:\\Users\\baxxe\\Documents\\Web2\\Stage\\mindful-journey-ui\\backend\\mindful-journey-back\\vendor\\laravel\\framework\\src\\Illuminate\\Foundation\\Http\\Kernel.php(257): Illuminate\\Foundation\\Application->make()
#17 C:\\Users\\baxxe\\Documents\\Web2\\Stage\\mindful-journey-ui\\backend\\mindful-journey-back\\vendor\\laravel\\framework\\src\\Illuminate\\Foundation\\Http\\Kernel.php(215): Illuminate\\Foundation\\Http\\Kernel->terminateMiddleware()
#18 C:\\Users\\baxxe\\Documents\\Web2\\Stage\\mindful-journey-ui\\backend\\mindful-journey-back\\vendor\\laravel\\framework\\src\\Illuminate\\Foundation\\Application.php(1221): Illuminate\\Foundation\\Http\\Kernel->terminate()
#19 C:\\Users\\baxxe\\Documents\\Web2\\Stage\\mindful-journey-ui\\backend\\mindful-journey-back\\public\\index.php(20): Illuminate\\Foundation\\Application->handleRequest()
#20 C:\\Users\\baxxe\\Documents\\Web2\\Stage\\mindful-journey-ui\\backend\\mindful-journey-back\\vendor\\laravel\\framework\\src\\Illuminate\\Foundation\\resources\\server.php(23): require_once('...')
#21 {main}
"} 
[2025-08-14 09:53:35] production.ERROR: Database file at path [C:\Users\baxxe\Documents\Web2\Stage\mindful-journey-ui\backend\mindful-journey-back\database\database.sqlite] does not exist. Ensure this is an absolute path to the database. (Connection: sqlite, SQL: select * from "users" where "email" = bax@gmail.com limit 1) {"exception":"[object] (Illuminate\\Database\\QueryException(code: 0): Database file at path [C:\\Users\\baxxe\\Documents\\Web2\\Stage\\mindful-journey-ui\\backend\\mindful-journey-back\\database\\database.sqlite] does not exist. Ensure this is an absolute path to the database. (Connection: sqlite, SQL: select * from \"users\" where \"email\" = bax@gmail.com limit 1) at C:\\Users\\baxxe\\Documents\\Web2\\Stage\\mindful-journey-ui\\backend\\mindful-journey-back\\vendor\\laravel\\framework\\src\\Illuminate\\Database\\Connection.php:824)
[stacktrace]
#0 C:\\Users\\baxxe\\Documents\\Web2\\Stage\\mindful-journey-ui\\backend\\mindful-journey-back\\vendor\\laravel\\framework\\src\\Illuminate\\Database\\Connection.php(778): Illuminate\\Database\\Connection->runQueryCallback()
#1 C:\\Users\\baxxe\\Documents\\Web2\\Stage\\mindful-journey-ui\\backend\\mindful-journey-back\\vendor\\laravel\\framework\\src\\Illuminate\\Database\\Connection.php(397): Illuminate\\Database\\Connection->run()
#2 C:\\Users\\baxxe\\Documents\\Web2\\Stage\\mindful-journey-ui\\backend\\mindful-journey-back\\vendor\\laravel\\framework\\src\\Illuminate\\Database\\Query\\Builder.php(3188): Illuminate\\Database\\Connection->select()
#3 C:\\Users\\baxxe\\Documents\\Web2\\Stage\\mindful-journey-ui\\backend\\mindful-journey-back\\vendor\\laravel\\framework\\src\\Illuminate\\Database\\Query\\Builder.php(3173): Illuminate\\Database\\Query\\Builder->runSelect()
#4 C:\\Users\\baxxe\\Documents\\Web2\\Stage\\mindful-journey-ui\\backend\\mindful-journey-back\\vendor\\laravel\\framework\\src\\Illuminate\\Database\\Query\\Builder.php(3763): Illuminate\\Database\\Query\\Builder->{closure:Illuminate\\Database\\Query\\Builder::get():3172}()
#5 C:\\Users\\baxxe\\Documents\\Web2\\Stage\\mindful-journey-ui\\backend\\mindful-journey-back\\vendor\\laravel\\framework\\src\\Illuminate\\Database\\Query\\Builder.php(3172): Illuminate\\Database\\Query\\Builder->onceWithColumns()
#6 C:\\Users\\baxxe\\Documents\\Web2\\Stage\\mindful-journey-ui\\backend\\mindful-journey-back\\vendor\\laravel\\framework\\src\\Illuminate\\Database\\Eloquent\\Builder.php(872): Illuminate\\Database\\Query\\Builder->get()
#7 C:\\Users\\baxxe\\Documents\\Web2\\Stage\\mindful-journey-ui\\backend\\mindful-journey-back\\vendor\\laravel\\framework\\src\\Illuminate\\Database\\Eloquent\\Builder.php(854): Illuminate\\Database\\Eloquent\\Builder->getModels()
#8 C:\\Users\\baxxe\\Documents\\Web2\\Stage\\mindful-journey-ui\\backend\\mindful-journey-back\\vendor\\laravel\\framework\\src\\Illuminate\\Database\\Concerns\\BuildsQueries.php(366): Illuminate\\Database\\Eloquent\\Builder->get()
#9 C:\\Users\\baxxe\\Documents\\Web2\\Stage\\mindful-journey-ui\\backend\\mindful-journey-back\\app\\Http\\Controllers\\Api\\AuthController.php(53): Illuminate\\Database\\Eloquent\\Builder->first()
#10 C:\\Users\\baxxe\\Documents\\Web2\\Stage\\mindful-journey-ui\\backend\\mindful-journey-back\\vendor\\laravel\\framework\\src\\Illuminate\\Routing\\ControllerDispatcher.php(46): App\\Http\\Controllers\\Api\\AuthController->login()
#11 C:\\Users\\baxxe\\Documents\\Web2\\Stage\\mindful-journey-ui\\backend\\mindful-journey-back\\vendor\\laravel\\framework\\src\\Illuminate\\Routing\\Route.php(265): Illuminate\\Routing\\ControllerDispatcher->dispatch()
#12 C:\\Users\\baxxe\\Documents\\Web2\\Stage\\mindful-journey-ui\\backend\\mindful-journey-back\\vendor\\laravel\\framework\\src\\Illuminate\\Routing\\Route.php(211): Illuminate\\Routing\\Route->runController()
#13 C:\\Users\\baxxe\\Documents\\Web2\\Stage\\mindful-journey-ui\\backend\\mindful-journey-back\\vendor\\laravel\\framework\\src\\Illuminate\\Routing\\Router.php(808): Illuminate\\Routing\\Route->run()
#14 C:\\Users\\baxxe\\Documents\\Web2\\Stage\\mindful-journey-ui\\backend\\mindful-journey-back\\vendor\\laravel\\framework\\src\\Illuminate\\Pipeline\\Pipeline.php(169): Illuminate\\Routing\\Router->{closure:Illuminate\\Routing\\Router::runRouteWithinStack():807}()
#15 C:\\Users\\baxxe\\Documents\\Web2\\Stage\\mindful-journey-ui\\backend\\mindful-journey-back\\vendor\\laravel\\framework\\src\\Illuminate\\Routing\\Middleware\\SubstituteBindings.php(50): Illuminate\\Pipeline\\Pipeline->{closure:Illuminate\\Pipeline\\Pipeline::prepareDestination():167}()
#16 C:\\Users\\baxxe\\Documents\\Web2\\Stage\\mindful-journey-ui\\backend\\mindful-journey-back\\vendor\\laravel\\framework\\src\\Illuminate\\Pipeline\\Pipeline.php(208): Illuminate\\Routing\\Middleware\\SubstituteBindings->handle()
#17 C:\\Users\\baxxe\\Documents\\Web2\\Stage\\mindful-journey-ui\\backend\\mindful-journey-back\\vendor\\laravel\\framework\\src\\Illuminate\\Pipeline\\Pipeline.php(126): Illuminate\\Pipeline\\Pipeline->{closure:{closure:Illuminate\\Pipeline\\Pipeline::carry():183}:184}()
#18 C:\\Users\\baxxe\\Documents\\Web2\\Stage\\mindful-journey-ui\\backend\\mindful-journey-back\\vendor\\laravel\\framework\\src\\Illuminate\\Routing\\Router.php(807): Illuminate\\Pipeline\\Pipeline->then()
#19 C:\\Users\\baxxe\\Documents\\Web2\\Stage\\mindful-journey-ui\\backend\\mindful-journey-back\\vendor\\laravel\\framework\\src\\Illuminate\\Routing\\Router.php(786): Illuminate\\Routing\\Router->runRouteWithinStack()
#20 C:\\Users\\baxxe\\Documents\\Web2\\Stage\\mindful-journey-ui\\backend\\mindful-journey-back\\vendor\\laravel\\framework\\src\\Illuminate\\Routing\\Router.php(750): Illuminate\\Routing\\Router->runRoute()
#21 C:\\Users\\baxxe\\Documents\\Web2\\Stage\\mindful-journey-ui\\backend\\mindful-journey-back\\vendor\\laravel\\framework\\src\\Illuminate\\Routing\\Router.php(739): Illuminate\\Routing\\Router->dispatchToRoute()
#22 C:\\Users\\baxxe\\Documents\\Web2\\Stage\\mindful-journey-ui\\backend\\mindful-journey-back\\vendor\\laravel\\framework\\src\\Illuminate\\Foundation\\Http\\Kernel.php(200): Illuminate\\Routing\\Router->dispatch()
#23 C:\\Users\\baxxe\\Documents\\Web2\\Stage\\mindful-journey-ui\\backend\\mindful-journey-back\\vendor\\laravel\\framework\\src\\Illuminate\\Pipeline\\Pipeline.php(169): Illuminate\\Foundation\\Http\\Kernel->{closure:Illuminate\\Foundation\\Http\\Kernel::dispatchToRouter():197}()
#24 C:\\Users\\baxxe\\Documents\\Web2\\Stage\\mindful-journey-ui\\backend\\mindful-journey-back\\vendor\\laravel\\framework\\src\\Illuminate\\Foundation\\Http\\Middleware\\TransformsRequest.php(21): Illuminate\\Pipeline\\Pipeline->{closure:Illuminate\\Pipeline\\Pipeline::prepareDestination():167}()
#25 C:\\Users\\baxxe\\Documents\\Web2\\Stage\\mindful-journey-ui\\backend\\mindful-journey-back\\vendor\\laravel\\framework\\src\\Illuminate\\Foundation\\Http\\Middleware\\ConvertEmptyStringsToNull.php(31): Illuminate\\Foundation\\Http\\Middleware\\TransformsRequest->handle()
#26 C:\\Users\\baxxe\\Documents\\Web2\\Stage\\mindful-journey-ui\\backend\\mindful-journey-back\\vendor\\laravel\\framework\\src\\Illuminate\\Pipeline\\Pipeline.php(208): Illuminate\\Foundation\\Http\\Middleware\\ConvertEmptyStringsToNull->handle()
#27 C:\\Users\\baxxe\\Documents\\Web2\\Stage\\mindful-journey-ui\\backend\\mindful-journey-back\\vendor\\laravel\\framework\\src\\Illuminate\\Foundation\\Http\\Middleware\\TransformsRequest.php(21): Illuminate\\Pipeline\\Pipeline->{closure:{closure:Illuminate\\Pipeline\\Pipeline::carry():183}:184}()
#28 C:\\Users\\baxxe\\Documents\\Web2\\Stage\\mindful-journey-ui\\backend\\mindful-journey-back\\vendor\\laravel\\framework\\src\\Illuminate\\Foundation\\Http\\Middleware\\TrimStrings.php(51): Illuminate\\Foundation\\Http\\Middleware\\TransformsRequest->handle()
#29 C:\\Users\\baxxe\\Documents\\Web2\\Stage\\mindful-journey-ui\\backend\\mindful-journey-back\\vendor\\laravel\\framework\\src\\Illuminate\\Pipeline\\Pipeline.php(208): Illuminate\\Foundation\\Http\\Middleware\\TrimStrings->handle()
#30 C:\\Users\\baxxe\\Documents\\Web2\\Stage\\mindful-journey-ui\\backend\\mindful-journey-back\\vendor\\laravel\\framework\\src\\Illuminate\\Http\\Middleware\\ValidatePostSize.php(27): Illuminate\\Pipeline\\Pipeline->{closure:{closure:Illuminate\\Pipeline\\Pipeline::carry():183}:184}()
#31 C:\\Users\\baxxe\\Documents\\Web2\\Stage\\mindful-journey-ui\\backend\\mindful-journey-back\\vendor\\laravel\\framework\\src\\Illuminate\\Pipeline\\Pipeline.php(208): Illuminate\\Http\\Middleware\\ValidatePostSize->handle()
#32 C:\\Users\\baxxe\\Documents\\Web2\\Stage\\mindful-journey-ui\\backend\\mindful-journey-back\\vendor\\laravel\\framework\\src\\Illuminate\\Foundation\\Http\\Middleware\\PreventRequestsDuringMaintenance.php(109): Illuminate\\Pipeline\\Pipeline->{closure:{closure:Illuminate\\Pipeline\\Pipeline::carry():183}:184}()
#33 C:\\Users\\baxxe\\Documents\\Web2\\Stage\\mindful-journey-ui\\backend\\mindful-journey-back\\vendor\\laravel\\framework\\src\\Illuminate\\Pipeline\\Pipeline.php(208): Illuminate\\Foundation\\Http\\Middleware\\PreventRequestsDuringMaintenance->handle()
#34 C:\\Users\\baxxe\\Documents\\Web2\\Stage\\mindful-journey-ui\\backend\\mindful-journey-back\\vendor\\laravel\\framework\\src\\Illuminate\\Http\\Middleware\\HandleCors.php(61): Illuminate\\Pipeline\\Pipeline->{closure:{closure:Illuminate\\Pipeline\\Pipeline::carry():183}:184}()
#35 C:\\Users\\baxxe\\Documents\\Web2\\Stage\\mindful-journey-ui\\backend\\mindful-journey-back\\vendor\\laravel\\framework\\src\\Illuminate\\Pipeline\\Pipeline.php(208): Illuminate\\Http\\Middleware\\HandleCors->handle()
#36 C:\\Users\\baxxe\\Documents\\Web2\\Stage\\mindful-journey-ui\\backend\\mindful-journey-back\\vendor\\laravel\\framework\\src\\Illuminate\\Http\\Middleware\\TrustProxies.php(58): Illuminate\\Pipeline\\Pipeline->{closure:{closure:Illuminate\\Pipeline\\Pipeline::carry():183}:184}()
#37 C:\\Users\\baxxe\\Documents\\Web2\\Stage\\mindful-journey-ui\\backend\\mindful-journey-back\\vendor\\laravel\\framework\\src\\Illuminate\\Pipeline\\Pipeline.php(208): Illuminate\\Http\\Middleware\\TrustProxies->handle()
#38 C:\\Users\\baxxe\\Documents\\Web2\\Stage\\mindful-journey-ui\\backend\\mindful-journey-back\\vendor\\laravel\\framework\\src\\Illuminate\\Foundation\\Http\\Middleware\\InvokeDeferredCallbacks.php(22): Illuminate\\Pipeline\\Pipeline->{closure:{closure:Illuminate\\Pipeline\\Pipeline::carry():183}:184}()
#39 C:\\Users\\baxxe\\Documents\\Web2\\Stage\\mindful-journey-ui\\backend\\mindful-journey-back\\vendor\\laravel\\framework\\src\\Illuminate\\Pipeline\\Pipeline.php(208): Illuminate\\Foundation\\Http\\Middleware\\InvokeDeferredCallbacks->handle()
#40 C:\\Users\\baxxe\\Documents\\Web2\\Stage\\mindful-journey-ui\\backend\\mindful-journey-back\\vendor\\laravel\\framework\\src\\Illuminate\\Http\\Middleware\\ValidatePathEncoding.php(26): Illuminate\\Pipeline\\Pipeline->{closure:{closure:Illuminate\\Pipeline\\Pipeline::carry():183}:184}()
#41 C:\\Users\\baxxe\\Documents\\Web2\\Stage\\mindful-journey-ui\\backend\\mindful-journey-back\\vendor\\laravel\\framework\\src\\Illuminate\\Pipeline\\Pipeline.php(208): Illuminate\\Http\\Middleware\\ValidatePathEncoding->handle()
#42 C:\\Users\\baxxe\\Documents\\Web2\\Stage\\mindful-journey-ui\\backend\\mindful-journey-back\\vendor\\laravel\\framework\\src\\Illuminate\\Pipeline\\Pipeline.php(126): Illuminate\\Pipeline\\Pipeline->{closure:{closure:Illuminate\\Pipeline\\Pipeline::carry():183}:184}()
#43 C:\\Users\\baxxe\\Documents\\Web2\\Stage\\mindful-journey-ui\\backend\\mindful-journey-back\\vendor\\laravel\\framework\\src\\Illuminate\\Foundation\\Http\\Kernel.php(175): Illuminate\\Pipeline\\Pipeline->then()
#44 C:\\Users\\baxxe\\Documents\\Web2\\Stage\\mindful-journey-ui\\backend\\mindful-journey-back\\vendor\\laravel\\framework\\src\\Illuminate\\Foundation\\Http\\Kernel.php(144): Illuminate\\Foundation\\Http\\Kernel->sendRequestThroughRouter()
#45 C:\\Users\\baxxe\\Documents\\Web2\\Stage\\mindful-journey-ui\\backend\\mindful-journey-back\\vendor\\laravel\\framework\\src\\Illuminate\\Foundation\\Application.php(1219): Illuminate\\Foundation\\Http\\Kernel->handle()
#46 C:\\Users\\baxxe\\Documents\\Web2\\Stage\\mindful-journey-ui\\backend\\mindful-journey-back\\public\\index.php(20): Illuminate\\Foundation\\Application->handleRequest()
#47 C:\\Users\\baxxe\\Documents\\Web2\\Stage\\mindful-journey-ui\\backend\\mindful-journey-back\\vendor\\laravel\\framework\\src\\Illuminate\\Foundation\\resources\\server.php(23): require_once('...')
#48 {main}

[previous exception] [object] (Illuminate\\Database\\SQLiteDatabaseDoesNotExistException(code: 0): Database file at path [C:\\Users\\baxxe\\Documents\\Web2\\Stage\\mindful-journey-ui\\backend\\mindful-journey-back\\database\\database.sqlite] does not exist. Ensure this is an absolute path to the database. at C:\\Users\\baxxe\\Documents\\Web2\\Stage\\mindful-journey-ui\\backend\\mindful-journey-back\\vendor\\laravel\\framework\\src\\Illuminate\\Database\\Connectors\\SQLiteConnector.php:59)
[stacktrace]
#0 C:\\Users\\baxxe\\Documents\\Web2\\Stage\\mindful-journey-ui\\backend\\mindful-journey-back\\vendor\\laravel\\framework\\src\\Illuminate\\Database\\Connectors\\SQLiteConnector.php(19): Illuminate\\Database\\Connectors\\SQLiteConnector->parseDatabasePath()
#1 C:\\Users\\baxxe\\Documents\\Web2\\Stage\\mindful-journey-ui\\backend\\mindful-journey-back\\vendor\\laravel\\framework\\src\\Illuminate\\Database\\Connectors\\ConnectionFactory.php(223): Illuminate\\Database\\Connectors\\SQLiteConnector->connect()
#2 [internal function]: Illuminate\\Database\\Connectors\\ConnectionFactory->{closure:Illuminate\\Database\\Connectors\\ConnectionFactory::createPdoResolverWithoutHosts():223}()
#3 C:\\Users\\baxxe\\Documents\\Web2\\Stage\\mindful-journey-ui\\backend\\mindful-journey-back\\vendor\\laravel\\framework\\src\\Illuminate\\Database\\Connection.php(1230): call_user_func()
#4 C:\\Users\\baxxe\\Documents\\Web2\\Stage\\mindful-journey-ui\\backend\\mindful-journey-back\\vendor\\laravel\\framework\\src\\Illuminate\\Database\\Connection.php(1266): Illuminate\\Database\\Connection->getPdo()
#5 C:\\Users\\baxxe\\Documents\\Web2\\Stage\\mindful-journey-ui\\backend\\mindful-journey-back\\vendor\\laravel\\framework\\src\\Illuminate\\Database\\Connection.php(511): Illuminate\\Database\\Connection->getReadPdo()
#6 C:\\Users\\baxxe\\Documents\\Web2\\Stage\\mindful-journey-ui\\backend\\mindful-journey-back\\vendor\\laravel\\framework\\src\\Illuminate\\Database\\Connection.php(406): Illuminate\\Database\\Connection->getPdoForSelect()
#7 C:\\Users\\baxxe\\Documents\\Web2\\Stage\\mindful-journey-ui\\backend\\mindful-journey-back\\vendor\\laravel\\framework\\src\\Illuminate\\Database\\Connection.php(811): Illuminate\\Database\\Connection->{closure:Illuminate\\Database\\Connection::select():397}()
#8 C:\\Users\\baxxe\\Documents\\Web2\\Stage\\mindful-journey-ui\\backend\\mindful-journey-back\\vendor\\laravel\\framework\\src\\Illuminate\\Database\\Connection.php(778): Illuminate\\Database\\Connection->runQueryCallback()
#9 C:\\Users\\baxxe\\Documents\\Web2\\Stage\\mindful-journey-ui\\backend\\mindful-journey-back\\vendor\\laravel\\framework\\src\\Illuminate\\Database\\Connection.php(397): Illuminate\\Database\\Connection->run()
#10 C:\\Users\\baxxe\\Documents\\Web2\\Stage\\mindful-journey-ui\\backend\\mindful-journey-back\\vendor\\laravel\\framework\\src\\Illuminate\\Database\\Query\\Builder.php(3188): Illuminate\\Database\\Connection->select()
#11 C:\\Users\\baxxe\\Documents\\Web2\\Stage\\mindful-journey-ui\\backend\\mindful-journey-back\\vendor\\laravel\\framework\\src\\Illuminate\\Database\\Query\\Builder.php(3173): Illuminate\\Database\\Query\\Builder->runSelect()
#12 C:\\Users\\baxxe\\Documents\\Web2\\Stage\\mindful-journey-ui\\backend\\mindful-journey-back\\vendor\\laravel\\framework\\src\\Illuminate\\Database\\Query\\Builder.php(3763): Illuminate\\Database\\Query\\Builder->{closure:Illuminate\\Database\\Query\\Builder::get():3172}()
#13 C:\\Users\\baxxe\\Documents\\Web2\\Stage\\mindful-journey-ui\\backend\\mindful-journey-back\\vendor\\laravel\\framework\\src\\Illuminate\\Database\\Query\\Builder.php(3172): Illuminate\\Database\\Query\\Builder->onceWithColumns()
#14 C:\\Users\\baxxe\\Documents\\Web2\\Stage\\mindful-journey-ui\\backend\\mindful-journey-back\\vendor\\laravel\\framework\\src\\Illuminate\\Database\\Eloquent\\Builder.php(872): Illuminate\\Database\\Query\\Builder->get()
#15 C:\\Users\\baxxe\\Documents\\Web2\\Stage\\mindful-journey-ui\\backend\\mindful-journey-back\\vendor\\laravel\\framework\\src\\Illuminate\\Database\\Eloquent\\Builder.php(854): Illuminate\\Database\\Eloquent\\Builder->getModels()
#16 C:\\Users\\baxxe\\Documents\\Web2\\Stage\\mindful-journey-ui\\backend\\mindful-journey-back\\vendor\\laravel\\framework\\src\\Illuminate\\Database\\Concerns\\BuildsQueries.php(366): Illuminate\\Database\\Eloquent\\Builder->get()
#17 C:\\Users\\baxxe\\Documents\\Web2\\Stage\\mindful-journey-ui\\backend\\mindful-journey-back\\app\\Http\\Controllers\\Api\\AuthController.php(53): Illuminate\\Database\\Eloquent\\Builder->first()
#18 C:\\Users\\baxxe\\Documents\\Web2\\Stage\\mindful-journey-ui\\backend\\mindful-journey-back\\vendor\\laravel\\framework\\src\\Illuminate\\Routing\\ControllerDispatcher.php(46): App\\Http\\Controllers\\Api\\AuthController->login()
#19 C:\\Users\\baxxe\\Documents\\Web2\\Stage\\mindful-journey-ui\\backend\\mindful-journey-back\\vendor\\laravel\\framework\\src\\Illuminate\\Routing\\Route.php(265): Illuminate\\Routing\\ControllerDispatcher->dispatch()
#20 C:\\Users\\baxxe\\Documents\\Web2\\Stage\\mindful-journey-ui\\backend\\mindful-journey-back\\vendor\\laravel\\framework\\src\\Illuminate\\Routing\\Route.php(211): Illuminate\\Routing\\Route->runController()
#21 C:\\Users\\baxxe\\Documents\\Web2\\Stage\\mindful-journey-ui\\backend\\mindful-journey-back\\vendor\\laravel\\framework\\src\\Illuminate\\Routing\\Router.php(808): Illuminate\\Routing\\Route->run()
#22 C:\\Users\\baxxe\\Documents\\Web2\\Stage\\mindful-journey-ui\\backend\\mindful-journey-back\\vendor\\laravel\\framework\\src\\Illuminate\\Pipeline\\Pipeline.php(169): Illuminate\\Routing\\Router->{closure:Illuminate\\Routing\\Router::runRouteWithinStack():807}()
#23 C:\\Users\\baxxe\\Documents\\Web2\\Stage\\mindful-journey-ui\\backend\\mindful-journey-back\\vendor\\laravel\\framework\\src\\Illuminate\\Routing\\Middleware\\SubstituteBindings.php(50): Illuminate\\Pipeline\\Pipeline->{closure:Illuminate\\Pipeline\\Pipeline::prepareDestination():167}()
#24 C:\\Users\\baxxe\\Documents\\Web2\\Stage\\mindful-journey-ui\\backend\\mindful-journey-back\\vendor\\laravel\\framework\\src\\Illuminate\\Pipeline\\Pipeline.php(208): Illuminate\\Routing\\Middleware\\SubstituteBindings->handle()
#25 C:\\Users\\baxxe\\Documents\\Web2\\Stage\\mindful-journey-ui\\backend\\mindful-journey-back\\vendor\\laravel\\framework\\src\\Illuminate\\Pipeline\\Pipeline.php(126): Illuminate\\Pipeline\\Pipeline->{closure:{closure:Illuminate\\Pipeline\\Pipeline::carry():183}:184}()
#26 C:\\Users\\baxxe\\Documents\\Web2\\Stage\\mindful-journey-ui\\backend\\mindful-journey-back\\vendor\\laravel\\framework\\src\\Illuminate\\Routing\\Router.php(807): Illuminate\\Pipeline\\Pipeline->then()
#27 C:\\Users\\baxxe\\Documents\\Web2\\Stage\\mindful-journey-ui\\backend\\mindful-journey-back\\vendor\\laravel\\framework\\src\\Illuminate\\Routing\\Router.php(786): Illuminate\\Routing\\Router->runRouteWithinStack()
#28 C:\\Users\\baxxe\\Documents\\Web2\\Stage\\mindful-journey-ui\\backend\\mindful-journey-back\\vendor\\laravel\\framework\\src\\Illuminate\\Routing\\Router.php(750): Illuminate\\Routing\\Router->runRoute()
#29 C:\\Users\\baxxe\\Documents\\Web2\\Stage\\mindful-journey-ui\\backend\\mindful-journey-back\\vendor\\laravel\\framework\\src\\Illuminate\\Routing\\Router.php(739): Illuminate\\Routing\\Router->dispatchToRoute()
#30 C:\\Users\\baxxe\\Documents\\Web2\\Stage\\mindful-journey-ui\\backend\\mindful-journey-back\\vendor\\laravel\\framework\\src\\Illuminate\\Foundation\\Http\\Kernel.php(200): Illuminate\\Routing\\Router->dispatch()
#31 C:\\Users\\baxxe\\Documents\\Web2\\Stage\\mindful-journey-ui\\backend\\mindful-journey-back\\vendor\\laravel\\framework\\src\\Illuminate\\Pipeline\\Pipeline.php(169): Illuminate\\Foundation\\Http\\Kernel->{closure:Illuminate\\Foundation\\Http\\Kernel::dispatchToRouter():197}()
#32 C:\\Users\\baxxe\\Documents\\Web2\\Stage\\mindful-journey-ui\\backend\\mindful-journey-back\\vendor\\laravel\\framework\\src\\Illuminate\\Foundation\\Http\\Middleware\\TransformsRequest.php(21): Illuminate\\Pipeline\\Pipeline->{closure:Illuminate\\Pipeline\\Pipeline::prepareDestination():167}()
#33 C:\\Users\\baxxe\\Documents\\Web2\\Stage\\mindful-journey-ui\\backend\\mindful-journey-back\\vendor\\laravel\\framework\\src\\Illuminate\\Foundation\\Http\\Middleware\\ConvertEmptyStringsToNull.php(31): Illuminate\\Foundation\\Http\\Middleware\\TransformsRequest->handle()
#34 C:\\Users\\baxxe\\Documents\\Web2\\Stage\\mindful-journey-ui\\backend\\mindful-journey-back\\vendor\\laravel\\framework\\src\\Illuminate\\Pipeline\\Pipeline.php(208): Illuminate\\Foundation\\Http\\Middleware\\ConvertEmptyStringsToNull->handle()
#35 C:\\Users\\baxxe\\Documents\\Web2\\Stage\\mindful-journey-ui\\backend\\mindful-journey-back\\vendor\\laravel\\framework\\src\\Illuminate\\Foundation\\Http\\Middleware\\TransformsRequest.php(21): Illuminate\\Pipeline\\Pipeline->{closure:{closure:Illuminate\\Pipeline\\Pipeline::carry():183}:184}()
#36 C:\\Users\\baxxe\\Documents\\Web2\\Stage\\mindful-journey-ui\\backend\\mindful-journey-back\\vendor\\laravel\\framework\\src\\Illuminate\\Foundation\\Http\\Middleware\\TrimStrings.php(51): Illuminate\\Foundation\\Http\\Middleware\\TransformsRequest->handle()
#37 C:\\Users\\baxxe\\Documents\\Web2\\Stage\\mindful-journey-ui\\backend\\mindful-journey-back\\vendor\\laravel\\framework\\src\\Illuminate\\Pipeline\\Pipeline.php(208): Illuminate\\Foundation\\Http\\Middleware\\TrimStrings->handle()
#38 C:\\Users\\baxxe\\Documents\\Web2\\Stage\\mindful-journey-ui\\backend\\mindful-journey-back\\vendor\\laravel\\framework\\src\\Illuminate\\Http\\Middleware\\ValidatePostSize.php(27): Illuminate\\Pipeline\\Pipeline->{closure:{closure:Illuminate\\Pipeline\\Pipeline::carry():183}:184}()
#39 C:\\Users\\baxxe\\Documents\\Web2\\Stage\\mindful-journey-ui\\backend\\mindful-journey-back\\vendor\\laravel\\framework\\src\\Illuminate\\Pipeline\\Pipeline.php(208): Illuminate\\Http\\Middleware\\ValidatePostSize->handle()
#40 C:\\Users\\baxxe\\Documents\\Web2\\Stage\\mindful-journey-ui\\backend\\mindful-journey-back\\vendor\\laravel\\framework\\src\\Illuminate\\Foundation\\Http\\Middleware\\PreventRequestsDuringMaintenance.php(109): Illuminate\\Pipeline\\Pipeline->{closure:{closure:Illuminate\\Pipeline\\Pipeline::carry():183}:184}()
#41 C:\\Users\\baxxe\\Documents\\Web2\\Stage\\mindful-journey-ui\\backend\\mindful-journey-back\\vendor\\laravel\\framework\\src\\Illuminate\\Pipeline\\Pipeline.php(208): Illuminate\\Foundation\\Http\\Middleware\\PreventRequestsDuringMaintenance->handle()
#42 C:\\Users\\baxxe\\Documents\\Web2\\Stage\\mindful-journey-ui\\backend\\mindful-journey-back\\vendor\\laravel\\framework\\src\\Illuminate\\Http\\Middleware\\HandleCors.php(61): Illuminate\\Pipeline\\Pipeline->{closure:{closure:Illuminate\\Pipeline\\Pipeline::carry():183}:184}()
#43 C:\\Users\\baxxe\\Documents\\Web2\\Stage\\mindful-journey-ui\\backend\\mindful-journey-back\\vendor\\laravel\\framework\\src\\Illuminate\\Pipeline\\Pipeline.php(208): Illuminate\\Http\\Middleware\\HandleCors->handle()
#44 C:\\Users\\baxxe\\Documents\\Web2\\Stage\\mindful-journey-ui\\backend\\mindful-journey-back\\vendor\\laravel\\framework\\src\\Illuminate\\Http\\Middleware\\TrustProxies.php(58): Illuminate\\Pipeline\\Pipeline->{closure:{closure:Illuminate\\Pipeline\\Pipeline::carry():183}:184}()
#45 C:\\Users\\baxxe\\Documents\\Web2\\Stage\\mindful-journey-ui\\backend\\mindful-journey-back\\vendor\\laravel\\framework\\src\\Illuminate\\Pipeline\\Pipeline.php(208): Illuminate\\Http\\Middleware\\TrustProxies->handle()
#46 C:\\Users\\baxxe\\Documents\\Web2\\Stage\\mindful-journey-ui\\backend\\mindful-journey-back\\vendor\\laravel\\framework\\src\\Illuminate\\Foundation\\Http\\Middleware\\InvokeDeferredCallbacks.php(22): Illuminate\\Pipeline\\Pipeline->{closure:{closure:Illuminate\\Pipeline\\Pipeline::carry():183}:184}()
#47 C:\\Users\\baxxe\\Documents\\Web2\\Stage\\mindful-journey-ui\\backend\\mindful-journey-back\\vendor\\laravel\\framework\\src\\Illuminate\\Pipeline\\Pipeline.php(208): Illuminate\\Foundation\\Http\\Middleware\\InvokeDeferredCallbacks->handle()
#48 C:\\Users\\baxxe\\Documents\\Web2\\Stage\\mindful-journey-ui\\backend\\mindful-journey-back\\vendor\\laravel\\framework\\src\\Illuminate\\Http\\Middleware\\ValidatePathEncoding.php(26): Illuminate\\Pipeline\\Pipeline->{closure:{closure:Illuminate\\Pipeline\\Pipeline::carry():183}:184}()
#49 C:\\Users\\baxxe\\Documents\\Web2\\Stage\\mindful-journey-ui\\backend\\mindful-journey-back\\vendor\\laravel\\framework\\src\\Illuminate\\Pipeline\\Pipeline.php(208): Illuminate\\Http\\Middleware\\ValidatePathEncoding->handle()
#50 C:\\Users\\baxxe\\Documents\\Web2\\Stage\\mindful-journey-ui\\backend\\mindful-journey-back\\vendor\\laravel\\framework\\src\\Illuminate\\Pipeline\\Pipeline.php(126): Illuminate\\Pipeline\\Pipeline->{closure:{closure:Illuminate\\Pipeline\\Pipeline::carry():183}:184}()
#51 C:\\Users\\baxxe\\Documents\\Web2\\Stage\\mindful-journey-ui\\backend\\mindful-journey-back\\vendor\\laravel\\framework\\src\\Illuminate\\Foundation\\Http\\Kernel.php(175): Illuminate\\Pipeline\\Pipeline->then()
#52 C:\\Users\\baxxe\\Documents\\Web2\\Stage\\mindful-journey-ui\\backend\\mindful-journey-back\\vendor\\laravel\\framework\\src\\Illuminate\\Foundation\\Http\\Kernel.php(144): Illuminate\\Foundation\\Http\\Kernel->sendRequestThroughRouter()
#53 C:\\Users\\baxxe\\Documents\\Web2\\Stage\\mindful-journey-ui\\backend\\mindful-journey-back\\vendor\\laravel\\framework\\src\\Illuminate\\Foundation\\Application.php(1219): Illuminate\\Foundation\\Http\\Kernel->handle()
#54 C:\\Users\\baxxe\\Documents\\Web2\\Stage\\mindful-journey-ui\\backend\\mindful-journey-back\\public\\index.php(20): Illuminate\\Foundation\\Application->handleRequest()
#55 C:\\Users\\baxxe\\Documents\\Web2\\Stage\\mindful-journey-ui\\backend\\mindful-journey-back\\vendor\\laravel\\framework\\src\\Illuminate\\Foundation\\resources\\server.php(23): require_once('...')
#56 {main}
"} 
[2025-08-14 09:56:27] production.ERROR: No application encryption key has been specified. {"exception":"[object] (Illuminate\\Encryption\\MissingAppKeyException(code: 0): No application encryption key has been specified. at C:\\Users\\baxxe\\Documents\\Web2\\Stage\\mindful-journey-ui\\backend\\mindful-journey-back\\vendor\\laravel\\framework\\src\\Illuminate\\Encryption\\EncryptionServiceProvider.php:83)
[stacktrace]
#0 C:\\Users\\baxxe\\Documents\\Web2\\Stage\\mindful-journey-ui\\backend\\mindful-journey-back\\vendor\\laravel\\framework\\src\\Illuminate\\Support\\helpers.php(399): Illuminate\\Encryption\\EncryptionServiceProvider->{closure:Illuminate\\Encryption\\EncryptionServiceProvider::key():81}()
#1 C:\\Users\\baxxe\\Documents\\Web2\\Stage\\mindful-journey-ui\\backend\\mindful-journey-back\\vendor\\laravel\\framework\\src\\Illuminate\\Encryption\\EncryptionServiceProvider.php(81): tap()
#2 C:\\Users\\baxxe\\Documents\\Web2\\Stage\\mindful-journey-ui\\backend\\mindful-journey-back\\vendor\\laravel\\framework\\src\\Illuminate\\Encryption\\EncryptionServiceProvider.php(64): Illuminate\\Encryption\\EncryptionServiceProvider->key()
#3 C:\\Users\\baxxe\\Documents\\Web2\\Stage\\mindful-journey-ui\\backend\\mindful-journey-back\\vendor\\laravel\\framework\\src\\Illuminate\\Encryption\\EncryptionServiceProvider.php(32): Illuminate\\Encryption\\EncryptionServiceProvider->parseKey()
#4 C:\\Users\\baxxe\\Documents\\Web2\\Stage\\mindful-journey-ui\\backend\\mindful-journey-back\\vendor\\laravel\\framework\\src\\Illuminate\\Container\\Container.php(1036): Illuminate\\Encryption\\EncryptionServiceProvider->{closure:Illuminate\\Encryption\\EncryptionServiceProvider::registerEncrypter():29}()
#5 C:\\Users\\baxxe\\Documents\\Web2\\Stage\\mindful-journey-ui\\backend\\mindful-journey-back\\vendor\\laravel\\framework\\src\\Illuminate\\Container\\Container.php(916): Illuminate\\Container\\Container->build()
#6 C:\\Users\\baxxe\\Documents\\Web2\\Stage\\mindful-journey-ui\\backend\\mindful-journey-back\\vendor\\laravel\\framework\\src\\Illuminate\\Foundation\\Application.php(1077): Illuminate\\Container\\Container->resolve()
#7 C:\\Users\\baxxe\\Documents\\Web2\\Stage\\mindful-journey-ui\\backend\\mindful-journey-back\\vendor\\laravel\\framework\\src\\Illuminate\\Container\\Container.php(847): Illuminate\\Foundation\\Application->resolve()
#8 C:\\Users\\baxxe\\Documents\\Web2\\Stage\\mindful-journey-ui\\backend\\mindful-journey-back\\vendor\\laravel\\framework\\src\\Illuminate\\Foundation\\Application.php(1057): Illuminate\\Container\\Container->make()
#9 C:\\Users\\baxxe\\Documents\\Web2\\Stage\\mindful-journey-ui\\backend\\mindful-journey-back\\vendor\\laravel\\framework\\src\\Illuminate\\Container\\Container.php(1228): Illuminate\\Foundation\\Application->make()
#10 C:\\Users\\baxxe\\Documents\\Web2\\Stage\\mindful-journey-ui\\backend\\mindful-journey-back\\vendor\\laravel\\framework\\src\\Illuminate\\Container\\Container.php(1127): Illuminate\\Container\\Container->resolveClass()
#11 C:\\Users\\baxxe\\Documents\\Web2\\Stage\\mindful-journey-ui\\backend\\mindful-journey-back\\vendor\\laravel\\framework\\src\\Illuminate\\Container\\Container.php(1078): Illuminate\\Container\\Container->resolveDependencies()
#12 C:\\Users\\baxxe\\Documents\\Web2\\Stage\\mindful-journey-ui\\backend\\mindful-journey-back\\vendor\\laravel\\framework\\src\\Illuminate\\Container\\Container.php(916): Illuminate\\Container\\Container->build()
#13 C:\\Users\\baxxe\\Documents\\Web2\\Stage\\mindful-journey-ui\\backend\\mindful-journey-back\\vendor\\laravel\\framework\\src\\Illuminate\\Foundation\\Application.php(1077): Illuminate\\Container\\Container->resolve()
#14 C:\\Users\\baxxe\\Documents\\Web2\\Stage\\mindful-journey-ui\\backend\\mindful-journey-back\\vendor\\laravel\\framework\\src\\Illuminate\\Container\\Container.php(847): Illuminate\\Foundation\\Application->resolve()
#15 C:\\Users\\baxxe\\Documents\\Web2\\Stage\\mindful-journey-ui\\backend\\mindful-journey-back\\vendor\\laravel\\framework\\src\\Illuminate\\Foundation\\Application.php(1057): Illuminate\\Container\\Container->make()
#16 C:\\Users\\baxxe\\Documents\\Web2\\Stage\\mindful-journey-ui\\backend\\mindful-journey-back\\vendor\\laravel\\framework\\src\\Illuminate\\Pipeline\\Pipeline.php(197): Illuminate\\Foundation\\Application->make()
#17 C:\\Users\\baxxe\\Documents\\Web2\\Stage\\mindful-journey-ui\\backend\\mindful-journey-back\\vendor\\laravel\\framework\\src\\Illuminate\\Pipeline\\Pipeline.php(126): Illuminate\\Pipeline\\Pipeline->{closure:{closure:Illuminate\\Pipeline\\Pipeline::carry():183}:184}()
#18 C:\\Users\\baxxe\\Documents\\Web2\\Stage\\mindful-journey-ui\\backend\\mindful-journey-back\\vendor\\laravel\\framework\\src\\Illuminate\\Routing\\Router.php(807): Illuminate\\Pipeline\\Pipeline->then()
#19 C:\\Users\\baxxe\\Documents\\Web2\\Stage\\mindful-journey-ui\\backend\\mindful-journey-back\\vendor\\laravel\\framework\\src\\Illuminate\\Routing\\Router.php(786): Illuminate\\Routing\\Router->runRouteWithinStack()
#20 C:\\Users\\baxxe\\Documents\\Web2\\Stage\\mindful-journey-ui\\backend\\mindful-journey-back\\vendor\\laravel\\framework\\src\\Illuminate\\Routing\\Router.php(750): Illuminate\\Routing\\Router->runRoute()
#21 C:\\Users\\baxxe\\Documents\\Web2\\Stage\\mindful-journey-ui\\backend\\mindful-journey-back\\vendor\\laravel\\framework\\src\\Illuminate\\Routing\\Router.php(739): Illuminate\\Routing\\Router->dispatchToRoute()
#22 C:\\Users\\baxxe\\Documents\\Web2\\Stage\\mindful-journey-ui\\backend\\mindful-journey-back\\vendor\\laravel\\framework\\src\\Illuminate\\Foundation\\Http\\Kernel.php(200): Illuminate\\Routing\\Router->dispatch()
#23 C:\\Users\\baxxe\\Documents\\Web2\\Stage\\mindful-journey-ui\\backend\\mindful-journey-back\\vendor\\laravel\\framework\\src\\Illuminate\\Pipeline\\Pipeline.php(169): Illuminate\\Foundation\\Http\\Kernel->{closure:Illuminate\\Foundation\\Http\\Kernel::dispatchToRouter():197}()
#24 C:\\Users\\baxxe\\Documents\\Web2\\Stage\\mindful-journey-ui\\backend\\mindful-journey-back\\vendor\\laravel\\framework\\src\\Illuminate\\Foundation\\Http\\Middleware\\TransformsRequest.php(21): Illuminate\\Pipeline\\Pipeline->{closure:Illuminate\\Pipeline\\Pipeline::prepareDestination():167}()
#25 C:\\Users\\baxxe\\Documents\\Web2\\Stage\\mindful-journey-ui\\backend\\mindful-journey-back\\vendor\\laravel\\framework\\src\\Illuminate\\Foundation\\Http\\Middleware\\ConvertEmptyStringsToNull.php(31): Illuminate\\Foundation\\Http\\Middleware\\TransformsRequest->handle()
#26 C:\\Users\\baxxe\\Documents\\Web2\\Stage\\mindful-journey-ui\\backend\\mindful-journey-back\\vendor\\laravel\\framework\\src\\Illuminate\\Pipeline\\Pipeline.php(208): Illuminate\\Foundation\\Http\\Middleware\\ConvertEmptyStringsToNull->handle()
#27 C:\\Users\\baxxe\\Documents\\Web2\\Stage\\mindful-journey-ui\\backend\\mindful-journey-back\\vendor\\laravel\\framework\\src\\Illuminate\\Foundation\\Http\\Middleware\\TransformsRequest.php(21): Illuminate\\Pipeline\\Pipeline->{closure:{closure:Illuminate\\Pipeline\\Pipeline::carry():183}:184}()
#28 C:\\Users\\baxxe\\Documents\\Web2\\Stage\\mindful-journey-ui\\backend\\mindful-journey-back\\vendor\\laravel\\framework\\src\\Illuminate\\Foundation\\Http\\Middleware\\TrimStrings.php(51): Illuminate\\Foundation\\Http\\Middleware\\TransformsRequest->handle()
#29 C:\\Users\\baxxe\\Documents\\Web2\\Stage\\mindful-journey-ui\\backend\\mindful-journey-back\\vendor\\laravel\\framework\\src\\Illuminate\\Pipeline\\Pipeline.php(208): Illuminate\\Foundation\\Http\\Middleware\\TrimStrings->handle()
#30 C:\\Users\\baxxe\\Documents\\Web2\\Stage\\mindful-journey-ui\\backend\\mindful-journey-back\\vendor\\laravel\\framework\\src\\Illuminate\\Http\\Middleware\\ValidatePostSize.php(27): Illuminate\\Pipeline\\Pipeline->{closure:{closure:Illuminate\\Pipeline\\Pipeline::carry():183}:184}()
#31 C:\\Users\\baxxe\\Documents\\Web2\\Stage\\mindful-journey-ui\\backend\\mindful-journey-back\\vendor\\laravel\\framework\\src\\Illuminate\\Pipeline\\Pipeline.php(208): Illuminate\\Http\\Middleware\\ValidatePostSize->handle()
#32 C:\\Users\\baxxe\\Documents\\Web2\\Stage\\mindful-journey-ui\\backend\\mindful-journey-back\\vendor\\laravel\\framework\\src\\Illuminate\\Foundation\\Http\\Middleware\\PreventRequestsDuringMaintenance.php(109): Illuminate\\Pipeline\\Pipeline->{closure:{closure:Illuminate\\Pipeline\\Pipeline::carry():183}:184}()
#33 C:\\Users\\baxxe\\Documents\\Web2\\Stage\\mindful-journey-ui\\backend\\mindful-journey-back\\vendor\\laravel\\framework\\src\\Illuminate\\Pipeline\\Pipeline.php(208): Illuminate\\Foundation\\Http\\Middleware\\PreventRequestsDuringMaintenance->handle()
#34 C:\\Users\\baxxe\\Documents\\Web2\\Stage\\mindful-journey-ui\\backend\\mindful-journey-back\\vendor\\laravel\\framework\\src\\Illuminate\\Http\\Middleware\\HandleCors.php(61): Illuminate\\Pipeline\\Pipeline->{closure:{closure:Illuminate\\Pipeline\\Pipeline::carry():183}:184}()
#35 C:\\Users\\baxxe\\Documents\\Web2\\Stage\\mindful-journey-ui\\backend\\mindful-journey-back\\vendor\\laravel\\framework\\src\\Illuminate\\Pipeline\\Pipeline.php(208): Illuminate\\Http\\Middleware\\HandleCors->handle()
#36 C:\\Users\\baxxe\\Documents\\Web2\\Stage\\mindful-journey-ui\\backend\\mindful-journey-back\\vendor\\laravel\\framework\\src\\Illuminate\\Http\\Middleware\\TrustProxies.php(58): Illuminate\\Pipeline\\Pipeline->{closure:{closure:Illuminate\\Pipeline\\Pipeline::carry():183}:184}()
#37 C:\\Users\\baxxe\\Documents\\Web2\\Stage\\mindful-journey-ui\\backend\\mindful-journey-back\\vendor\\laravel\\framework\\src\\Illuminate\\Pipeline\\Pipeline.php(208): Illuminate\\Http\\Middleware\\TrustProxies->handle()
#38 C:\\Users\\baxxe\\Documents\\Web2\\Stage\\mindful-journey-ui\\backend\\mindful-journey-back\\vendor\\laravel\\framework\\src\\Illuminate\\Foundation\\Http\\Middleware\\InvokeDeferredCallbacks.php(22): Illuminate\\Pipeline\\Pipeline->{closure:{closure:Illuminate\\Pipeline\\Pipeline::carry():183}:184}()
#39 C:\\Users\\baxxe\\Documents\\Web2\\Stage\\mindful-journey-ui\\backend\\mindful-journey-back\\vendor\\laravel\\framework\\src\\Illuminate\\Pipeline\\Pipeline.php(208): Illuminate\\Foundation\\Http\\Middleware\\InvokeDeferredCallbacks->handle()
#40 C:\\Users\\baxxe\\Documents\\Web2\\Stage\\mindful-journey-ui\\backend\\mindful-journey-back\\vendor\\laravel\\framework\\src\\Illuminate\\Http\\Middleware\\ValidatePathEncoding.php(26): Illuminate\\Pipeline\\Pipeline->{closure:{closure:Illuminate\\Pipeline\\Pipeline::carry():183}:184}()
#41 C:\\Users\\baxxe\\Documents\\Web2\\Stage\\mindful-journey-ui\\backend\\mindful-journey-back\\vendor\\laravel\\framework\\src\\Illuminate\\Pipeline\\Pipeline.php(208): Illuminate\\Http\\Middleware\\ValidatePathEncoding->handle()
#42 C:\\Users\\baxxe\\Documents\\Web2\\Stage\\mindful-journey-ui\\backend\\mindful-journey-back\\vendor\\laravel\\framework\\src\\Illuminate\\Pipeline\\Pipeline.php(126): Illuminate\\Pipeline\\Pipeline->{closure:{closure:Illuminate\\Pipeline\\Pipeline::carry():183}:184}()
#43 C:\\Users\\baxxe\\Documents\\Web2\\Stage\\mindful-journey-ui\\backend\\mindful-journey-back\\vendor\\laravel\\framework\\src\\Illuminate\\Foundation\\Http\\Kernel.php(175): Illuminate\\Pipeline\\Pipeline->then()
#44 C:\\Users\\baxxe\\Documents\\Web2\\Stage\\mindful-journey-ui\\backend\\mindful-journey-back\\vendor\\laravel\\framework\\src\\Illuminate\\Foundation\\Http\\Kernel.php(144): Illuminate\\Foundation\\Http\\Kernel->sendRequestThroughRouter()
#45 C:\\Users\\baxxe\\Documents\\Web2\\Stage\\mindful-journey-ui\\backend\\mindful-journey-back\\vendor\\laravel\\framework\\src\\Illuminate\\Foundation\\Application.php(1219): Illuminate\\Foundation\\Http\\Kernel->handle()
#46 C:\\Users\\baxxe\\Documents\\Web2\\Stage\\mindful-journey-ui\\backend\\mindful-journey-back\\public\\index.php(20): Illuminate\\Foundation\\Application->handleRequest()
#47 C:\\Users\\baxxe\\Documents\\Web2\\Stage\\mindful-journey-ui\\backend\\mindful-journey-back\\vendor\\laravel\\framework\\src\\Illuminate\\Foundation\\resources\\server.php(23): require_once('...')
#48 {main}
"} 
[2025-08-14 09:56:27] production.ERROR: No application encryption key has been specified. {"exception":"[object] (Illuminate\\Encryption\\MissingAppKeyException(code: 0): No application encryption key has been specified. at C:\\Users\\baxxe\\Documents\\Web2\\Stage\\mindful-journey-ui\\backend\\mindful-journey-back\\vendor\\laravel\\framework\\src\\Illuminate\\Encryption\\EncryptionServiceProvider.php:83)
[stacktrace]
#0 C:\\Users\\baxxe\\Documents\\Web2\\Stage\\mindful-journey-ui\\backend\\mindful-journey-back\\vendor\\laravel\\framework\\src\\Illuminate\\Support\\helpers.php(399): Illuminate\\Encryption\\EncryptionServiceProvider->{closure:Illuminate\\Encryption\\EncryptionServiceProvider::key():81}()
#1 C:\\Users\\baxxe\\Documents\\Web2\\Stage\\mindful-journey-ui\\backend\\mindful-journey-back\\vendor\\laravel\\framework\\src\\Illuminate\\Encryption\\EncryptionServiceProvider.php(81): tap()
#2 C:\\Users\\baxxe\\Documents\\Web2\\Stage\\mindful-journey-ui\\backend\\mindful-journey-back\\vendor\\laravel\\framework\\src\\Illuminate\\Encryption\\EncryptionServiceProvider.php(64): Illuminate\\Encryption\\EncryptionServiceProvider->key()
#3 C:\\Users\\baxxe\\Documents\\Web2\\Stage\\mindful-journey-ui\\backend\\mindful-journey-back\\vendor\\laravel\\framework\\src\\Illuminate\\Encryption\\EncryptionServiceProvider.php(32): Illuminate\\Encryption\\EncryptionServiceProvider->parseKey()
#4 C:\\Users\\baxxe\\Documents\\Web2\\Stage\\mindful-journey-ui\\backend\\mindful-journey-back\\vendor\\laravel\\framework\\src\\Illuminate\\Container\\Container.php(1036): Illuminate\\Encryption\\EncryptionServiceProvider->{closure:Illuminate\\Encryption\\EncryptionServiceProvider::registerEncrypter():29}()
#5 C:\\Users\\baxxe\\Documents\\Web2\\Stage\\mindful-journey-ui\\backend\\mindful-journey-back\\vendor\\laravel\\framework\\src\\Illuminate\\Container\\Container.php(916): Illuminate\\Container\\Container->build()
#6 C:\\Users\\baxxe\\Documents\\Web2\\Stage\\mindful-journey-ui\\backend\\mindful-journey-back\\vendor\\laravel\\framework\\src\\Illuminate\\Foundation\\Application.php(1077): Illuminate\\Container\\Container->resolve()
#7 C:\\Users\\baxxe\\Documents\\Web2\\Stage\\mindful-journey-ui\\backend\\mindful-journey-back\\vendor\\laravel\\framework\\src\\Illuminate\\Container\\Container.php(847): Illuminate\\Foundation\\Application->resolve()
#8 C:\\Users\\baxxe\\Documents\\Web2\\Stage\\mindful-journey-ui\\backend\\mindful-journey-back\\vendor\\laravel\\framework\\src\\Illuminate\\Foundation\\Application.php(1057): Illuminate\\Container\\Container->make()
#9 C:\\Users\\baxxe\\Documents\\Web2\\Stage\\mindful-journey-ui\\backend\\mindful-journey-back\\vendor\\laravel\\framework\\src\\Illuminate\\Container\\Container.php(1228): Illuminate\\Foundation\\Application->make()
#10 C:\\Users\\baxxe\\Documents\\Web2\\Stage\\mindful-journey-ui\\backend\\mindful-journey-back\\vendor\\laravel\\framework\\src\\Illuminate\\Container\\Container.php(1127): Illuminate\\Container\\Container->resolveClass()
#11 C:\\Users\\baxxe\\Documents\\Web2\\Stage\\mindful-journey-ui\\backend\\mindful-journey-back\\vendor\\laravel\\framework\\src\\Illuminate\\Container\\Container.php(1078): Illuminate\\Container\\Container->resolveDependencies()
#12 C:\\Users\\baxxe\\Documents\\Web2\\Stage\\mindful-journey-ui\\backend\\mindful-journey-back\\vendor\\laravel\\framework\\src\\Illuminate\\Container\\Container.php(916): Illuminate\\Container\\Container->build()
#13 C:\\Users\\baxxe\\Documents\\Web2\\Stage\\mindful-journey-ui\\backend\\mindful-journey-back\\vendor\\laravel\\framework\\src\\Illuminate\\Foundation\\Application.php(1077): Illuminate\\Container\\Container->resolve()
#14 C:\\Users\\baxxe\\Documents\\Web2\\Stage\\mindful-journey-ui\\backend\\mindful-journey-back\\vendor\\laravel\\framework\\src\\Illuminate\\Container\\Container.php(847): Illuminate\\Foundation\\Application->resolve()
#15 C:\\Users\\baxxe\\Documents\\Web2\\Stage\\mindful-journey-ui\\backend\\mindful-journey-back\\vendor\\laravel\\framework\\src\\Illuminate\\Foundation\\Application.php(1057): Illuminate\\Container\\Container->make()
#16 C:\\Users\\baxxe\\Documents\\Web2\\Stage\\mindful-journey-ui\\backend\\mindful-journey-back\\vendor\\laravel\\framework\\src\\Illuminate\\Foundation\\Http\\Kernel.php(257): Illuminate\\Foundation\\Application->make()
#17 C:\\Users\\baxxe\\Documents\\Web2\\Stage\\mindful-journey-ui\\backend\\mindful-journey-back\\vendor\\laravel\\framework\\src\\Illuminate\\Foundation\\Http\\Kernel.php(215): Illuminate\\Foundation\\Http\\Kernel->terminateMiddleware()
#18 C:\\Users\\baxxe\\Documents\\Web2\\Stage\\mindful-journey-ui\\backend\\mindful-journey-back\\vendor\\laravel\\framework\\src\\Illuminate\\Foundation\\Application.php(1221): Illuminate\\Foundation\\Http\\Kernel->terminate()
#19 C:\\Users\\baxxe\\Documents\\Web2\\Stage\\mindful-journey-ui\\backend\\mindful-journey-back\\public\\index.php(20): Illuminate\\Foundation\\Application->handleRequest()
#20 C:\\Users\\baxxe\\Documents\\Web2\\Stage\\mindful-journey-ui\\backend\\mindful-journey-back\\vendor\\laravel\\framework\\src\\Illuminate\\Foundation\\resources\\server.php(23): require_once('...')
#21 {main}
"} 
[2025-08-19 01:08:40] local.ERROR: Vite manifest not found at: C:\Users\camar\Bureau\main-clean\backend\mindful-journey-back\public\build/manifest.json (View: C:\Users\camar\Bureau\main-clean\backend\mindful-journey-back\resources\views\app.blade.php) {"exception":"[object] (Illuminate\\View\\ViewException(code: 0): Vite manifest not found at: C:\\Users\\camar\\Bureau\\main-clean\\backend\\mindful-journey-back\\public\\build/manifest.json (View: C:\\Users\\camar\\Bureau\\main-clean\\backend\\mindful-journey-back\\resources\\views\\app.blade.php) at C:\\Users\\camar\\Bureau\\main-clean\\backend\\mindful-journey-back\\vendor\\laravel\\framework\\src\\Illuminate\\Foundation\\Vite.php:935)
[stacktrace]
#0 C:\\Users\\camar\\Bureau\\main-clean\\backend\\mindful-journey-back\\vendor\\laravel\\framework\\src\\Illuminate\\View\\Engines\\PhpEngine.php(59): Illuminate\\View\\Engines\\CompilerEngine->handleViewException()
#1 C:\\Users\\camar\\Bureau\\main-clean\\backend\\mindful-journey-back\\vendor\\laravel\\framework\\src\\Illuminate\\View\\Engines\\CompilerEngine.php(76): Illuminate\\View\\Engines\\PhpEngine->evaluatePath()
#2 C:\\Users\\camar\\Bureau\\main-clean\\backend\\mindful-journey-back\\vendor\\laravel\\framework\\src\\Illuminate\\View\\View.php(208): Illuminate\\View\\Engines\\CompilerEngine->get()
#3 C:\\Users\\camar\\Bureau\\main-clean\\backend\\mindful-journey-back\\vendor\\laravel\\framework\\src\\Illuminate\\View\\View.php(191): Illuminate\\View\\View->getContents()
#4 C:\\Users\\camar\\Bureau\\main-clean\\backend\\mindful-journey-back\\vendor\\laravel\\framework\\src\\Illuminate\\View\\View.php(160): Illuminate\\View\\View->renderContents()
#5 C:\\Users\\camar\\Bureau\\main-clean\\backend\\mindful-journey-back\\vendor\\laravel\\framework\\src\\Illuminate\\Http\\Response.php(78): Illuminate\\View\\View->render()
#6 C:\\Users\\camar\\Bureau\\main-clean\\backend\\mindful-journey-back\\vendor\\laravel\\framework\\src\\Illuminate\\Http\\Response.php(34): Illuminate\\Http\\Response->setContent()
#7 C:\\Users\\camar\\Bureau\\main-clean\\backend\\mindful-journey-back\\vendor\\laravel\\framework\\src\\Illuminate\\Routing\\ResponseFactory.php(61): Illuminate\\Http\\Response->__construct()
#8 C:\\Users\\camar\\Bureau\\main-clean\\backend\\mindful-journey-back\\vendor\\laravel\\framework\\src\\Illuminate\\Routing\\ResponseFactory.php(91): Illuminate\\Routing\\ResponseFactory->make()
#9 C:\\Users\\camar\\Bureau\\main-clean\\backend\\mindful-journey-back\\vendor\\laravel\\framework\\src\\Illuminate\\Support\\Facades\\Facade.php(361): Illuminate\\Routing\\ResponseFactory->view()
#10 C:\\Users\\camar\\Bureau\\main-clean\\backend\\mindful-journey-back\\vendor\\inertiajs\\inertia-laravel\\src\\Response.php(135): Illuminate\\Support\\Facades\\Facade::__callStatic()
#11 C:\\Users\\camar\\Bureau\\main-clean\\backend\\mindful-journey-back\\vendor\\laravel\\framework\\src\\Illuminate\\Routing\\Router.php(907): Inertia\\Response->toResponse()
#12 C:\\Users\\camar\\Bureau\\main-clean\\backend\\mindful-journey-back\\vendor\\laravel\\framework\\src\\Illuminate\\Routing\\Router.php(892): Illuminate\\Routing\\Router::toResponse()
#13 C:\\Users\\camar\\Bureau\\main-clean\\backend\\mindful-journey-back\\vendor\\laravel\\framework\\src\\Illuminate\\Routing\\Router.php(807): Illuminate\\Routing\\Router->prepareResponse()
#14 C:\\Users\\camar\\Bureau\\main-clean\\backend\\mindful-journey-back\\vendor\\laravel\\framework\\src\\Illuminate\\Pipeline\\Pipeline.php(169): Illuminate\\Routing\\Router->Illuminate\\Routing\\{closure}()
#15 C:\\Users\\camar\\Bureau\\main-clean\\backend\\mindful-journey-back\\vendor\\laravel\\framework\\src\\Illuminate\\Http\\Middleware\\AddLinkHeadersForPreloadedAssets.php(32): Illuminate\\Pipeline\\Pipeline->Illuminate\\Pipeline\\{closure}()
#16 C:\\Users\\camar\\Bureau\\main-clean\\backend\\mindful-journey-back\\vendor\\laravel\\framework\\src\\Illuminate\\Pipeline\\Pipeline.php(208): Illuminate\\Http\\Middleware\\AddLinkHeadersForPreloadedAssets->handle()
#17 C:\\Users\\camar\\Bureau\\main-clean\\backend\\mindful-journey-back\\vendor\\inertiajs\\inertia-laravel\\src\\Middleware.php(100): Illuminate\\Pipeline\\Pipeline->Illuminate\\Pipeline\\{closure}()
#18 C:\\Users\\camar\\Bureau\\main-clean\\backend\\mindful-journey-back\\vendor\\laravel\\framework\\src\\Illuminate\\Pipeline\\Pipeline.php(208): Inertia\\Middleware->handle()
#19 C:\\Users\\camar\\Bureau\\main-clean\\backend\\mindful-journey-back\\app\\Http\\Middleware\\HandleAppearance.php(21): Illuminate\\Pipeline\\Pipeline->Illuminate\\Pipeline\\{closure}()
#20 C:\\Users\\camar\\Bureau\\main-clean\\backend\\mindful-journey-back\\vendor\\laravel\\framework\\src\\Illuminate\\Pipeline\\Pipeline.php(208): App\\Http\\Middleware\\HandleAppearance->handle()
#21 C:\\Users\\camar\\Bureau\\main-clean\\backend\\mindful-journey-back\\vendor\\laravel\\framework\\src\\Illuminate\\Routing\\Middleware\\SubstituteBindings.php(50): Illuminate\\Pipeline\\Pipeline->Illuminate\\Pipeline\\{closure}()
#22 C:\\Users\\camar\\Bureau\\main-clean\\backend\\mindful-journey-back\\vendor\\laravel\\framework\\src\\Illuminate\\Pipeline\\Pipeline.php(208): Illuminate\\Routing\\Middleware\\SubstituteBindings->handle()
#23 C:\\Users\\camar\\Bureau\\main-clean\\backend\\mindful-journey-back\\vendor\\laravel\\framework\\src\\Illuminate\\Foundation\\Http\\Middleware\\VerifyCsrfToken.php(87): Illuminate\\Pipeline\\Pipeline->Illuminate\\Pipeline\\{closure}()
#24 C:\\Users\\camar\\Bureau\\main-clean\\backend\\mindful-journey-back\\vendor\\laravel\\framework\\src\\Illuminate\\Pipeline\\Pipeline.php(208): Illuminate\\Foundation\\Http\\Middleware\\VerifyCsrfToken->handle()
#25 C:\\Users\\camar\\Bureau\\main-clean\\backend\\mindful-journey-back\\vendor\\laravel\\framework\\src\\Illuminate\\View\\Middleware\\ShareErrorsFromSession.php(48): Illuminate\\Pipeline\\Pipeline->Illuminate\\Pipeline\\{closure}()
#26 C:\\Users\\camar\\Bureau\\main-clean\\backend\\mindful-journey-back\\vendor\\laravel\\framework\\src\\Illuminate\\Pipeline\\Pipeline.php(208): Illuminate\\View\\Middleware\\ShareErrorsFromSession->handle()
#27 C:\\Users\\camar\\Bureau\\main-clean\\backend\\mindful-journey-back\\vendor\\laravel\\framework\\src\\Illuminate\\Session\\Middleware\\StartSession.php(120): Illuminate\\Pipeline\\Pipeline->Illuminate\\Pipeline\\{closure}()
#28 C:\\Users\\camar\\Bureau\\main-clean\\backend\\mindful-journey-back\\vendor\\laravel\\framework\\src\\Illuminate\\Session\\Middleware\\StartSession.php(63): Illuminate\\Session\\Middleware\\StartSession->handleStatefulRequest()
#29 C:\\Users\\camar\\Bureau\\main-clean\\backend\\mindful-journey-back\\vendor\\laravel\\framework\\src\\Illuminate\\Pipeline\\Pipeline.php(208): Illuminate\\Session\\Middleware\\StartSession->handle()
#30 C:\\Users\\camar\\Bureau\\main-clean\\backend\\mindful-journey-back\\vendor\\laravel\\framework\\src\\Illuminate\\Cookie\\Middleware\\AddQueuedCookiesToResponse.php(36): Illuminate\\Pipeline\\Pipeline->Illuminate\\Pipeline\\{closure}()
#31 C:\\Users\\camar\\Bureau\\main-clean\\backend\\mindful-journey-back\\vendor\\laravel\\framework\\src\\Illuminate\\Pipeline\\Pipeline.php(208): Illuminate\\Cookie\\Middleware\\AddQueuedCookiesToResponse->handle()
#32 C:\\Users\\camar\\Bureau\\main-clean\\backend\\mindful-journey-back\\vendor\\laravel\\framework\\src\\Illuminate\\Cookie\\Middleware\\EncryptCookies.php(74): Illuminate\\Pipeline\\Pipeline->Illuminate\\Pipeline\\{closure}()
#33 C:\\Users\\camar\\Bureau\\main-clean\\backend\\mindful-journey-back\\vendor\\laravel\\framework\\src\\Illuminate\\Pipeline\\Pipeline.php(208): Illuminate\\Cookie\\Middleware\\EncryptCookies->handle()
#34 C:\\Users\\camar\\Bureau\\main-clean\\backend\\mindful-journey-back\\vendor\\laravel\\framework\\src\\Illuminate\\Pipeline\\Pipeline.php(126): Illuminate\\Pipeline\\Pipeline->Illuminate\\Pipeline\\{closure}()
#35 C:\\Users\\camar\\Bureau\\main-clean\\backend\\mindful-journey-back\\vendor\\laravel\\framework\\src\\Illuminate\\Routing\\Router.php(807): Illuminate\\Pipeline\\Pipeline->then()
#36 C:\\Users\\camar\\Bureau\\main-clean\\backend\\mindful-journey-back\\vendor\\laravel\\framework\\src\\Illuminate\\Routing\\Router.php(786): Illuminate\\Routing\\Router->runRouteWithinStack()
#37 C:\\Users\\camar\\Bureau\\main-clean\\backend\\mindful-journey-back\\vendor\\laravel\\framework\\src\\Illuminate\\Routing\\Router.php(750): Illuminate\\Routing\\Router->runRoute()
#38 C:\\Users\\camar\\Bureau\\main-clean\\backend\\mindful-journey-back\\vendor\\laravel\\framework\\src\\Illuminate\\Routing\\Router.php(739): Illuminate\\Routing\\Router->dispatchToRoute()
#39 C:\\Users\\camar\\Bureau\\main-clean\\backend\\mindful-journey-back\\vendor\\laravel\\framework\\src\\Illuminate\\Foundation\\Http\\Kernel.php(200): Illuminate\\Routing\\Router->dispatch()
#40 C:\\Users\\camar\\Bureau\\main-clean\\backend\\mindful-journey-back\\vendor\\laravel\\framework\\src\\Illuminate\\Pipeline\\Pipeline.php(169): Illuminate\\Foundation\\Http\\Kernel->Illuminate\\Foundation\\Http\\{closure}()
#41 C:\\Users\\camar\\Bureau\\main-clean\\backend\\mindful-journey-back\\vendor\\laravel\\framework\\src\\Illuminate\\Foundation\\Http\\Middleware\\TransformsRequest.php(21): Illuminate\\Pipeline\\Pipeline->Illuminate\\Pipeline\\{closure}()
#42 C:\\Users\\camar\\Bureau\\main-clean\\backend\\mindful-journey-back\\vendor\\laravel\\framework\\src\\Illuminate\\Foundation\\Http\\Middleware\\ConvertEmptyStringsToNull.php(31): Illuminate\\Foundation\\Http\\Middleware\\TransformsRequest->handle()
#43 C:\\Users\\camar\\Bureau\\main-clean\\backend\\mindful-journey-back\\vendor\\laravel\\framework\\src\\Illuminate\\Pipeline\\Pipeline.php(208): Illuminate\\Foundation\\Http\\Middleware\\ConvertEmptyStringsToNull->handle()
#44 C:\\Users\\camar\\Bureau\\main-clean\\backend\\mindful-journey-back\\vendor\\laravel\\framework\\src\\Illuminate\\Foundation\\Http\\Middleware\\TransformsRequest.php(21): Illuminate\\Pipeline\\Pipeline->Illuminate\\Pipeline\\{closure}()
#45 C:\\Users\\camar\\Bureau\\main-clean\\backend\\mindful-journey-back\\vendor\\laravel\\framework\\src\\Illuminate\\Foundation\\Http\\Middleware\\TrimStrings.php(51): Illuminate\\Foundation\\Http\\Middleware\\TransformsRequest->handle()
#46 C:\\Users\\camar\\Bureau\\main-clean\\backend\\mindful-journey-back\\vendor\\laravel\\framework\\src\\Illuminate\\Pipeline\\Pipeline.php(208): Illuminate\\Foundation\\Http\\Middleware\\TrimStrings->handle()
#47 C:\\Users\\camar\\Bureau\\main-clean\\backend\\mindful-journey-back\\vendor\\laravel\\framework\\src\\Illuminate\\Http\\Middleware\\ValidatePostSize.php(27): Illuminate\\Pipeline\\Pipeline->Illuminate\\Pipeline\\{closure}()
#48 C:\\Users\\camar\\Bureau\\main-clean\\backend\\mindful-journey-back\\vendor\\laravel\\framework\\src\\Illuminate\\Pipeline\\Pipeline.php(208): Illuminate\\Http\\Middleware\\ValidatePostSize->handle()
#49 C:\\Users\\camar\\Bureau\\main-clean\\backend\\mindful-journey-back\\vendor\\laravel\\framework\\src\\Illuminate\\Foundation\\Http\\Middleware\\PreventRequestsDuringMaintenance.php(109): Illuminate\\Pipeline\\Pipeline->Illuminate\\Pipeline\\{closure}()
#50 C:\\Users\\camar\\Bureau\\main-clean\\backend\\mindful-journey-back\\vendor\\laravel\\framework\\src\\Illuminate\\Pipeline\\Pipeline.php(208): Illuminate\\Foundation\\Http\\Middleware\\PreventRequestsDuringMaintenance->handle()
#51 C:\\Users\\camar\\Bureau\\main-clean\\backend\\mindful-journey-back\\vendor\\laravel\\framework\\src\\Illuminate\\Http\\Middleware\\HandleCors.php(48): Illuminate\\Pipeline\\Pipeline->Illuminate\\Pipeline\\{closure}()
#52 C:\\Users\\camar\\Bureau\\main-clean\\backend\\mindful-journey-back\\vendor\\laravel\\framework\\src\\Illuminate\\Pipeline\\Pipeline.php(208): Illuminate\\Http\\Middleware\\HandleCors->handle()
#53 C:\\Users\\camar\\Bureau\\main-clean\\backend\\mindful-journey-back\\vendor\\laravel\\framework\\src\\Illuminate\\Http\\Middleware\\TrustProxies.php(58): Illuminate\\Pipeline\\Pipeline->Illuminate\\Pipeline\\{closure}()
#54 C:\\Users\\camar\\Bureau\\main-clean\\backend\\mindful-journey-back\\vendor\\laravel\\framework\\src\\Illuminate\\Pipeline\\Pipeline.php(208): Illuminate\\Http\\Middleware\\TrustProxies->handle()
#55 C:\\Users\\camar\\Bureau\\main-clean\\backend\\mindful-journey-back\\vendor\\laravel\\framework\\src\\Illuminate\\Foundation\\Http\\Middleware\\InvokeDeferredCallbacks.php(22): Illuminate\\Pipeline\\Pipeline->Illuminate\\Pipeline\\{closure}()
#56 C:\\Users\\camar\\Bureau\\main-clean\\backend\\mindful-journey-back\\vendor\\laravel\\framework\\src\\Illuminate\\Pipeline\\Pipeline.php(208): Illuminate\\Foundation\\Http\\Middleware\\InvokeDeferredCallbacks->handle()
#57 C:\\Users\\camar\\Bureau\\main-clean\\backend\\mindful-journey-back\\vendor\\laravel\\framework\\src\\Illuminate\\Http\\Middleware\\ValidatePathEncoding.php(26): Illuminate\\Pipeline\\Pipeline->Illuminate\\Pipeline\\{closure}()
#58 C:\\Users\\camar\\Bureau\\main-clean\\backend\\mindful-journey-back\\vendor\\laravel\\framework\\src\\Illuminate\\Pipeline\\Pipeline.php(208): Illuminate\\Http\\Middleware\\ValidatePathEncoding->handle()
#59 C:\\Users\\camar\\Bureau\\main-clean\\backend\\mindful-journey-back\\vendor\\laravel\\framework\\src\\Illuminate\\Pipeline\\Pipeline.php(126): Illuminate\\Pipeline\\Pipeline->Illuminate\\Pipeline\\{closure}()
#60 C:\\Users\\camar\\Bureau\\main-clean\\backend\\mindful-journey-back\\vendor\\laravel\\framework\\src\\Illuminate\\Foundation\\Http\\Kernel.php(175): Illuminate\\Pipeline\\Pipeline->then()
#61 C:\\Users\\camar\\Bureau\\main-clean\\backend\\mindful-journey-back\\vendor\\laravel\\framework\\src\\Illuminate\\Foundation\\Http\\Kernel.php(144): Illuminate\\Foundation\\Http\\Kernel->sendRequestThroughRouter()
#62 C:\\Users\\camar\\Bureau\\main-clean\\backend\\mindful-journey-back\\vendor\\laravel\\framework\\src\\Illuminate\\Foundation\\Application.php(1219): Illuminate\\Foundation\\Http\\Kernel->handle()
#63 C:\\Users\\camar\\Bureau\\main-clean\\backend\\mindful-journey-back\\public\\index.php(20): Illuminate\\Foundation\\Application->handleRequest()
#64 C:\\Users\\camar\\Bureau\\main-clean\\backend\\mindful-journey-back\\vendor\\laravel\\framework\\src\\Illuminate\\Foundation\\resources\\server.php(23): require_once('...')
#65 {main}

[previous exception] [object] (Illuminate\\Foundation\\ViteManifestNotFoundException(code: 0): Vite manifest not found at: C:\\Users\\camar\\Bureau\\main-clean\\backend\\mindful-journey-back\\public\\build/manifest.json at C:\\Users\\camar\\Bureau\\main-clean\\backend\\mindful-journey-back\\vendor\\laravel\\framework\\src\\Illuminate\\Foundation\\Vite.php:935)
[stacktrace]
#0 C:\\Users\\camar\\Bureau\\main-clean\\backend\\mindful-journey-back\\vendor\\laravel\\framework\\src\\Illuminate\\Foundation\\Vite.php(384): Illuminate\\Foundation\\Vite->manifest()
#1 C:\\Users\\camar\\Bureau\\main-clean\\backend\\mindful-journey-back\\storage\\framework\\views\\f9c3c5ea26f699bc333aece7a12292e4.php(44): Illuminate\\Foundation\\Vite->__invoke()
#2 C:\\Users\\camar\\Bureau\\main-clean\\backend\\mindful-journey-back\\vendor\\laravel\\framework\\src\\Illuminate\\Filesystem\\Filesystem.php(123): require('...')
#3 C:\\Users\\camar\\Bureau\\main-clean\\backend\\mindful-journey-back\\vendor\\laravel\\framework\\src\\Illuminate\\Filesystem\\Filesystem.php(124): Illuminate\\Filesystem\\Filesystem::Illuminate\\Filesystem\\{closure}()
#4 C:\\Users\\camar\\Bureau\\main-clean\\backend\\mindful-journey-back\\vendor\\laravel\\framework\\src\\Illuminate\\View\\Engines\\PhpEngine.php(57): Illuminate\\Filesystem\\Filesystem->getRequire()
#5 C:\\Users\\camar\\Bureau\\main-clean\\backend\\mindful-journey-back\\vendor\\laravel\\framework\\src\\Illuminate\\View\\Engines\\CompilerEngine.php(76): Illuminate\\View\\Engines\\PhpEngine->evaluatePath()
#6 C:\\Users\\camar\\Bureau\\main-clean\\backend\\mindful-journey-back\\vendor\\laravel\\framework\\src\\Illuminate\\View\\View.php(208): Illuminate\\View\\Engines\\CompilerEngine->get()
#7 C:\\Users\\camar\\Bureau\\main-clean\\backend\\mindful-journey-back\\vendor\\laravel\\framework\\src\\Illuminate\\View\\View.php(191): Illuminate\\View\\View->getContents()
#8 C:\\Users\\camar\\Bureau\\main-clean\\backend\\mindful-journey-back\\vendor\\laravel\\framework\\src\\Illuminate\\View\\View.php(160): Illuminate\\View\\View->renderContents()
#9 C:\\Users\\camar\\Bureau\\main-clean\\backend\\mindful-journey-back\\vendor\\laravel\\framework\\src\\Illuminate\\Http\\Response.php(78): Illuminate\\View\\View->render()
#10 C:\\Users\\camar\\Bureau\\main-clean\\backend\\mindful-journey-back\\vendor\\laravel\\framework\\src\\Illuminate\\Http\\Response.php(34): Illuminate\\Http\\Response->setContent()
#11 C:\\Users\\camar\\Bureau\\main-clean\\backend\\mindful-journey-back\\vendor\\laravel\\framework\\src\\Illuminate\\Routing\\ResponseFactory.php(61): Illuminate\\Http\\Response->__construct()
#12 C:\\Users\\camar\\Bureau\\main-clean\\backend\\mindful-journey-back\\vendor\\laravel\\framework\\src\\Illuminate\\Routing\\ResponseFactory.php(91): Illuminate\\Routing\\ResponseFactory->make()
#13 C:\\Users\\camar\\Bureau\\main-clean\\backend\\mindful-journey-back\\vendor\\laravel\\framework\\src\\Illuminate\\Support\\Facades\\Facade.php(361): Illuminate\\Routing\\ResponseFactory->view()
#14 C:\\Users\\camar\\Bureau\\main-clean\\backend\\mindful-journey-back\\vendor\\inertiajs\\inertia-laravel\\src\\Response.php(135): Illuminate\\Support\\Facades\\Facade::__callStatic()
#15 C:\\Users\\camar\\Bureau\\main-clean\\backend\\mindful-journey-back\\vendor\\laravel\\framework\\src\\Illuminate\\Routing\\Router.php(907): Inertia\\Response->toResponse()
#16 C:\\Users\\camar\\Bureau\\main-clean\\backend\\mindful-journey-back\\vendor\\laravel\\framework\\src\\Illuminate\\Routing\\Router.php(892): Illuminate\\Routing\\Router::toResponse()
#17 C:\\Users\\camar\\Bureau\\main-clean\\backend\\mindful-journey-back\\vendor\\laravel\\framework\\src\\Illuminate\\Routing\\Router.php(807): Illuminate\\Routing\\Router->prepareResponse()
#18 C:\\Users\\camar\\Bureau\\main-clean\\backend\\mindful-journey-back\\vendor\\laravel\\framework\\src\\Illuminate\\Pipeline\\Pipeline.php(169): Illuminate\\Routing\\Router->Illuminate\\Routing\\{closure}()
#19 C:\\Users\\camar\\Bureau\\main-clean\\backend\\mindful-journey-back\\vendor\\laravel\\framework\\src\\Illuminate\\Http\\Middleware\\AddLinkHeadersForPreloadedAssets.php(32): Illuminate\\Pipeline\\Pipeline->Illuminate\\Pipeline\\{closure}()
#20 C:\\Users\\camar\\Bureau\\main-clean\\backend\\mindful-journey-back\\vendor\\laravel\\framework\\src\\Illuminate\\Pipeline\\Pipeline.php(208): Illuminate\\Http\\Middleware\\AddLinkHeadersForPreloadedAssets->handle()
#21 C:\\Users\\camar\\Bureau\\main-clean\\backend\\mindful-journey-back\\vendor\\inertiajs\\inertia-laravel\\src\\Middleware.php(100): Illuminate\\Pipeline\\Pipeline->Illuminate\\Pipeline\\{closure}()
#22 C:\\Users\\camar\\Bureau\\main-clean\\backend\\mindful-journey-back\\vendor\\laravel\\framework\\src\\Illuminate\\Pipeline\\Pipeline.php(208): Inertia\\Middleware->handle()
#23 C:\\Users\\camar\\Bureau\\main-clean\\backend\\mindful-journey-back\\app\\Http\\Middleware\\HandleAppearance.php(21): Illuminate\\Pipeline\\Pipeline->Illuminate\\Pipeline\\{closure}()
#24 C:\\Users\\camar\\Bureau\\main-clean\\backend\\mindful-journey-back\\vendor\\laravel\\framework\\src\\Illuminate\\Pipeline\\Pipeline.php(208): App\\Http\\Middleware\\HandleAppearance->handle()
#25 C:\\Users\\camar\\Bureau\\main-clean\\backend\\mindful-journey-back\\vendor\\laravel\\framework\\src\\Illuminate\\Routing\\Middleware\\SubstituteBindings.php(50): Illuminate\\Pipeline\\Pipeline->Illuminate\\Pipeline\\{closure}()
#26 C:\\Users\\camar\\Bureau\\main-clean\\backend\\mindful-journey-back\\vendor\\laravel\\framework\\src\\Illuminate\\Pipeline\\Pipeline.php(208): Illuminate\\Routing\\Middleware\\SubstituteBindings->handle()
#27 C:\\Users\\camar\\Bureau\\main-clean\\backend\\mindful-journey-back\\vendor\\laravel\\framework\\src\\Illuminate\\Foundation\\Http\\Middleware\\VerifyCsrfToken.php(87): Illuminate\\Pipeline\\Pipeline->Illuminate\\Pipeline\\{closure}()
#28 C:\\Users\\camar\\Bureau\\main-clean\\backend\\mindful-journey-back\\vendor\\laravel\\framework\\src\\Illuminate\\Pipeline\\Pipeline.php(208): Illuminate\\Foundation\\Http\\Middleware\\VerifyCsrfToken->handle()
#29 C:\\Users\\camar\\Bureau\\main-clean\\backend\\mindful-journey-back\\vendor\\laravel\\framework\\src\\Illuminate\\View\\Middleware\\ShareErrorsFromSession.php(48): Illuminate\\Pipeline\\Pipeline->Illuminate\\Pipeline\\{closure}()
#30 C:\\Users\\camar\\Bureau\\main-clean\\backend\\mindful-journey-back\\vendor\\laravel\\framework\\src\\Illuminate\\Pipeline\\Pipeline.php(208): Illuminate\\View\\Middleware\\ShareErrorsFromSession->handle()
#31 C:\\Users\\camar\\Bureau\\main-clean\\backend\\mindful-journey-back\\vendor\\laravel\\framework\\src\\Illuminate\\Session\\Middleware\\StartSession.php(120): Illuminate\\Pipeline\\Pipeline->Illuminate\\Pipeline\\{closure}()
#32 C:\\Users\\camar\\Bureau\\main-clean\\backend\\mindful-journey-back\\vendor\\laravel\\framework\\src\\Illuminate\\Session\\Middleware\\StartSession.php(63): Illuminate\\Session\\Middleware\\StartSession->handleStatefulRequest()
#33 C:\\Users\\camar\\Bureau\\main-clean\\backend\\mindful-journey-back\\vendor\\laravel\\framework\\src\\Illuminate\\Pipeline\\Pipeline.php(208): Illuminate\\Session\\Middleware\\StartSession->handle()
#34 C:\\Users\\camar\\Bureau\\main-clean\\backend\\mindful-journey-back\\vendor\\laravel\\framework\\src\\Illuminate\\Cookie\\Middleware\\AddQueuedCookiesToResponse.php(36): Illuminate\\Pipeline\\Pipeline->Illuminate\\Pipeline\\{closure}()
#35 C:\\Users\\camar\\Bureau\\main-clean\\backend\\mindful-journey-back\\vendor\\laravel\\framework\\src\\Illuminate\\Pipeline\\Pipeline.php(208): Illuminate\\Cookie\\Middleware\\AddQueuedCookiesToResponse->handle()
#36 C:\\Users\\camar\\Bureau\\main-clean\\backend\\mindful-journey-back\\vendor\\laravel\\framework\\src\\Illuminate\\Cookie\\Middleware\\EncryptCookies.php(74): Illuminate\\Pipeline\\Pipeline->Illuminate\\Pipeline\\{closure}()
#37 C:\\Users\\camar\\Bureau\\main-clean\\backend\\mindful-journey-back\\vendor\\laravel\\framework\\src\\Illuminate\\Pipeline\\Pipeline.php(208): Illuminate\\Cookie\\Middleware\\EncryptCookies->handle()
#38 C:\\Users\\camar\\Bureau\\main-clean\\backend\\mindful-journey-back\\vendor\\laravel\\framework\\src\\Illuminate\\Pipeline\\Pipeline.php(126): Illuminate\\Pipeline\\Pipeline->Illuminate\\Pipeline\\{closure}()
#39 C:\\Users\\camar\\Bureau\\main-clean\\backend\\mindful-journey-back\\vendor\\laravel\\framework\\src\\Illuminate\\Routing\\Router.php(807): Illuminate\\Pipeline\\Pipeline->then()
#40 C:\\Users\\camar\\Bureau\\main-clean\\backend\\mindful-journey-back\\vendor\\laravel\\framework\\src\\Illuminate\\Routing\\Router.php(786): Illuminate\\Routing\\Router->runRouteWithinStack()
#41 C:\\Users\\camar\\Bureau\\main-clean\\backend\\mindful-journey-back\\vendor\\laravel\\framework\\src\\Illuminate\\Routing\\Router.php(750): Illuminate\\Routing\\Router->runRoute()
#42 C:\\Users\\camar\\Bureau\\main-clean\\backend\\mindful-journey-back\\vendor\\laravel\\framework\\src\\Illuminate\\Routing\\Router.php(739): Illuminate\\Routing\\Router->dispatchToRoute()
#43 C:\\Users\\camar\\Bureau\\main-clean\\backend\\mindful-journey-back\\vendor\\laravel\\framework\\src\\Illuminate\\Foundation\\Http\\Kernel.php(200): Illuminate\\Routing\\Router->dispatch()
#44 C:\\Users\\camar\\Bureau\\main-clean\\backend\\mindful-journey-back\\vendor\\laravel\\framework\\src\\Illuminate\\Pipeline\\Pipeline.php(169): Illuminate\\Foundation\\Http\\Kernel->Illuminate\\Foundation\\Http\\{closure}()
#45 C:\\Users\\camar\\Bureau\\main-clean\\backend\\mindful-journey-back\\vendor\\laravel\\framework\\src\\Illuminate\\Foundation\\Http\\Middleware\\TransformsRequest.php(21): Illuminate\\Pipeline\\Pipeline->Illuminate\\Pipeline\\{closure}()
#46 C:\\Users\\camar\\Bureau\\main-clean\\backend\\mindful-journey-back\\vendor\\laravel\\framework\\src\\Illuminate\\Foundation\\Http\\Middleware\\ConvertEmptyStringsToNull.php(31): Illuminate\\Foundation\\Http\\Middleware\\TransformsRequest->handle()
#47 C:\\Users\\camar\\Bureau\\main-clean\\backend\\mindful-journey-back\\vendor\\laravel\\framework\\src\\Illuminate\\Pipeline\\Pipeline.php(208): Illuminate\\Foundation\\Http\\Middleware\\ConvertEmptyStringsToNull->handle()
#48 C:\\Users\\camar\\Bureau\\main-clean\\backend\\mindful-journey-back\\vendor\\laravel\\framework\\src\\Illuminate\\Foundation\\Http\\Middleware\\TransformsRequest.php(21): Illuminate\\Pipeline\\Pipeline->Illuminate\\Pipeline\\{closure}()
#49 C:\\Users\\camar\\Bureau\\main-clean\\backend\\mindful-journey-back\\vendor\\laravel\\framework\\src\\Illuminate\\Foundation\\Http\\Middleware\\TrimStrings.php(51): Illuminate\\Foundation\\Http\\Middleware\\TransformsRequest->handle()
#50 C:\\Users\\camar\\Bureau\\main-clean\\backend\\mindful-journey-back\\vendor\\laravel\\framework\\src\\Illuminate\\Pipeline\\Pipeline.php(208): Illuminate\\Foundation\\Http\\Middleware\\TrimStrings->handle()
#51 C:\\Users\\camar\\Bureau\\main-clean\\backend\\mindful-journey-back\\vendor\\laravel\\framework\\src\\Illuminate\\Http\\Middleware\\ValidatePostSize.php(27): Illuminate\\Pipeline\\Pipeline->Illuminate\\Pipeline\\{closure}()
#52 C:\\Users\\camar\\Bureau\\main-clean\\backend\\mindful-journey-back\\vendor\\laravel\\framework\\src\\Illuminate\\Pipeline\\Pipeline.php(208): Illuminate\\Http\\Middleware\\ValidatePostSize->handle()
#53 C:\\Users\\camar\\Bureau\\main-clean\\backend\\mindful-journey-back\\vendor\\laravel\\framework\\src\\Illuminate\\Foundation\\Http\\Middleware\\PreventRequestsDuringMaintenance.php(109): Illuminate\\Pipeline\\Pipeline->Illuminate\\Pipeline\\{closure}()
#54 C:\\Users\\camar\\Bureau\\main-clean\\backend\\mindful-journey-back\\vendor\\laravel\\framework\\src\\Illuminate\\Pipeline\\Pipeline.php(208): Illuminate\\Foundation\\Http\\Middleware\\PreventRequestsDuringMaintenance->handle()
#55 C:\\Users\\camar\\Bureau\\main-clean\\backend\\mindful-journey-back\\vendor\\laravel\\framework\\src\\Illuminate\\Http\\Middleware\\HandleCors.php(48): Illuminate\\Pipeline\\Pipeline->Illuminate\\Pipeline\\{closure}()
#56 C:\\Users\\camar\\Bureau\\main-clean\\backend\\mindful-journey-back\\vendor\\laravel\\framework\\src\\Illuminate\\Pipeline\\Pipeline.php(208): Illuminate\\Http\\Middleware\\HandleCors->handle()
#57 C:\\Users\\camar\\Bureau\\main-clean\\backend\\mindful-journey-back\\vendor\\laravel\\framework\\src\\Illuminate\\Http\\Middleware\\TrustProxies.php(58): Illuminate\\Pipeline\\Pipeline->Illuminate\\Pipeline\\{closure}()
#58 C:\\Users\\camar\\Bureau\\main-clean\\backend\\mindful-journey-back\\vendor\\laravel\\framework\\src\\Illuminate\\Pipeline\\Pipeline.php(208): Illuminate\\Http\\Middleware\\TrustProxies->handle()
#59 C:\\Users\\camar\\Bureau\\main-clean\\backend\\mindful-journey-back\\vendor\\laravel\\framework\\src\\Illuminate\\Foundation\\Http\\Middleware\\InvokeDeferredCallbacks.php(22): Illuminate\\Pipeline\\Pipeline->Illuminate\\Pipeline\\{closure}()
#60 C:\\Users\\camar\\Bureau\\main-clean\\backend\\mindful-journey-back\\vendor\\laravel\\framework\\src\\Illuminate\\Pipeline\\Pipeline.php(208): Illuminate\\Foundation\\Http\\Middleware\\InvokeDeferredCallbacks->handle()
#61 C:\\Users\\camar\\Bureau\\main-clean\\backend\\mindful-journey-back\\vendor\\laravel\\framework\\src\\Illuminate\\Http\\Middleware\\ValidatePathEncoding.php(26): Illuminate\\Pipeline\\Pipeline->Illuminate\\Pipeline\\{closure}()
#62 C:\\Users\\camar\\Bureau\\main-clean\\backend\\mindful-journey-back\\vendor\\laravel\\framework\\src\\Illuminate\\Pipeline\\Pipeline.php(208): Illuminate\\Http\\Middleware\\ValidatePathEncoding->handle()
#63 C:\\Users\\camar\\Bureau\\main-clean\\backend\\mindful-journey-back\\vendor\\laravel\\framework\\src\\Illuminate\\Pipeline\\Pipeline.php(126): Illuminate\\Pipeline\\Pipeline->Illuminate\\Pipeline\\{closure}()
#64 C:\\Users\\camar\\Bureau\\main-clean\\backend\\mindful-journey-back\\vendor\\laravel\\framework\\src\\Illuminate\\Foundation\\Http\\Kernel.php(175): Illuminate\\Pipeline\\Pipeline->then()
#65 C:\\Users\\camar\\Bureau\\main-clean\\backend\\mindful-journey-back\\vendor\\laravel\\framework\\src\\Illuminate\\Foundation\\Http\\Kernel.php(144): Illuminate\\Foundation\\Http\\Kernel->sendRequestThroughRouter()
#66 C:\\Users\\camar\\Bureau\\main-clean\\backend\\mindful-journey-back\\vendor\\laravel\\framework\\src\\Illuminate\\Foundation\\Application.php(1219): Illuminate\\Foundation\\Http\\Kernel->handle()
#67 C:\\Users\\camar\\Bureau\\main-clean\\backend\\mindful-journey-back\\public\\index.php(20): Illuminate\\Foundation\\Application->handleRequest()
#68 C:\\Users\\camar\\Bureau\\main-clean\\backend\\mindful-journey-back\\vendor\\laravel\\framework\\src\\Illuminate\\Foundation\\resources\\server.php(23): require_once('...')
#69 {main}
"} 
[2025-08-19 01:09:40] local.ERROR: Vite manifest not found at: C:\Users\camar\Bureau\main-clean\backend\mindful-journey-back\public\build/manifest.json (View: C:\Users\camar\Bureau\main-clean\backend\mindful-journey-back\resources\views\app.blade.php) {"exception":"[object] (Illuminate\\View\\ViewException(code: 0): Vite manifest not found at: C:\\Users\\camar\\Bureau\\main-clean\\backend\\mindful-journey-back\\public\\build/manifest.json (View: C:\\Users\\camar\\Bureau\\main-clean\\backend\\mindful-journey-back\\resources\\views\\app.blade.php) at C:\\Users\\camar\\Bureau\\main-clean\\backend\\mindful-journey-back\\vendor\\laravel\\framework\\src\\Illuminate\\Foundation\\Vite.php:935)
[stacktrace]
#0 C:\\Users\\camar\\Bureau\\main-clean\\backend\\mindful-journey-back\\vendor\\laravel\\framework\\src\\Illuminate\\View\\Engines\\PhpEngine.php(59): Illuminate\\View\\Engines\\CompilerEngine->handleViewException()
#1 C:\\Users\\camar\\Bureau\\main-clean\\backend\\mindful-journey-back\\vendor\\laravel\\framework\\src\\Illuminate\\View\\Engines\\CompilerEngine.php(76): Illuminate\\View\\Engines\\PhpEngine->evaluatePath()
#2 C:\\Users\\camar\\Bureau\\main-clean\\backend\\mindful-journey-back\\vendor\\laravel\\framework\\src\\Illuminate\\View\\View.php(208): Illuminate\\View\\Engines\\CompilerEngine->get()
#3 C:\\Users\\camar\\Bureau\\main-clean\\backend\\mindful-journey-back\\vendor\\laravel\\framework\\src\\Illuminate\\View\\View.php(191): Illuminate\\View\\View->getContents()
#4 C:\\Users\\camar\\Bureau\\main-clean\\backend\\mindful-journey-back\\vendor\\laravel\\framework\\src\\Illuminate\\View\\View.php(160): Illuminate\\View\\View->renderContents()
#5 C:\\Users\\camar\\Bureau\\main-clean\\backend\\mindful-journey-back\\vendor\\laravel\\framework\\src\\Illuminate\\Http\\Response.php(78): Illuminate\\View\\View->render()
#6 C:\\Users\\camar\\Bureau\\main-clean\\backend\\mindful-journey-back\\vendor\\laravel\\framework\\src\\Illuminate\\Http\\Response.php(34): Illuminate\\Http\\Response->setContent()
#7 C:\\Users\\camar\\Bureau\\main-clean\\backend\\mindful-journey-back\\vendor\\laravel\\framework\\src\\Illuminate\\Routing\\ResponseFactory.php(61): Illuminate\\Http\\Response->__construct()
#8 C:\\Users\\camar\\Bureau\\main-clean\\backend\\mindful-journey-back\\vendor\\laravel\\framework\\src\\Illuminate\\Routing\\ResponseFactory.php(91): Illuminate\\Routing\\ResponseFactory->make()
#9 C:\\Users\\camar\\Bureau\\main-clean\\backend\\mindful-journey-back\\vendor\\laravel\\framework\\src\\Illuminate\\Support\\Facades\\Facade.php(361): Illuminate\\Routing\\ResponseFactory->view()
#10 C:\\Users\\camar\\Bureau\\main-clean\\backend\\mindful-journey-back\\vendor\\inertiajs\\inertia-laravel\\src\\Response.php(135): Illuminate\\Support\\Facades\\Facade::__callStatic()
#11 C:\\Users\\camar\\Bureau\\main-clean\\backend\\mindful-journey-back\\vendor\\laravel\\framework\\src\\Illuminate\\Routing\\Router.php(907): Inertia\\Response->toResponse()
#12 C:\\Users\\camar\\Bureau\\main-clean\\backend\\mindful-journey-back\\vendor\\laravel\\framework\\src\\Illuminate\\Routing\\Router.php(892): Illuminate\\Routing\\Router::toResponse()
#13 C:\\Users\\camar\\Bureau\\main-clean\\backend\\mindful-journey-back\\vendor\\laravel\\framework\\src\\Illuminate\\Routing\\Router.php(807): Illuminate\\Routing\\Router->prepareResponse()
#14 C:\\Users\\camar\\Bureau\\main-clean\\backend\\mindful-journey-back\\vendor\\laravel\\framework\\src\\Illuminate\\Pipeline\\Pipeline.php(169): Illuminate\\Routing\\Router->Illuminate\\Routing\\{closure}()
#15 C:\\Users\\camar\\Bureau\\main-clean\\backend\\mindful-journey-back\\vendor\\laravel\\framework\\src\\Illuminate\\Http\\Middleware\\AddLinkHeadersForPreloadedAssets.php(32): Illuminate\\Pipeline\\Pipeline->Illuminate\\Pipeline\\{closure}()
#16 C:\\Users\\camar\\Bureau\\main-clean\\backend\\mindful-journey-back\\vendor\\laravel\\framework\\src\\Illuminate\\Pipeline\\Pipeline.php(208): Illuminate\\Http\\Middleware\\AddLinkHeadersForPreloadedAssets->handle()
#17 C:\\Users\\camar\\Bureau\\main-clean\\backend\\mindful-journey-back\\vendor\\inertiajs\\inertia-laravel\\src\\Middleware.php(100): Illuminate\\Pipeline\\Pipeline->Illuminate\\Pipeline\\{closure}()
#18 C:\\Users\\camar\\Bureau\\main-clean\\backend\\mindful-journey-back\\vendor\\laravel\\framework\\src\\Illuminate\\Pipeline\\Pipeline.php(208): Inertia\\Middleware->handle()
#19 C:\\Users\\camar\\Bureau\\main-clean\\backend\\mindful-journey-back\\app\\Http\\Middleware\\HandleAppearance.php(21): Illuminate\\Pipeline\\Pipeline->Illuminate\\Pipeline\\{closure}()
#20 C:\\Users\\camar\\Bureau\\main-clean\\backend\\mindful-journey-back\\vendor\\laravel\\framework\\src\\Illuminate\\Pipeline\\Pipeline.php(208): App\\Http\\Middleware\\HandleAppearance->handle()
#21 C:\\Users\\camar\\Bureau\\main-clean\\backend\\mindful-journey-back\\vendor\\laravel\\framework\\src\\Illuminate\\Routing\\Middleware\\SubstituteBindings.php(50): Illuminate\\Pipeline\\Pipeline->Illuminate\\Pipeline\\{closure}()
#22 C:\\Users\\camar\\Bureau\\main-clean\\backend\\mindful-journey-back\\vendor\\laravel\\framework\\src\\Illuminate\\Pipeline\\Pipeline.php(208): Illuminate\\Routing\\Middleware\\SubstituteBindings->handle()
#23 C:\\Users\\camar\\Bureau\\main-clean\\backend\\mindful-journey-back\\vendor\\laravel\\framework\\src\\Illuminate\\Foundation\\Http\\Middleware\\VerifyCsrfToken.php(87): Illuminate\\Pipeline\\Pipeline->Illuminate\\Pipeline\\{closure}()
#24 C:\\Users\\camar\\Bureau\\main-clean\\backend\\mindful-journey-back\\vendor\\laravel\\framework\\src\\Illuminate\\Pipeline\\Pipeline.php(208): Illuminate\\Foundation\\Http\\Middleware\\VerifyCsrfToken->handle()
#25 C:\\Users\\camar\\Bureau\\main-clean\\backend\\mindful-journey-back\\vendor\\laravel\\framework\\src\\Illuminate\\View\\Middleware\\ShareErrorsFromSession.php(48): Illuminate\\Pipeline\\Pipeline->Illuminate\\Pipeline\\{closure}()
#26 C:\\Users\\camar\\Bureau\\main-clean\\backend\\mindful-journey-back\\vendor\\laravel\\framework\\src\\Illuminate\\Pipeline\\Pipeline.php(208): Illuminate\\View\\Middleware\\ShareErrorsFromSession->handle()
#27 C:\\Users\\camar\\Bureau\\main-clean\\backend\\mindful-journey-back\\vendor\\laravel\\framework\\src\\Illuminate\\Session\\Middleware\\StartSession.php(120): Illuminate\\Pipeline\\Pipeline->Illuminate\\Pipeline\\{closure}()
#28 C:\\Users\\camar\\Bureau\\main-clean\\backend\\mindful-journey-back\\vendor\\laravel\\framework\\src\\Illuminate\\Session\\Middleware\\StartSession.php(63): Illuminate\\Session\\Middleware\\StartSession->handleStatefulRequest()
#29 C:\\Users\\camar\\Bureau\\main-clean\\backend\\mindful-journey-back\\vendor\\laravel\\framework\\src\\Illuminate\\Pipeline\\Pipeline.php(208): Illuminate\\Session\\Middleware\\StartSession->handle()
#30 C:\\Users\\camar\\Bureau\\main-clean\\backend\\mindful-journey-back\\vendor\\laravel\\framework\\src\\Illuminate\\Cookie\\Middleware\\AddQueuedCookiesToResponse.php(36): Illuminate\\Pipeline\\Pipeline->Illuminate\\Pipeline\\{closure}()
#31 C:\\Users\\camar\\Bureau\\main-clean\\backend\\mindful-journey-back\\vendor\\laravel\\framework\\src\\Illuminate\\Pipeline\\Pipeline.php(208): Illuminate\\Cookie\\Middleware\\AddQueuedCookiesToResponse->handle()
#32 C:\\Users\\camar\\Bureau\\main-clean\\backend\\mindful-journey-back\\vendor\\laravel\\framework\\src\\Illuminate\\Cookie\\Middleware\\EncryptCookies.php(74): Illuminate\\Pipeline\\Pipeline->Illuminate\\Pipeline\\{closure}()
#33 C:\\Users\\camar\\Bureau\\main-clean\\backend\\mindful-journey-back\\vendor\\laravel\\framework\\src\\Illuminate\\Pipeline\\Pipeline.php(208): Illuminate\\Cookie\\Middleware\\EncryptCookies->handle()
#34 C:\\Users\\camar\\Bureau\\main-clean\\backend\\mindful-journey-back\\vendor\\laravel\\framework\\src\\Illuminate\\Pipeline\\Pipeline.php(126): Illuminate\\Pipeline\\Pipeline->Illuminate\\Pipeline\\{closure}()
#35 C:\\Users\\camar\\Bureau\\main-clean\\backend\\mindful-journey-back\\vendor\\laravel\\framework\\src\\Illuminate\\Routing\\Router.php(807): Illuminate\\Pipeline\\Pipeline->then()
#36 C:\\Users\\camar\\Bureau\\main-clean\\backend\\mindful-journey-back\\vendor\\laravel\\framework\\src\\Illuminate\\Routing\\Router.php(786): Illuminate\\Routing\\Router->runRouteWithinStack()
#37 C:\\Users\\camar\\Bureau\\main-clean\\backend\\mindful-journey-back\\vendor\\laravel\\framework\\src\\Illuminate\\Routing\\Router.php(750): Illuminate\\Routing\\Router->runRoute()
#38 C:\\Users\\camar\\Bureau\\main-clean\\backend\\mindful-journey-back\\vendor\\laravel\\framework\\src\\Illuminate\\Routing\\Router.php(739): Illuminate\\Routing\\Router->dispatchToRoute()
#39 C:\\Users\\camar\\Bureau\\main-clean\\backend\\mindful-journey-back\\vendor\\laravel\\framework\\src\\Illuminate\\Foundation\\Http\\Kernel.php(200): Illuminate\\Routing\\Router->dispatch()
#40 C:\\Users\\camar\\Bureau\\main-clean\\backend\\mindful-journey-back\\vendor\\laravel\\framework\\src\\Illuminate\\Pipeline\\Pipeline.php(169): Illuminate\\Foundation\\Http\\Kernel->Illuminate\\Foundation\\Http\\{closure}()
#41 C:\\Users\\camar\\Bureau\\main-clean\\backend\\mindful-journey-back\\vendor\\laravel\\framework\\src\\Illuminate\\Foundation\\Http\\Middleware\\TransformsRequest.php(21): Illuminate\\Pipeline\\Pipeline->Illuminate\\Pipeline\\{closure}()
#42 C:\\Users\\camar\\Bureau\\main-clean\\backend\\mindful-journey-back\\vendor\\laravel\\framework\\src\\Illuminate\\Foundation\\Http\\Middleware\\ConvertEmptyStringsToNull.php(31): Illuminate\\Foundation\\Http\\Middleware\\TransformsRequest->handle()
#43 C:\\Users\\camar\\Bureau\\main-clean\\backend\\mindful-journey-back\\vendor\\laravel\\framework\\src\\Illuminate\\Pipeline\\Pipeline.php(208): Illuminate\\Foundation\\Http\\Middleware\\ConvertEmptyStringsToNull->handle()
#44 C:\\Users\\camar\\Bureau\\main-clean\\backend\\mindful-journey-back\\vendor\\laravel\\framework\\src\\Illuminate\\Foundation\\Http\\Middleware\\TransformsRequest.php(21): Illuminate\\Pipeline\\Pipeline->Illuminate\\Pipeline\\{closure}()
#45 C:\\Users\\camar\\Bureau\\main-clean\\backend\\mindful-journey-back\\vendor\\laravel\\framework\\src\\Illuminate\\Foundation\\Http\\Middleware\\TrimStrings.php(51): Illuminate\\Foundation\\Http\\Middleware\\TransformsRequest->handle()
#46 C:\\Users\\camar\\Bureau\\main-clean\\backend\\mindful-journey-back\\vendor\\laravel\\framework\\src\\Illuminate\\Pipeline\\Pipeline.php(208): Illuminate\\Foundation\\Http\\Middleware\\TrimStrings->handle()
#47 C:\\Users\\camar\\Bureau\\main-clean\\backend\\mindful-journey-back\\vendor\\laravel\\framework\\src\\Illuminate\\Http\\Middleware\\ValidatePostSize.php(27): Illuminate\\Pipeline\\Pipeline->Illuminate\\Pipeline\\{closure}()
#48 C:\\Users\\camar\\Bureau\\main-clean\\backend\\mindful-journey-back\\vendor\\laravel\\framework\\src\\Illuminate\\Pipeline\\Pipeline.php(208): Illuminate\\Http\\Middleware\\ValidatePostSize->handle()
#49 C:\\Users\\camar\\Bureau\\main-clean\\backend\\mindful-journey-back\\vendor\\laravel\\framework\\src\\Illuminate\\Foundation\\Http\\Middleware\\PreventRequestsDuringMaintenance.php(109): Illuminate\\Pipeline\\Pipeline->Illuminate\\Pipeline\\{closure}()
#50 C:\\Users\\camar\\Bureau\\main-clean\\backend\\mindful-journey-back\\vendor\\laravel\\framework\\src\\Illuminate\\Pipeline\\Pipeline.php(208): Illuminate\\Foundation\\Http\\Middleware\\PreventRequestsDuringMaintenance->handle()
#51 C:\\Users\\camar\\Bureau\\main-clean\\backend\\mindful-journey-back\\vendor\\laravel\\framework\\src\\Illuminate\\Http\\Middleware\\HandleCors.php(48): Illuminate\\Pipeline\\Pipeline->Illuminate\\Pipeline\\{closure}()
#52 C:\\Users\\camar\\Bureau\\main-clean\\backend\\mindful-journey-back\\vendor\\laravel\\framework\\src\\Illuminate\\Pipeline\\Pipeline.php(208): Illuminate\\Http\\Middleware\\HandleCors->handle()
#53 C:\\Users\\camar\\Bureau\\main-clean\\backend\\mindful-journey-back\\vendor\\laravel\\framework\\src\\Illuminate\\Http\\Middleware\\TrustProxies.php(58): Illuminate\\Pipeline\\Pipeline->Illuminate\\Pipeline\\{closure}()
#54 C:\\Users\\camar\\Bureau\\main-clean\\backend\\mindful-journey-back\\vendor\\laravel\\framework\\src\\Illuminate\\Pipeline\\Pipeline.php(208): Illuminate\\Http\\Middleware\\TrustProxies->handle()
#55 C:\\Users\\camar\\Bureau\\main-clean\\backend\\mindful-journey-back\\vendor\\laravel\\framework\\src\\Illuminate\\Foundation\\Http\\Middleware\\InvokeDeferredCallbacks.php(22): Illuminate\\Pipeline\\Pipeline->Illuminate\\Pipeline\\{closure}()
#56 C:\\Users\\camar\\Bureau\\main-clean\\backend\\mindful-journey-back\\vendor\\laravel\\framework\\src\\Illuminate\\Pipeline\\Pipeline.php(208): Illuminate\\Foundation\\Http\\Middleware\\InvokeDeferredCallbacks->handle()
#57 C:\\Users\\camar\\Bureau\\main-clean\\backend\\mindful-journey-back\\vendor\\laravel\\framework\\src\\Illuminate\\Http\\Middleware\\ValidatePathEncoding.php(26): Illuminate\\Pipeline\\Pipeline->Illuminate\\Pipeline\\{closure}()
#58 C:\\Users\\camar\\Bureau\\main-clean\\backend\\mindful-journey-back\\vendor\\laravel\\framework\\src\\Illuminate\\Pipeline\\Pipeline.php(208): Illuminate\\Http\\Middleware\\ValidatePathEncoding->handle()
#59 C:\\Users\\camar\\Bureau\\main-clean\\backend\\mindful-journey-back\\vendor\\laravel\\framework\\src\\Illuminate\\Pipeline\\Pipeline.php(126): Illuminate\\Pipeline\\Pipeline->Illuminate\\Pipeline\\{closure}()
#60 C:\\Users\\camar\\Bureau\\main-clean\\backend\\mindful-journey-back\\vendor\\laravel\\framework\\src\\Illuminate\\Foundation\\Http\\Kernel.php(175): Illuminate\\Pipeline\\Pipeline->then()
#61 C:\\Users\\camar\\Bureau\\main-clean\\backend\\mindful-journey-back\\vendor\\laravel\\framework\\src\\Illuminate\\Foundation\\Http\\Kernel.php(144): Illuminate\\Foundation\\Http\\Kernel->sendRequestThroughRouter()
#62 C:\\Users\\camar\\Bureau\\main-clean\\backend\\mindful-journey-back\\vendor\\laravel\\framework\\src\\Illuminate\\Foundation\\Application.php(1219): Illuminate\\Foundation\\Http\\Kernel->handle()
#63 C:\\Users\\camar\\Bureau\\main-clean\\backend\\mindful-journey-back\\public\\index.php(20): Illuminate\\Foundation\\Application->handleRequest()
#64 C:\\Users\\camar\\Bureau\\main-clean\\backend\\mindful-journey-back\\vendor\\laravel\\framework\\src\\Illuminate\\Foundation\\resources\\server.php(23): require_once('...')
#65 {main}

[previous exception] [object] (Illuminate\\Foundation\\ViteManifestNotFoundException(code: 0): Vite manifest not found at: C:\\Users\\camar\\Bureau\\main-clean\\backend\\mindful-journey-back\\public\\build/manifest.json at C:\\Users\\camar\\Bureau\\main-clean\\backend\\mindful-journey-back\\vendor\\laravel\\framework\\src\\Illuminate\\Foundation\\Vite.php:935)
[stacktrace]
#0 C:\\Users\\camar\\Bureau\\main-clean\\backend\\mindful-journey-back\\vendor\\laravel\\framework\\src\\Illuminate\\Foundation\\Vite.php(384): Illuminate\\Foundation\\Vite->manifest()
#1 C:\\Users\\camar\\Bureau\\main-clean\\backend\\mindful-journey-back\\storage\\framework\\views\\f9c3c5ea26f699bc333aece7a12292e4.php(44): Illuminate\\Foundation\\Vite->__invoke()
#2 C:\\Users\\camar\\Bureau\\main-clean\\backend\\mindful-journey-back\\vendor\\laravel\\framework\\src\\Illuminate\\Filesystem\\Filesystem.php(123): require('...')
#3 C:\\Users\\camar\\Bureau\\main-clean\\backend\\mindful-journey-back\\vendor\\laravel\\framework\\src\\Illuminate\\Filesystem\\Filesystem.php(124): Illuminate\\Filesystem\\Filesystem::Illuminate\\Filesystem\\{closure}()
#4 C:\\Users\\camar\\Bureau\\main-clean\\backend\\mindful-journey-back\\vendor\\laravel\\framework\\src\\Illuminate\\View\\Engines\\PhpEngine.php(57): Illuminate\\Filesystem\\Filesystem->getRequire()
#5 C:\\Users\\camar\\Bureau\\main-clean\\backend\\mindful-journey-back\\vendor\\laravel\\framework\\src\\Illuminate\\View\\Engines\\CompilerEngine.php(76): Illuminate\\View\\Engines\\PhpEngine->evaluatePath()
#6 C:\\Users\\camar\\Bureau\\main-clean\\backend\\mindful-journey-back\\vendor\\laravel\\framework\\src\\Illuminate\\View\\View.php(208): Illuminate\\View\\Engines\\CompilerEngine->get()
#7 C:\\Users\\camar\\Bureau\\main-clean\\backend\\mindful-journey-back\\vendor\\laravel\\framework\\src\\Illuminate\\View\\View.php(191): Illuminate\\View\\View->getContents()
#8 C:\\Users\\camar\\Bureau\\main-clean\\backend\\mindful-journey-back\\vendor\\laravel\\framework\\src\\Illuminate\\View\\View.php(160): Illuminate\\View\\View->renderContents()
#9 C:\\Users\\camar\\Bureau\\main-clean\\backend\\mindful-journey-back\\vendor\\laravel\\framework\\src\\Illuminate\\Http\\Response.php(78): Illuminate\\View\\View->render()
#10 C:\\Users\\camar\\Bureau\\main-clean\\backend\\mindful-journey-back\\vendor\\laravel\\framework\\src\\Illuminate\\Http\\Response.php(34): Illuminate\\Http\\Response->setContent()
#11 C:\\Users\\camar\\Bureau\\main-clean\\backend\\mindful-journey-back\\vendor\\laravel\\framework\\src\\Illuminate\\Routing\\ResponseFactory.php(61): Illuminate\\Http\\Response->__construct()
#12 C:\\Users\\camar\\Bureau\\main-clean\\backend\\mindful-journey-back\\vendor\\laravel\\framework\\src\\Illuminate\\Routing\\ResponseFactory.php(91): Illuminate\\Routing\\ResponseFactory->make()
#13 C:\\Users\\camar\\Bureau\\main-clean\\backend\\mindful-journey-back\\vendor\\laravel\\framework\\src\\Illuminate\\Support\\Facades\\Facade.php(361): Illuminate\\Routing\\ResponseFactory->view()
#14 C:\\Users\\camar\\Bureau\\main-clean\\backend\\mindful-journey-back\\vendor\\inertiajs\\inertia-laravel\\src\\Response.php(135): Illuminate\\Support\\Facades\\Facade::__callStatic()
#15 C:\\Users\\camar\\Bureau\\main-clean\\backend\\mindful-journey-back\\vendor\\laravel\\framework\\src\\Illuminate\\Routing\\Router.php(907): Inertia\\Response->toResponse()
#16 C:\\Users\\camar\\Bureau\\main-clean\\backend\\mindful-journey-back\\vendor\\laravel\\framework\\src\\Illuminate\\Routing\\Router.php(892): Illuminate\\Routing\\Router::toResponse()
#17 C:\\Users\\camar\\Bureau\\main-clean\\backend\\mindful-journey-back\\vendor\\laravel\\framework\\src\\Illuminate\\Routing\\Router.php(807): Illuminate\\Routing\\Router->prepareResponse()
#18 C:\\Users\\camar\\Bureau\\main-clean\\backend\\mindful-journey-back\\vendor\\laravel\\framework\\src\\Illuminate\\Pipeline\\Pipeline.php(169): Illuminate\\Routing\\Router->Illuminate\\Routing\\{closure}()
#19 C:\\Users\\camar\\Bureau\\main-clean\\backend\\mindful-journey-back\\vendor\\laravel\\framework\\src\\Illuminate\\Http\\Middleware\\AddLinkHeadersForPreloadedAssets.php(32): Illuminate\\Pipeline\\Pipeline->Illuminate\\Pipeline\\{closure}()
#20 C:\\Users\\camar\\Bureau\\main-clean\\backend\\mindful-journey-back\\vendor\\laravel\\framework\\src\\Illuminate\\Pipeline\\Pipeline.php(208): Illuminate\\Http\\Middleware\\AddLinkHeadersForPreloadedAssets->handle()
#21 C:\\Users\\camar\\Bureau\\main-clean\\backend\\mindful-journey-back\\vendor\\inertiajs\\inertia-laravel\\src\\Middleware.php(100): Illuminate\\Pipeline\\Pipeline->Illuminate\\Pipeline\\{closure}()
#22 C:\\Users\\camar\\Bureau\\main-clean\\backend\\mindful-journey-back\\vendor\\laravel\\framework\\src\\Illuminate\\Pipeline\\Pipeline.php(208): Inertia\\Middleware->handle()
#23 C:\\Users\\camar\\Bureau\\main-clean\\backend\\mindful-journey-back\\app\\Http\\Middleware\\HandleAppearance.php(21): Illuminate\\Pipeline\\Pipeline->Illuminate\\Pipeline\\{closure}()
#24 C:\\Users\\camar\\Bureau\\main-clean\\backend\\mindful-journey-back\\vendor\\laravel\\framework\\src\\Illuminate\\Pipeline\\Pipeline.php(208): App\\Http\\Middleware\\HandleAppearance->handle()
#25 C:\\Users\\camar\\Bureau\\main-clean\\backend\\mindful-journey-back\\vendor\\laravel\\framework\\src\\Illuminate\\Routing\\Middleware\\SubstituteBindings.php(50): Illuminate\\Pipeline\\Pipeline->Illuminate\\Pipeline\\{closure}()
#26 C:\\Users\\camar\\Bureau\\main-clean\\backend\\mindful-journey-back\\vendor\\laravel\\framework\\src\\Illuminate\\Pipeline\\Pipeline.php(208): Illuminate\\Routing\\Middleware\\SubstituteBindings->handle()
#27 C:\\Users\\camar\\Bureau\\main-clean\\backend\\mindful-journey-back\\vendor\\laravel\\framework\\src\\Illuminate\\Foundation\\Http\\Middleware\\VerifyCsrfToken.php(87): Illuminate\\Pipeline\\Pipeline->Illuminate\\Pipeline\\{closure}()
#28 C:\\Users\\camar\\Bureau\\main-clean\\backend\\mindful-journey-back\\vendor\\laravel\\framework\\src\\Illuminate\\Pipeline\\Pipeline.php(208): Illuminate\\Foundation\\Http\\Middleware\\VerifyCsrfToken->handle()
#29 C:\\Users\\camar\\Bureau\\main-clean\\backend\\mindful-journey-back\\vendor\\laravel\\framework\\src\\Illuminate\\View\\Middleware\\ShareErrorsFromSession.php(48): Illuminate\\Pipeline\\Pipeline->Illuminate\\Pipeline\\{closure}()
#30 C:\\Users\\camar\\Bureau\\main-clean\\backend\\mindful-journey-back\\vendor\\laravel\\framework\\src\\Illuminate\\Pipeline\\Pipeline.php(208): Illuminate\\View\\Middleware\\ShareErrorsFromSession->handle()
#31 C:\\Users\\camar\\Bureau\\main-clean\\backend\\mindful-journey-back\\vendor\\laravel\\framework\\src\\Illuminate\\Session\\Middleware\\StartSession.php(120): Illuminate\\Pipeline\\Pipeline->Illuminate\\Pipeline\\{closure}()
#32 C:\\Users\\camar\\Bureau\\main-clean\\backend\\mindful-journey-back\\vendor\\laravel\\framework\\src\\Illuminate\\Session\\Middleware\\StartSession.php(63): Illuminate\\Session\\Middleware\\StartSession->handleStatefulRequest()
#33 C:\\Users\\camar\\Bureau\\main-clean\\backend\\mindful-journey-back\\vendor\\laravel\\framework\\src\\Illuminate\\Pipeline\\Pipeline.php(208): Illuminate\\Session\\Middleware\\StartSession->handle()
#34 C:\\Users\\camar\\Bureau\\main-clean\\backend\\mindful-journey-back\\vendor\\laravel\\framework\\src\\Illuminate\\Cookie\\Middleware\\AddQueuedCookiesToResponse.php(36): Illuminate\\Pipeline\\Pipeline->Illuminate\\Pipeline\\{closure}()
#35 C:\\Users\\camar\\Bureau\\main-clean\\backend\\mindful-journey-back\\vendor\\laravel\\framework\\src\\Illuminate\\Pipeline\\Pipeline.php(208): Illuminate\\Cookie\\Middleware\\AddQueuedCookiesToResponse->handle()
#36 C:\\Users\\camar\\Bureau\\main-clean\\backend\\mindful-journey-back\\vendor\\laravel\\framework\\src\\Illuminate\\Cookie\\Middleware\\EncryptCookies.php(74): Illuminate\\Pipeline\\Pipeline->Illuminate\\Pipeline\\{closure}()
#37 C:\\Users\\camar\\Bureau\\main-clean\\backend\\mindful-journey-back\\vendor\\laravel\\framework\\src\\Illuminate\\Pipeline\\Pipeline.php(208): Illuminate\\Cookie\\Middleware\\EncryptCookies->handle()
#38 C:\\Users\\camar\\Bureau\\main-clean\\backend\\mindful-journey-back\\vendor\\laravel\\framework\\src\\Illuminate\\Pipeline\\Pipeline.php(126): Illuminate\\Pipeline\\Pipeline->Illuminate\\Pipeline\\{closure}()
#39 C:\\Users\\camar\\Bureau\\main-clean\\backend\\mindful-journey-back\\vendor\\laravel\\framework\\src\\Illuminate\\Routing\\Router.php(807): Illuminate\\Pipeline\\Pipeline->then()
#40 C:\\Users\\camar\\Bureau\\main-clean\\backend\\mindful-journey-back\\vendor\\laravel\\framework\\src\\Illuminate\\Routing\\Router.php(786): Illuminate\\Routing\\Router->runRouteWithinStack()
#41 C:\\Users\\camar\\Bureau\\main-clean\\backend\\mindful-journey-back\\vendor\\laravel\\framework\\src\\Illuminate\\Routing\\Router.php(750): Illuminate\\Routing\\Router->runRoute()
#42 C:\\Users\\camar\\Bureau\\main-clean\\backend\\mindful-journey-back\\vendor\\laravel\\framework\\src\\Illuminate\\Routing\\Router.php(739): Illuminate\\Routing\\Router->dispatchToRoute()
#43 C:\\Users\\camar\\Bureau\\main-clean\\backend\\mindful-journey-back\\vendor\\laravel\\framework\\src\\Illuminate\\Foundation\\Http\\Kernel.php(200): Illuminate\\Routing\\Router->dispatch()
#44 C:\\Users\\camar\\Bureau\\main-clean\\backend\\mindful-journey-back\\vendor\\laravel\\framework\\src\\Illuminate\\Pipeline\\Pipeline.php(169): Illuminate\\Foundation\\Http\\Kernel->Illuminate\\Foundation\\Http\\{closure}()
#45 C:\\Users\\camar\\Bureau\\main-clean\\backend\\mindful-journey-back\\vendor\\laravel\\framework\\src\\Illuminate\\Foundation\\Http\\Middleware\\TransformsRequest.php(21): Illuminate\\Pipeline\\Pipeline->Illuminate\\Pipeline\\{closure}()
#46 C:\\Users\\camar\\Bureau\\main-clean\\backend\\mindful-journey-back\\vendor\\laravel\\framework\\src\\Illuminate\\Foundation\\Http\\Middleware\\ConvertEmptyStringsToNull.php(31): Illuminate\\Foundation\\Http\\Middleware\\TransformsRequest->handle()
#47 C:\\Users\\camar\\Bureau\\main-clean\\backend\\mindful-journey-back\\vendor\\laravel\\framework\\src\\Illuminate\\Pipeline\\Pipeline.php(208): Illuminate\\Foundation\\Http\\Middleware\\ConvertEmptyStringsToNull->handle()
#48 C:\\Users\\camar\\Bureau\\main-clean\\backend\\mindful-journey-back\\vendor\\laravel\\framework\\src\\Illuminate\\Foundation\\Http\\Middleware\\TransformsRequest.php(21): Illuminate\\Pipeline\\Pipeline->Illuminate\\Pipeline\\{closure}()
#49 C:\\Users\\camar\\Bureau\\main-clean\\backend\\mindful-journey-back\\vendor\\laravel\\framework\\src\\Illuminate\\Foundation\\Http\\Middleware\\TrimStrings.php(51): Illuminate\\Foundation\\Http\\Middleware\\TransformsRequest->handle()
#50 C:\\Users\\camar\\Bureau\\main-clean\\backend\\mindful-journey-back\\vendor\\laravel\\framework\\src\\Illuminate\\Pipeline\\Pipeline.php(208): Illuminate\\Foundation\\Http\\Middleware\\TrimStrings->handle()
#51 C:\\Users\\camar\\Bureau\\main-clean\\backend\\mindful-journey-back\\vendor\\laravel\\framework\\src\\Illuminate\\Http\\Middleware\\ValidatePostSize.php(27): Illuminate\\Pipeline\\Pipeline->Illuminate\\Pipeline\\{closure}()
#52 C:\\Users\\camar\\Bureau\\main-clean\\backend\\mindful-journey-back\\vendor\\laravel\\framework\\src\\Illuminate\\Pipeline\\Pipeline.php(208): Illuminate\\Http\\Middleware\\ValidatePostSize->handle()
#53 C:\\Users\\camar\\Bureau\\main-clean\\backend\\mindful-journey-back\\vendor\\laravel\\framework\\src\\Illuminate\\Foundation\\Http\\Middleware\\PreventRequestsDuringMaintenance.php(109): Illuminate\\Pipeline\\Pipeline->Illuminate\\Pipeline\\{closure}()
#54 C:\\Users\\camar\\Bureau\\main-clean\\backend\\mindful-journey-back\\vendor\\laravel\\framework\\src\\Illuminate\\Pipeline\\Pipeline.php(208): Illuminate\\Foundation\\Http\\Middleware\\PreventRequestsDuringMaintenance->handle()
#55 C:\\Users\\camar\\Bureau\\main-clean\\backend\\mindful-journey-back\\vendor\\laravel\\framework\\src\\Illuminate\\Http\\Middleware\\HandleCors.php(48): Illuminate\\Pipeline\\Pipeline->Illuminate\\Pipeline\\{closure}()
#56 C:\\Users\\camar\\Bureau\\main-clean\\backend\\mindful-journey-back\\vendor\\laravel\\framework\\src\\Illuminate\\Pipeline\\Pipeline.php(208): Illuminate\\Http\\Middleware\\HandleCors->handle()
#57 C:\\Users\\camar\\Bureau\\main-clean\\backend\\mindful-journey-back\\vendor\\laravel\\framework\\src\\Illuminate\\Http\\Middleware\\TrustProxies.php(58): Illuminate\\Pipeline\\Pipeline->Illuminate\\Pipeline\\{closure}()
#58 C:\\Users\\camar\\Bureau\\main-clean\\backend\\mindful-journey-back\\vendor\\laravel\\framework\\src\\Illuminate\\Pipeline\\Pipeline.php(208): Illuminate\\Http\\Middleware\\TrustProxies->handle()
#59 C:\\Users\\camar\\Bureau\\main-clean\\backend\\mindful-journey-back\\vendor\\laravel\\framework\\src\\Illuminate\\Foundation\\Http\\Middleware\\InvokeDeferredCallbacks.php(22): Illuminate\\Pipeline\\Pipeline->Illuminate\\Pipeline\\{closure}()
#60 C:\\Users\\camar\\Bureau\\main-clean\\backend\\mindful-journey-back\\vendor\\laravel\\framework\\src\\Illuminate\\Pipeline\\Pipeline.php(208): Illuminate\\Foundation\\Http\\Middleware\\InvokeDeferredCallbacks->handle()
#61 C:\\Users\\camar\\Bureau\\main-clean\\backend\\mindful-journey-back\\vendor\\laravel\\framework\\src\\Illuminate\\Http\\Middleware\\ValidatePathEncoding.php(26): Illuminate\\Pipeline\\Pipeline->Illuminate\\Pipeline\\{closure}()
#62 C:\\Users\\camar\\Bureau\\main-clean\\backend\\mindful-journey-back\\vendor\\laravel\\framework\\src\\Illuminate\\Pipeline\\Pipeline.php(208): Illuminate\\Http\\Middleware\\ValidatePathEncoding->handle()
#63 C:\\Users\\camar\\Bureau\\main-clean\\backend\\mindful-journey-back\\vendor\\laravel\\framework\\src\\Illuminate\\Pipeline\\Pipeline.php(126): Illuminate\\Pipeline\\Pipeline->Illuminate\\Pipeline\\{closure}()
#64 C:\\Users\\camar\\Bureau\\main-clean\\backend\\mindful-journey-back\\vendor\\laravel\\framework\\src\\Illuminate\\Foundation\\Http\\Kernel.php(175): Illuminate\\Pipeline\\Pipeline->then()
#65 C:\\Users\\camar\\Bureau\\main-clean\\backend\\mindful-journey-back\\vendor\\laravel\\framework\\src\\Illuminate\\Foundation\\Http\\Kernel.php(144): Illuminate\\Foundation\\Http\\Kernel->sendRequestThroughRouter()
#66 C:\\Users\\camar\\Bureau\\main-clean\\backend\\mindful-journey-back\\vendor\\laravel\\framework\\src\\Illuminate\\Foundation\\Application.php(1219): Illuminate\\Foundation\\Http\\Kernel->handle()
#67 C:\\Users\\camar\\Bureau\\main-clean\\backend\\mindful-journey-back\\public\\index.php(20): Illuminate\\Foundation\\Application->handleRequest()
#68 C:\\Users\\camar\\Bureau\\main-clean\\backend\\mindful-journey-back\\vendor\\laravel\\framework\\src\\Illuminate\\Foundation\\resources\\server.php(23): require_once('...')
#69 {main}
"} 
[2025-08-19 02:01:09] local.ERROR: Vite manifest not found at: C:\Users\camar\Bureau\mindful-journey-ui\backend\mindful-journey-back\public\build/manifest.json (View: C:\Users\camar\Bureau\mindful-journey-ui\backend\mindful-journey-back\resources\views\app.blade.php) {"exception":"[object] (Illuminate\\View\\ViewException(code: 0): Vite manifest not found at: C:\\Users\\camar\\Bureau\\mindful-journey-ui\\backend\\mindful-journey-back\\public\\build/manifest.json (View: C:\\Users\\camar\\Bureau\\mindful-journey-ui\\backend\\mindful-journey-back\\resources\\views\\app.blade.php) at C:\\Users\\camar\\Bureau\\mindful-journey-ui\\backend\\mindful-journey-back\\vendor\\laravel\\framework\\src\\Illuminate\\Foundation\\Vite.php:935)
[stacktrace]
#0 C:\\Users\\camar\\Bureau\\mindful-journey-ui\\backend\\mindful-journey-back\\vendor\\laravel\\framework\\src\\Illuminate\\View\\Engines\\PhpEngine.php(59): Illuminate\\View\\Engines\\CompilerEngine->handleViewException()
#1 C:\\Users\\camar\\Bureau\\mindful-journey-ui\\backend\\mindful-journey-back\\vendor\\laravel\\framework\\src\\Illuminate\\View\\Engines\\CompilerEngine.php(76): Illuminate\\View\\Engines\\PhpEngine->evaluatePath()
#2 C:\\Users\\camar\\Bureau\\mindful-journey-ui\\backend\\mindful-journey-back\\vendor\\laravel\\framework\\src\\Illuminate\\View\\View.php(208): Illuminate\\View\\Engines\\CompilerEngine->get()
#3 C:\\Users\\camar\\Bureau\\mindful-journey-ui\\backend\\mindful-journey-back\\vendor\\laravel\\framework\\src\\Illuminate\\View\\View.php(191): Illuminate\\View\\View->getContents()
#4 C:\\Users\\camar\\Bureau\\mindful-journey-ui\\backend\\mindful-journey-back\\vendor\\laravel\\framework\\src\\Illuminate\\View\\View.php(160): Illuminate\\View\\View->renderContents()
#5 C:\\Users\\camar\\Bureau\\mindful-journey-ui\\backend\\mindful-journey-back\\vendor\\laravel\\framework\\src\\Illuminate\\Http\\Response.php(78): Illuminate\\View\\View->render()
#6 C:\\Users\\camar\\Bureau\\mindful-journey-ui\\backend\\mindful-journey-back\\vendor\\laravel\\framework\\src\\Illuminate\\Http\\Response.php(34): Illuminate\\Http\\Response->setContent()
#7 C:\\Users\\camar\\Bureau\\mindful-journey-ui\\backend\\mindful-journey-back\\vendor\\laravel\\framework\\src\\Illuminate\\Routing\\ResponseFactory.php(61): Illuminate\\Http\\Response->__construct()
#8 C:\\Users\\camar\\Bureau\\mindful-journey-ui\\backend\\mindful-journey-back\\vendor\\laravel\\framework\\src\\Illuminate\\Routing\\ResponseFactory.php(91): Illuminate\\Routing\\ResponseFactory->make()
#9 C:\\Users\\camar\\Bureau\\mindful-journey-ui\\backend\\mindful-journey-back\\vendor\\laravel\\framework\\src\\Illuminate\\Support\\Facades\\Facade.php(361): Illuminate\\Routing\\ResponseFactory->view()
#10 C:\\Users\\camar\\Bureau\\mindful-journey-ui\\backend\\mindful-journey-back\\vendor\\inertiajs\\inertia-laravel\\src\\Response.php(135): Illuminate\\Support\\Facades\\Facade::__callStatic()
#11 C:\\Users\\camar\\Bureau\\mindful-journey-ui\\backend\\mindful-journey-back\\vendor\\laravel\\framework\\src\\Illuminate\\Routing\\Router.php(907): Inertia\\Response->toResponse()
#12 C:\\Users\\camar\\Bureau\\mindful-journey-ui\\backend\\mindful-journey-back\\vendor\\laravel\\framework\\src\\Illuminate\\Routing\\Router.php(892): Illuminate\\Routing\\Router::toResponse()
#13 C:\\Users\\camar\\Bureau\\mindful-journey-ui\\backend\\mindful-journey-back\\vendor\\laravel\\framework\\src\\Illuminate\\Routing\\Router.php(807): Illuminate\\Routing\\Router->prepareResponse()
#14 C:\\Users\\camar\\Bureau\\mindful-journey-ui\\backend\\mindful-journey-back\\vendor\\laravel\\framework\\src\\Illuminate\\Pipeline\\Pipeline.php(169): Illuminate\\Routing\\Router->Illuminate\\Routing\\{closure}()
#15 C:\\Users\\camar\\Bureau\\mindful-journey-ui\\backend\\mindful-journey-back\\vendor\\laravel\\framework\\src\\Illuminate\\Http\\Middleware\\AddLinkHeadersForPreloadedAssets.php(32): Illuminate\\Pipeline\\Pipeline->Illuminate\\Pipeline\\{closure}()
#16 C:\\Users\\camar\\Bureau\\mindful-journey-ui\\backend\\mindful-journey-back\\vendor\\laravel\\framework\\src\\Illuminate\\Pipeline\\Pipeline.php(208): Illuminate\\Http\\Middleware\\AddLinkHeadersForPreloadedAssets->handle()
#17 C:\\Users\\camar\\Bureau\\mindful-journey-ui\\backend\\mindful-journey-back\\vendor\\inertiajs\\inertia-laravel\\src\\Middleware.php(100): Illuminate\\Pipeline\\Pipeline->Illuminate\\Pipeline\\{closure}()
#18 C:\\Users\\camar\\Bureau\\mindful-journey-ui\\backend\\mindful-journey-back\\vendor\\laravel\\framework\\src\\Illuminate\\Pipeline\\Pipeline.php(208): Inertia\\Middleware->handle()
#19 C:\\Users\\camar\\Bureau\\mindful-journey-ui\\backend\\mindful-journey-back\\app\\Http\\Middleware\\HandleAppearance.php(21): Illuminate\\Pipeline\\Pipeline->Illuminate\\Pipeline\\{closure}()
#20 C:\\Users\\camar\\Bureau\\mindful-journey-ui\\backend\\mindful-journey-back\\vendor\\laravel\\framework\\src\\Illuminate\\Pipeline\\Pipeline.php(208): App\\Http\\Middleware\\HandleAppearance->handle()
#21 C:\\Users\\camar\\Bureau\\mindful-journey-ui\\backend\\mindful-journey-back\\vendor\\laravel\\framework\\src\\Illuminate\\Routing\\Middleware\\SubstituteBindings.php(50): Illuminate\\Pipeline\\Pipeline->Illuminate\\Pipeline\\{closure}()
#22 C:\\Users\\camar\\Bureau\\mindful-journey-ui\\backend\\mindful-journey-back\\vendor\\laravel\\framework\\src\\Illuminate\\Pipeline\\Pipeline.php(208): Illuminate\\Routing\\Middleware\\SubstituteBindings->handle()
#23 C:\\Users\\camar\\Bureau\\mindful-journey-ui\\backend\\mindful-journey-back\\vendor\\laravel\\framework\\src\\Illuminate\\Foundation\\Http\\Middleware\\VerifyCsrfToken.php(87): Illuminate\\Pipeline\\Pipeline->Illuminate\\Pipeline\\{closure}()
#24 C:\\Users\\camar\\Bureau\\mindful-journey-ui\\backend\\mindful-journey-back\\vendor\\laravel\\framework\\src\\Illuminate\\Pipeline\\Pipeline.php(208): Illuminate\\Foundation\\Http\\Middleware\\VerifyCsrfToken->handle()
#25 C:\\Users\\camar\\Bureau\\mindful-journey-ui\\backend\\mindful-journey-back\\vendor\\laravel\\framework\\src\\Illuminate\\View\\Middleware\\ShareErrorsFromSession.php(48): Illuminate\\Pipeline\\Pipeline->Illuminate\\Pipeline\\{closure}()
#26 C:\\Users\\camar\\Bureau\\mindful-journey-ui\\backend\\mindful-journey-back\\vendor\\laravel\\framework\\src\\Illuminate\\Pipeline\\Pipeline.php(208): Illuminate\\View\\Middleware\\ShareErrorsFromSession->handle()
#27 C:\\Users\\camar\\Bureau\\mindful-journey-ui\\backend\\mindful-journey-back\\vendor\\laravel\\framework\\src\\Illuminate\\Session\\Middleware\\StartSession.php(120): Illuminate\\Pipeline\\Pipeline->Illuminate\\Pipeline\\{closure}()
#28 C:\\Users\\camar\\Bureau\\mindful-journey-ui\\backend\\mindful-journey-back\\vendor\\laravel\\framework\\src\\Illuminate\\Session\\Middleware\\StartSession.php(63): Illuminate\\Session\\Middleware\\StartSession->handleStatefulRequest()
#29 C:\\Users\\camar\\Bureau\\mindful-journey-ui\\backend\\mindful-journey-back\\vendor\\laravel\\framework\\src\\Illuminate\\Pipeline\\Pipeline.php(208): Illuminate\\Session\\Middleware\\StartSession->handle()
#30 C:\\Users\\camar\\Bureau\\mindful-journey-ui\\backend\\mindful-journey-back\\vendor\\laravel\\framework\\src\\Illuminate\\Cookie\\Middleware\\AddQueuedCookiesToResponse.php(36): Illuminate\\Pipeline\\Pipeline->Illuminate\\Pipeline\\{closure}()
#31 C:\\Users\\camar\\Bureau\\mindful-journey-ui\\backend\\mindful-journey-back\\vendor\\laravel\\framework\\src\\Illuminate\\Pipeline\\Pipeline.php(208): Illuminate\\Cookie\\Middleware\\AddQueuedCookiesToResponse->handle()
#32 C:\\Users\\camar\\Bureau\\mindful-journey-ui\\backend\\mindful-journey-back\\vendor\\laravel\\framework\\src\\Illuminate\\Cookie\\Middleware\\EncryptCookies.php(74): Illuminate\\Pipeline\\Pipeline->Illuminate\\Pipeline\\{closure}()
#33 C:\\Users\\camar\\Bureau\\mindful-journey-ui\\backend\\mindful-journey-back\\vendor\\laravel\\framework\\src\\Illuminate\\Pipeline\\Pipeline.php(208): Illuminate\\Cookie\\Middleware\\EncryptCookies->handle()
#34 C:\\Users\\camar\\Bureau\\mindful-journey-ui\\backend\\mindful-journey-back\\vendor\\laravel\\framework\\src\\Illuminate\\Pipeline\\Pipeline.php(126): Illuminate\\Pipeline\\Pipeline->Illuminate\\Pipeline\\{closure}()
#35 C:\\Users\\camar\\Bureau\\mindful-journey-ui\\backend\\mindful-journey-back\\vendor\\laravel\\framework\\src\\Illuminate\\Routing\\Router.php(807): Illuminate\\Pipeline\\Pipeline->then()
#36 C:\\Users\\camar\\Bureau\\mindful-journey-ui\\backend\\mindful-journey-back\\vendor\\laravel\\framework\\src\\Illuminate\\Routing\\Router.php(786): Illuminate\\Routing\\Router->runRouteWithinStack()
#37 C:\\Users\\camar\\Bureau\\mindful-journey-ui\\backend\\mindful-journey-back\\vendor\\laravel\\framework\\src\\Illuminate\\Routing\\Router.php(750): Illuminate\\Routing\\Router->runRoute()
#38 C:\\Users\\camar\\Bureau\\mindful-journey-ui\\backend\\mindful-journey-back\\vendor\\laravel\\framework\\src\\Illuminate\\Routing\\Router.php(739): Illuminate\\Routing\\Router->dispatchToRoute()
#39 C:\\Users\\camar\\Bureau\\mindful-journey-ui\\backend\\mindful-journey-back\\vendor\\laravel\\framework\\src\\Illuminate\\Foundation\\Http\\Kernel.php(200): Illuminate\\Routing\\Router->dispatch()
#40 C:\\Users\\camar\\Bureau\\mindful-journey-ui\\backend\\mindful-journey-back\\vendor\\laravel\\framework\\src\\Illuminate\\Pipeline\\Pipeline.php(169): Illuminate\\Foundation\\Http\\Kernel->Illuminate\\Foundation\\Http\\{closure}()
#41 C:\\Users\\camar\\Bureau\\mindful-journey-ui\\backend\\mindful-journey-back\\vendor\\laravel\\framework\\src\\Illuminate\\Foundation\\Http\\Middleware\\TransformsRequest.php(21): Illuminate\\Pipeline\\Pipeline->Illuminate\\Pipeline\\{closure}()
#42 C:\\Users\\camar\\Bureau\\mindful-journey-ui\\backend\\mindful-journey-back\\vendor\\laravel\\framework\\src\\Illuminate\\Foundation\\Http\\Middleware\\ConvertEmptyStringsToNull.php(31): Illuminate\\Foundation\\Http\\Middleware\\TransformsRequest->handle()
#43 C:\\Users\\camar\\Bureau\\mindful-journey-ui\\backend\\mindful-journey-back\\vendor\\laravel\\framework\\src\\Illuminate\\Pipeline\\Pipeline.php(208): Illuminate\\Foundation\\Http\\Middleware\\ConvertEmptyStringsToNull->handle()
#44 C:\\Users\\camar\\Bureau\\mindful-journey-ui\\backend\\mindful-journey-back\\vendor\\laravel\\framework\\src\\Illuminate\\Foundation\\Http\\Middleware\\TransformsRequest.php(21): Illuminate\\Pipeline\\Pipeline->Illuminate\\Pipeline\\{closure}()
#45 C:\\Users\\camar\\Bureau\\mindful-journey-ui\\backend\\mindful-journey-back\\vendor\\laravel\\framework\\src\\Illuminate\\Foundation\\Http\\Middleware\\TrimStrings.php(51): Illuminate\\Foundation\\Http\\Middleware\\TransformsRequest->handle()
#46 C:\\Users\\camar\\Bureau\\mindful-journey-ui\\backend\\mindful-journey-back\\vendor\\laravel\\framework\\src\\Illuminate\\Pipeline\\Pipeline.php(208): Illuminate\\Foundation\\Http\\Middleware\\TrimStrings->handle()
#47 C:\\Users\\camar\\Bureau\\mindful-journey-ui\\backend\\mindful-journey-back\\vendor\\laravel\\framework\\src\\Illuminate\\Http\\Middleware\\ValidatePostSize.php(27): Illuminate\\Pipeline\\Pipeline->Illuminate\\Pipeline\\{closure}()
#48 C:\\Users\\camar\\Bureau\\mindful-journey-ui\\backend\\mindful-journey-back\\vendor\\laravel\\framework\\src\\Illuminate\\Pipeline\\Pipeline.php(208): Illuminate\\Http\\Middleware\\ValidatePostSize->handle()
#49 C:\\Users\\camar\\Bureau\\mindful-journey-ui\\backend\\mindful-journey-back\\vendor\\laravel\\framework\\src\\Illuminate\\Foundation\\Http\\Middleware\\PreventRequestsDuringMaintenance.php(109): Illuminate\\Pipeline\\Pipeline->Illuminate\\Pipeline\\{closure}()
#50 C:\\Users\\camar\\Bureau\\mindful-journey-ui\\backend\\mindful-journey-back\\vendor\\laravel\\framework\\src\\Illuminate\\Pipeline\\Pipeline.php(208): Illuminate\\Foundation\\Http\\Middleware\\PreventRequestsDuringMaintenance->handle()
#51 C:\\Users\\camar\\Bureau\\mindful-journey-ui\\backend\\mindful-journey-back\\vendor\\laravel\\framework\\src\\Illuminate\\Http\\Middleware\\HandleCors.php(48): Illuminate\\Pipeline\\Pipeline->Illuminate\\Pipeline\\{closure}()
#52 C:\\Users\\camar\\Bureau\\mindful-journey-ui\\backend\\mindful-journey-back\\vendor\\laravel\\framework\\src\\Illuminate\\Pipeline\\Pipeline.php(208): Illuminate\\Http\\Middleware\\HandleCors->handle()
#53 C:\\Users\\camar\\Bureau\\mindful-journey-ui\\backend\\mindful-journey-back\\vendor\\laravel\\framework\\src\\Illuminate\\Http\\Middleware\\TrustProxies.php(58): Illuminate\\Pipeline\\Pipeline->Illuminate\\Pipeline\\{closure}()
#54 C:\\Users\\camar\\Bureau\\mindful-journey-ui\\backend\\mindful-journey-back\\vendor\\laravel\\framework\\src\\Illuminate\\Pipeline\\Pipeline.php(208): Illuminate\\Http\\Middleware\\TrustProxies->handle()
#55 C:\\Users\\camar\\Bureau\\mindful-journey-ui\\backend\\mindful-journey-back\\vendor\\laravel\\framework\\src\\Illuminate\\Foundation\\Http\\Middleware\\InvokeDeferredCallbacks.php(22): Illuminate\\Pipeline\\Pipeline->Illuminate\\Pipeline\\{closure}()
#56 C:\\Users\\camar\\Bureau\\mindful-journey-ui\\backend\\mindful-journey-back\\vendor\\laravel\\framework\\src\\Illuminate\\Pipeline\\Pipeline.php(208): Illuminate\\Foundation\\Http\\Middleware\\InvokeDeferredCallbacks->handle()
#57 C:\\Users\\camar\\Bureau\\mindful-journey-ui\\backend\\mindful-journey-back\\vendor\\laravel\\framework\\src\\Illuminate\\Http\\Middleware\\ValidatePathEncoding.php(26): Illuminate\\Pipeline\\Pipeline->Illuminate\\Pipeline\\{closure}()
#58 C:\\Users\\camar\\Bureau\\mindful-journey-ui\\backend\\mindful-journey-back\\vendor\\laravel\\framework\\src\\Illuminate\\Pipeline\\Pipeline.php(208): Illuminate\\Http\\Middleware\\ValidatePathEncoding->handle()
#59 C:\\Users\\camar\\Bureau\\mindful-journey-ui\\backend\\mindful-journey-back\\vendor\\laravel\\framework\\src\\Illuminate\\Pipeline\\Pipeline.php(126): Illuminate\\Pipeline\\Pipeline->Illuminate\\Pipeline\\{closure}()
#60 C:\\Users\\camar\\Bureau\\mindful-journey-ui\\backend\\mindful-journey-back\\vendor\\laravel\\framework\\src\\Illuminate\\Foundation\\Http\\Kernel.php(175): Illuminate\\Pipeline\\Pipeline->then()
#61 C:\\Users\\camar\\Bureau\\mindful-journey-ui\\backend\\mindful-journey-back\\vendor\\laravel\\framework\\src\\Illuminate\\Foundation\\Http\\Kernel.php(144): Illuminate\\Foundation\\Http\\Kernel->sendRequestThroughRouter()
#62 C:\\Users\\camar\\Bureau\\mindful-journey-ui\\backend\\mindful-journey-back\\vendor\\laravel\\framework\\src\\Illuminate\\Foundation\\Application.php(1219): Illuminate\\Foundation\\Http\\Kernel->handle()
#63 C:\\Users\\camar\\Bureau\\mindful-journey-ui\\backend\\mindful-journey-back\\public\\index.php(20): Illuminate\\Foundation\\Application->handleRequest()
#64 C:\\Users\\camar\\Bureau\\mindful-journey-ui\\backend\\mindful-journey-back\\vendor\\laravel\\framework\\src\\Illuminate\\Foundation\\resources\\server.php(23): require_once('...')
#65 {main}

[previous exception] [object] (Illuminate\\Foundation\\ViteManifestNotFoundException(code: 0): Vite manifest not found at: C:\\Users\\camar\\Bureau\\mindful-journey-ui\\backend\\mindful-journey-back\\public\\build/manifest.json at C:\\Users\\camar\\Bureau\\mindful-journey-ui\\backend\\mindful-journey-back\\vendor\\laravel\\framework\\src\\Illuminate\\Foundation\\Vite.php:935)
[stacktrace]
#0 C:\\Users\\camar\\Bureau\\mindful-journey-ui\\backend\\mindful-journey-back\\vendor\\laravel\\framework\\src\\Illuminate\\Foundation\\Vite.php(384): Illuminate\\Foundation\\Vite->manifest()
#1 C:\\Users\\camar\\Bureau\\mindful-journey-ui\\backend\\mindful-journey-back\\storage\\framework\\views\\8c0ea0ae79f8d30d418b9c61d1ae9dd7.php(44): Illuminate\\Foundation\\Vite->__invoke()
#2 C:\\Users\\camar\\Bureau\\mindful-journey-ui\\backend\\mindful-journey-back\\vendor\\laravel\\framework\\src\\Illuminate\\Filesystem\\Filesystem.php(123): require('...')
#3 C:\\Users\\camar\\Bureau\\mindful-journey-ui\\backend\\mindful-journey-back\\vendor\\laravel\\framework\\src\\Illuminate\\Filesystem\\Filesystem.php(124): Illuminate\\Filesystem\\Filesystem::Illuminate\\Filesystem\\{closure}()
#4 C:\\Users\\camar\\Bureau\\mindful-journey-ui\\backend\\mindful-journey-back\\vendor\\laravel\\framework\\src\\Illuminate\\View\\Engines\\PhpEngine.php(57): Illuminate\\Filesystem\\Filesystem->getRequire()
#5 C:\\Users\\camar\\Bureau\\mindful-journey-ui\\backend\\mindful-journey-back\\vendor\\laravel\\framework\\src\\Illuminate\\View\\Engines\\CompilerEngine.php(76): Illuminate\\View\\Engines\\PhpEngine->evaluatePath()
#6 C:\\Users\\camar\\Bureau\\mindful-journey-ui\\backend\\mindful-journey-back\\vendor\\laravel\\framework\\src\\Illuminate\\View\\View.php(208): Illuminate\\View\\Engines\\CompilerEngine->get()
#7 C:\\Users\\camar\\Bureau\\mindful-journey-ui\\backend\\mindful-journey-back\\vendor\\laravel\\framework\\src\\Illuminate\\View\\View.php(191): Illuminate\\View\\View->getContents()
#8 C:\\Users\\camar\\Bureau\\mindful-journey-ui\\backend\\mindful-journey-back\\vendor\\laravel\\framework\\src\\Illuminate\\View\\View.php(160): Illuminate\\View\\View->renderContents()
#9 C:\\Users\\camar\\Bureau\\mindful-journey-ui\\backend\\mindful-journey-back\\vendor\\laravel\\framework\\src\\Illuminate\\Http\\Response.php(78): Illuminate\\View\\View->render()
#10 C:\\Users\\camar\\Bureau\\mindful-journey-ui\\backend\\mindful-journey-back\\vendor\\laravel\\framework\\src\\Illuminate\\Http\\Response.php(34): Illuminate\\Http\\Response->setContent()
#11 C:\\Users\\camar\\Bureau\\mindful-journey-ui\\backend\\mindful-journey-back\\vendor\\laravel\\framework\\src\\Illuminate\\Routing\\ResponseFactory.php(61): Illuminate\\Http\\Response->__construct()
#12 C:\\Users\\camar\\Bureau\\mindful-journey-ui\\backend\\mindful-journey-back\\vendor\\laravel\\framework\\src\\Illuminate\\Routing\\ResponseFactory.php(91): Illuminate\\Routing\\ResponseFactory->make()
#13 C:\\Users\\camar\\Bureau\\mindful-journey-ui\\backend\\mindful-journey-back\\vendor\\laravel\\framework\\src\\Illuminate\\Support\\Facades\\Facade.php(361): Illuminate\\Routing\\ResponseFactory->view()
#14 C:\\Users\\camar\\Bureau\\mindful-journey-ui\\backend\\mindful-journey-back\\vendor\\inertiajs\\inertia-laravel\\src\\Response.php(135): Illuminate\\Support\\Facades\\Facade::__callStatic()
#15 C:\\Users\\camar\\Bureau\\mindful-journey-ui\\backend\\mindful-journey-back\\vendor\\laravel\\framework\\src\\Illuminate\\Routing\\Router.php(907): Inertia\\Response->toResponse()
#16 C:\\Users\\camar\\Bureau\\mindful-journey-ui\\backend\\mindful-journey-back\\vendor\\laravel\\framework\\src\\Illuminate\\Routing\\Router.php(892): Illuminate\\Routing\\Router::toResponse()
#17 C:\\Users\\camar\\Bureau\\mindful-journey-ui\\backend\\mindful-journey-back\\vendor\\laravel\\framework\\src\\Illuminate\\Routing\\Router.php(807): Illuminate\\Routing\\Router->prepareResponse()
#18 C:\\Users\\camar\\Bureau\\mindful-journey-ui\\backend\\mindful-journey-back\\vendor\\laravel\\framework\\src\\Illuminate\\Pipeline\\Pipeline.php(169): Illuminate\\Routing\\Router->Illuminate\\Routing\\{closure}()
#19 C:\\Users\\camar\\Bureau\\mindful-journey-ui\\backend\\mindful-journey-back\\vendor\\laravel\\framework\\src\\Illuminate\\Http\\Middleware\\AddLinkHeadersForPreloadedAssets.php(32): Illuminate\\Pipeline\\Pipeline->Illuminate\\Pipeline\\{closure}()
#20 C:\\Users\\camar\\Bureau\\mindful-journey-ui\\backend\\mindful-journey-back\\vendor\\laravel\\framework\\src\\Illuminate\\Pipeline\\Pipeline.php(208): Illuminate\\Http\\Middleware\\AddLinkHeadersForPreloadedAssets->handle()
#21 C:\\Users\\camar\\Bureau\\mindful-journey-ui\\backend\\mindful-journey-back\\vendor\\inertiajs\\inertia-laravel\\src\\Middleware.php(100): Illuminate\\Pipeline\\Pipeline->Illuminate\\Pipeline\\{closure}()
#22 C:\\Users\\camar\\Bureau\\mindful-journey-ui\\backend\\mindful-journey-back\\vendor\\laravel\\framework\\src\\Illuminate\\Pipeline\\Pipeline.php(208): Inertia\\Middleware->handle()
#23 C:\\Users\\camar\\Bureau\\mindful-journey-ui\\backend\\mindful-journey-back\\app\\Http\\Middleware\\HandleAppearance.php(21): Illuminate\\Pipeline\\Pipeline->Illuminate\\Pipeline\\{closure}()
#24 C:\\Users\\camar\\Bureau\\mindful-journey-ui\\backend\\mindful-journey-back\\vendor\\laravel\\framework\\src\\Illuminate\\Pipeline\\Pipeline.php(208): App\\Http\\Middleware\\HandleAppearance->handle()
#25 C:\\Users\\camar\\Bureau\\mindful-journey-ui\\backend\\mindful-journey-back\\vendor\\laravel\\framework\\src\\Illuminate\\Routing\\Middleware\\SubstituteBindings.php(50): Illuminate\\Pipeline\\Pipeline->Illuminate\\Pipeline\\{closure}()
#26 C:\\Users\\camar\\Bureau\\mindful-journey-ui\\backend\\mindful-journey-back\\vendor\\laravel\\framework\\src\\Illuminate\\Pipeline\\Pipeline.php(208): Illuminate\\Routing\\Middleware\\SubstituteBindings->handle()
#27 C:\\Users\\camar\\Bureau\\mindful-journey-ui\\backend\\mindful-journey-back\\vendor\\laravel\\framework\\src\\Illuminate\\Foundation\\Http\\Middleware\\VerifyCsrfToken.php(87): Illuminate\\Pipeline\\Pipeline->Illuminate\\Pipeline\\{closure}()
#28 C:\\Users\\camar\\Bureau\\mindful-journey-ui\\backend\\mindful-journey-back\\vendor\\laravel\\framework\\src\\Illuminate\\Pipeline\\Pipeline.php(208): Illuminate\\Foundation\\Http\\Middleware\\VerifyCsrfToken->handle()
#29 C:\\Users\\camar\\Bureau\\mindful-journey-ui\\backend\\mindful-journey-back\\vendor\\laravel\\framework\\src\\Illuminate\\View\\Middleware\\ShareErrorsFromSession.php(48): Illuminate\\Pipeline\\Pipeline->Illuminate\\Pipeline\\{closure}()
#30 C:\\Users\\camar\\Bureau\\mindful-journey-ui\\backend\\mindful-journey-back\\vendor\\laravel\\framework\\src\\Illuminate\\Pipeline\\Pipeline.php(208): Illuminate\\View\\Middleware\\ShareErrorsFromSession->handle()
#31 C:\\Users\\camar\\Bureau\\mindful-journey-ui\\backend\\mindful-journey-back\\vendor\\laravel\\framework\\src\\Illuminate\\Session\\Middleware\\StartSession.php(120): Illuminate\\Pipeline\\Pipeline->Illuminate\\Pipeline\\{closure}()
#32 C:\\Users\\camar\\Bureau\\mindful-journey-ui\\backend\\mindful-journey-back\\vendor\\laravel\\framework\\src\\Illuminate\\Session\\Middleware\\StartSession.php(63): Illuminate\\Session\\Middleware\\StartSession->handleStatefulRequest()
#33 C:\\Users\\camar\\Bureau\\mindful-journey-ui\\backend\\mindful-journey-back\\vendor\\laravel\\framework\\src\\Illuminate\\Pipeline\\Pipeline.php(208): Illuminate\\Session\\Middleware\\StartSession->handle()
#34 C:\\Users\\camar\\Bureau\\mindful-journey-ui\\backend\\mindful-journey-back\\vendor\\laravel\\framework\\src\\Illuminate\\Cookie\\Middleware\\AddQueuedCookiesToResponse.php(36): Illuminate\\Pipeline\\Pipeline->Illuminate\\Pipeline\\{closure}()
#35 C:\\Users\\camar\\Bureau\\mindful-journey-ui\\backend\\mindful-journey-back\\vendor\\laravel\\framework\\src\\Illuminate\\Pipeline\\Pipeline.php(208): Illuminate\\Cookie\\Middleware\\AddQueuedCookiesToResponse->handle()
#36 C:\\Users\\camar\\Bureau\\mindful-journey-ui\\backend\\mindful-journey-back\\vendor\\laravel\\framework\\src\\Illuminate\\Cookie\\Middleware\\EncryptCookies.php(74): Illuminate\\Pipeline\\Pipeline->Illuminate\\Pipeline\\{closure}()
#37 C:\\Users\\camar\\Bureau\\mindful-journey-ui\\backend\\mindful-journey-back\\vendor\\laravel\\framework\\src\\Illuminate\\Pipeline\\Pipeline.php(208): Illuminate\\Cookie\\Middleware\\EncryptCookies->handle()
#38 C:\\Users\\camar\\Bureau\\mindful-journey-ui\\backend\\mindful-journey-back\\vendor\\laravel\\framework\\src\\Illuminate\\Pipeline\\Pipeline.php(126): Illuminate\\Pipeline\\Pipeline->Illuminate\\Pipeline\\{closure}()
#39 C:\\Users\\camar\\Bureau\\mindful-journey-ui\\backend\\mindful-journey-back\\vendor\\laravel\\framework\\src\\Illuminate\\Routing\\Router.php(807): Illuminate\\Pipeline\\Pipeline->then()
#40 C:\\Users\\camar\\Bureau\\mindful-journey-ui\\backend\\mindful-journey-back\\vendor\\laravel\\framework\\src\\Illuminate\\Routing\\Router.php(786): Illuminate\\Routing\\Router->runRouteWithinStack()
#41 C:\\Users\\camar\\Bureau\\mindful-journey-ui\\backend\\mindful-journey-back\\vendor\\laravel\\framework\\src\\Illuminate\\Routing\\Router.php(750): Illuminate\\Routing\\Router->runRoute()
#42 C:\\Users\\camar\\Bureau\\mindful-journey-ui\\backend\\mindful-journey-back\\vendor\\laravel\\framework\\src\\Illuminate\\Routing\\Router.php(739): Illuminate\\Routing\\Router->dispatchToRoute()
#43 C:\\Users\\camar\\Bureau\\mindful-journey-ui\\backend\\mindful-journey-back\\vendor\\laravel\\framework\\src\\Illuminate\\Foundation\\Http\\Kernel.php(200): Illuminate\\Routing\\Router->dispatch()
#44 C:\\Users\\camar\\Bureau\\mindful-journey-ui\\backend\\mindful-journey-back\\vendor\\laravel\\framework\\src\\Illuminate\\Pipeline\\Pipeline.php(169): Illuminate\\Foundation\\Http\\Kernel->Illuminate\\Foundation\\Http\\{closure}()
#45 C:\\Users\\camar\\Bureau\\mindful-journey-ui\\backend\\mindful-journey-back\\vendor\\laravel\\framework\\src\\Illuminate\\Foundation\\Http\\Middleware\\TransformsRequest.php(21): Illuminate\\Pipeline\\Pipeline->Illuminate\\Pipeline\\{closure}()
#46 C:\\Users\\camar\\Bureau\\mindful-journey-ui\\backend\\mindful-journey-back\\vendor\\laravel\\framework\\src\\Illuminate\\Foundation\\Http\\Middleware\\ConvertEmptyStringsToNull.php(31): Illuminate\\Foundation\\Http\\Middleware\\TransformsRequest->handle()
#47 C:\\Users\\camar\\Bureau\\mindful-journey-ui\\backend\\mindful-journey-back\\vendor\\laravel\\framework\\src\\Illuminate\\Pipeline\\Pipeline.php(208): Illuminate\\Foundation\\Http\\Middleware\\ConvertEmptyStringsToNull->handle()
#48 C:\\Users\\camar\\Bureau\\mindful-journey-ui\\backend\\mindful-journey-back\\vendor\\laravel\\framework\\src\\Illuminate\\Foundation\\Http\\Middleware\\TransformsRequest.php(21): Illuminate\\Pipeline\\Pipeline->Illuminate\\Pipeline\\{closure}()
#49 C:\\Users\\camar\\Bureau\\mindful-journey-ui\\backend\\mindful-journey-back\\vendor\\laravel\\framework\\src\\Illuminate\\Foundation\\Http\\Middleware\\TrimStrings.php(51): Illuminate\\Foundation\\Http\\Middleware\\TransformsRequest->handle()
#50 C:\\Users\\camar\\Bureau\\mindful-journey-ui\\backend\\mindful-journey-back\\vendor\\laravel\\framework\\src\\Illuminate\\Pipeline\\Pipeline.php(208): Illuminate\\Foundation\\Http\\Middleware\\TrimStrings->handle()
#51 C:\\Users\\camar\\Bureau\\mindful-journey-ui\\backend\\mindful-journey-back\\vendor\\laravel\\framework\\src\\Illuminate\\Http\\Middleware\\ValidatePostSize.php(27): Illuminate\\Pipeline\\Pipeline->Illuminate\\Pipeline\\{closure}()
#52 C:\\Users\\camar\\Bureau\\mindful-journey-ui\\backend\\mindful-journey-back\\vendor\\laravel\\framework\\src\\Illuminate\\Pipeline\\Pipeline.php(208): Illuminate\\Http\\Middleware\\ValidatePostSize->handle()
#53 C:\\Users\\camar\\Bureau\\mindful-journey-ui\\backend\\mindful-journey-back\\vendor\\laravel\\framework\\src\\Illuminate\\Foundation\\Http\\Middleware\\PreventRequestsDuringMaintenance.php(109): Illuminate\\Pipeline\\Pipeline->Illuminate\\Pipeline\\{closure}()
#54 C:\\Users\\camar\\Bureau\\mindful-journey-ui\\backend\\mindful-journey-back\\vendor\\laravel\\framework\\src\\Illuminate\\Pipeline\\Pipeline.php(208): Illuminate\\Foundation\\Http\\Middleware\\PreventRequestsDuringMaintenance->handle()
#55 C:\\Users\\camar\\Bureau\\mindful-journey-ui\\backend\\mindful-journey-back\\vendor\\laravel\\framework\\src\\Illuminate\\Http\\Middleware\\HandleCors.php(48): Illuminate\\Pipeline\\Pipeline->Illuminate\\Pipeline\\{closure}()
#56 C:\\Users\\camar\\Bureau\\mindful-journey-ui\\backend\\mindful-journey-back\\vendor\\laravel\\framework\\src\\Illuminate\\Pipeline\\Pipeline.php(208): Illuminate\\Http\\Middleware\\HandleCors->handle()
#57 C:\\Users\\camar\\Bureau\\mindful-journey-ui\\backend\\mindful-journey-back\\vendor\\laravel\\framework\\src\\Illuminate\\Http\\Middleware\\TrustProxies.php(58): Illuminate\\Pipeline\\Pipeline->Illuminate\\Pipeline\\{closure}()
#58 C:\\Users\\camar\\Bureau\\mindful-journey-ui\\backend\\mindful-journey-back\\vendor\\laravel\\framework\\src\\Illuminate\\Pipeline\\Pipeline.php(208): Illuminate\\Http\\Middleware\\TrustProxies->handle()
#59 C:\\Users\\camar\\Bureau\\mindful-journey-ui\\backend\\mindful-journey-back\\vendor\\laravel\\framework\\src\\Illuminate\\Foundation\\Http\\Middleware\\InvokeDeferredCallbacks.php(22): Illuminate\\Pipeline\\Pipeline->Illuminate\\Pipeline\\{closure}()
#60 C:\\Users\\camar\\Bureau\\mindful-journey-ui\\backend\\mindful-journey-back\\vendor\\laravel\\framework\\src\\Illuminate\\Pipeline\\Pipeline.php(208): Illuminate\\Foundation\\Http\\Middleware\\InvokeDeferredCallbacks->handle()
#61 C:\\Users\\camar\\Bureau\\mindful-journey-ui\\backend\\mindful-journey-back\\vendor\\laravel\\framework\\src\\Illuminate\\Http\\Middleware\\ValidatePathEncoding.php(26): Illuminate\\Pipeline\\Pipeline->Illuminate\\Pipeline\\{closure}()
#62 C:\\Users\\camar\\Bureau\\mindful-journey-ui\\backend\\mindful-journey-back\\vendor\\laravel\\framework\\src\\Illuminate\\Pipeline\\Pipeline.php(208): Illuminate\\Http\\Middleware\\ValidatePathEncoding->handle()
#63 C:\\Users\\camar\\Bureau\\mindful-journey-ui\\backend\\mindful-journey-back\\vendor\\laravel\\framework\\src\\Illuminate\\Pipeline\\Pipeline.php(126): Illuminate\\Pipeline\\Pipeline->Illuminate\\Pipeline\\{closure}()
#64 C:\\Users\\camar\\Bureau\\mindful-journey-ui\\backend\\mindful-journey-back\\vendor\\laravel\\framework\\src\\Illuminate\\Foundation\\Http\\Kernel.php(175): Illuminate\\Pipeline\\Pipeline->then()
#65 C:\\Users\\camar\\Bureau\\mindful-journey-ui\\backend\\mindful-journey-back\\vendor\\laravel\\framework\\src\\Illuminate\\Foundation\\Http\\Kernel.php(144): Illuminate\\Foundation\\Http\\Kernel->sendRequestThroughRouter()
#66 C:\\Users\\camar\\Bureau\\mindful-journey-ui\\backend\\mindful-journey-back\\vendor\\laravel\\framework\\src\\Illuminate\\Foundation\\Application.php(1219): Illuminate\\Foundation\\Http\\Kernel->handle()
#67 C:\\Users\\camar\\Bureau\\mindful-journey-ui\\backend\\mindful-journey-back\\public\\index.php(20): Illuminate\\Foundation\\Application->handleRequest()
#68 C:\\Users\\camar\\Bureau\\mindful-journey-ui\\backend\\mindful-journey-back\\vendor\\laravel\\framework\\src\\Illuminate\\Foundation\\resources\\server.php(23): require_once('...')
#69 {main}
"} 
